A                : any                 way                 Ġi                  Ġguess              Ġthere              Ġwas                Ġjust               Ġsomebody           Ġrecently           Ġdown               Ġthere              Ġwasn               't                  Ġtoday              Ġin                
Timings          : (0.108, 0.268)      (0.268, 0.428)      (0.428, 0.518)      (0.518, 0.758)      (0.758, 0.848)      (0.848, 0.958)      (0.958, 1.128)      (1.128, 1.408)      (1.408, 1.798)      (1.798, 2.048)      (2.048, 2.228)      (2.228, 2.355)      (2.355, 2.482)      (2.757, 3.058)      (3.058, 3.138)     
Token Types      : 1                   1                   1                   1                   1                   1                   1                   1                   1                   1                   1                   1                   1                   1                   1                  
turn_ids         : 82430086086656      82430086086656      82430086086656      82430086086656      82430086086656      82430086086656      82430086086656      82430086086656      82430086086656      82430086086656      82430086086656      82430086086656      82430086086656      82430086086656      82430086086656     
turn_end_types   : 1                   1                   1                   1                   1                   1                   1                   1                   1                   1                   1                   1                   1                   1                   1                  
speaker_ids      : 1                   1                   1                   1                   1                   1                   1                   1                   1                   1                   1                   1                   1                   1                   1                  

B                : <emp>               <emp>               <emp>               <emp>               <emp>               <emp>               <emp>               <emp>               <emp>               <emp>               <emp>               <emp>               <emp>               <emp>               <emp>              
Timings          : (0.108, 0.268)      (0.268, 0.428)      (0.428, 0.518)      (0.518, 0.758)      (0.758, 0.848)      (0.848, 0.958)      (0.958, 1.128)      (1.128, 1.408)      (1.408, 1.798)      (1.798, 2.048)      (2.048, 2.228)      (2.228, 2.355)      (2.355, 2.482)      (2.757, 3.058)      (3.058, 3.138)     
Token Types      : 0                   0                   0                   0                   0                   0                   0                   0                   0                   0                   0                   0                   0                   0                   0                  
turn_ids         : 0                   0                   0                   0                   0                   0                   0                   0                   0                   0                   0                   0                   0                   0                   0                  
turn_end_types   : 0                   0                   0                   0                   0                   0                   0                   0                   0                   0                   0                   0                   0                   0                   0                  
speaker_ids      : 0                   0                   0                   0                   0                   0                   0                   0                   0                   0                   0                   0                   0                   0                   0                  


A                : Ġtex                as                  Ġwas                Ġit                 Ġor                 Ġthere              Ġwas                Ġuh                 <eot>               Ġput                Ġto                 Ġdeath              <emp>               <eot>               <emp>              
Timings          : (3.138, 3.343)      (3.343, 3.548)      (3.548, 3.708)      (3.708, 3.828)      (3.828, 4.156)      (4.683, 4.858)      (4.858, 5.208)      (5.208, 5.571)      (-1.0, -1.0)        (6.519, 6.699)      (6.699, 6.789)      (6.789, 7.26)       (-1.0, -1.0)        (-1.0, -1.0)        (9.742, 9.816)     
Token Types      : 1                   1                   1                   1                   1                   1                   1                   1                   1                   4                   4                   4                   0                   4                   0                  
turn_ids         : 82430086086656      82430086086656      82430086086656      82430086086656      82430086086656      82430086086656      82430086086656      82430086086656      82430086086656      82433307312130      82433307312130      82433307312130      0                   82433307312130      0                  
turn_end_types   : 1                   1                   1                   1                   1                   1                   1                   1                   1                   1                   1                   1                   0                   1                   0                  
speaker_ids      : 1                   1                   1                   1                   1                   1                   1                   1                   1                   1                   1                   1                   0                   1                   0                  

B                : <emp>               <emp>               <emp>               <emp>               <emp>               <emp>               <emp>               <emp>               <emp>               i                   'm                  Ġnot                <yield>             Ġuh                 Ġi                 
Timings          : (3.138, 3.343)      (3.343, 3.548)      (3.548, 3.708)      (3.708, 3.828)      (3.828, 4.156)      (4.683, 4.858)      (4.858, 5.208)      (5.208, 5.571)      (-1.0, -1.0)        (6.424, 6.64)       (6.64, 6.855)       (6.855, 7.235)      (-1.0, -1.0)        (8.27, 9.256)       (9.742, 9.816)     
Token Types      : 0                   0                   0                   0                   0                   0                   0                   0                   0                   1                   1                   1                   1                   1                   1                  
turn_ids         : 0                   0                   0                   0                   0                   0                   0                   0                   0                   82430622957569      82430622957569      82430622957569      82430622957569      82430622957571      82430622957571     
turn_end_types   : 0                   0                   0                   0                   0                   0                   0                   0                   0                   2                   2                   2                   2                   2                   2                  
speaker_ids      : 0                   0                   0                   0                   0                   0                   0                   0                   0                   2                   2                   2                   2                   2                   2                  


A                : <emp>               <emp>               <emp>               <emp>               <emp>               <emp>               <emp>               <emp>               <emp>               <emp>               um                  <emp>               <emp>               <emp>               <emp>              
Timings          : (9.816, 9.889)      (9.889, 10.049)     (10.049, 10.259)    (10.259, 10.369)    (10.369, 10.509)    (10.509, 10.579)    (10.579, 10.769)    (10.769, 10.969)    (10.969, 11.361)    (11.361, 11.729)    (11.561, 11.972)    (11.809, 11.869)    (11.869, 12.079)    (12.079, 12.269)    (12.269, 12.489)   
Token Types      : 0                   0                   0                   0                   0                   0                   0                   0                   0                   0                   5                   5                   5                   5                   5                  
turn_ids         : 0                   0                   0                   0                   0                   0                   0                   0                   0                   0                   82434381053954      82434381053954      82434381053954      82434381053954      82434381053954     
turn_end_types   : 0                   0                   0                   0                   0                   0                   0                   0                   0                   0                   0                   0                   0                   0                   0                  
speaker_ids      : 0                   0                   0                   0                   0                   0                   0                   0                   0                   0                   1                   1                   1                   1                   1                  

B                : 'm                  Ġnot                Ġsure               Ġthere              Ġwas                Ġthe                Ġbig                Ġone                Ġuh                 Ġearlier            Ġin                 Ġthe                Ġweek               Ġin                 Ġuh                
Timings          : (9.816, 9.889)      (9.889, 10.049)     (10.049, 10.259)    (10.259, 10.369)    (10.369, 10.509)    (10.509, 10.579)    (10.579, 10.769)    (10.769, 10.969)    (10.969, 11.361)    (11.361, 11.729)    (11.729, 11.809)    (11.809, 11.869)    (11.869, 12.079)    (12.079, 12.269)    (12.269, 12.489)   
Token Types      : 1                   1                   1                   1                   1                   1                   1                   1                   1                   1                   1                   1                   1                   1                   1                  
turn_ids         : 82430622957571      82430622957571      82430622957571      82430622957571      82430622957571      82430622957571      82430622957571      82430622957571      82430622957571      82430622957571      82430622957571      82430622957571      82430622957571      82430622957571      82430622957571     
turn_end_types   : 2                   2                   2                   2                   2                   2                   2                   2                   2                   2                   2                   2                   2                   2                   2                  
speaker_ids      : 2                   2                   2                   2                   2                   2                   2                   2                   2                   2                   2                   2                   2                   2                   2                  


A                : Ġin                 Ġcal                if                  ornia               Ġyeah               <eint>              <emp>               <emp>               <emp>               <emp>               <emp>               <emp>               Ġyeah               Ġso                 Ġhow               
Timings          : (12.413, 12.566)    (12.566, 12.829)    (12.829, 13.093)    (13.093, 13.356)    (13.356, 13.628)    (-1.0, -1.0)        (13.948, 14.179)    (14.179, 14.289)    (14.289, 14.539)    (14.539, 14.629)    (14.629, 14.809)    (14.809, 14.929)    (15.024, 15.426)    (15.426, 15.684)    (15.684, 15.804)   
Token Types      : 5                   5                   5                   5                   5                   5                   0                   0                   0                   0                   0                   0                   5                   5                   5                  
turn_ids         : 82434381053954      82434381053954      82434381053954      82434381053954      82434381053954      82434381053954      0                   0                   0                   0                   0                   0                   82434381053955      82434381053955      82434381053955     
turn_end_types   : 0                   0                   0                   0                   0                   0                   0                   0                   0                   0                   0                   0                   0                   0                   0                  
speaker_ids      : 1                   1                   1                   1                   1                   1                   0                   0                   0                   0                   0                   0                   1                   1                   1                  

B                : Ġcal                <emp>               if                  ornia               Ġthat               Ġon                 Ġon                 Ġand                Ġoff                Ġand                Ġon                 Ġand                Ġoff                <emp>               <emp>              
Timings          : (12.489, 12.749)    (12.566, 12.829)    (12.749, 13.009)    (13.009, 13.269)    (13.269, 13.573)    (13.573, 13.948)    (13.948, 14.179)    (14.179, 14.289)    (14.289, 14.539)    (14.539, 14.629)    (14.629, 14.809)    (14.809, 14.929)    (14.929, 15.306)    (15.426, 15.684)    (15.684, 15.804)   
Token Types      : 1                   1                   1                   1                   1                   1                   1                   1                   1                   1                   1                   1                   1                   1                   1                  
turn_ids         : 82430622957571      82430622957571      82430622957571      82430622957571      82430622957571      82430622957571      82430622957571      82430622957571      82430622957571      82430622957571      82430622957571      82430622957571      82430622957571      82430622957571      82430622957571     
turn_end_types   : 2                   2                   2                   2                   2                   2                   2                   2                   2                   2                   2                   2                   2                   2                   2                  
speaker_ids      : 2                   2                   2                   2                   2                   2                   2                   2                   2                   2                   2                   2                   2                   2                   2                  


A                : Ġdo                 Ġyou                Ġfeel               Ġabout              Ġit                 <eint>              Ġabout              Ġcapital            Ġpunishment         <yield>             <emp>               <emp>               <emp>               <emp>               <emp>              
Timings          : (15.804, 15.874)    (15.874, 15.934)    (15.934, 16.124)    (16.124, 16.384)    (16.384, 16.565)    (-1.0, -1.0)        (17.492, 17.682)    (17.682, 17.972)    (17.972, 18.549)    (-1.0, -1.0)        (18.955, 19.066)    (19.066, 19.176)    (19.176, 19.515)    (19.515, 19.953)    (19.953, 20.391)   
Token Types      : 5                   5                   5                   5                   5                   5                   1                   1                   1                   1                   0                   0                   0                   0                   0                  
turn_ids         : 82434381053955      82434381053955      82434381053955      82434381053955      82434381053955      82434381053955      82430086086660      82430086086660      82430086086660      82430086086660      0                   0                   0                   0                   0                  
turn_end_types   : 0                   0                   0                   0                   0                   0                   2                   2                   2                   2                   0                   0                   0                   0                   0                  
speaker_ids      : 1                   1                   1                   1                   1                   1                   1                   1                   1                   1                   0                   0                   0                   0                   0                  

B                : <emp>               Ġum                 <yield>             <emp>               <emp>               <emp>               <emp>               <emp>               Ġi                  Ġi                  Ġdon                't                  Ġknow               Ġi                  'm                 
Timings          : (15.804, 15.874)    (15.852, 16.81)     (-1.0, -1.0)        (16.124, 16.384)    (16.384, 16.565)    (-1.0, -1.0)        (17.492, 17.682)    (17.682, 17.972)    (18.348, 18.574)    (18.793, 18.955)    (18.955, 19.066)    (19.066, 19.176)    (19.176, 19.515)    (19.515, 19.953)    (19.953, 20.391)   
Token Types      : 1                   1                   1                   0                   0                   0                   0                   0                   4                   4                   4                   4                   4                   4                   4                  
turn_ids         : 82430622957571      82430622957571      82430622957571      0                   0                   0                   0                   0                   82433844183045      82433844183045      82433844183045      82433844183045      82433844183045      82433844183045      82433844183045     
turn_end_types   : 2                   2                   2                   0                   0                   0                   0                   0                   1                   1                   1                   1                   1                   1                   1                  
speaker_ids      : 2                   2                   2                   0                   0                   0                   0                   0                   2                   2                   2                   2                   2                   2                   2                  


A                : <emp>               <emp>               <emp>               <emp>               <emp>               <emp>               <emp>               <emp>               <emp>               <emp>               <emp>               <emp>               <emp>               <emp>               <emp>              
Timings          : (21.061, 21.238)    (21.238, 21.416)    (21.416, 21.884)    (22.174, 22.615)    (22.615, 23.076)    (23.076, 23.265)    (23.265, 23.445)    (23.445, 23.556)    (23.556, 23.792)    (23.792, 24.029)    (24.029, 24.46)     (25.012, 25.331)    (25.331, 25.65)     (26.359, 26.589)    (26.589, 26.699)   
Token Types      : 0                   0                   0                   0                   0                   0                   0                   0                   0                   0                   0                   0                   0                   0                   0                  
turn_ids         : 0                   0                   0                   0                   0                   0                   0                   0                   0                   0                   0                   0                   0                   0                   0                  
turn_end_types   : 0                   0                   0                   0                   0                   0                   0                   0                   0                   0                   0                   0                   0                   0                   0                  
speaker_ids      : 0                   0                   0                   0                   0                   0                   0                   0                   0                   0                   0                   0                   0                   0                   0                  

B                : Ġi                  'm                  Ġuh                 Ġmixed              Ġviews              Ġon                 Ġit                 Ġi                  Ġdon                't                  Ġi                  Ġdon                't                  Ġthink              Ġthat              
Timings          : (21.061, 21.238)    (21.238, 21.416)    (21.416, 21.884)    (22.174, 22.615)    (22.615, 23.076)    (23.076, 23.265)    (23.265, 23.445)    (23.445, 23.556)    (23.556, 23.792)    (23.792, 24.029)    (24.029, 24.46)     (25.012, 25.331)    (25.331, 25.65)     (26.359, 26.589)    (26.589, 26.699)   
Token Types      : 4                   4                   4                   4                   4                   4                   4                   4                   4                   4                   4                   4                   4                   4                   4                  
turn_ids         : 82433844183045      82433844183045      82433844183045      82433844183045      82433844183045      82433844183045      82433844183045      82433844183045      82433844183045      82433844183045      82433844183045      82433844183045      82433844183045      82433844183045      82433844183045     
turn_end_types   : 1                   1                   1                   1                   1                   1                   1                   1                   1                   1                   1                   1                   1                   1                   1                  
speaker_ids      : 2                   2                   2                   2                   2                   2                   2                   2                   2                   2                   2                   2                   2                   2                   2                  


A                : <emp>               <emp>               <emp>               <emp>               <emp>               <emp>               <emp>               <emp>               <emp>               <emp>               um                  hum                 <ebc>               <emp>               <emp>              
Timings          : (26.699, 26.809)    (26.809, 27.009)    (27.009, 27.219)    (27.219, 27.459)    (27.459, 27.659)    (27.659, 27.809)    (27.809, 28.089)    (28.089, 28.279)    (28.279, 28.359)    (28.359, 29.073)    (29.267, 29.502)    (29.502, 29.737)    (-1.0, -1.0)        (30.749, 30.989)    (30.989, 31.199)   
Token Types      : 0                   0                   0                   0                   0                   0                   0                   0                   0                   0                   3                   3                   3                   0                   0                  
turn_ids         : 0                   0                   0                   0                   0                   0                   0                   0                   0                   0                   82432233570307      82432233570307      82432233570307      0                   0                  
turn_end_types   : 0                   0                   0                   0                   0                   0                   0                   0                   0                   0                   0                   0                   0                   0                   0                  
speaker_ids      : 0                   0                   0                   0                   0                   0                   0                   0                   0                   0                   1                   1                   1                   0                   0                  

B                : Ġit                 Ġreally             Ġdoes               Ġmuch               Ġgood               Ġas                 Ġit                 Ġas                 Ġa                  Ġdeterrent          Ġuh                 <emp>               Ġthe                Ġold                Ġthing             
Timings          : (26.699, 26.809)    (26.809, 27.009)    (27.009, 27.219)    (27.219, 27.459)    (27.459, 27.659)    (27.659, 27.809)    (27.809, 28.089)    (28.089, 28.279)    (28.279, 28.359)    (28.359, 29.073)    (29.073, 29.899)    (29.502, 29.737)    (30.49, 30.749)     (30.749, 30.989)    (30.989, 31.199)   
Token Types      : 4                   4                   4                   4                   4                   4                   4                   4                   4                   4                   4                   4                   4                   4                   4                  
turn_ids         : 82433844183045      82433844183045      82433844183045      82433844183045      82433844183045      82433844183045      82433844183045      82433844183045      82433844183045      82433844183045      82433844183045      82433844183045      82433844183045      82433844183045      82433844183045     
turn_end_types   : 1                   1                   1                   1                   1                   1                   1                   1                   1                   1                   1                   1                   1                   1                   1                  
speaker_ids      : 2                   2                   2                   2                   2                   2                   2                   2                   2                   2                   2                   2                   2                   2                   2                  


A                : <emp>               <emp>               <emp>               <emp>               <emp>               <emp>               <emp>               <emp>               <emp>               <emp>               <emp>               <emp>               <emp>               <emp>               <emp>              
Timings          : (31.199, 31.479)    (31.479, 31.569)    (31.569, 31.919)    (31.919, 32.059)    (32.059, 32.089)    (32.089, 32.319)    (32.319, 32.783)    (33.303, 33.689)    (33.689, 33.895)    (33.895, 34.399)    (34.399, 34.569)    (34.569, 34.699)    (34.699, 34.926)    (34.926, 35.153)    (35.153, 35.379)   
Token Types      : 0                   0                   0                   0                   0                   0                   0                   0                   0                   0                   0                   0                   0                   0                   0                  
turn_ids         : 0                   0                   0                   0                   0                   0                   0                   0                   0                   0                   0                   0                   0                   0                   0                  
turn_end_types   : 0                   0                   0                   0                   0                   0                   0                   0                   0                   0                   0                   0                   0                   0                   0                  
speaker_ids      : 0                   0                   0                   0                   0                   0                   0                   0                   0                   0                   0                   0                   0                   0                   0                  

B                : Ġin                 Ġin                 Ġterms              Ġof                 Ġuh                 Ġthe                Ġthe                Ġthe                Ġuh                 Ġbiggest            Ġday                Ġfor                Ġpick               p                   ockets             
Timings          : (31.199, 31.479)    (31.479, 31.569)    (31.569, 31.919)    (31.919, 32.059)    (32.059, 32.089)    (32.089, 32.319)    (32.319, 32.783)    (33.303, 33.689)    (33.689, 33.895)    (33.895, 34.399)    (34.399, 34.569)    (34.569, 34.699)    (34.699, 34.926)    (34.926, 35.153)    (35.153, 35.379)   
Token Types      : 4                   4                   4                   4                   4                   4                   4                   4                   4                   4                   4                   4                   4                   4                   4                  
turn_ids         : 82433844183045      82433844183045      82433844183045      82433844183045      82433844183045      82433844183045      82433844183045      82433844183045      82433844183045      82433844183045      82433844183045      82433844183045      82433844183045      82433844183045      82433844183045     
turn_end_types   : 1                   1                   1                   1                   1                   1                   1                   1                   1                   1                   1                   1                   1                   1                   1                  
speaker_ids      : 2                   2                   2                   2                   2                   2                   2                   2                   2                   2                   2                   2                   2                   2                   2                  


A                : <emp>               <emp>               <emp>               <emp>               <emp>               <emp>               <emp>               <emp>               <emp>               <emp>               <emp>               <emp>               <emp>               <emp>               <emp>              
Timings          : (35.379, 35.609)    (35.609, 35.739)    (35.739, 36.086)    (36.383, 36.579)    (36.579, 36.659)    (36.659, 36.789)    (36.789, 37.129)    (37.129, 37.319)    (37.319, 37.509)    (37.509, 37.699)    (37.699, 37.951)    (38.501, 38.689)    (38.689, 39.089)    (39.089, 39.429)    (39.429, 40.013)   
Token Types      : 0                   0                   0                   0                   0                   0                   0                   0                   0                   0                   0                   0                   0                   0                   0                  
turn_ids         : 0                   0                   0                   0                   0                   0                   0                   0                   0                   0                   0                   0                   0                   0                   0                  
turn_end_types   : 0                   0                   0                   0                   0                   0                   0                   0                   0                   0                   0                   0                   0                   0                   0                  
speaker_ids      : 0                   0                   0                   0                   0                   0                   0                   0                   0                   0                   0                   0                   0                   0                   0                  

B                : Ġwas                Ġat                 Ġthe                Ġwhen               Ġthey               Ġwere               Ġhanging            Ġpick               p                   ockets              Ġbut                Ġin                 Ġpublic             Ġbut                Ġuh                
Timings          : (35.379, 35.609)    (35.609, 35.739)    (35.739, 36.086)    (36.383, 36.579)    (36.579, 36.659)    (36.659, 36.789)    (36.789, 37.129)    (37.129, 37.319)    (37.319, 37.509)    (37.509, 37.699)    (37.699, 37.951)    (38.501, 38.689)    (38.689, 39.089)    (39.089, 39.429)    (39.429, 40.013)   
Token Types      : 4                   4                   4                   4                   4                   4                   4                   4                   4                   4                   4                   4                   4                   4                   4                  
turn_ids         : 82433844183045      82433844183045      82433844183045      82433844183045      82433844183045      82433844183045      82433844183045      82433844183045      82433844183045      82433844183045      82433844183045      82433844183045      82433844183045      82433844183045      82433844183045     
turn_end_types   : 1                   1                   1                   1                   1                   1                   1                   1                   1                   1                   1                   1                   1                   1                   1                  
speaker_ids      : 2                   2                   2                   2                   2                   2                   2                   2                   2                   2                   2                   2                   2                   2                   2                  


A                : <emp>               <emp>               <emp>               <emp>               <emp>               <emp>               <emp>               <emp>               <emp>               <emp>               <emp>               <emp>               <emp>               <emp>               <emp>              
Timings          : (40.566, 41.161)    (41.161, 41.251)    (41.251, 41.341)    (41.341, 41.542)    (41.542, 41.891)    (41.891, 42.069)    (42.069, 42.541)    (42.541, 42.94)     (42.94, 43.262)     (43.262, 43.532)    (43.532, 43.841)    (43.841, 44.051)    (44.051, 44.172)    (44.172, 44.442)    (44.442, 44.629)   
Token Types      : 0                   0                   0                   0                   0                   0                   0                   0                   0                   0                   0                   0                   0                   0                   0                  
turn_ids         : 0                   0                   0                   0                   0                   0                   0                   0                   0                   0                   0                   0                   0                   0                   0                  
turn_end_types   : 0                   0                   0                   0                   0                   0                   0                   0                   0                   0                   0                   0                   0                   0                   0                  
speaker_ids      : 0                   0                   0                   0                   0                   0                   0                   0                   0                   0                   0                   0                   0                   0                   0                  

B                : Ġuh                 Ġon                 Ġthe                Ġother              Ġhand               Ġit                 Ġit                 Ġthe                Ġit                 Ġseems              Ġlike               Ġthat               Ġthere              Ġjust               Ġaren              
Timings          : (40.566, 41.161)    (41.161, 41.251)    (41.251, 41.341)    (41.341, 41.542)    (41.542, 41.891)    (41.891, 42.069)    (42.069, 42.541)    (42.541, 42.94)     (42.94, 43.262)     (43.262, 43.532)    (43.532, 43.841)    (43.841, 44.051)    (44.051, 44.172)    (44.172, 44.442)    (44.442, 44.629)   
Token Types      : 4                   4                   4                   4                   4                   4                   4                   4                   4                   4                   4                   4                   4                   4                   4                  
turn_ids         : 82433844183045      82433844183045      82433844183045      82433844183045      82433844183045      82433844183045      82433844183045      82433844183045      82433844183045      82433844183045      82433844183045      82433844183045      82433844183045      82433844183045      82433844183045     
turn_end_types   : 1                   1                   1                   1                   1                   1                   1                   1                   1                   1                   1                   1                   1                   1                   1                  
speaker_ids      : 2                   2                   2                   2                   2                   2                   2                   2                   2                   2                   2                   2                   2                   2                   2                  


A                : <emp>               <emp>               <emp>               <emp>               <emp>               <emp>               <emp>               <emp>               <emp>               <emp>               <emp>               <emp>               <emp>               <emp>               <emp>              
Timings          : (44.629, 44.817)    (45.307, 45.701)    (45.701, 45.963)    (48.635, 49.065)    (49.065, 49.486)    (49.486, 49.745)    (49.745, 50.026)    (50.026, 50.276)    (50.276, 50.655)    (50.655, 50.875)    (50.875, 51.238)    (51.596, 51.911)    (51.911, 52.053)    (52.053, 52.195)    (52.195, 52.386)   
Token Types      : 0                   0                   0                   0                   0                   0                   0                   0                   0                   0                   0                   0                   0                   0                   0                  
turn_ids         : 0                   0                   0                   0                   0                   0                   0                   0                   0                   0                   0                   0                   0                   0                   0                  
turn_end_types   : 0                   0                   0                   0                   0                   0                   0                   0                   0                   0                   0                   0                   0                   0                   0                  
speaker_ids      : 0                   0                   0                   0                   0                   0                   0                   0                   0                   0                   0                   0                   0                   0                   0                  

B                : 't                  Ġare                Ġuh                 Ġsome               Ġcrimes             Ġand                Ġand                Ġsome               Ġlives              Ġthat               Ġthat               Ġthat               Ġthere              's                  Ġno                
Timings          : (44.629, 44.817)    (45.307, 45.701)    (45.701, 45.963)    (48.635, 49.065)    (49.065, 49.486)    (49.486, 49.745)    (49.745, 50.026)    (50.026, 50.276)    (50.276, 50.655)    (50.655, 50.875)    (50.875, 51.238)    (51.596, 51.911)    (51.911, 52.053)    (52.053, 52.195)    (52.195, 52.386)   
Token Types      : 4                   4                   4                   4                   4                   4                   4                   4                   4                   4                   4                   4                   4                   4                   4                  
turn_ids         : 82433844183045      82433844183045      82433844183045      82433844183045      82433844183045      82433844183045      82433844183045      82433844183045      82433844183045      82433844183045      82433844183045      82433844183045      82433844183045      82433844183045      82433844183045     
turn_end_types   : 1                   1                   1                   1                   1                   1                   1                   1                   1                   1                   1                   1                   1                   1                   1                  
speaker_ids      : 2                   2                   2                   2                   2                   2                   2                   2                   2                   2                   2                   2                   2                   2                   2                  


A                : <emp>               Ġyeah               <ebc>               <emp>               <emp>               <emp>               <emp>               <emp>               <emp>               <emp>               Ġwell               Ġi                  've                 Ġyou                Ġknow              
Timings          : (52.386, 52.814)    (53.089, 53.568)    (-1.0, -1.0)        (53.526, 53.995)    (53.995, 54.465)    (54.465, 54.546)    (54.546, 54.725)    (54.725, 54.826)    (54.826, 55.065)    (55.065, 55.472)    (55.795, 56.138)    (56.138, 56.27)     (56.27, 56.402)     (56.402, 56.698)    (56.698, 56.868)   
Token Types      : 0                   3                   3                   0                   0                   0                   0                   0                   0                   0                   1                   1                   1                   1                   1                  
turn_ids         : 0                   82432233570308      82432233570308      0                   0                   0                   0                   0                   0                   0                   82430086086662      82430086086662      82430086086662      82430086086662      82430086086662     
turn_end_types   : 0                   0                   0                   0                   0                   0                   0                   0                   0                   0                   2                   2                   2                   2                   2                  
speaker_ids      : 0                   1                   1                   0                   0                   0                   0                   0                   0                   0                   1                   1                   1                   1                   1                  

B                : Ġother              Ġat                 Ġleast              Ġemotional          Ġreaction           Ġto                 Ġit                 Ġwhat               Ġabout              Ġyou                <eot>               <emp>               <emp>               <emp>               <emp>              
Timings          : (52.386, 52.814)    (53.153, 53.326)    (53.326, 53.526)    (53.526, 53.995)    (53.995, 54.465)    (54.465, 54.546)    (54.546, 54.725)    (54.725, 54.826)    (54.826, 55.065)    (55.065, 55.472)    (-1.0, -1.0)        (56.138, 56.27)     (56.27, 56.402)     (56.402, 56.698)    (56.698, 56.868)   
Token Types      : 4                   4                   4                   4                   4                   4                   4                   4                   4                   4                   4                   0                   0                   0                   0                  
turn_ids         : 82433844183045      82433844183045      82433844183045      82433844183045      82433844183045      82433844183045      82433844183045      82433844183045      82433844183045      82433844183045      82433844183045      0                   0                   0                   0                  
turn_end_types   : 1                   1                   1                   1                   1                   1                   1                   1                   1                   1                   1                   0                   0                   0                   0                  
speaker_ids      : 2                   2                   2                   2                   2                   2                   2                   2                   2                   2                   2                   0                   0                   0                   0                  


A                : Ġi                  Ġi                  Ġkind               Ġof                 Ġlike               Ġyou                Ġthere              's                  Ġcertain            Ġcertain            Ġcrimes             Ġthat               Ġi                  Ġthink              Ġit                
Timings          : (56.868, 57.191)    (57.191, 57.64)     (58.325, 58.559)    (58.559, 58.598)    (58.598, 58.788)    (58.788, 58.998)    (58.998, 59.128)    (59.128, 59.258)    (59.258, 59.488)    (59.488, 59.808)    (59.808, 60.138)    (60.138, 60.248)    (60.248, 60.278)    (60.278, 60.418)    (60.418, 60.568)   
Token Types      : 1                   1                   1                   1                   1                   1                   1                   1                   1                   1                   1                   1                   1                   1                   1                  
turn_ids         : 82430086086662      82430086086662      82430086086662      82430086086662      82430086086662      82430086086662      82430086086662      82430086086662      82430086086662      82430086086662      82430086086662      82430086086662      82430086086662      82430086086662      82430086086662     
turn_end_types   : 2                   2                   2                   2                   2                   2                   2                   2                   2                   2                   2                   2                   2                   2                   2                  
speaker_ids      : 1                   1                   1                   1                   1                   1                   1                   1                   1                   1                   1                   1                   1                   1                   1                  

B                : <emp>               <emp>               <emp>               <emp>               <emp>               <emp>               <emp>               <emp>               <emp>               <emp>               <emp>               <emp>               <emp>               <emp>               <emp>              
Timings          : (56.868, 57.191)    (57.191, 57.64)     (58.325, 58.559)    (58.559, 58.598)    (58.598, 58.788)    (58.788, 58.998)    (58.998, 59.128)    (59.128, 59.258)    (59.258, 59.488)    (59.488, 59.808)    (59.808, 60.138)    (60.138, 60.248)    (60.248, 60.278)    (60.278, 60.418)    (60.418, 60.568)   
Token Types      : 0                   0                   0                   0                   0                   0                   0                   0                   0                   0                   0                   0                   0                   0                   0                  
turn_ids         : 0                   0                   0                   0                   0                   0                   0                   0                   0                   0                   0                   0                   0                   0                   0                  
turn_end_types   : 0                   0                   0                   0                   0                   0                   0                   0                   0                   0                   0                   0                   0                   0                   0                  
speaker_ids      : 0                   0                   0                   0                   0                   0                   0                   0                   0                   0                   0                   0                   0                   0                   0                  


A                : Ġfits               Ġi                  'm                  Ġfor                Ġit                 Ġgenerally          Ġspeaking           Ġi                  Ġthink              Ġthe                Ġthing              Ġthat               Ġbugs               Ġme                 Ġthe               
Timings          : (60.568, 60.888)    (60.888, 60.948)    (60.948, 61.008)    (61.008, 61.188)    (61.188, 61.572)    (61.572, 62.008)    (62.008, 62.468)    (62.468, 62.498)    (62.498, 62.888)    (62.888, 62.978)    (62.978, 63.168)    (63.168, 63.278)    (63.278, 63.488)    (63.488, 63.817)    (63.817, 63.928)   
Token Types      : 1                   1                   1                   1                   1                   1                   1                   1                   1                   1                   1                   1                   1                   1                   1                  
turn_ids         : 82430086086662      82430086086662      82430086086662      82430086086662      82430086086662      82430086086662      82430086086662      82430086086662      82430086086662      82430086086662      82430086086662      82430086086662      82430086086662      82430086086662      82430086086662     
turn_end_types   : 2                   2                   2                   2                   2                   2                   2                   2                   2                   2                   2                   2                   2                   2                   2                  
speaker_ids      : 1                   1                   1                   1                   1                   1                   1                   1                   1                   1                   1                   1                   1                   1                   1                  

B                : <emp>               <emp>               <emp>               <emp>               <emp>               <emp>               <emp>               <emp>               <emp>               <emp>               <emp>               <emp>               <emp>               <emp>               <emp>              
Timings          : (60.568, 60.888)    (60.888, 60.948)    (60.948, 61.008)    (61.008, 61.188)    (61.188, 61.572)    (61.572, 62.008)    (62.008, 62.468)    (62.468, 62.498)    (62.498, 62.888)    (62.888, 62.978)    (62.978, 63.168)    (63.168, 63.278)    (63.278, 63.488)    (63.488, 63.817)    (63.817, 63.928)   
Token Types      : 0                   0                   0                   0                   0                   0                   0                   0                   0                   0                   0                   0                   0                   0                   0                  
turn_ids         : 0                   0                   0                   0                   0                   0                   0                   0                   0                   0                   0                   0                   0                   0                   0                  
turn_end_types   : 0                   0                   0                   0                   0                   0                   0                   0                   0                   0                   0                   0                   0                   0                   0                  
speaker_ids      : 0                   0                   0                   0                   0                   0                   0                   0                   0                   0                   0                   0                   0                   0                   0                  


A                : Ġmost               Ġabout              Ġit                 Ġis                 Ġthat               Ġthe                Ġprocess            Ġitself             Ġgets               Ġso                 Ġdrug               Ġout                Ġand                Ġso                 Ġyou               
Timings          : (63.928, 64.258)    (64.258, 64.538)    (64.538, 64.598)    (64.598, 64.798)    (64.798, 65.068)    (66.161, 66.507)    (66.507, 67.118)    (67.118, 67.637)    (67.637, 67.878)    (67.878, 68.018)    (68.018, 68.327)    (68.327, 68.628)    (68.628, 68.838)    (68.838, 69.359)    (70.354, 70.474)   
Token Types      : 1                   1                   1                   1                   1                   1                   1                   1                   1                   1                   1                   1                   1                   1                   1                  
turn_ids         : 82430086086662      82430086086662      82430086086662      82430086086662      82430086086662      82430086086662      82430086086662      82430086086662      82430086086662      82430086086662      82430086086662      82430086086662      82430086086662      82430086086662      82430086086662     
turn_end_types   : 2                   2                   2                   2                   2                   2                   2                   2                   2                   2                   2                   2                   2                   2                   2                  
speaker_ids      : 1                   1                   1                   1                   1                   1                   1                   1                   1                   1                   1                   1                   1                   1                   1                  

B                : <emp>               <emp>               <emp>               <emp>               <emp>               <emp>               <emp>               <emp>               <emp>               <emp>               <emp>               <emp>               <emp>               <emp>               <emp>              
Timings          : (63.928, 64.258)    (64.258, 64.538)    (64.538, 64.598)    (64.598, 64.798)    (64.798, 65.068)    (66.161, 66.507)    (66.507, 67.118)    (67.118, 67.637)    (67.637, 67.878)    (67.878, 68.018)    (68.018, 68.327)    (68.327, 68.628)    (68.628, 68.838)    (68.838, 69.359)    (70.354, 70.474)   
Token Types      : 0                   0                   0                   0                   0                   0                   0                   0                   0                   0                   0                   0                   0                   0                   0                  
turn_ids         : 0                   0                   0                   0                   0                   0                   0                   0                   0                   0                   0                   0                   0                   0                   0                  
turn_end_types   : 0                   0                   0                   0                   0                   0                   0                   0                   0                   0                   0                   0                   0                   0                   0                  
speaker_ids      : 0                   0                   0                   0                   0                   0                   0                   0                   0                   0                   0                   0                   0                   0                   0                  


A                : Ġknow               Ġi                  Ġunderstand         Ġyou                Ġneed               Ġto                 Ġprove              Ġwithout            Ġa                  Ġshadow             Ġof                 Ġa                  Ġdoubt              Ġthat               Ġthe               
Timings          : (70.474, 70.594)    (70.594, 70.694)    (70.694, 71.114)    (71.114, 71.174)    (71.174, 71.324)    (71.324, 71.484)    (71.484, 71.844)    (71.844, 72.114)    (72.114, 72.154)    (72.154, 72.354)    (72.354, 72.454)    (72.454, 72.524)    (72.524, 72.884)    (72.884, 73.094)    (73.094, 73.374)   
Token Types      : 1                   1                   1                   1                   1                   1                   1                   1                   1                   1                   1                   1                   1                   1                   1                  
turn_ids         : 82430086086662      82430086086662      82430086086662      82430086086662      82430086086662      82430086086662      82430086086662      82430086086662      82430086086662      82430086086662      82430086086662      82430086086662      82430086086662      82430086086662      82430086086662     
turn_end_types   : 2                   2                   2                   2                   2                   2                   2                   2                   2                   2                   2                   2                   2                   2                   2                  
speaker_ids      : 1                   1                   1                   1                   1                   1                   1                   1                   1                   1                   1                   1                   1                   1                   1                  

B                : <emp>               <emp>               <emp>               <emp>               <emp>               <emp>               <emp>               <emp>               <emp>               <emp>               <emp>               <emp>               <emp>               <emp>               <emp>              
Timings          : (70.474, 70.594)    (70.594, 70.694)    (70.694, 71.114)    (71.114, 71.174)    (71.174, 71.324)    (71.324, 71.484)    (71.484, 71.844)    (71.844, 72.114)    (72.114, 72.154)    (72.154, 72.354)    (72.354, 72.454)    (72.454, 72.524)    (72.524, 72.884)    (72.884, 73.094)    (73.094, 73.374)   
Token Types      : 0                   0                   0                   0                   0                   0                   0                   0                   0                   0                   0                   0                   0                   0                   0                  
turn_ids         : 0                   0                   0                   0                   0                   0                   0                   0                   0                   0                   0                   0                   0                   0                   0                  
turn_end_types   : 0                   0                   0                   0                   0                   0                   0                   0                   0                   0                   0                   0                   0                   0                   0                  
speaker_ids      : 0                   0                   0                   0                   0                   0                   0                   0                   0                   0                   0                   0                   0                   0                   0                  


A                : Ġguilt              Ġand                Ġwhat               not                 Ġbut                Ġthe                Ġappeal             Ġprocess            Ġof                 Ġit                 Ġi                  Ġthink              Ġis                 Ġwhat               Ġreally            
Timings          : (73.374, 73.834)    (73.834, 73.974)    (73.974, 74.229)    (74.229, 74.484)    (74.484, 74.839)    (75.106, 75.214)    (75.214, 75.484)    (75.484, 76.014)    (76.014, 76.154)    (76.154, 76.234)    (76.234, 76.284)    (76.284, 76.544)    (76.544, 76.644)    (76.644, 76.784)    (76.784, 76.974)   
Token Types      : 1                   1                   1                   1                   1                   1                   1                   1                   1                   1                   1                   1                   1                   1                   1                  
turn_ids         : 82430086086662      82430086086662      82430086086662      82430086086662      82430086086662      82430086086662      82430086086662      82430086086662      82430086086662      82430086086662      82430086086662      82430086086662      82430086086662      82430086086662      82430086086662     
turn_end_types   : 2                   2                   2                   2                   2                   2                   2                   2                   2                   2                   2                   2                   2                   2                   2                  
speaker_ids      : 1                   1                   1                   1                   1                   1                   1                   1                   1                   1                   1                   1                   1                   1                   1                  

B                : <emp>               <emp>               <emp>               <emp>               <emp>               <emp>               <emp>               <emp>               <emp>               <emp>               <emp>               <emp>               <emp>               <emp>               <emp>              
Timings          : (73.374, 73.834)    (73.834, 73.974)    (73.974, 74.229)    (74.229, 74.484)    (74.484, 74.839)    (75.106, 75.214)    (75.214, 75.484)    (75.484, 76.014)    (76.014, 76.154)    (76.154, 76.234)    (76.234, 76.284)    (76.284, 76.544)    (76.544, 76.644)    (76.644, 76.784)    (76.784, 76.974)   
Token Types      : 0                   0                   0                   0                   0                   0                   0                   0                   0                   0                   0                   0                   0                   0                   0                  
turn_ids         : 0                   0                   0                   0                   0                   0                   0                   0                   0                   0                   0                   0                   0                   0                   0                  
turn_end_types   : 0                   0                   0                   0                   0                   0                   0                   0                   0                   0                   0                   0                   0                   0                   0                  
speaker_ids      : 0                   0                   0                   0                   0                   0                   0                   0                   0                   0                   0                   0                   0                   0                   0                  


A                : Ġbugs               Ġme                 Ġif                 Ġyou                're                 Ġgonna              Ġmake               Ġit                 Ġgo                 Ġso                 Ġlong               Ġyou                Ġknow               Ġwhat               's                 
Timings          : (76.974, 77.214)    (77.214, 77.384)    (77.384, 77.514)    (77.514, 77.574)    (77.574, 77.634)    (77.634, 77.979)    (77.979, 78.274)    (78.274, 78.414)    (78.414, 78.564)    (78.564, 78.784)    (78.784, 79.287)    (79.287, 79.424)    (79.424, 79.697)    (79.697, 79.87)     (79.87, 80.044)    
Token Types      : 1                   1                   1                   1                   1                   1                   1                   1                   1                   1                   1                   1                   1                   1                   1                  
turn_ids         : 82430086086662      82430086086662      82430086086662      82430086086662      82430086086662      82430086086662      82430086086662      82430086086662      82430086086662      82430086086662      82430086086662      82430086086662      82430086086662      82430086086662      82430086086662     
turn_end_types   : 2                   2                   2                   2                   2                   2                   2                   2                   2                   2                   2                   2                   2                   2                   2                  
speaker_ids      : 1                   1                   1                   1                   1                   1                   1                   1                   1                   1                   1                   1                   1                   1                   1                  

B                : <emp>               <emp>               <emp>               <emp>               <emp>               <emp>               <emp>               <emp>               <emp>               <emp>               <emp>               <emp>               <emp>               <emp>               <emp>              
Timings          : (76.974, 77.214)    (77.214, 77.384)    (77.384, 77.514)    (77.514, 77.574)    (77.574, 77.634)    (77.634, 77.979)    (77.979, 78.274)    (78.274, 78.414)    (78.414, 78.564)    (78.564, 78.784)    (78.784, 79.287)    (79.287, 79.424)    (79.424, 79.697)    (79.697, 79.87)     (79.87, 80.044)    
Token Types      : 0                   0                   0                   0                   0                   0                   0                   0                   0                   0                   0                   0                   0                   0                   0                  
turn_ids         : 0                   0                   0                   0                   0                   0                   0                   0                   0                   0                   0                   0                   0                   0                   0                  
turn_end_types   : 0                   0                   0                   0                   0                   0                   0                   0                   0                   0                   0                   0                   0                   0                   0                  
speaker_ids      : 0                   0                   0                   0                   0                   0                   0                   0                   0                   0                   0                   0                   0                   0                   0                  


A                : Ġthe                Ġuse                Ġof                 Ġit                 Ġit                 Ġalmost             Ġbecomes            Ġmore               Ġmore               Ġcost               Ġyou                Ġknow               Ġto                 Ġmuch               Ġcost              
Timings          : (80.044, 80.124)    (80.124, 80.394)    (80.394, 80.524)    (80.524, 80.649)    (81.092, 81.239)    (81.239, 81.489)    (81.489, 81.929)    (81.929, 82.406)    (82.933, 83.129)    (83.129, 83.429)    (83.429, 83.499)    (83.499, 83.609)    (83.609, 83.799)    (83.799, 84.029)    (84.029, 84.509)   
Token Types      : 1                   1                   1                   1                   1                   1                   1                   1                   1                   1                   1                   1                   1                   1                   1                  
turn_ids         : 82430086086662      82430086086662      82430086086662      82430086086662      82430086086662      82430086086662      82430086086662      82430086086662      82430086086662      82430086086662      82430086086662      82430086086662      82430086086662      82430086086662      82430086086662     
turn_end_types   : 2                   2                   2                   2                   2                   2                   2                   2                   2                   2                   2                   2                   2                   2                   2                  
speaker_ids      : 1                   1                   1                   1                   1                   1                   1                   1                   1                   1                   1                   1                   1                   1                   1                  

B                : <emp>               <emp>               <emp>               <emp>               yeah                <ebc>               <emp>               <emp>               <emp>               <emp>               <emp>               <emp>               <emp>               <emp>               <emp>              
Timings          : (80.044, 80.124)    (80.124, 80.394)    (80.394, 80.524)    (80.524, 80.649)    (80.846, 81.286)    (-1.0, -1.0)        (81.489, 81.929)    (81.929, 82.406)    (82.933, 83.129)    (83.129, 83.429)    (83.429, 83.499)    (83.499, 83.609)    (83.609, 83.799)    (83.799, 84.029)    (84.029, 84.509)   
Token Types      : 0                   0                   0                   0                   3                   3                   0                   0                   0                   0                   0                   0                   0                   0                   0                  
turn_ids         : 0                   0                   0                   0                   82432770441219      82432770441219      0                   0                   0                   0                   0                   0                   0                   0                   0                  
turn_end_types   : 0                   0                   0                   0                   0                   0                   0                   0                   0                   0                   0                   0                   0                   0                   0                  
speaker_ids      : 0                   0                   0                   0                   2                   2                   0                   0                   0                   0                   0                   0                   0                   0                   0                  


A                : Ġand                Ġmore               Ġtrouble            Ġthan               Ġit                 's                  Ġworth              Ġyou                Ġknow               Ġto                 Ġto                 Ġput                Ġsomebody           Ġlike               Ġthat              
Timings          : (84.509, 84.791)    (85.194, 85.409)    (85.409, 85.769)    (85.769, 85.889)    (85.889, 85.984)    (85.984, 86.079)    (86.079, 86.533)    (86.533, 86.799)    (86.799, 87.181)    (87.181, 87.67)     (88.559, 88.679)    (88.679, 88.949)    (88.949, 89.229)    (89.229, 89.449)    (89.449, 89.669)   
Token Types      : 1                   1                   1                   1                   1                   1                   1                   1                   1                   1                   1                   1                   1                   1                   1                  
turn_ids         : 82430086086662      82430086086662      82430086086662      82430086086662      82430086086662      82430086086662      82430086086662      82430086086662      82430086086662      82430086086662      82430086086662      82430086086662      82430086086662      82430086086662      82430086086662     
turn_end_types   : 2                   2                   2                   2                   2                   2                   2                   2                   2                   2                   2                   2                   2                   2                   2                  
speaker_ids      : 1                   1                   1                   1                   1                   1                   1                   1                   1                   1                   1                   1                   1                   1                   1                  

B                : <emp>               <emp>               <emp>               <emp>               <emp>               <emp>               <emp>               Ġyeah               <ebc>               <emp>               <emp>               <emp>               <emp>               <emp>               <emp>              
Timings          : (84.509, 84.791)    (85.194, 85.409)    (85.409, 85.769)    (85.769, 85.889)    (85.889, 85.984)    (85.984, 86.079)    (86.079, 86.533)    (86.622, 86.983)    (-1.0, -1.0)        (87.181, 87.67)     (88.559, 88.679)    (88.679, 88.949)    (88.949, 89.229)    (89.229, 89.449)    (89.449, 89.669)   
Token Types      : 0                   0                   0                   0                   0                   0                   0                   3                   3                   0                   0                   0                   0                   0                   0                  
turn_ids         : 0                   0                   0                   0                   0                   0                   0                   82432770441220      82432770441220      0                   0                   0                   0                   0                   0                  
turn_end_types   : 0                   0                   0                   0                   0                   0                   0                   0                   0                   0                   0                   0                   0                   0                   0                  
speaker_ids      : 0                   0                   0                   0                   0                   0                   0                   2                   2                   0                   0                   0                   0                   0                   0                  


A                : Ġto                 Ġdeath              Ġor                 Ġsomething          Ġthat               Ġyou                Ġknow               Ġrather             Ġthan               Ġjust               Ġsentence           Ġhim                Ġto                 Ġlife               Ġand               
Timings          : (89.669, 89.759)    (89.759, 90.079)    (90.079, 90.179)    (90.179, 90.419)    (90.419, 90.539)    (90.539, 90.669)    (90.669, 90.927)    (91.54, 91.88)      (91.88, 92.4)       (92.4, 92.68)       (92.68, 93.1)       (93.1, 93.19)       (93.19, 93.25)      (93.25, 93.57)      (93.57, 93.68)     
Token Types      : 1                   1                   1                   1                   1                   1                   1                   1                   1                   1                   1                   1                   1                   1                   1                  
turn_ids         : 82430086086662      82430086086662      82430086086662      82430086086662      82430086086662      82430086086662      82430086086662      82430086086662      82430086086662      82430086086662      82430086086662      82430086086662      82430086086662      82430086086662      82430086086662     
turn_end_types   : 2                   2                   2                   2                   2                   2                   2                   2                   2                   2                   2                   2                   2                   2                   2                  
speaker_ids      : 1                   1                   1                   1                   1                   1                   1                   1                   1                   1                   1                   1                   1                   1                   1                  

B                : <emp>               <emp>               <emp>               <emp>               <emp>               <emp>               <emp>               <emp>               <emp>               <emp>               <emp>               <emp>               <emp>               <emp>               <emp>              
Timings          : (89.669, 89.759)    (89.759, 90.079)    (90.079, 90.179)    (90.179, 90.419)    (90.419, 90.539)    (90.539, 90.669)    (90.669, 90.927)    (91.54, 91.88)      (91.88, 92.4)       (92.4, 92.68)       (92.68, 93.1)       (93.1, 93.19)       (93.19, 93.25)      (93.25, 93.57)      (93.57, 93.68)     
Token Types      : 0                   0                   0                   0                   0                   0                   0                   0                   0                   0                   0                   0                   0                   0                   0                  
turn_ids         : 0                   0                   0                   0                   0                   0                   0                   0                   0                   0                   0                   0                   0                   0                   0                  
turn_end_types   : 0                   0                   0                   0                   0                   0                   0                   0                   0                   0                   0                   0                   0                   0                   0                  
speaker_ids      : 0                   0                   0                   0                   0                   0                   0                   0                   0                   0                   0                   0                   0                   0                   0                  


A                : Ġforget             Ġall                Ġthe                Ġhassle             Ġyou                Ġdon                't                  Ġhave               Ġto                 Ġpay                Ġthe                Ġattorneys          Ġall                Ġthose              Ġfees              
Timings          : (93.68, 93.96)      (93.96, 94.08)      (94.08, 94.16)      (94.16, 94.53)      (94.53, 94.6)       (94.6, 94.685)      (94.685, 94.77)     (94.77, 94.86)      (94.86, 94.92)      (94.92, 95.03)      (95.03, 95.09)      (95.09, 95.46)      (95.46, 95.61)      (95.61, 95.82)      (95.82, 96.06)     
Token Types      : 1                   1                   1                   1                   1                   1                   1                   1                   1                   1                   1                   1                   1                   1                   1                  
turn_ids         : 82430086086662      82430086086662      82430086086662      82430086086662      82430086086662      82430086086662      82430086086662      82430086086662      82430086086662      82430086086662      82430086086662      82430086086662      82430086086662      82430086086662      82430086086662     
turn_end_types   : 2                   2                   2                   2                   2                   2                   2                   2                   2                   2                   2                   2                   2                   2                   2                  
speaker_ids      : 1                   1                   1                   1                   1                   1                   1                   1                   1                   1                   1                   1                   1                   1                   1                  

B                : <emp>               <emp>               <emp>               <emp>               <emp>               <emp>               <emp>               <emp>               <emp>               <emp>               <emp>               <emp>               <emp>               <emp>               <emp>              
Timings          : (93.68, 93.96)      (93.96, 94.08)      (94.08, 94.16)      (94.16, 94.53)      (94.53, 94.6)       (94.6, 94.685)      (94.685, 94.77)     (94.77, 94.86)      (94.86, 94.92)      (94.92, 95.03)      (95.03, 95.09)      (95.09, 95.46)      (95.46, 95.61)      (95.61, 95.82)      (95.82, 96.06)     
Token Types      : 0                   0                   0                   0                   0                   0                   0                   0                   0                   0                   0                   0                   0                   0                   0                  
turn_ids         : 0                   0                   0                   0                   0                   0                   0                   0                   0                   0                   0                   0                   0                   0                   0                  
turn_end_types   : 0                   0                   0                   0                   0                   0                   0                   0                   0                   0                   0                   0                   0                   0                   0                  
speaker_ids      : 0                   0                   0                   0                   0                   0                   0                   0                   0                   0                   0                   0                   0                   0                   0                  


A                : Ġthey               Ġget                Ġand                Ġwhat               not                 Ġbecause            Ġi                  Ġfeel               Ġlike               Ġyou                Ġknow               Ġsometimes          Ġit                 Ġgets               Ġtoo               
Timings          : (96.06, 96.24)      (96.24, 96.51)      (96.51, 96.6)       (96.6, 96.806)      (96.806, 97.012)    (97.294, 97.5)      (97.741, 97.9)      (97.9, 98.16)       (98.16, 98.497)     (98.497, 98.64)     (98.64, 98.75)      (98.75, 99.14)      (99.14, 99.21)      (99.21, 99.37)      (99.37, 99.56)     
Token Types      : 1                   1                   1                   1                   1                   1                   1                   1                   1                   1                   1                   1                   1                   1                   1                  
turn_ids         : 82430086086662      82430086086662      82430086086662      82430086086662      82430086086662      82430086086662      82430086086662      82430086086662      82430086086662      82430086086662      82430086086662      82430086086662      82430086086662      82430086086662      82430086086662     
turn_end_types   : 2                   2                   2                   2                   2                   2                   2                   2                   2                   2                   2                   2                   2                   2                   2                  
speaker_ids      : 1                   1                   1                   1                   1                   1                   1                   1                   1                   1                   1                   1                   1                   1                   1                  

B                : <emp>               <emp>               <emp>               <emp>               <emp>               yeah                <eint>              <emp>               <emp>               <emp>               Ġyeah               <eint>              <emp>               <emp>               <emp>              
Timings          : (96.06, 96.24)      (96.24, 96.51)      (96.51, 96.6)       (96.6, 96.806)      (96.806, 97.012)    (97.199, 97.604)    (-1.0, -1.0)        (97.9, 98.16)       (98.16, 98.497)     (98.497, 98.64)     (98.577, 99.104)    (-1.0, -1.0)        (99.14, 99.21)      (99.21, 99.37)      (99.37, 99.56)     
Token Types      : 0                   0                   0                   0                   0                   5                   5                   0                   0                   0                   5                   5                   0                   0                   0                  
turn_ids         : 0                   0                   0                   0                   0                   82434917924869      82434917924869      0                   0                   0                   82434917924870      82434917924870      0                   0                   0                  
turn_end_types   : 0                   0                   0                   0                   0                   0                   0                   0                   0                   0                   0                   0                   0                   0                   0                  
speaker_ids      : 0                   0                   0                   0                   0                   2                   2                   0                   0                   0                   2                   2                   0                   0                   0                  


A                : Ġdrug               Ġout                Ġbut                <emp>               Ġi                  Ġthink              Ġi                  Ġam                 Ġi                  Ġam                 Ġbasically          Ġfor                Ġit                 Ġwith               Ġif                
Timings          : (99.56, 99.87)      (99.87, 100.16)     (100.16, 100.48)    (100.363, 100.787)  (101.041, 101.121)  (101.121, 101.281)  (101.281, 101.311)  (101.311, 101.497)  (101.497, 101.651)  (101.651, 101.811)  (101.811, 102.171)  (102.171, 102.541)  (102.541, 102.711)  (102.711, 103.053)  (103.302, 103.716) 
Token Types      : 1                   1                   1                   1                   1                   1                   1                   1                   1                   1                   1                   1                   1                   1                   1                  
turn_ids         : 82430086086662      82430086086662      82430086086662      82430086086662      82430086086662      82430086086662      82430086086662      82430086086662      82430086086662      82430086086662      82430086086662      82430086086662      82430086086662      82430086086662      82430086086662     
turn_end_types   : 2                   2                   2                   2                   2                   2                   2                   2                   2                   2                   2                   2                   2                   2                   2                  
speaker_ids      : 1                   1                   1                   1                   1                   1                   1                   1                   1                   1                   1                   1                   1                   1                   1                  

B                : <emp>               <emp>               <emp>               Ġyeah               <ebc>               <emp>               <emp>               <emp>               <emp>               <emp>               <emp>               <emp>               <emp>               <emp>               <emp>              
Timings          : (99.56, 99.87)      (99.87, 100.16)     (100.16, 100.48)    (100.363, 100.787)  (-1.0, -1.0)        (101.121, 101.281)  (101.281, 101.311)  (101.311, 101.497)  (101.497, 101.651)  (101.651, 101.811)  (101.811, 102.171)  (102.171, 102.541)  (102.541, 102.711)  (102.711, 103.053)  (103.302, 103.716) 
Token Types      : 0                   0                   0                   3                   3                   0                   0                   0                   0                   0                   0                   0                   0                   0                   0                  
turn_ids         : 0                   0                   0                   82432770441221      82432770441221      0                   0                   0                   0                   0                   0                   0                   0                   0                   0                  
turn_end_types   : 0                   0                   0                   0                   0                   0                   0                   0                   0                   0                   0                   0                   0                   0                   0                  
speaker_ids      : 0                   0                   0                   2                   2                   0                   0                   0                   0                   0                   0                   0                   0                   0                   0                  


A                : Ġyou                Ġknow               Ġif                 Ġthe                Ġcrime              Ġof                 Ġcourse             Ġfits               Ġit                 Ġbecause            Ġsome               Ġof                 Ġthose              Ġpeople             Ġthis              
Timings          : (103.716, 103.891)  (103.891, 103.991)  (103.991, 104.141)  (104.141, 104.211)  (104.211, 104.641)  (104.641, 104.741)  (104.741, 105.221)  (105.447, 105.771)  (105.771, 105.881)  (105.881, 106.301)  (106.301, 107.041)  (107.041, 107.101)  (107.101, 107.241)  (107.241, 107.551)  (107.551, 107.882) 
Token Types      : 1                   1                   1                   1                   1                   1                   1                   1                   1                   1                   1                   1                   1                   1                   1                  
turn_ids         : 82430086086662      82430086086662      82430086086662      82430086086662      82430086086662      82430086086662      82430086086662      82430086086662      82430086086662      82430086086662      82430086086662      82430086086662      82430086086662      82430086086662      82430086086662     
turn_end_types   : 2                   2                   2                   2                   2                   2                   2                   2                   2                   2                   2                   2                   2                   2                   2                  
speaker_ids      : 1                   1                   1                   1                   1                   1                   1                   1                   1                   1                   1                   1                   1                   1                   1                  

B                : <emp>               <emp>               <emp>               <emp>               <emp>               <emp>               <emp>               <emp>               <emp>               <emp>               Ġyeah               <ebc>               <emp>               <emp>               <emp>              
Timings          : (103.716, 103.891)  (103.891, 103.991)  (103.991, 104.141)  (104.141, 104.211)  (104.211, 104.641)  (104.641, 104.741)  (104.741, 105.221)  (105.447, 105.771)  (105.771, 105.881)  (105.881, 106.301)  (106.413, 106.831)  (-1.0, -1.0)        (107.101, 107.241)  (107.241, 107.551)  (107.551, 107.882) 
Token Types      : 0                   0                   0                   0                   0                   0                   0                   0                   0                   0                   3                   3                   0                   0                   0                  
turn_ids         : 0                   0                   0                   0                   0                   0                   0                   0                   0                   0                   82432770441222      82432770441222      0                   0                   0                  
turn_end_types   : 0                   0                   0                   0                   0                   0                   0                   0                   0                   0                   0                   0                   0                   0                   0                  
speaker_ids      : 0                   0                   0                   0                   0                   0                   0                   0                   0                   0                   2                   2                   0                   0                   0                  


A                : Ġyou                Ġgot                Ġto                 Ġwonder             Ġwill               Ġthey               Ġever               Ġdo                 Ġanything           Ġi                  Ġmean               <yield>             <emp>               <emp>               <emp>              
Timings          : (108.38, 108.491)   (108.491, 108.621)  (108.621, 108.701)  (108.701, 109.031)  (109.031, 109.211)  (109.211, 109.401)  (109.401, 109.601)  (109.601, 109.861)  (109.861, 110.594)  (110.82, 111.001)   (111.001, 111.444)  (-1.0, -1.0)        (112.049, 112.309)  (112.309, 112.619)  (112.619, 112.714) 
Token Types      : 1                   1                   1                   1                   1                   1                   1                   1                   1                   1                   1                   1                   0                   0                   0                  
turn_ids         : 82430086086662      82430086086662      82430086086662      82430086086662      82430086086662      82430086086662      82430086086662      82430086086662      82430086086662      82430086086662      82430086086662      82430086086662      0                   0                   0                  
turn_end_types   : 2                   2                   2                   2                   2                   2                   2                   2                   2                   2                   2                   2                   0                   0                   0                  
speaker_ids      : 1                   1                   1                   1                   1                   1                   1                   1                   1                   1                   1                   1                   0                   0                   0                  

B                : <emp>               <emp>               <emp>               <emp>               <emp>               <emp>               <emp>               <emp>               <emp>               <emp>               Ġright              Ġright              Ġthat               Ġthat               Ġthere             
Timings          : (108.38, 108.491)   (108.491, 108.621)  (108.621, 108.701)  (108.701, 109.031)  (109.031, 109.211)  (109.211, 109.401)  (109.401, 109.601)  (109.601, 109.861)  (109.861, 110.594)  (110.82, 111.001)   (110.969, 111.37)   (111.66, 112.049)   (112.049, 112.309)  (112.309, 112.619)  (112.619, 112.714) 
Token Types      : 0                   0                   0                   0                   0                   0                   0                   0                   0                   0                   4                   4                   4                   4                   4                  
turn_ids         : 0                   0                   0                   0                   0                   0                   0                   0                   0                   0                   82433844183047      82433844183047      82433844183047      82433844183047      82433844183047     
turn_end_types   : 0                   0                   0                   0                   0                   0                   0                   0                   0                   0                   1                   1                   1                   1                   1                  
speaker_ids      : 0                   0                   0                   0                   0                   0                   0                   0                   0                   0                   2                   2                   2                   2                   2                  


A                : <emp>               <emp>               Ġuh                 Ġthe                Ġtime               Ġjust               Ġcomes              Ġthat               Ġpure               Ġand                Ġsimple             Ġyou                Ġknow               Ġyou                Ġgot               
Timings          : (112.714, 112.809)  (112.809, 113.121)  (114.531, 114.66)   (114.66, 114.84)    (114.84, 115.21)    (115.21, 115.42)    (115.42, 115.73)    (115.73, 116.054)   (116.785, 116.97)   (116.97, 117.1)     (117.1, 117.38)     (117.38, 117.46)    (117.46, 117.57)    (117.57, 117.63)    (117.63, 117.73)   
Token Types      : 0                   0                   1                   1                   1                   1                   1                   1                   1                   1                   1                   1                   1                   1                   1                  
turn_ids         : 0                   0                   82430086086664      82430086086664      82430086086664      82430086086664      82430086086664      82430086086664      82430086086664      82430086086664      82430086086664      82430086086664      82430086086664      82430086086664      82430086086664     
turn_end_types   : 0                   0                   2                   2                   2                   2                   2                   2                   2                   2                   2                   2                   2                   2                   2                  
speaker_ids      : 0                   0                   1                   1                   1                   1                   1                   1                   1                   1                   1                   1                   1                   1                   1                  

B                : 's                  Ġjust               <eot>               <emp>               <emp>               <emp>               <emp>               <emp>               <emp>               <emp>               <emp>               <emp>               <emp>               <emp>               <emp>              
Timings          : (112.714, 112.809)  (112.809, 113.121)  (-1.0, -1.0)        (114.66, 114.84)    (114.84, 115.21)    (115.21, 115.42)    (115.42, 115.73)    (115.73, 116.054)   (116.785, 116.97)   (116.97, 117.1)     (117.1, 117.38)     (117.38, 117.46)    (117.46, 117.57)    (117.57, 117.63)    (117.63, 117.73)   
Token Types      : 4                   4                   4                   0                   0                   0                   0                   0                   0                   0                   0                   0                   0                   0                   0                  
turn_ids         : 82433844183047      82433844183047      82433844183047      0                   0                   0                   0                   0                   0                   0                   0                   0                   0                   0                   0                  
turn_end_types   : 1                   1                   1                   0                   0                   0                   0                   0                   0                   0                   0                   0                   0                   0                   0                  
speaker_ids      : 2                   2                   2                   0                   0                   0                   0                   0                   0                   0                   0                   0                   0                   0                   0                  


A                : Ġto                 Ġwonder             Ġif                 Ġthey               're                 Ġjust               Ġa                  Ġplain              Ġand                Ġsimple             Ġmenace             Ġto                 Ġsociety            Ġor                 Ġthey              
Timings          : (117.73, 117.79)    (117.79, 118.01)    (118.01, 118.1)     (118.1, 118.155)    (118.155, 118.21)   (118.21, 118.443)   (118.443, 118.66)   (118.66, 118.89)    (118.89, 119.06)    (119.06, 119.31)    (119.31, 119.61)    (119.61, 119.72)    (119.72, 120.29)    (120.29, 120.4)     (120.4, 120.55)    
Token Types      : 1                   1                   1                   1                   1                   1                   1                   1                   1                   1                   1                   1                   1                   1                   1                  
turn_ids         : 82430086086664      82430086086664      82430086086664      82430086086664      82430086086664      82430086086664      82430086086664      82430086086664      82430086086664      82430086086664      82430086086664      82430086086664      82430086086664      82430086086664      82430086086664     
turn_end_types   : 2                   2                   2                   2                   2                   2                   2                   2                   2                   2                   2                   2                   2                   2                   2                  
speaker_ids      : 1                   1                   1                   1                   1                   1                   1                   1                   1                   1                   1                   1                   1                   1                   1                  

B                : <emp>               <emp>               <emp>               <emp>               <emp>               <emp>               <emp>               <emp>               <emp>               <emp>               <emp>               <emp>               <emp>               Ġright              <emp>              
Timings          : (117.73, 117.79)    (117.79, 118.01)    (118.01, 118.1)     (118.1, 118.155)    (118.155, 118.21)   (118.21, 118.443)   (118.443, 118.66)   (118.66, 118.89)    (118.89, 119.06)    (119.06, 119.31)    (119.31, 119.61)    (119.61, 119.72)    (119.72, 120.29)    (120.297, 120.751)  (120.4, 120.55)    
Token Types      : 0                   0                   0                   0                   0                   0                   0                   0                   0                   0                   0                   0                   0                   4                   4                  
turn_ids         : 0                   0                   0                   0                   0                   0                   0                   0                   0                   0                   0                   0                   0                   82433844183049      82433844183049     
turn_end_types   : 0                   0                   0                   0                   0                   0                   0                   0                   0                   0                   0                   0                   0                   1                   1                  
speaker_ids      : 0                   0                   0                   0                   0                   0                   0                   0                   0                   0                   0                   0                   0                   2                   2                  


A                : Ġgonna              <yield>             Ġever               Ġreform             Ġbut                <yield>             <emp>               <emp>               <emp>               <emp>               <emp>               <emp>               <emp>               <emp>               <emp>              
Timings          : (120.55, 120.997)   (-1.0, -1.0)        (121.913, 122.143)  (122.143, 122.673)  (122.673, 122.995)  (-1.0, -1.0)        (123.618, 123.738)  (123.738, 123.978)  (123.978, 124.318)  (124.318, 124.778)  (125.174, 125.773)  (126.609, 126.779)  (126.779, 126.949)  (126.949, 127.139)  (127.139, 127.469) 
Token Types      : 1                   1                   1                   1                   1                   1                   0                   0                   0                   0                   0                   0                   0                   0                   0                  
turn_ids         : 82430086086664      82430086086664      82430086086666      82430086086666      82430086086666      82430086086666      0                   0                   0                   0                   0                   0                   0                   0                   0                  
turn_end_types   : 2                   2                   2                   2                   2                   2                   0                   0                   0                   0                   0                   0                   0                   0                   0                  
speaker_ids      : 1                   1                   1                   1                   1                   1                   0                   0                   0                   0                   0                   0                   0                   0                   0                  

B                : <emp>               Ġright              <eot>               <emp>               Ġright              Ġwell               Ġnow                Ġdoes               Ġdoes               Ġuh                 Ġuh                 Ġut                 ah                  Ġhave               Ġcapital           
Timings          : (120.55, 120.997)   (121.083, 121.564)  (-1.0, -1.0)        (122.143, 122.673)  (122.678, 123.215)  (123.528, 123.618)  (123.618, 123.738)  (123.738, 123.978)  (123.978, 124.318)  (124.318, 124.778)  (125.174, 125.773)  (126.609, 126.779)  (126.779, 126.949)  (126.949, 127.139)  (127.139, 127.469) 
Token Types      : 4                   4                   4                   0                   4                   4                   4                   4                   4                   4                   4                   4                   4                   4                   4                  
turn_ids         : 82433844183049      82433844183049      82433844183049      0                   82433844183051      82433844183051      82433844183051      82433844183051      82433844183051      82433844183051      82433844183051      82433844183051      82433844183051      82433844183051      82433844183051     
turn_end_types   : 1                   1                   1                   0                   1                   1                   1                   1                   1                   1                   1                   1                   1                   1                   1                  
speaker_ids      : 2                   2                   2                   0                   2                   2                   2                   2                   2                   2                   2                   2                   2                   2                   2                  


A                : <emp>               Ġyes                Ġwe                 Ġdo                 Ġu                  hh                  uh                  Ġand                Ġi                  Ġand                Ġit                 's                  Ġbeen               Ġa                  Ġcouple            
Timings          : (127.469, 127.939)  (127.811, 128.217)  (128.217, 128.307)  (128.307, 128.58)   (128.58, 128.778)   (128.778, 128.976)  (128.976, 129.174)  (129.645, 129.887)  (129.887, 130.108)  (130.108, 130.267)  (130.267, 130.427)  (130.427, 130.587)  (130.587, 130.807)  (130.807, 130.877)  (130.877, 131.037) 
Token Types      : 0                   1                   1                   1                   1                   1                   1                   1                   1                   1                   1                   1                   1                   1                   1                  
turn_ids         : 0                   82430086086668      82430086086668      82430086086668      82430086086668      82430086086668      82430086086668      82430086086668      82430086086668      82430086086668      82430086086668      82430086086668      82430086086668      82430086086668      82430086086668     
turn_end_types   : 0                   2                   2                   2                   2                   2                   2                   2                   2                   2                   2                   2                   2                   2                   2                  
speaker_ids      : 0                   1                   1                   1                   1                   1                   1                   1                   1                   1                   1                   1                   1                   1                   1                  

B                : Ġpunishment         <eot>               <emp>               <emp>               <emp>               <emp>               <emp>               <emp>               <emp>               <emp>               <emp>               <emp>               <emp>               <emp>               <emp>              
Timings          : (127.469, 127.939)  (-1.0, -1.0)        (128.217, 128.307)  (128.307, 128.58)   (128.58, 128.778)   (128.778, 128.976)  (128.976, 129.174)  (129.645, 129.887)  (129.887, 130.108)  (130.108, 130.267)  (130.267, 130.427)  (130.427, 130.587)  (130.587, 130.807)  (130.807, 130.877)  (130.877, 131.037) 
Token Types      : 4                   4                   0                   0                   0                   0                   0                   0                   0                   0                   0                   0                   0                   0                   0                  
turn_ids         : 82433844183051      82433844183051      0                   0                   0                   0                   0                   0                   0                   0                   0                   0                   0                   0                   0                  
turn_end_types   : 1                   1                   0                   0                   0                   0                   0                   0                   0                   0                   0                   0                   0                   0                   0                  
speaker_ids      : 2                   2                   0                   0                   0                   0                   0                   0                   0                   0                   0                   0                   0                   0                   0                  


A                : Ġthere              Ġwas                Ġa                  Ġoh                 Ġit                 's                  Ġbeen               Ġabout              Ġfourteen           Ġyears              Ġnow                Ġthere              Ġwas                Ġa                  Ġpretty            
Timings          : (131.037, 131.177)  (131.177, 131.337)  (131.337, 131.837)  (131.837, 131.947)  (131.947, 131.997)  (131.997, 132.047)  (132.047, 132.157)  (132.157, 132.347)  (132.347, 132.777)  (132.777, 133.057)  (133.057, 133.267)  (133.267, 133.427)  (133.427, 133.68)   (133.68, 133.827)   (133.827, 134.077) 
Token Types      : 1                   1                   1                   1                   1                   1                   1                   1                   1                   1                   1                   1                   1                   1                   1                  
turn_ids         : 82430086086668      82430086086668      82430086086668      82430086086668      82430086086668      82430086086668      82430086086668      82430086086668      82430086086668      82430086086668      82430086086668      82430086086668      82430086086668      82430086086668      82430086086668     
turn_end_types   : 2                   2                   2                   2                   2                   2                   2                   2                   2                   2                   2                   2                   2                   2                   2                  
speaker_ids      : 1                   1                   1                   1                   1                   1                   1                   1                   1                   1                   1                   1                   1                   1                   1                  

B                : <emp>               <emp>               <emp>               <emp>               <emp>               <emp>               <emp>               <emp>               <emp>               <emp>               <emp>               <emp>               <emp>               <emp>               <emp>              
Timings          : (131.037, 131.177)  (131.177, 131.337)  (131.337, 131.837)  (131.837, 131.947)  (131.947, 131.997)  (131.997, 132.047)  (132.047, 132.157)  (132.157, 132.347)  (132.347, 132.777)  (132.777, 133.057)  (133.057, 133.267)  (133.267, 133.427)  (133.427, 133.68)   (133.68, 133.827)   (133.827, 134.077) 
Token Types      : 0                   0                   0                   0                   0                   0                   0                   0                   0                   0                   0                   0                   0                   0                   0                  
turn_ids         : 0                   0                   0                   0                   0                   0                   0                   0                   0                   0                   0                   0                   0                   0                   0                  
turn_end_types   : 0                   0                   0                   0                   0                   0                   0                   0                   0                   0                   0                   0                   0                   0                   0                  
speaker_ids      : 0                   0                   0                   0                   0                   0                   0                   0                   0                   0                   0                   0                   0                   0                   0                  


A                : Ġhideous            Ġmurder             Ġin                 Ġa                  Ġh                  ifi                 Ġshop               Ġwhere              Ġthey               Ġmurdered           Ġone                Ġperson             Ġand                Ġthey               Ġthey              
Timings          : (134.077, 134.477)  (134.477, 134.943)  (135.585, 135.725)  (135.725, 135.766)  (135.766, 136.001)  (136.001, 136.236)  (136.236, 136.645)  (136.645, 137.215)  (137.215, 137.536)  (137.536, 137.926)  (137.926, 138.115)  (138.115, 138.635)  (138.635, 138.885)  (138.885, 139.155)  (139.506, 139.826) 
Token Types      : 1                   1                   1                   1                   1                   1                   1                   1                   1                   1                   1                   1                   1                   1                   1                  
turn_ids         : 82430086086668      82430086086668      82430086086668      82430086086668      82430086086668      82430086086668      82430086086668      82430086086668      82430086086668      82430086086668      82430086086668      82430086086668      82430086086668      82430086086668      82430086086668     
turn_end_types   : 2                   2                   2                   2                   2                   2                   2                   2                   2                   2                   2                   2                   2                   2                   2                  
speaker_ids      : 1                   1                   1                   1                   1                   1                   1                   1                   1                   1                   1                   1                   1                   1                   1                  

B                : <emp>               <emp>               <emp>               <emp>               <emp>               <emp>               <emp>               <emp>               <emp>               <emp>               <emp>               <emp>               <emp>               <emp>               <emp>              
Timings          : (134.077, 134.477)  (134.477, 134.943)  (135.585, 135.725)  (135.725, 135.766)  (135.766, 136.001)  (136.001, 136.236)  (136.236, 136.645)  (136.645, 137.215)  (137.215, 137.536)  (137.536, 137.926)  (137.926, 138.115)  (138.115, 138.635)  (138.635, 138.885)  (138.885, 139.155)  (139.506, 139.826) 
Token Types      : 0                   0                   0                   0                   0                   0                   0                   0                   0                   0                   0                   0                   0                   0                   0                  
turn_ids         : 0                   0                   0                   0                   0                   0                   0                   0                   0                   0                   0                   0                   0                   0                   0                  
turn_end_types   : 0                   0                   0                   0                   0                   0                   0                   0                   0                   0                   0                   0                   0                   0                   0                  
speaker_ids      : 0                   0                   0                   0                   0                   0                   0                   0                   0                   0                   0                   0                   0                   0                   0                  


A                : Ġthe                Ġtwo                Ġpeople             Ġthat               Ġdid                Ġit                 Ġthey               Ġpoured             Ġdr                 ano                 Ġdown               Ġone                Ġguy                's                  Ġthroat            
Timings          : (139.826, 139.956)  (139.956, 140.145)  (140.145, 140.395)  (140.395, 140.516)  (140.516, 140.635)  (140.635, 140.706)  (140.706, 140.816)  (140.816, 141.126)  (141.126, 141.311)  (141.311, 141.495)  (141.495, 141.745)  (141.745, 141.876)  (141.876, 141.986)  (141.986, 142.096)  (142.096, 142.395) 
Token Types      : 1                   1                   1                   1                   1                   1                   1                   1                   1                   1                   1                   1                   1                   1                   1                  
turn_ids         : 82430086086668      82430086086668      82430086086668      82430086086668      82430086086668      82430086086668      82430086086668      82430086086668      82430086086668      82430086086668      82430086086668      82430086086668      82430086086668      82430086086668      82430086086668     
turn_end_types   : 2                   2                   2                   2                   2                   2                   2                   2                   2                   2                   2                   2                   2                   2                   2                  
speaker_ids      : 1                   1                   1                   1                   1                   1                   1                   1                   1                   1                   1                   1                   1                   1                   1                  

B                : <emp>               <emp>               <emp>               <emp>               <emp>               <emp>               <emp>               <emp>               <emp>               <emp>               <emp>               <emp>               <emp>               <emp>               <emp>              
Timings          : (139.826, 139.956)  (139.956, 140.145)  (140.145, 140.395)  (140.395, 140.516)  (140.516, 140.635)  (140.635, 140.706)  (140.706, 140.816)  (140.816, 141.126)  (141.126, 141.311)  (141.311, 141.495)  (141.495, 141.745)  (141.745, 141.876)  (141.876, 141.986)  (141.986, 142.096)  (142.096, 142.395) 
Token Types      : 0                   0                   0                   0                   0                   0                   0                   0                   0                   0                   0                   0                   0                   0                   0                  
turn_ids         : 0                   0                   0                   0                   0                   0                   0                   0                   0                   0                   0                   0                   0                   0                   0                  
turn_end_types   : 0                   0                   0                   0                   0                   0                   0                   0                   0                   0                   0                   0                   0                   0                   0                  
speaker_ids      : 0                   0                   0                   0                   0                   0                   0                   0                   0                   0                   0                   0                   0                   0                   0                  


A                : Ġand                Ġthey               Ġkicked             Ġa                  Ġpen                Ġthrough            Ġanother            Ġguy                's                  Ġear                Ġand                Ġand                Ġall                Ġkinds              Ġof                
Timings          : (142.395, 142.486)  (142.486, 142.546)  (142.546, 142.835)  (142.835, 142.895)  (142.895, 143.195)  (143.195, 143.355)  (143.355, 143.645)  (143.645, 143.786)  (143.786, 143.926)  (143.926, 144.266)  (144.266, 144.448)  (144.802, 144.926)  (144.926, 145.036)  (145.036, 145.305)  (145.305, 145.376) 
Token Types      : 1                   1                   1                   1                   1                   1                   1                   1                   1                   1                   1                   1                   1                   1                   1                  
turn_ids         : 82430086086668      82430086086668      82430086086668      82430086086668      82430086086668      82430086086668      82430086086668      82430086086668      82430086086668      82430086086668      82430086086668      82430086086668      82430086086668      82430086086668      82430086086668     
turn_end_types   : 2                   2                   2                   2                   2                   2                   2                   2                   2                   2                   2                   2                   2                   2                   2                  
speaker_ids      : 1                   1                   1                   1                   1                   1                   1                   1                   1                   1                   1                   1                   1                   1                   1                  

B                : <emp>               <emp>               <emp>               <emp>               <emp>               <emp>               <emp>               <emp>               <emp>               <emp>               <emp>               Ġum                 <eint>              <emp>               <emp>              
Timings          : (142.395, 142.486)  (142.486, 142.546)  (142.546, 142.835)  (142.835, 142.895)  (142.895, 143.195)  (143.195, 143.355)  (143.355, 143.645)  (143.645, 143.786)  (143.786, 143.926)  (143.926, 144.266)  (144.266, 144.448)  (144.855, 145.366)  (-1.0, -1.0)        (145.036, 145.305)  (145.305, 145.376) 
Token Types      : 0                   0                   0                   0                   0                   0                   0                   0                   0                   0                   0                   5                   5                   0                   0                  
turn_ids         : 0                   0                   0                   0                   0                   0                   0                   0                   0                   0                   0                   82434917924876      82434917924876      0                   0                  
turn_end_types   : 0                   0                   0                   0                   0                   0                   0                   0                   0                   0                   0                   0                   0                   0                   0                  
speaker_ids      : 0                   0                   0                   0                   0                   0                   0                   0                   0                   0                   0                   2                   2                   0                   0                  


A                : Ġthings             Ġlike               Ġthat               Ġand                Ġand                Ġof                 Ġcourse             Ġa                  Ġcouple             Ġof                 Ġthem               Ġended              Ġup                 Ġdying              Ġand               
Timings          : (145.376, 145.566)  (145.566, 145.725)  (145.725, 146.036)  (146.036, 146.296)  (146.296, 146.426)  (146.426, 146.546)  (146.546, 146.796)  (146.796, 146.835)  (146.835, 147.145)  (147.145, 147.225)  (147.225, 147.286)  (147.286, 147.525)  (147.525, 147.686)  (147.686, 148.305)  (148.305, 148.456) 
Token Types      : 1                   1                   1                   1                   1                   1                   1                   1                   1                   1                   1                   1                   1                   1                   1                  
turn_ids         : 82430086086668      82430086086668      82430086086668      82430086086668      82430086086668      82430086086668      82430086086668      82430086086668      82430086086668      82430086086668      82430086086668      82430086086668      82430086086668      82430086086668      82430086086668     
turn_end_types   : 2                   2                   2                   2                   2                   2                   2                   2                   2                   2                   2                   2                   2                   2                   2                  
speaker_ids      : 1                   1                   1                   1                   1                   1                   1                   1                   1                   1                   1                   1                   1                   1                   1                  

B                : <emp>               <emp>               <emp>               <emp>               <emp>               <emp>               <emp>               <emp>               <emp>               <emp>               <emp>               <emp>               <emp>               <emp>               <emp>              
Timings          : (145.376, 145.566)  (145.566, 145.725)  (145.725, 146.036)  (146.036, 146.296)  (146.296, 146.426)  (146.426, 146.546)  (146.546, 146.796)  (146.796, 146.835)  (146.835, 147.145)  (147.145, 147.225)  (147.225, 147.286)  (147.286, 147.525)  (147.525, 147.686)  (147.686, 148.305)  (148.305, 148.456) 
Token Types      : 0                   0                   0                   0                   0                   0                   0                   0                   0                   0                   0                   0                   0                   0                   0                  
turn_ids         : 0                   0                   0                   0                   0                   0                   0                   0                   0                   0                   0                   0                   0                   0                   0                  
turn_end_types   : 0                   0                   0                   0                   0                   0                   0                   0                   0                   0                   0                   0                   0                   0                   0                  
speaker_ids      : 0                   0                   0                   0                   0                   0                   0                   0                   0                   0                   0                   0                   0                   0                   0                  


A                : Ġa                  Ġcouple             Ġdidn               't                  Ġbut                Ġah                 Ġone                Ġof                 Ġthe                Ġkid                Ġone                Ġof                 Ġthe                Ġtwo                Ġmen               
Timings          : (148.456, 148.495)  (148.495, 148.766)  (148.766, 148.995)  (148.995, 149.225)  (149.225, 149.585)  (150.089, 150.923)  (150.923, 151.373)  (151.373, 151.433)  (151.433, 151.493)  (151.493, 151.773)  (151.773, 151.913)  (151.913, 151.973)  (151.973, 152.033)  (152.033, 152.233)  (152.233, 152.433) 
Token Types      : 1                   1                   1                   1                   1                   1                   1                   1                   1                   1                   1                   1                   1                   1                   1                  
turn_ids         : 82430086086668      82430086086668      82430086086668      82430086086668      82430086086668      82430086086668      82430086086668      82430086086668      82430086086668      82430086086668      82430086086668      82430086086668      82430086086668      82430086086668      82430086086668     
turn_end_types   : 2                   2                   2                   2                   2                   2                   2                   2                   2                   2                   2                   2                   2                   2                   2                  
speaker_ids      : 1                   1                   1                   1                   1                   1                   1                   1                   1                   1                   1                   1                   1                   1                   1                  

B                : <emp>               <emp>               <emp>               <emp>               <emp>               Ġum                 <eint>              <emp>               <emp>               <emp>               <emp>               <emp>               <emp>               <emp>               <emp>              
Timings          : (148.456, 148.495)  (148.495, 148.766)  (148.766, 148.995)  (148.995, 149.225)  (149.225, 149.585)  (150.437, 151.001)  (-1.0, -1.0)        (151.373, 151.433)  (151.433, 151.493)  (151.493, 151.773)  (151.773, 151.913)  (151.913, 151.973)  (151.973, 152.033)  (152.033, 152.233)  (152.233, 152.433) 
Token Types      : 0                   0                   0                   0                   0                   5                   5                   0                   0                   0                   0                   0                   0                   0                   0                  
turn_ids         : 0                   0                   0                   0                   0                   82434917924877      82434917924877      0                   0                   0                   0                   0                   0                   0                   0                  
turn_end_types   : 0                   0                   0                   0                   0                   0                   0                   0                   0                   0                   0                   0                   0                   0                   0                  
speaker_ids      : 0                   0                   0                   0                   0                   2                   2                   0                   0                   0                   0                   0                   0                   0                   0                  


A                : Ġinvolved           Ġwas                Ġuh                 Ġwas                Ġwas                Ġuh                 Ġput                Ġto                 Ġdeath              Ġoh                 Ġabout              Ġtwo                Ġyears              Ġago                Ġand               
Timings          : (152.433, 152.883)  (152.883, 153.113)  (153.113, 153.533)  (153.533, 153.934)  (154.225, 154.648)  (154.648, 155.053)  (155.053, 155.323)  (155.323, 155.413)  (155.413, 155.805)  (155.805, 156.103)  (156.103, 156.383)  (156.383, 156.523)  (156.523, 156.833)  (156.833, 157.284)  (157.932, 158.053) 
Token Types      : 1                   1                   1                   1                   1                   1                   1                   1                   1                   1                   1                   1                   1                   1                   1                  
turn_ids         : 82430086086668      82430086086668      82430086086668      82430086086668      82430086086668      82430086086668      82430086086668      82430086086668      82430086086668      82430086086668      82430086086668      82430086086668      82430086086668      82430086086668      82430086086668     
turn_end_types   : 2                   2                   2                   2                   2                   2                   2                   2                   2                   2                   2                   2                   2                   2                   2                  
speaker_ids      : 1                   1                   1                   1                   1                   1                   1                   1                   1                   1                   1                   1                   1                   1                   1                  

B                : <emp>               <emp>               <emp>               <emp>               <emp>               <emp>               <emp>               <emp>               <emp>               <emp>               <emp>               <emp>               <emp>               <emp>               <emp>              
Timings          : (152.433, 152.883)  (152.883, 153.113)  (153.113, 153.533)  (153.533, 153.934)  (154.225, 154.648)  (154.648, 155.053)  (155.053, 155.323)  (155.323, 155.413)  (155.413, 155.805)  (155.805, 156.103)  (156.103, 156.383)  (156.383, 156.523)  (156.523, 156.833)  (156.833, 157.284)  (157.932, 158.053) 
Token Types      : 0                   0                   0                   0                   0                   0                   0                   0                   0                   0                   0                   0                   0                   0                   0                  
turn_ids         : 0                   0                   0                   0                   0                   0                   0                   0                   0                   0                   0                   0                   0                   0                   0                  
turn_end_types   : 0                   0                   0                   0                   0                   0                   0                   0                   0                   0                   0                   0                   0                   0                   0                  
speaker_ids      : 0                   0                   0                   0                   0                   0                   0                   0                   0                   0                   0                   0                   0                   0                   0                  


A                : Ġand                Ġlike               Ġi                  Ġsaid               Ġif                 Ġit                 Ġtook               Ġabout              Ġthirteen           Ġyears              Ġfor                Ġit                 Ġto                 Ġhappen             Ġand               
Timings          : (158.053, 158.353)  (158.353, 158.493)  (158.493, 158.523)  (158.523, 158.663)  (158.663, 159.053)  (159.053, 159.163)  (159.163, 159.313)  (159.313, 159.583)  (159.583, 159.933)  (159.933, 160.113)  (160.113, 160.313)  (160.313, 160.373)  (160.373, 160.433)  (160.433, 160.743)  (160.743, 160.833) 
Token Types      : 1                   1                   1                   1                   1                   1                   1                   1                   1                   1                   1                   1                   1                   1                   1                  
turn_ids         : 82430086086668      82430086086668      82430086086668      82430086086668      82430086086668      82430086086668      82430086086668      82430086086668      82430086086668      82430086086668      82430086086668      82430086086668      82430086086668      82430086086668      82430086086668     
turn_end_types   : 2                   2                   2                   2                   2                   2                   2                   2                   2                   2                   2                   2                   2                   2                   2                  
speaker_ids      : 1                   1                   1                   1                   1                   1                   1                   1                   1                   1                   1                   1                   1                   1                   1                  

B                : <emp>               <emp>               <emp>               <emp>               <emp>               <emp>               <emp>               <emp>               <emp>               <emp>               <emp>               <emp>               <emp>               <emp>               <emp>              
Timings          : (158.053, 158.353)  (158.353, 158.493)  (158.493, 158.523)  (158.523, 158.663)  (158.663, 159.053)  (159.053, 159.163)  (159.163, 159.313)  (159.313, 159.583)  (159.583, 159.933)  (159.933, 160.113)  (160.113, 160.313)  (160.313, 160.373)  (160.373, 160.433)  (160.433, 160.743)  (160.743, 160.833) 
Token Types      : 0                   0                   0                   0                   0                   0                   0                   0                   0                   0                   0                   0                   0                   0                   0                  
turn_ids         : 0                   0                   0                   0                   0                   0                   0                   0                   0                   0                   0                   0                   0                   0                   0                  
turn_end_types   : 0                   0                   0                   0                   0                   0                   0                   0                   0                   0                   0                   0                   0                   0                   0                  
speaker_ids      : 0                   0                   0                   0                   0                   0                   0                   0                   0                   0                   0                   0                   0                   0                   0                  


A                : Ġthe                Ġother              Ġguy                Ġis                 Ġstill              Ġsitting            Ġon                 Ġdeath              Ġrow                Ġyou                Ġknow               Ġfourteen           Ġfifteen            Ġyears              Ġlater             
Timings          : (160.833, 160.913)  (160.913, 161.053)  (161.053, 161.153)  (161.153, 161.253)  (161.253, 161.483)  (161.483, 161.743)  (161.743, 161.843)  (161.843, 162.113)  (162.113, 162.462)  (162.462, 162.593)  (162.593, 162.663)  (162.663, 163.113)  (163.113, 163.473)  (163.473, 163.693)  (163.693, 164.201) 
Token Types      : 1                   1                   1                   1                   1                   1                   1                   1                   1                   1                   1                   1                   1                   1                   1                  
turn_ids         : 82430086086668      82430086086668      82430086086668      82430086086668      82430086086668      82430086086668      82430086086668      82430086086668      82430086086668      82430086086668      82430086086668      82430086086668      82430086086668      82430086086668      82430086086668     
turn_end_types   : 2                   2                   2                   2                   2                   2                   2                   2                   2                   2                   2                   2                   2                   2                   2                  
speaker_ids      : 1                   1                   1                   1                   1                   1                   1                   1                   1                   1                   1                   1                   1                   1                   1                  

B                : <emp>               <emp>               <emp>               <emp>               <emp>               <emp>               <emp>               <emp>               <emp>               <emp>               <emp>               <emp>               <emp>               <emp>               <emp>              
Timings          : (160.833, 160.913)  (160.913, 161.053)  (161.053, 161.153)  (161.153, 161.253)  (161.253, 161.483)  (161.483, 161.743)  (161.743, 161.843)  (161.843, 162.113)  (162.113, 162.462)  (162.462, 162.593)  (162.593, 162.663)  (162.663, 163.113)  (163.113, 163.473)  (163.473, 163.693)  (163.693, 164.201) 
Token Types      : 0                   0                   0                   0                   0                   0                   0                   0                   0                   0                   0                   0                   0                   0                   0                  
turn_ids         : 0                   0                   0                   0                   0                   0                   0                   0                   0                   0                   0                   0                   0                   0                   0                  
turn_end_types   : 0                   0                   0                   0                   0                   0                   0                   0                   0                   0                   0                   0                   0                   0                   0                  
speaker_ids      : 0                   0                   0                   0                   0                   0                   0                   0                   0                   0                   0                   0                   0                   0                   0                  


A                : <emp>               Ġand                Ġthat               's                  Ġwhy                Ġyou                Ġknow               Ġlike               Ġi                  Ġsay                Ġa                  Ġpart               Ġof                 Ġmy                 Ġthing             
Timings          : (164.324, 164.656)  (164.84, 164.97)    (164.97, 165.08)    (165.08, 165.19)    (165.19, 165.38)    (165.38, 165.54)    (165.54, 165.64)    (165.64, 165.79)    (165.79, 165.84)    (165.84, 166.03)    (166.03, 166.15)    (166.15, 166.64)    (166.64, 166.7)     (166.7, 166.8)      (166.8, 167.06)    
Token Types      : 1                   1                   1                   1                   1                   1                   1                   1                   1                   1                   1                   1                   1                   1                   1                  
turn_ids         : 82430086086668      82430086086668      82430086086668      82430086086668      82430086086668      82430086086668      82430086086668      82430086086668      82430086086668      82430086086668      82430086086668      82430086086668      82430086086668      82430086086668      82430086086668     
turn_end_types   : 2                   2                   2                   2                   2                   2                   2                   2                   2                   2                   2                   2                   2                   2                   2                  
speaker_ids      : 1                   1                   1                   1                   1                   1                   1                   1                   1                   1                   1                   1                   1                   1                   1                  

B                : Ġyeah               <ebc>               <emp>               <emp>               <emp>               <emp>               <emp>               <emp>               <emp>               <emp>               <emp>               <emp>               <emp>               <emp>               <emp>              
Timings          : (164.324, 164.656)  (-1.0, -1.0)        (164.97, 165.08)    (165.08, 165.19)    (165.19, 165.38)    (165.38, 165.54)    (165.54, 165.64)    (165.64, 165.79)    (165.79, 165.84)    (165.84, 166.03)    (166.03, 166.15)    (166.15, 166.64)    (166.64, 166.7)     (166.7, 166.8)      (166.8, 167.06)    
Token Types      : 3                   3                   0                   0                   0                   0                   0                   0                   0                   0                   0                   0                   0                   0                   0                  
turn_ids         : 82432770441226      82432770441226      0                   0                   0                   0                   0                   0                   0                   0                   0                   0                   0                   0                   0                  
turn_end_types   : 0                   0                   0                   0                   0                   0                   0                   0                   0                   0                   0                   0                   0                   0                   0                  
speaker_ids      : 2                   2                   0                   0                   0                   0                   0                   0                   0                   0                   0                   0                   0                   0                   0                  


A                : Ġwith               Ġthe                Ġwhole              Ġappeal             Ġprocess            Ġkind               Ġof                 Ġbugs               Ġme                 Ġbecause            Ġhere               Ġthey               Ġhave               Ġsat                Ġfor               
Timings          : (167.06, 167.282)   (167.572, 167.66)   (167.66, 167.86)    (167.86, 168.11)    (168.11, 168.54)    (168.54, 168.72)    (168.72, 168.79)    (168.79, 168.99)    (168.99, 169.09)    (169.09, 169.28)    (169.28, 169.41)    (169.41, 169.56)    (169.56, 169.74)    (169.74, 170.05)    (170.05, 170.288)  
Token Types      : 1                   1                   1                   1                   1                   1                   1                   1                   1                   1                   1                   1                   1                   1                   1                  
turn_ids         : 82430086086668      82430086086668      82430086086668      82430086086668      82430086086668      82430086086668      82430086086668      82430086086668      82430086086668      82430086086668      82430086086668      82430086086668      82430086086668      82430086086668      82430086086668     
turn_end_types   : 2                   2                   2                   2                   2                   2                   2                   2                   2                   2                   2                   2                   2                   2                   2                  
speaker_ids      : 1                   1                   1                   1                   1                   1                   1                   1                   1                   1                   1                   1                   1                   1                   1                  

B                : <emp>               <emp>               <emp>               <emp>               <emp>               <emp>               <emp>               <emp>               <emp>               <emp>               <emp>               <emp>               <emp>               <emp>               <emp>              
Timings          : (167.06, 167.282)   (167.572, 167.66)   (167.66, 167.86)    (167.86, 168.11)    (168.11, 168.54)    (168.54, 168.72)    (168.72, 168.79)    (168.79, 168.99)    (168.99, 169.09)    (169.09, 169.28)    (169.28, 169.41)    (169.41, 169.56)    (169.56, 169.74)    (169.74, 170.05)    (170.05, 170.288)  
Token Types      : 0                   0                   0                   0                   0                   0                   0                   0                   0                   0                   0                   0                   0                   0                   0                  
turn_ids         : 0                   0                   0                   0                   0                   0                   0                   0                   0                   0                   0                   0                   0                   0                   0                  
turn_end_types   : 0                   0                   0                   0                   0                   0                   0                   0                   0                   0                   0                   0                   0                   0                   0                  
speaker_ids      : 0                   0                   0                   0                   0                   0                   0                   0                   0                   0                   0                   0                   0                   0                   0                  


A                : Ġyou                Ġknow               Ġfifteen            Ġyears              Ġand                Ġi                  Ġi                  Ġwonder             Ġabout              Ġthe                Ġfamilies           Ġof                 Ġthe                Ġpeople             Ġwho               
Timings          : (170.721, 170.81)   (170.81, 170.91)    (170.91, 171.39)    (171.39, 171.7)     (171.7, 171.81)     (171.81, 171.85)    (171.85, 172.04)    (172.04, 172.27)    (172.27, 172.49)    (172.49, 172.55)    (172.55, 173.02)    (173.02, 173.08)    (173.08, 173.14)    (173.14, 173.532)   (173.532, 173.792) 
Token Types      : 1                   1                   1                   1                   1                   1                   1                   1                   1                   1                   1                   1                   1                   1                   1                  
turn_ids         : 82430086086668      82430086086668      82430086086668      82430086086668      82430086086668      82430086086668      82430086086668      82430086086668      82430086086668      82430086086668      82430086086668      82430086086668      82430086086668      82430086086668      82430086086668     
turn_end_types   : 2                   2                   2                   2                   2                   2                   2                   2                   2                   2                   2                   2                   2                   2                   2                  
speaker_ids      : 1                   1                   1                   1                   1                   1                   1                   1                   1                   1                   1                   1                   1                   1                   1                  

B                : <emp>               <emp>               <emp>               <emp>               <emp>               <emp>               <emp>               <emp>               <emp>               <emp>               <emp>               <emp>               <emp>               <emp>               <emp>              
Timings          : (170.721, 170.81)   (170.81, 170.91)    (170.91, 171.39)    (171.39, 171.7)     (171.7, 171.81)     (171.81, 171.85)    (171.85, 172.04)    (172.04, 172.27)    (172.27, 172.49)    (172.49, 172.55)    (172.55, 173.02)    (173.02, 173.08)    (173.08, 173.14)    (173.14, 173.532)   (173.532, 173.792) 
Token Types      : 0                   0                   0                   0                   0                   0                   0                   0                   0                   0                   0                   0                   0                   0                   0                  
turn_ids         : 0                   0                   0                   0                   0                   0                   0                   0                   0                   0                   0                   0                   0                   0                   0                  
turn_end_types   : 0                   0                   0                   0                   0                   0                   0                   0                   0                   0                   0                   0                   0                   0                   0                  
speaker_ids      : 0                   0                   0                   0                   0                   0                   0                   0                   0                   0                   0                   0                   0                   0                   0                  


A                : Ġare                Ġthe                Ġvictims            Ġyou                Ġknow               Ġand                Ġthey               've                 Ġgot                Ġto                 Ġbe                 Ġa                  Ġlittle             Ġbit                Ġupset             
Timings          : (174.18, 174.28)    (174.28, 174.34)    (174.34, 174.8)     (174.8, 174.88)     (174.88, 175.02)    (175.02, 175.11)    (175.11, 175.175)   (175.175, 175.24)   (175.24, 175.41)    (175.41, 175.49)    (175.49, 175.7)     (175.7, 175.74)     (175.74, 175.92)    (175.92, 176.1)     (176.1, 176.57)    
Token Types      : 1                   1                   1                   1                   1                   1                   1                   1                   1                   1                   1                   1                   1                   1                   1                  
turn_ids         : 82430086086668      82430086086668      82430086086668      82430086086668      82430086086668      82430086086668      82430086086668      82430086086668      82430086086668      82430086086668      82430086086668      82430086086668      82430086086668      82430086086668      82430086086668     
turn_end_types   : 2                   2                   2                   2                   2                   2                   2                   2                   2                   2                   2                   2                   2                   2                   2                  
speaker_ids      : 1                   1                   1                   1                   1                   1                   1                   1                   1                   1                   1                   1                   1                   1                   1                  

B                : <emp>               <emp>               <emp>               <emp>               <emp>               <emp>               <emp>               <emp>               <emp>               <emp>               <emp>               <emp>               <emp>               <emp>               <emp>              
Timings          : (174.18, 174.28)    (174.28, 174.34)    (174.34, 174.8)     (174.8, 174.88)     (174.88, 175.02)    (175.02, 175.11)    (175.11, 175.175)   (175.175, 175.24)   (175.24, 175.41)    (175.41, 175.49)    (175.49, 175.7)     (175.7, 175.74)     (175.74, 175.92)    (175.92, 176.1)     (176.1, 176.57)    
Token Types      : 0                   0                   0                   0                   0                   0                   0                   0                   0                   0                   0                   0                   0                   0                   0                  
turn_ids         : 0                   0                   0                   0                   0                   0                   0                   0                   0                   0                   0                   0                   0                   0                   0                  
turn_end_types   : 0                   0                   0                   0                   0                   0                   0                   0                   0                   0                   0                   0                   0                   0                   0                  
speaker_ids      : 0                   0                   0                   0                   0                   0                   0                   0                   0                   0                   0                   0                   0                   0                   0                  


A                : Ġthemselves         Ġand                <yield>             <emp>               <emp>               <emp>               <emp>               <emp>               <emp>               <emp>               <emp>               <emp>               <emp>               <emp>               <emp>              
Timings          : (176.57, 177.17)    (177.17, 177.378)   (-1.0, -1.0)        (177.983, 178.333)  (178.333, 178.518)  (178.518, 178.703)  (178.703, 179.043)  (179.043, 179.153)  (179.153, 179.323)  (179.323, 179.603)  (179.603, 180.21)   (181.87, 182.08)    (182.08, 182.223)   (182.223, 182.283)  (182.283, 182.343) 
Token Types      : 1                   1                   1                   0                   0                   0                   0                   0                   0                   0                   0                   0                   0                   0                   0                  
turn_ids         : 82430086086668      82430086086668      82430086086668      0                   0                   0                   0                   0                   0                   0                   0                   0                   0                   0                   0                  
turn_end_types   : 2                   2                   2                   0                   0                   0                   0                   0                   0                   0                   0                   0                   0                   0                   0                  
speaker_ids      : 1                   1                   1                   0                   0                   0                   0                   0                   0                   0                   0                   0                   0                   0                   0                  

B                : <emp>               Ġyeah               Ġthat               Ġthat               Ġthat               's                  Ġit                 Ġand                Ġuh                 Ġthat               Ġthat               Ġit                 Ġif                 Ġit                 's                 
Timings          : (176.57, 177.17)    (177.113, 177.513)  (177.513, 177.983)  (177.983, 178.333)  (178.333, 178.518)  (178.518, 178.703)  (178.703, 179.043)  (179.043, 179.153)  (179.153, 179.323)  (179.323, 179.603)  (179.603, 180.21)   (181.87, 182.08)    (182.08, 182.223)   (182.223, 182.283)  (182.283, 182.343) 
Token Types      : 0                   4                   4                   4                   4                   4                   4                   4                   4                   4                   4                   4                   4                   4                   4                  
turn_ids         : 0                   82433844183053      82433844183053      82433844183053      82433844183053      82433844183053      82433844183053      82433844183053      82433844183053      82433844183053      82433844183053      82433844183053      82433844183053      82433844183053      82433844183053     
turn_end_types   : 0                   2                   2                   2                   2                   2                   2                   2                   2                   2                   2                   2                   2                   2                   2                  
speaker_ids      : 0                   2                   2                   2                   2                   2                   2                   2                   2                   2                   2                   2                   2                   2                   2                  


A                : <emp>               <emp>               <emp>               <emp>               <emp>               <emp>               <emp>               <emp>               <emp>               <emp>               <emp>               <emp>               <emp>               <emp>               Ġum                
Timings          : (182.343, 182.503)  (182.503, 182.953)  (182.953, 183.043)  (183.043, 183.263)  (183.263, 183.423)  (183.423, 183.573)  (183.573, 183.943)  (183.943, 184.008)  (184.008, 184.073)  (184.073, 184.253)  (184.253, 184.433)  (184.433, 184.493)  (184.493, 184.943)  (184.943, 185.103)  (185.133, 185.448) 
Token Types      : 0                   0                   0                   0                   0                   0                   0                   0                   0                   0                   0                   0                   0                   0                   3                  
turn_ids         : 0                   0                   0                   0                   0                   0                   0                   0                   0                   0                   0                   0                   0                   0                   82432233570313     
turn_end_types   : 0                   0                   0                   0                   0                   0                   0                   0                   0                   0                   0                   0                   0                   0                   0                  
speaker_ids      : 0                   0                   0                   0                   0                   0                   0                   0                   0                   0                   0                   0                   0                   0                   1                  

B                : Ġgonna              Ġhappen             Ġit                 Ġseems              Ġlike               Ġthere              Ġthere              Ġthere              's                  Ġsome               Ġsort               Ġof                 Ġclosure            Ġwhen               Ġit                
Timings          : (182.343, 182.503)  (182.503, 182.953)  (182.953, 183.043)  (183.043, 183.263)  (183.263, 183.423)  (183.423, 183.573)  (183.573, 183.943)  (183.943, 184.008)  (184.008, 184.073)  (184.073, 184.253)  (184.253, 184.433)  (184.433, 184.493)  (184.493, 184.943)  (184.943, 185.103)  (185.103, 185.203) 
Token Types      : 4                   4                   4                   4                   4                   4                   4                   4                   4                   4                   4                   4                   4                   4                   4                  
turn_ids         : 82433844183053      82433844183053      82433844183053      82433844183053      82433844183053      82433844183053      82433844183053      82433844183053      82433844183053      82433844183053      82433844183053      82433844183053      82433844183053      82433844183053      82433844183053     
turn_end_types   : 2                   2                   2                   2                   2                   2                   2                   2                   2                   2                   2                   2                   2                   2                   2                  
speaker_ids      : 2                   2                   2                   2                   2                   2                   2                   2                   2                   2                   2                   2                   2                   2                   2                  


A                : <emp>               hum                 <ebc>               <emp>               <emp>               <emp>               <emp>               <emp>               <emp>               <emp>               <emp>               <emp>               <emp>               <emp>               <emp>              
Timings          : (185.203, 185.473)  (185.448, 185.762)  (-1.0, -1.0)        (185.603, 185.723)  (185.723, 185.813)  (185.813, 185.953)  (185.953, 186.113)  (186.113, 186.333)  (186.333, 186.633)  (186.633, 186.803)  (186.803, 186.953)  (186.953, 187.103)  (187.103, 187.253)  (187.253, 187.561)  (187.96, 188.38)   
Token Types      : 3                   3                   3                   0                   0                   0                   0                   0                   0                   0                   0                   0                   0                   0                   0                  
turn_ids         : 82432233570313      82432233570313      82432233570313      0                   0                   0                   0                   0                   0                   0                   0                   0                   0                   0                   0                  
turn_end_types   : 0                   0                   0                   0                   0                   0                   0                   0                   0                   0                   0                   0                   0                   0                   0                  
speaker_ids      : 1                   1                   1                   0                   0                   0                   0                   0                   0                   0                   0                   0                   0                   0                   0                  

B                : Ġwhen               Ġit                 's                  Ġover               Ġand                Ġdone               Ġwith               Ġi                  Ġknow               Ġthat               Ġwas                Ġone                Ġof                 Ġthat               Ġaspects           
Timings          : (185.203, 185.473)  (185.473, 185.538)  (185.538, 185.603)  (185.603, 185.723)  (185.723, 185.813)  (185.813, 185.953)  (185.953, 186.113)  (186.113, 186.333)  (186.333, 186.633)  (186.633, 186.803)  (186.803, 186.953)  (186.953, 187.103)  (187.103, 187.253)  (187.253, 187.561)  (187.96, 188.38)   
Token Types      : 4                   4                   4                   4                   4                   4                   4                   4                   4                   4                   4                   4                   4                   4                   4                  
turn_ids         : 82433844183053      82433844183053      82433844183053      82433844183053      82433844183053      82433844183053      82433844183053      82433844183053      82433844183053      82433844183053      82433844183053      82433844183053      82433844183053      82433844183053      82433844183053     
turn_end_types   : 2                   2                   2                   2                   2                   2                   2                   2                   2                   2                   2                   2                   2                   2                   2                  
speaker_ids      : 2                   2                   2                   2                   2                   2                   2                   2                   2                   2                   2                   2                   2                   2                   2                  


A                : <emp>               <emp>               <emp>               <emp>               <emp>               <emp>               <emp>               <emp>               <emp>               <emp>               <emp>               <emp>               <emp>               <emp>               <emp>              
Timings          : (188.38, 188.49)    (188.49, 188.74)    (188.74, 188.84)    (188.84, 189.15)    (189.15, 189.25)    (189.25, 189.31)    (189.31, 189.65)    (189.65, 189.72)    (189.72, 189.946)   (189.946, 190.173)  (190.173, 190.4)    (190.4, 190.91)     (190.91, 191.04)    (191.04, 191.31)    (191.31, 191.43)   
Token Types      : 0                   0                   0                   0                   0                   0                   0                   0                   0                   0                   0                   0                   0                   0                   0                  
turn_ids         : 0                   0                   0                   0                   0                   0                   0                   0                   0                   0                   0                   0                   0                   0                   0                  
turn_end_types   : 0                   0                   0                   0                   0                   0                   0                   0                   0                   0                   0                   0                   0                   0                   0                  
speaker_ids      : 0                   0                   0                   0                   0                   0                   0                   0                   0                   0                   0                   0                   0                   0                   0                  

B                : Ġthat               Ġcovered            Ġthe                Ġsequel             Ġto                 Ġthe                Ġcase               Ġin                 Ġcal                if                  ornia               Ġwas                Ġwas                Ġboth               Ġit                
Timings          : (188.38, 188.49)    (188.49, 188.74)    (188.74, 188.84)    (188.84, 189.15)    (189.15, 189.25)    (189.25, 189.31)    (189.31, 189.65)    (189.65, 189.72)    (189.72, 189.946)   (189.946, 190.173)  (190.173, 190.4)    (190.4, 190.91)     (190.91, 191.04)    (191.04, 191.31)    (191.31, 191.43)   
Token Types      : 4                   4                   4                   4                   4                   4                   4                   4                   4                   4                   4                   4                   4                   4                   4                  
turn_ids         : 82433844183053      82433844183053      82433844183053      82433844183053      82433844183053      82433844183053      82433844183053      82433844183053      82433844183053      82433844183053      82433844183053      82433844183053      82433844183053      82433844183053      82433844183053     
turn_end_types   : 2                   2                   2                   2                   2                   2                   2                   2                   2                   2                   2                   2                   2                   2                   2                  
speaker_ids      : 2                   2                   2                   2                   2                   2                   2                   2                   2                   2                   2                   2                   2                   2                   2                  


A                : <emp>               <emp>               <emp>               <emp>               <emp>               <emp>               <emp>               <emp>               <emp>               <emp>               <emp>               <emp>               <emp>               <emp>               <emp>              
Timings          : (191.43, 191.652)   (191.652, 191.87)   (191.87, 191.94)    (191.94, 192.31)    (192.31, 192.45)    (192.45, 192.56)    (192.56, 192.82)    (192.82, 193.02)    (193.02, 193.17)    (193.17, 193.26)    (193.26, 193.325)   (193.325, 193.39)   (193.39, 193.53)    (193.53, 193.86)    (193.86, 194.173)  
Token Types      : 0                   0                   0                   0                   0                   0                   0                   0                   0                   0                   0                   0                   0                   0                   0                  
turn_ids         : 0                   0                   0                   0                   0                   0                   0                   0                   0                   0                   0                   0                   0                   0                   0                  
turn_end_types   : 0                   0                   0                   0                   0                   0                   0                   0                   0                   0                   0                   0                   0                   0                   0                  
speaker_ids      : 0                   0                   0                   0                   0                   0                   0                   0                   0                   0                   0                   0                   0                   0                   0                  

B                : Ġthis               Ġis                 Ġthe                Ġfirst              Ġone                Ġin                 Ġtwenty             Ġfive               Ġyears              Ġand                Ġthey               've                 Ġgot                Ġsomething          Ġlike              
Timings          : (191.43, 191.652)   (191.652, 191.87)   (191.87, 191.94)    (191.94, 192.31)    (192.31, 192.45)    (192.45, 192.56)    (192.56, 192.82)    (192.82, 193.02)    (193.02, 193.17)    (193.17, 193.26)    (193.26, 193.325)   (193.325, 193.39)   (193.39, 193.53)    (193.53, 193.86)    (193.86, 194.173)  
Token Types      : 4                   4                   4                   4                   4                   4                   4                   4                   4                   4                   4                   4                   4                   4                   4                  
turn_ids         : 82433844183053      82433844183053      82433844183053      82433844183053      82433844183053      82433844183053      82433844183053      82433844183053      82433844183053      82433844183053      82433844183053      82433844183053      82433844183053      82433844183053      82433844183053     
turn_end_types   : 2                   2                   2                   2                   2                   2                   2                   2                   2                   2                   2                   2                   2                   2                   2                  
speaker_ids      : 2                   2                   2                   2                   2                   2                   2                   2                   2                   2                   2                   2                   2                   2                   2                  


A                : <emp>               <emp>               <emp>               Ġu                  hh                  uh                  <ebc>               <emp>               <emp>               <emp>               <emp>               <emp>               <emp>               <emp>               <emp>              
Timings          : (194.173, 194.45)   (194.45, 194.69)    (194.69, 195.008)   (194.978, 195.156)  (195.156, 195.334)  (195.334, 195.512)  (-1.0, -1.0)        (196.366, 196.731)  (197.047, 197.216)  (197.216, 197.296)  (197.296, 197.386)  (197.386, 197.546)  (197.546, 197.676)  (197.676, 198.006)  (198.006, 198.126) 
Token Types      : 0                   0                   0                   3                   3                   3                   3                   0                   0                   0                   0                   0                   0                   0                   0                  
turn_ids         : 0                   0                   0                   82432233570314      82432233570314      82432233570314      82432233570314      0                   0                   0                   0                   0                   0                   0                   0                  
turn_end_types   : 0                   0                   0                   0                   0                   0                   0                   0                   0                   0                   0                   0                   0                   0                   0                  
speaker_ids      : 0                   0                   0                   1                   1                   1                   1                   0                   0                   0                   0                   0                   0                   0                   0                  

B                : Ġover               Ġthree              Ġhundred            <emp>               <emp>               Ġon                 Ġdeath              Ġrow                Ġbut                Ġthe                Ġother              Ġthing              Ġwas                Ġwhether            Ġyou               
Timings          : (194.173, 194.45)   (194.45, 194.69)    (194.69, 195.008)   (194.978, 195.156)  (195.156, 195.334)  (195.302, 195.74)   (196.026, 196.366)  (196.366, 196.731)  (197.047, 197.216)  (197.216, 197.296)  (197.296, 197.386)  (197.386, 197.546)  (197.546, 197.676)  (197.676, 198.006)  (198.006, 198.126) 
Token Types      : 4                   4                   4                   4                   4                   4                   4                   4                   4                   4                   4                   4                   4                   4                   4                  
turn_ids         : 82433844183053      82433844183053      82433844183053      82433844183053      82433844183053      82433844183053      82433844183053      82433844183053      82433844183053      82433844183053      82433844183053      82433844183053      82433844183053      82433844183053      82433844183053     
turn_end_types   : 2                   2                   2                   2                   2                   2                   2                   2                   2                   2                   2                   2                   2                   2                   2                  
speaker_ids      : 2                   2                   2                   2                   2                   2                   2                   2                   2                   2                   2                   2                   2                   2                   2                  


A                : <emp>               <emp>               <emp>               <emp>               <emp>               <emp>               <emp>               <emp>               <emp>               <emp>               <emp>               <emp>               <emp>               <emp>               <emp>              
Timings          : (198.126, 198.286)  (198.286, 198.376)  (198.376, 198.726)  (198.726, 198.786)  (198.786, 198.846)  (198.846, 199.296)  (199.296, 199.572)  (199.572, 200.016)  (200.016, 200.086)  (200.086, 200.146)  (200.146, 200.626)  (200.626, 200.726)  (200.726, 200.786)  (200.786, 201.076)  (201.076, 201.166) 
Token Types      : 0                   0                   0                   0                   0                   0                   0                   0                   0                   0                   0                   0                   0                   0                   0                  
turn_ids         : 0                   0                   0                   0                   0                   0                   0                   0                   0                   0                   0                   0                   0                   0                   0                  
turn_end_types   : 0                   0                   0                   0                   0                   0                   0                   0                   0                   0                   0                   0                   0                   0                   0                  
speaker_ids      : 0                   0                   0                   0                   0                   0                   0                   0                   0                   0                   0                   0                   0                   0                   0                  

B                : Ġknow               Ġthe                Ġfamily             Ġof                 Ġthe                Ġvictims            Ġuh                 Ġone                Ġof                 Ġthe                Ġfathers            Ġof                 Ġthe                Ġboys               Ġi                 
Timings          : (198.126, 198.286)  (198.286, 198.376)  (198.376, 198.726)  (198.726, 198.786)  (198.786, 198.846)  (198.846, 199.296)  (199.296, 199.572)  (199.572, 200.016)  (200.016, 200.086)  (200.086, 200.146)  (200.146, 200.626)  (200.626, 200.726)  (200.726, 200.786)  (200.786, 201.076)  (201.076, 201.166) 
Token Types      : 4                   4                   4                   4                   4                   4                   4                   4                   4                   4                   4                   4                   4                   4                   4                  
turn_ids         : 82433844183053      82433844183053      82433844183053      82433844183053      82433844183053      82433844183053      82433844183053      82433844183053      82433844183053      82433844183053      82433844183053      82433844183053      82433844183053      82433844183053      82433844183053     
turn_end_types   : 2                   2                   2                   2                   2                   2                   2                   2                   2                   2                   2                   2                   2                   2                   2                  
speaker_ids      : 2                   2                   2                   2                   2                   2                   2                   2                   2                   2                   2                   2                   2                   2                   2                  


A                : <emp>               <emp>               <emp>               <emp>               <emp>               <emp>               <emp>               <emp>               <emp>               <emp>               <emp>               <emp>               <emp>               <emp>               <emp>              
Timings          : (201.166, 201.376)  (201.376, 201.466)  (201.466, 201.659)  (201.659, 201.853)  (201.853, 202.046)  (202.046, 202.196)  (202.526, 202.596)  (202.596, 202.696)  (202.696, 203.026)  (203.026, 203.126)  (203.126, 203.276)  (203.276, 203.436)  (203.436, 203.676)  (203.676, 203.806)  (203.806, 204.156) 
Token Types      : 0                   0                   0                   0                   0                   0                   0                   0                   0                   0                   0                   0                   0                   0                   0                  
turn_ids         : 0                   0                   0                   0                   0                   0                   0                   0                   0                   0                   0                   0                   0                   0                   0                  
turn_end_types   : 0                   0                   0                   0                   0                   0                   0                   0                   0                   0                   0                   0                   0                   0                   0                  
speaker_ids      : 0                   0                   0                   0                   0                   0                   0                   0                   0                   0                   0                   0                   0                   0                   0                  

B                : Ġthink              Ġin                 Ġcal                if                  ornia               Ġbut                Ġyou                Ġknow               Ġwanted             Ġto                 Ġbe                 Ġthere              Ġto                 Ġto                 Ġwitness           
Timings          : (201.166, 201.376)  (201.376, 201.466)  (201.466, 201.659)  (201.659, 201.853)  (201.853, 202.046)  (202.046, 202.196)  (202.526, 202.596)  (202.596, 202.696)  (202.696, 203.026)  (203.026, 203.126)  (203.126, 203.276)  (203.276, 203.436)  (203.436, 203.676)  (203.676, 203.806)  (203.806, 204.156) 
Token Types      : 4                   4                   4                   4                   4                   4                   4                   4                   4                   4                   4                   4                   4                   4                   4                  
turn_ids         : 82433844183053      82433844183053      82433844183053      82433844183053      82433844183053      82433844183053      82433844183053      82433844183053      82433844183053      82433844183053      82433844183053      82433844183053      82433844183053      82433844183053      82433844183053     
turn_end_types   : 2                   2                   2                   2                   2                   2                   2                   2                   2                   2                   2                   2                   2                   2                   2                  
speaker_ids      : 2                   2                   2                   2                   2                   2                   2                   2                   2                   2                   2                   2                   2                   2                   2                  


A                : <emp>               Ġu                  <emp>               hh                  uh                  <ebc>               <emp>               <emp>               <emp>               <emp>               <emp>               <emp>               <emp>               <emp>               <emp>              
Timings          : (204.156, 204.296)  (204.373, 204.495)  (204.436, 204.526)  (204.495, 204.616)  (204.616, 204.737)  (-1.0, -1.0)        (205.131, 205.256)  (205.256, 205.426)  (205.426, 205.606)  (205.606, 205.706)  (205.706, 205.896)  (205.896, 206.076)  (206.076, 206.226)  (206.226, 206.446)  (206.446, 206.536) 
Token Types      : 0                   3                   3                   3                   3                   3                   0                   0                   0                   0                   0                   0                   0                   0                   0                  
turn_ids         : 0                   82432233570315      82432233570315      82432233570315      82432233570315      82432233570315      0                   0                   0                   0                   0                   0                   0                   0                   0                  
turn_end_types   : 0                   0                   0                   0                   0                   0                   0                   0                   0                   0                   0                   0                   0                   0                   0                  
speaker_ids      : 0                   1                   1                   1                   1                   1                   0                   0                   0                   0                   0                   0                   0                   0                   0                  

B                : Ġit                 Ġand                Ġit                 <emp>               <emp>               Ġdidn               't                  Ġfeel               Ġlike               Ġthe                Ġwhole              Ġthing              Ġwas                Ġover               Ġand               
Timings          : (204.156, 204.296)  (204.296, 204.436)  (204.436, 204.526)  (204.495, 204.616)  (204.616, 204.737)  (205.006, 205.131)  (205.131, 205.256)  (205.256, 205.426)  (205.426, 205.606)  (205.606, 205.706)  (205.706, 205.896)  (205.896, 206.076)  (206.076, 206.226)  (206.226, 206.446)  (206.446, 206.536) 
Token Types      : 4                   4                   4                   4                   4                   4                   4                   4                   4                   4                   4                   4                   4                   4                   4                  
turn_ids         : 82433844183053      82433844183053      82433844183053      82433844183053      82433844183053      82433844183053      82433844183053      82433844183053      82433844183053      82433844183053      82433844183053      82433844183053      82433844183053      82433844183053      82433844183053     
turn_end_types   : 2                   2                   2                   2                   2                   2                   2                   2                   2                   2                   2                   2                   2                   2                   2                  
speaker_ids      : 2                   2                   2                   2                   2                   2                   2                   2                   2                   2                   2                   2                   2                   2                   2                  


A                : <emp>               <emp>               <emp>               <emp>               <emp>               <emp>               <emp>               Ġyeah               Ġthat               's                  Ġtrue               Ġyeah               Ġthey               Ġuh                 Ġuh                
Timings          : (206.536, 206.621)  (206.621, 206.706)  (206.706, 206.936)  (206.936, 207.356)  (207.356, 207.596)  (207.596, 207.836)  (207.836, 207.956)  (207.971, 208.465)  (209.24, 209.347)   (209.347, 209.455)  (209.455, 209.924)  (210.512, 210.655)  (210.655, 211.015)  (211.015, 211.334)  (212.48, 213.368)  
Token Types      : 0                   0                   0                   0                   0                   0                   0                   4                   4                   4                   4                   4                   4                   4                   4                  
turn_ids         : 0                   0                   0                   0                   0                   0                   0                   82433307312142      82433307312142      82433307312142      82433307312142      82433307312142      82433307312142      82433307312142      82433307312142     
turn_end_types   : 0                   0                   0                   0                   0                   0                   0                   1                   1                   1                   1                   1                   1                   1                   1                  
speaker_ids      : 0                   0                   0                   0                   0                   0                   0                   1                   1                   1                   1                   1                   1                   1                   1                  

B                : Ġthat               's                  Ġbeen               Ġfourteen           Ġyears              Ġtoo                Ġi                  Ġthink              Ġand                <emp>               Ġuh                 <yield>             <emp>               <emp>               <emp>              
Timings          : (206.536, 206.621)  (206.621, 206.706)  (206.706, 206.936)  (206.936, 207.356)  (207.356, 207.596)  (207.596, 207.836)  (207.836, 207.956)  (207.956, 208.423)  (209.176, 209.676)  (209.347, 209.455)  (209.676, 209.866)  (-1.0, -1.0)        (210.655, 211.015)  (211.015, 211.334)  (212.48, 213.368)  
Token Types      : 4                   4                   4                   4                   4                   4                   4                   4                   4                   4                   4                   4                   0                   0                   0                  
turn_ids         : 82433844183053      82433844183053      82433844183053      82433844183053      82433844183053      82433844183053      82433844183053      82433844183053      82433844183053      82433844183053      82433844183053      82433844183053      0                   0                   0                  
turn_end_types   : 2                   2                   2                   2                   2                   2                   2                   2                   2                   2                   2                   2                   0                   0                   0                  
speaker_ids      : 2                   2                   2                   2                   2                   2                   2                   2                   2                   2                   2                   2                   0                   0                   0                  


A                : Ġoh                 Ġi                  Ġforgot             Ġi                  Ġlost               Ġmy                 Ġpoint              Ġbut                Ġyeah               Ġthat               's                  Ġlike               Ġi                  Ġsay                Ġi                 
Timings          : (213.673, 213.913)  (213.913, 213.953)  (213.953, 214.223)  (214.223, 214.253)  (214.253, 214.483)  (214.483, 214.543)  (214.543, 214.803)  (214.803, 215.005)  (215.416, 215.543)  (215.543, 215.721)  (215.721, 215.899)  (215.899, 216.123)  (216.123, 216.183)  (216.183, 216.363)  (216.363, 216.403) 
Token Types      : 4                   4                   4                   4                   4                   4                   4                   4                   4                   4                   4                   4                   4                   4                   4                  
turn_ids         : 82433307312142      82433307312142      82433307312142      82433307312142      82433307312142      82433307312142      82433307312142      82433307312142      82433307312142      82433307312142      82433307312142      82433307312142      82433307312142      82433307312142      82433307312142     
turn_end_types   : 1                   1                   1                   1                   1                   1                   1                   1                   1                   1                   1                   1                   1                   1                   1                  
speaker_ids      : 1                   1                   1                   1                   1                   1                   1                   1                   1                   1                   1                   1                   1                   1                   1                  

B                : <emp>               <emp>               <emp>               <emp>               <emp>               <emp>               <emp>               <emp>               <emp>               <emp>               <emp>               <emp>               <emp>               <emp>               <emp>              
Timings          : (213.673, 213.913)  (213.913, 213.953)  (213.953, 214.223)  (214.223, 214.253)  (214.253, 214.483)  (214.483, 214.543)  (214.543, 214.803)  (214.803, 215.005)  (215.416, 215.543)  (215.543, 215.721)  (215.721, 215.899)  (215.899, 216.123)  (216.123, 216.183)  (216.183, 216.363)  (216.363, 216.403) 
Token Types      : 0                   0                   0                   0                   0                   0                   0                   0                   0                   0                   0                   0                   0                   0                   0                  
turn_ids         : 0                   0                   0                   0                   0                   0                   0                   0                   0                   0                   0                   0                   0                   0                   0                  
turn_end_types   : 0                   0                   0                   0                   0                   0                   0                   0                   0                   0                   0                   0                   0                   0                   0                  
speaker_ids      : 0                   0                   0                   0                   0                   0                   0                   0                   0                   0                   0                   0                   0                   0                   0                  


A                : Ġthink              Ġthe                Ġthe                Ġvictims            Ġand                Ġjust               Ġif                 Ġthat               's                  Ġgonna              Ġhappen             Ġthey               Ġthey               Ġjust               Ġwanna             
Timings          : (216.403, 216.613)  (216.613, 216.774)  (216.774, 216.913)  (216.913, 217.343)  (217.343, 217.543)  (217.543, 218.433)  (218.433, 218.543)  (218.543, 218.653)  (218.653, 218.763)  (218.763, 218.933)  (218.933, 219.483)  (219.483, 219.753)  (219.753, 219.933)  (219.933, 220.153)  (220.153, 220.333) 
Token Types      : 4                   4                   4                   4                   4                   4                   4                   4                   4                   4                   4                   4                   4                   4                   4                  
turn_ids         : 82433307312142      82433307312142      82433307312142      82433307312142      82433307312142      82433307312142      82433307312142      82433307312142      82433307312142      82433307312142      82433307312142      82433307312142      82433307312142      82433307312142      82433307312142     
turn_end_types   : 1                   1                   1                   1                   1                   1                   1                   1                   1                   1                   1                   1                   1                   1                   1                  
speaker_ids      : 1                   1                   1                   1                   1                   1                   1                   1                   1                   1                   1                   1                   1                   1                   1                  

B                : <emp>               <emp>               <emp>               <emp>               <emp>               <emp>               <emp>               <emp>               <emp>               <emp>               <emp>               <emp>               <emp>               <emp>               <emp>              
Timings          : (216.403, 216.613)  (216.613, 216.774)  (216.774, 216.913)  (216.913, 217.343)  (217.343, 217.543)  (217.543, 218.433)  (218.433, 218.543)  (218.543, 218.653)  (218.653, 218.763)  (218.763, 218.933)  (218.933, 219.483)  (219.483, 219.753)  (219.753, 219.933)  (219.933, 220.153)  (220.153, 220.333) 
Token Types      : 0                   0                   0                   0                   0                   0                   0                   0                   0                   0                   0                   0                   0                   0                   0                  
turn_ids         : 0                   0                   0                   0                   0                   0                   0                   0                   0                   0                   0                   0                   0                   0                   0                  
turn_end_types   : 0                   0                   0                   0                   0                   0                   0                   0                   0                   0                   0                   0                   0                   0                   0                  
speaker_ids      : 0                   0                   0                   0                   0                   0                   0                   0                   0                   0                   0                   0                   0                   0                   0                  


A                : Ġhave               Ġit                 Ġdone               Ġand                Ġover               Ġwith               Ġbut                Ġyou                Ġknow               Ġi                  Ġagree              Ġthere              's                  Ġgot                Ġto                
Timings          : (220.333, 220.553)  (220.553, 220.683)  (220.683, 220.883)  (220.883, 220.993)  (220.993, 221.183)  (221.183, 221.483)  (221.483, 221.623)  (221.963, 222.033)  (222.033, 222.113)  (222.113, 222.193)  (222.193, 222.433)  (222.433, 222.513)  (222.513, 222.593)  (222.593, 222.743)  (222.743, 222.803) 
Token Types      : 4                   4                   4                   4                   4                   4                   4                   4                   4                   4                   4                   4                   4                   4                   4                  
turn_ids         : 82433307312142      82433307312142      82433307312142      82433307312142      82433307312142      82433307312142      82433307312142      82433307312142      82433307312142      82433307312142      82433307312142      82433307312142      82433307312142      82433307312142      82433307312142     
turn_end_types   : 1                   1                   1                   1                   1                   1                   1                   1                   1                   1                   1                   1                   1                   1                   1                  
speaker_ids      : 1                   1                   1                   1                   1                   1                   1                   1                   1                   1                   1                   1                   1                   1                   1                  

B                : <emp>               <emp>               <emp>               <emp>               <emp>               <emp>               <emp>               <emp>               <emp>               <emp>               <emp>               <emp>               <emp>               <emp>               <emp>              
Timings          : (220.333, 220.553)  (220.553, 220.683)  (220.683, 220.883)  (220.883, 220.993)  (220.993, 221.183)  (221.183, 221.483)  (221.483, 221.623)  (221.963, 222.033)  (222.033, 222.113)  (222.113, 222.193)  (222.193, 222.433)  (222.433, 222.513)  (222.513, 222.593)  (222.593, 222.743)  (222.743, 222.803) 
Token Types      : 0                   0                   0                   0                   0                   0                   0                   0                   0                   0                   0                   0                   0                   0                   0                  
turn_ids         : 0                   0                   0                   0                   0                   0                   0                   0                   0                   0                   0                   0                   0                   0                   0                  
turn_end_types   : 0                   0                   0                   0                   0                   0                   0                   0                   0                   0                   0                   0                   0                   0                   0                  
speaker_ids      : 0                   0                   0                   0                   0                   0                   0                   0                   0                   0                   0                   0                   0                   0                   0                  


A                : Ġbe                 Ġsome               Ġappeal             Ġprocess            Ġbecause            Ġit                 's                  Ġalmost             Ġyou                Ġyou                Ġwanna              Ġmake               Ġsure               Ġin                 Ġthat              
Timings          : (222.803, 222.893)  (222.893, 223.133)  (223.133, 223.433)  (223.433, 224.133)  (224.133, 224.734)  (225.636, 225.75)   (225.75, 225.863)   (225.863, 226.143)  (226.143, 226.434)  (226.434, 226.643)  (226.643, 226.874)  (226.874, 227.074)  (227.074, 227.273)  (227.273, 227.354)  (227.354, 227.514) 
Token Types      : 4                   4                   4                   4                   4                   4                   4                   4                   4                   4                   4                   4                   4                   4                   4                  
turn_ids         : 82433307312142      82433307312142      82433307312142      82433307312142      82433307312142      82433307312142      82433307312142      82433307312142      82433307312142      82433307312142      82433307312142      82433307312142      82433307312142      82433307312142      82433307312142     
turn_end_types   : 1                   1                   1                   1                   1                   1                   1                   1                   1                   1                   1                   1                   1                   1                   1                  
speaker_ids      : 1                   1                   1                   1                   1                   1                   1                   1                   1                   1                   1                   1                   1                   1                   1                  

B                : <emp>               <emp>               <emp>               <emp>               <emp>               <emp>               <emp>               <emp>               <emp>               <emp>               <emp>               <emp>               <emp>               <emp>               <emp>              
Timings          : (222.803, 222.893)  (222.893, 223.133)  (223.133, 223.433)  (223.433, 224.133)  (224.133, 224.734)  (225.636, 225.75)   (225.75, 225.863)   (225.863, 226.143)  (226.143, 226.434)  (226.434, 226.643)  (226.643, 226.874)  (226.874, 227.074)  (227.074, 227.273)  (227.273, 227.354)  (227.354, 227.514) 
Token Types      : 0                   0                   0                   0                   0                   0                   0                   0                   0                   0                   0                   0                   0                   0                   0                  
turn_ids         : 0                   0                   0                   0                   0                   0                   0                   0                   0                   0                   0                   0                   0                   0                   0                  
turn_end_types   : 0                   0                   0                   0                   0                   0                   0                   0                   0                   0                   0                   0                   0                   0                   0                  
speaker_ids      : 0                   0                   0                   0                   0                   0                   0                   0                   0                   0                   0                   0                   0                   0                   0                  


A                : Ġsituation          Ġthat               Ġthe                Ġperson             Ġreally             Ġdid                Ġcommit             Ġthe                Ġcrime              Ġuh                 Ġyou                Ġwanna              Ġgive               Ġhim                Ġevery             
Timings          : (227.514, 228.074)  (228.074, 228.173)  (228.173, 228.234)  (228.234, 228.893)  (228.893, 229.113)  (229.113, 229.273)  (229.273, 229.574)  (229.574, 229.633)  (229.633, 230.184)  (230.184, 230.393)  (230.393, 230.544)  (230.544, 230.773)  (230.773, 230.913)  (230.913, 231.113)  (231.113, 231.434) 
Token Types      : 4                   4                   4                   4                   4                   4                   4                   4                   4                   4                   4                   4                   4                   4                   4                  
turn_ids         : 82433307312142      82433307312142      82433307312142      82433307312142      82433307312142      82433307312142      82433307312142      82433307312142      82433307312142      82433307312142      82433307312142      82433307312142      82433307312142      82433307312142      82433307312142     
turn_end_types   : 1                   1                   1                   1                   1                   1                   1                   1                   1                   1                   1                   1                   1                   1                   1                  
speaker_ids      : 1                   1                   1                   1                   1                   1                   1                   1                   1                   1                   1                   1                   1                   1                   1                  

B                : <emp>               <emp>               <emp>               <emp>               <emp>               <emp>               <emp>               <emp>               <emp>               <emp>               <emp>               <emp>               Ġyeah               <ebc>               <emp>              
Timings          : (227.514, 228.074)  (228.074, 228.173)  (228.173, 228.234)  (228.234, 228.893)  (228.893, 229.113)  (229.113, 229.273)  (229.273, 229.574)  (229.574, 229.633)  (229.633, 230.184)  (230.184, 230.393)  (230.393, 230.544)  (230.544, 230.773)  (230.695, 231.02)   (-1.0, -1.0)        (231.113, 231.434) 
Token Types      : 0                   0                   0                   0                   0                   0                   0                   0                   0                   0                   0                   0                   3                   3                   0                  
turn_ids         : 0                   0                   0                   0                   0                   0                   0                   0                   0                   0                   0                   0                   82432770441228      82432770441228      0                  
turn_end_types   : 0                   0                   0                   0                   0                   0                   0                   0                   0                   0                   0                   0                   0                   0                   0                  
speaker_ids      : 0                   0                   0                   0                   0                   0                   0                   0                   0                   0                   0                   0                   2                   2                   0                  


A                : Ġopportunity        Ġyou                Ġpossible           Ġcan                Ġbut                Ġuh                 <eot>               <emp>               <emp>               <emp>               <emp>               <emp>               <emp>               <emp>               <emp>              
Timings          : (231.434, 231.964)  (231.964, 232.074)  (232.074, 232.523)  (232.523, 232.893)  (232.893, 233.093)  (233.734, 234.245)  (-1.0, -1.0)        (234.417, 234.532)  (234.532, 234.647)  (234.647, 234.837)  (234.837, 235.027)  (235.027, 235.217)  (235.217, 235.297)  (235.297, 235.527)  (235.527, 235.727) 
Token Types      : 4                   4                   4                   4                   4                   4                   4                   0                   0                   0                   0                   0                   0                   0                   0                  
turn_ids         : 82433307312142      82433307312142      82433307312142      82433307312142      82433307312142      82433307312142      82433307312142      0                   0                   0                   0                   0                   0                   0                   0                  
turn_end_types   : 1                   1                   1                   1                   1                   1                   1                   0                   0                   0                   0                   0                   0                   0                   0                  
speaker_ids      : 1                   1                   1                   1                   1                   1                   1                   0                   0                   0                   0                   0                   0                   0                   0                  

B                : <emp>               <emp>               <emp>               <emp>               <emp>               <emp>               Ġwell               Ġthat               's                  Ġthe                Ġthat               's                  Ġthe                Ġthing              Ġhere              
Timings          : (231.434, 231.964)  (231.964, 232.074)  (232.074, 232.523)  (232.523, 232.893)  (232.893, 233.093)  (233.734, 234.245)  (234.197, 234.417)  (234.417, 234.532)  (234.532, 234.647)  (234.647, 234.837)  (234.837, 235.027)  (235.027, 235.217)  (235.217, 235.297)  (235.297, 235.527)  (235.527, 235.727) 
Token Types      : 0                   0                   0                   0                   0                   0                   1                   1                   1                   1                   1                   1                   1                   1                   1                  
turn_ids         : 0                   0                   0                   0                   0                   0                   82430622957583      82430622957583      82430622957583      82430622957583      82430622957583      82430622957583      82430622957583      82430622957583      82430622957583     
turn_end_types   : 0                   0                   0                   0                   0                   0                   2                   2                   2                   2                   2                   2                   2                   2                   2                  
speaker_ids      : 0                   0                   0                   0                   0                   0                   2                   2                   2                   2                   2                   2                   2                   2                   2                  


A                : <emp>               <emp>               <emp>               <emp>               <emp>               <emp>               <emp>               <emp>               <emp>               <emp>               <emp>               <emp>               <emp>               <emp>               <emp>              
Timings          : (235.727, 235.947)  (235.947, 236.197)  (236.197, 236.671)  (236.92, 237.307)   (237.307, 237.387)  (237.387, 237.602)  (237.602, 237.817)  (237.817, 237.882)  (237.882, 237.947)  (237.947, 238.097)  (238.097, 238.147)  (238.147, 238.387)  (238.387, 238.447)  (238.447, 238.947)  (238.947, 239.037) 
Token Types      : 0                   0                   0                   0                   0                   0                   0                   0                   0                   0                   0                   0                   0                   0                   0                  
turn_ids         : 0                   0                   0                   0                   0                   0                   0                   0                   0                   0                   0                   0                   0                   0                   0                  
turn_end_types   : 0                   0                   0                   0                   0                   0                   0                   0                   0                   0                   0                   0                   0                   0                   0                  
speaker_ids      : 0                   0                   0                   0                   0                   0                   0                   0                   0                   0                   0                   0                   0                   0                   0                  

B                : Ġin                 Ġhere               Ġin                 Ġhere               Ġin                 Ġtex                as                  Ġwe                 've                 Ġhad                Ġa                  Ġcouple             Ġof                 Ġcases              Ġin                
Timings          : (235.727, 235.947)  (235.947, 236.197)  (236.197, 236.671)  (236.92, 237.307)   (237.307, 237.387)  (237.387, 237.602)  (237.602, 237.817)  (237.817, 237.882)  (237.882, 237.947)  (237.947, 238.097)  (238.097, 238.147)  (238.147, 238.387)  (238.387, 238.447)  (238.447, 238.947)  (238.947, 239.037) 
Token Types      : 1                   1                   1                   1                   1                   1                   1                   1                   1                   1                   1                   1                   1                   1                   1                  
turn_ids         : 82430622957583      82430622957583      82430622957583      82430622957583      82430622957583      82430622957583      82430622957583      82430622957583      82430622957583      82430622957583      82430622957583      82430622957583      82430622957583      82430622957583      82430622957583     
turn_end_types   : 2                   2                   2                   2                   2                   2                   2                   2                   2                   2                   2                   2                   2                   2                   2                  
speaker_ids      : 2                   2                   2                   2                   2                   2                   2                   2                   2                   2                   2                   2                   2                   2                   2                  


A                : <emp>               <emp>               <emp>               <emp>               <emp>               <emp>               <emp>               <emp>               <emp>               <emp>               <emp>               <emp>               <emp>               Ġum                 hum                
Timings          : (239.037, 239.139)  (239.139, 239.482)  (240.157, 240.437)  (240.437, 240.687)  (240.687, 240.897)  (240.897, 241.129)  (241.129, 241.487)  (241.487, 241.587)  (241.587, 241.847)  (241.847, 242.257)  (242.257, 242.607)  (242.607, 242.737)  (242.737, 243.01)   (243.103, 243.316)  (243.316, 243.53)  
Token Types      : 0                   0                   0                   0                   0                   0                   0                   0                   0                   0                   0                   0                   0                   3                   3                  
turn_ids         : 0                   0                   0                   0                   0                   0                   0                   0                   0                   0                   0                   0                   0                   82432233570317      82432233570317     
turn_end_types   : 0                   0                   0                   0                   0                   0                   0                   0                   0                   0                   0                   0                   0                   0                   0                  
speaker_ids      : 0                   0                   0                   0                   0                   0                   0                   0                   0                   0                   0                   0                   0                   1                   1                  

B                : Ġthe                Ġlast               Ġone                Ġone                Ġwas                Ġa                  Ġwas                Ġa                  Ġmurder             Ġcase               Ġwhere              Ġit                 Ġwas                <emp>               <emp>              
Timings          : (239.037, 239.139)  (239.139, 239.482)  (240.157, 240.437)  (240.437, 240.687)  (240.687, 240.897)  (240.897, 241.129)  (241.129, 241.487)  (241.487, 241.587)  (241.587, 241.847)  (241.847, 242.257)  (242.257, 242.607)  (242.607, 242.737)  (242.737, 243.01)   (243.103, 243.316)  (243.316, 243.53)  
Token Types      : 1                   1                   1                   1                   1                   1                   1                   1                   1                   1                   1                   1                   1                   1                   1                  
turn_ids         : 82430622957583      82430622957583      82430622957583      82430622957583      82430622957583      82430622957583      82430622957583      82430622957583      82430622957583      82430622957583      82430622957583      82430622957583      82430622957583      82430622957583      82430622957583     
turn_end_types   : 2                   2                   2                   2                   2                   2                   2                   2                   2                   2                   2                   2                   2                   2                   2                  
speaker_ids      : 2                   2                   2                   2                   2                   2                   2                   2                   2                   2                   2                   2                   2                   2                   2                  


A                : <ebc>               <emp>               <emp>               <emp>               <emp>               <emp>               <emp>               <emp>               <emp>               <emp>               <emp>               <emp>               <emp>               <emp>               <emp>              
Timings          : (-1.0, -1.0)        (243.616, 243.806)  (243.806, 244.016)  (244.016, 244.076)  (244.076, 244.136)  (244.136, 244.436)  (244.436, 244.866)  (244.866, 244.986)  (244.986, 245.056)  (245.056, 245.256)  (245.256, 245.449)  (246.007, 246.478)  (246.478, 246.836)  (246.836, 246.906)  (246.906, 247.206) 
Token Types      : 3                   0                   0                   0                   0                   0                   0                   0                   0                   0                   0                   0                   0                   0                   0                  
turn_ids         : 82432233570317      0                   0                   0                   0                   0                   0                   0                   0                   0                   0                   0                   0                   0                   0                  
turn_end_types   : 0                   0                   0                   0                   0                   0                   0                   0                   0                   0                   0                   0                   0                   0                   0                  
speaker_ids      : 1                   0                   0                   0                   0                   0                   0                   0                   0                   0                   0                   0                   0                   0                   0                  

B                : Ġat                 Ġthis               Ġpoint              Ġit                 's                  Ġfairly             Ġobvious            Ġthat               Ġit                 Ġwas                Ġa                  Ġthat               Ġa                  Ġa                  Ġgirl              
Timings          : (243.456, 243.616)  (243.616, 243.806)  (243.806, 244.016)  (244.016, 244.076)  (244.076, 244.136)  (244.136, 244.436)  (244.436, 244.866)  (244.866, 244.986)  (244.986, 245.056)  (245.056, 245.256)  (245.256, 245.449)  (246.007, 246.478)  (246.478, 246.836)  (246.836, 246.906)  (246.906, 247.206) 
Token Types      : 1                   1                   1                   1                   1                   1                   1                   1                   1                   1                   1                   1                   1                   1                   1                  
turn_ids         : 82430622957583      82430622957583      82430622957583      82430622957583      82430622957583      82430622957583      82430622957583      82430622957583      82430622957583      82430622957583      82430622957583      82430622957583      82430622957583      82430622957583      82430622957583     
turn_end_types   : 2                   2                   2                   2                   2                   2                   2                   2                   2                   2                   2                   2                   2                   2                   2                  
speaker_ids      : 2                   2                   2                   2                   2                   2                   2                   2                   2                   2                   2                   2                   2                   2                   2                  


A                : <emp>               <emp>               <emp>               <emp>               <emp>               <emp>               <emp>               <emp>               <emp>               <emp>               <emp>               <emp>               <emp>               <emp>               <emp>              
Timings          : (247.206, 247.366)  (247.366, 247.616)  (247.616, 247.686)  (247.686, 247.716)  (247.716, 247.896)  (247.896, 248.176)  (248.176, 248.266)  (248.266, 248.326)  (248.326, 248.426)  (248.426, 248.736)  (248.736, 249.106)  (249.106, 249.246)  (249.246, 249.601)  (249.994, 250.284)  (250.284, 250.434) 
Token Types      : 0                   0                   0                   0                   0                   0                   0                   0                   0                   0                   0                   0                   0                   0                   0                  
turn_ids         : 0                   0                   0                   0                   0                   0                   0                   0                   0                   0                   0                   0                   0                   0                   0                  
turn_end_types   : 0                   0                   0                   0                   0                   0                   0                   0                   0                   0                   0                   0                   0                   0                   0                  
speaker_ids      : 0                   0                   0                   0                   0                   0                   0                   0                   0                   0                   0                   0                   0                   0                   0                  

B                : Ġwas                Ġkilled             Ġat                 Ġa                  Ġhigh               Ġschool             Ġand                Ġit                 Ġwas                Ġpretty             Ġobvious            Ġthat               Ġthe                Ġpolice             Ġjust              
Timings          : (247.206, 247.366)  (247.366, 247.616)  (247.616, 247.686)  (247.686, 247.716)  (247.716, 247.896)  (247.896, 248.176)  (248.176, 248.266)  (248.266, 248.326)  (248.326, 248.426)  (248.426, 248.736)  (248.736, 249.106)  (249.106, 249.246)  (249.246, 249.601)  (249.994, 250.284)  (250.284, 250.434) 
Token Types      : 1                   1                   1                   1                   1                   1                   1                   1                   1                   1                   1                   1                   1                   1                   1                  
turn_ids         : 82430622957583      82430622957583      82430622957583      82430622957583      82430622957583      82430622957583      82430622957583      82430622957583      82430622957583      82430622957583      82430622957583      82430622957583      82430622957583      82430622957583      82430622957583     
turn_end_types   : 2                   2                   2                   2                   2                   2                   2                   2                   2                   2                   2                   2                   2                   2                   2                  
speaker_ids      : 2                   2                   2                   2                   2                   2                   2                   2                   2                   2                   2                   2                   2                   2                   2                  


A                : <emp>               <emp>               <emp>               <emp>               <emp>               <emp>               Ġum                 hum                 <ebc>               <emp>               <emp>               <emp>               <emp>               <emp>               <emp>              
Timings          : (250.434, 250.684)  (250.684, 250.894)  (250.894, 250.964)  (250.964, 251.264)  (251.264, 251.509)  (251.509, 251.754)  (251.841, 252.074)  (252.074, 252.307)  (-1.0, -1.0)        (252.844, 252.954)  (252.954, 253.174)  (253.174, 253.304)  (253.304, 253.514)  (253.514, 253.754)  (253.754, 253.887) 
Token Types      : 0                   0                   0                   0                   0                   0                   3                   3                   3                   0                   0                   0                   0                   0                   0                  
turn_ids         : 0                   0                   0                   0                   0                   0                   82432233570318      82432233570318      82432233570318      0                   0                   0                   0                   0                   0                  
turn_end_types   : 0                   0                   0                   0                   0                   0                   0                   0                   0                   0                   0                   0                   0                   0                   0                  
speaker_ids      : 0                   0                   0                   0                   0                   0                   1                   1                   1                   0                   0                   0                   0                   0                   0                  

B                : Ġpicked             Ġout                Ġthe                Ġblack              Ġjan                itor                Ġand                <emp>               Ġand                Ġuh                 Ġset                Ġhim                Ġup                 Ġfor                Ġit                
Timings          : (250.434, 250.684)  (250.684, 250.894)  (250.894, 250.964)  (250.964, 251.264)  (251.264, 251.509)  (251.509, 251.754)  (251.754, 252.0)    (252.074, 252.307)  (252.452, 252.844)  (252.844, 252.954)  (252.954, 253.174)  (253.174, 253.304)  (253.304, 253.514)  (253.514, 253.754)  (253.754, 253.887) 
Token Types      : 1                   1                   1                   1                   1                   1                   1                   1                   1                   1                   1                   1                   1                   1                   1                  
turn_ids         : 82430622957583      82430622957583      82430622957583      82430622957583      82430622957583      82430622957583      82430622957583      82430622957583      82430622957583      82430622957583      82430622957583      82430622957583      82430622957583      82430622957583      82430622957583     
turn_end_types   : 2                   2                   2                   2                   2                   2                   2                   2                   2                   2                   2                   2                   2                   2                   2                  
speaker_ids      : 2                   2                   2                   2                   2                   2                   2                   2                   2                   2                   2                   2                   2                   2                   2                  


A                : <emp>               <emp>               <emp>               <emp>               <emp>               <emp>               <emp>               <emp>               <emp>               <emp>               <emp>               <emp>               Ġum                 hum                 <ebc>              
Timings          : (253.887, 254.454)  (254.454, 254.694)  (254.694, 254.764)  (254.764, 254.994)  (254.994, 255.089)  (255.089, 255.184)  (255.184, 255.294)  (255.294, 255.544)  (255.544, 255.644)  (255.644, 255.784)  (255.784, 256.004)  (256.004, 256.134)  (256.184, 256.375)  (256.375, 256.567)  (-1.0, -1.0)       
Token Types      : 0                   0                   0                   0                   0                   0                   0                   0                   0                   0                   0                   0                   3                   3                   3                  
turn_ids         : 0                   0                   0                   0                   0                   0                   0                   0                   0                   0                   0                   0                   82432233570319      82432233570319      82432233570319     
turn_end_types   : 0                   0                   0                   0                   0                   0                   0                   0                   0                   0                   0                   0                   0                   0                   0                  
speaker_ids      : 0                   0                   0                   0                   0                   0                   0                   0                   0                   0                   0                   0                   1                   1                   1                  

B                : Ġand                Ġuh                 Ġhe                 Ġreally             Ġdidn               't                  Ġhave               Ġanything           Ġto                 Ġdo                 Ġwith               Ġit                 Ġand                Ġthey               Ġthat              
Timings          : (253.887, 254.454)  (254.454, 254.694)  (254.694, 254.764)  (254.764, 254.994)  (254.994, 255.089)  (255.089, 255.184)  (255.184, 255.294)  (255.294, 255.544)  (255.544, 255.644)  (255.644, 255.784)  (255.784, 256.004)  (256.004, 256.134)  (256.134, 256.314)  (256.314, 256.82)   (257.835, 258.035) 
Token Types      : 1                   1                   1                   1                   1                   1                   1                   1                   1                   1                   1                   1                   1                   1                   1                  
turn_ids         : 82430622957583      82430622957583      82430622957583      82430622957583      82430622957583      82430622957583      82430622957583      82430622957583      82430622957583      82430622957583      82430622957583      82430622957583      82430622957583      82430622957583      82430622957583     
turn_end_types   : 2                   2                   2                   2                   2                   2                   2                   2                   2                   2                   2                   2                   2                   2                   2                  
speaker_ids      : 2                   2                   2                   2                   2                   2                   2                   2                   2                   2                   2                   2                   2                   2                   2                  


A                : <emp>               <emp>               <emp>               Ġyeah               Ġthat               's                  Ġthat               's                  Ġthe                Ġscary              Ġpart               Ġespecially         Ġsomething          Ġlike               Ġthis              
Timings          : (258.035, 258.294)  (258.294, 258.544)  (258.544, 258.624)  (258.693, 259.096)  (259.096, 259.231)  (259.231, 259.366)  (259.366, 259.501)  (259.501, 259.636)  (259.636, 259.696)  (259.696, 260.076)  (260.076, 260.336)  (260.336, 260.796)  (260.796, 261.006)  (261.006, 261.216)  (261.216, 261.65)  
Token Types      : 0                   0                   0                   5                   5                   5                   5                   5                   5                   5                   5                   5                   5                   5                   5                  
turn_ids         : 0                   0                   0                   82434381053970      82434381053970      82434381053970      82434381053970      82434381053970      82434381053970      82434381053970      82434381053970      82434381053970      82434381053970      82434381053970      82434381053970     
turn_end_types   : 0                   0                   0                   0                   0                   0                   0                   0                   0                   0                   0                   0                   0                   0                   0                  
speaker_ids      : 0                   0                   0                   1                   1                   1                   1                   1                   1                   1                   1                   1                   1                   1                   1                  

B                : Ġcertainly          Ġmakes              Ġyou                Ġthink              Ġagain              Ġagain              <emp>               <emp>               <emp>               Ġand                <emp>               Ġyeah               <emp>               <emp>               Ġyeah              
Timings          : (258.035, 258.294)  (258.294, 258.544)  (258.544, 258.624)  (258.624, 258.864)  (258.864, 259.218)  (259.218, 259.807)  (259.366, 259.501)  (259.501, 259.636)  (259.636, 259.696)  (259.807, 260.223)  (260.076, 260.336)  (260.546, 260.987)  (260.796, 261.006)  (261.006, 261.216)  (261.307, 261.708) 
Token Types      : 1                   1                   1                   1                   1                   1                   1                   1                   1                   1                   1                   1                   1                   1                   1                  
turn_ids         : 82430622957583      82430622957583      82430622957583      82430622957583      82430622957583      82430622957583      82430622957583      82430622957583      82430622957583      82430622957583      82430622957583      82430622957583      82430622957583      82430622957583      82430622957583     
turn_end_types   : 2                   2                   2                   2                   2                   2                   2                   2                   2                   2                   2                   2                   2                   2                   2                  
speaker_ids      : 2                   2                   2                   2                   2                   2                   2                   2                   2                   2                   2                   2                   2                   2                   2                  


A                : <eint>              Ġi                  Ġknow               Ġin                 Ġuh                 Ġyou                Ġknow               Ġthis               Ġcal                if                  ornia               Ġcase               Ġthe                Ġuh                 Ġthe               
Timings          : (-1.0, -1.0)        (262.987, 263.128)  (263.128, 263.397)  (263.397, 263.647)  (263.647, 263.959)  (264.287, 264.397)  (264.397, 264.508)  (264.508, 264.647)  (264.647, 264.828)  (264.828, 265.008)  (265.008, 265.188)  (265.188, 265.557)  (265.557, 265.794)  (266.325, 267.087)  (267.087, 267.207) 
Token Types      : 5                   4                   4                   4                   4                   4                   4                   4                   4                   4                   4                   4                   4                   4                   4                  
turn_ids         : 82434381053970      82433307312144      82433307312144      82433307312144      82433307312144      82433307312144      82433307312144      82433307312144      82433307312144      82433307312144      82433307312144      82433307312144      82433307312144      82433307312144      82433307312144     
turn_end_types   : 0                   1                   1                   1                   1                   1                   1                   1                   1                   1                   1                   1                   1                   1                   1                  
speaker_ids      : 1                   1                   1                   1                   1                   1                   1                   1                   1                   1                   1                   1                   1                   1                   1                  

B                : Ġand                Ġuh                 <yield>             <emp>               <emp>               <emp>               <emp>               <emp>               <emp>               <emp>               <emp>               <emp>               <emp>               <emp>               <emp>              
Timings          : (262.334, 262.904)  (262.904, 263.224)  (-1.0, -1.0)        (263.397, 263.647)  (263.647, 263.959)  (264.287, 264.397)  (264.397, 264.508)  (264.508, 264.647)  (264.647, 264.828)  (264.828, 265.008)  (265.008, 265.188)  (265.188, 265.557)  (265.557, 265.794)  (266.325, 267.087)  (267.087, 267.207) 
Token Types      : 1                   1                   1                   0                   0                   0                   0                   0                   0                   0                   0                   0                   0                   0                   0                  
turn_ids         : 82430622957583      82430622957583      82430622957583      0                   0                   0                   0                   0                   0                   0                   0                   0                   0                   0                   0                  
turn_end_types   : 2                   2                   2                   0                   0                   0                   0                   0                   0                   0                   0                   0                   0                   0                   0                  
speaker_ids      : 2                   2                   2                   0                   0                   0                   0                   0                   0                   0                   0                   0                   0                   0                   0                  


A                : Ġcivil              Ġliberty            Ġor                 Ġa                  cl                  u                   Ġi                  Ġguess              Ġthe                Ġameric             an                  Ġcivil              Ġliberty            Ġyou                Ġknow              
Timings          : (267.207, 267.557)  (267.557, 267.737)  (267.737, 268.098)  (268.098, 268.297)  (268.297, 268.497)  (268.497, 268.698)  (268.698, 268.767)  (268.767, 269.098)  (269.098, 269.158)  (269.158, 269.293)  (269.293, 269.427)  (269.427, 269.846)  (269.846, 270.084)  (270.344, 270.467)  (270.467, 270.557) 
Token Types      : 4                   4                   4                   4                   4                   4                   4                   4                   4                   4                   4                   4                   4                   4                   4                  
turn_ids         : 82433307312144      82433307312144      82433307312144      82433307312144      82433307312144      82433307312144      82433307312144      82433307312144      82433307312144      82433307312144      82433307312144      82433307312144      82433307312144      82433307312144      82433307312144     
turn_end_types   : 1                   1                   1                   1                   1                   1                   1                   1                   1                   1                   1                   1                   1                   1                   1                  
speaker_ids      : 1                   1                   1                   1                   1                   1                   1                   1                   1                   1                   1                   1                   1                   1                   1                  

B                : <emp>               <emp>               <emp>               <emp>               <emp>               <emp>               <emp>               <emp>               <emp>               <emp>               <emp>               Ġyeah               <ebc>               <emp>               <emp>              
Timings          : (267.207, 267.557)  (267.557, 267.737)  (267.737, 268.098)  (268.098, 268.297)  (268.297, 268.497)  (268.497, 268.698)  (268.698, 268.767)  (268.767, 269.098)  (269.098, 269.158)  (269.158, 269.293)  (269.293, 269.427)  (269.494, 269.914)  (-1.0, -1.0)        (270.344, 270.467)  (270.467, 270.557) 
Token Types      : 0                   0                   0                   0                   0                   0                   0                   0                   0                   0                   0                   3                   3                   0                   0                  
turn_ids         : 0                   0                   0                   0                   0                   0                   0                   0                   0                   0                   0                   82432770441230      82432770441230      0                   0                  
turn_end_types   : 0                   0                   0                   0                   0                   0                   0                   0                   0                   0                   0                   0                   0                   0                   0                  
speaker_ids      : 0                   0                   0                   0                   0                   0                   0                   0                   0                   0                   0                   2                   2                   0                   0                  


A                : Ġthey               Ġwere               Ġdoing              Ġanything           Ġthey               Ġcould              Ġto                 Ġprevent            Ġit                 Ġeven               Ġto                 Ġgoing              Ġas                 Ġfar                Ġas                
Timings          : (270.557, 270.698)  (270.698, 270.788)  (270.788, 270.987)  (270.987, 271.318)  (271.318, 271.408)  (271.408, 271.677)  (271.677, 271.747)  (271.747, 272.098)  (272.098, 272.242)  (272.709, 273.038)  (273.038, 273.128)  (273.128, 273.438)  (273.438, 273.598)  (273.598, 273.888)  (273.888, 274.198) 
Token Types      : 4                   4                   4                   4                   4                   4                   4                   4                   4                   4                   4                   4                   4                   4                   4                  
turn_ids         : 82433307312144      82433307312144      82433307312144      82433307312144      82433307312144      82433307312144      82433307312144      82433307312144      82433307312144      82433307312144      82433307312144      82433307312144      82433307312144      82433307312144      82433307312144     
turn_end_types   : 1                   1                   1                   1                   1                   1                   1                   1                   1                   1                   1                   1                   1                   1                   1                  
speaker_ids      : 1                   1                   1                   1                   1                   1                   1                   1                   1                   1                   1                   1                   1                   1                   1                  

B                : <emp>               <emp>               <emp>               <emp>               <emp>               <emp>               <emp>               <emp>               <emp>               <emp>               <emp>               <emp>               <emp>               <emp>               <emp>              
Timings          : (270.557, 270.698)  (270.698, 270.788)  (270.788, 270.987)  (270.987, 271.318)  (271.318, 271.408)  (271.408, 271.677)  (271.677, 271.747)  (271.747, 272.098)  (272.098, 272.242)  (272.709, 273.038)  (273.038, 273.128)  (273.128, 273.438)  (273.438, 273.598)  (273.598, 273.888)  (273.888, 274.198) 
Token Types      : 0                   0                   0                   0                   0                   0                   0                   0                   0                   0                   0                   0                   0                   0                   0                  
turn_ids         : 0                   0                   0                   0                   0                   0                   0                   0                   0                   0                   0                   0                   0                   0                   0                  
turn_end_types   : 0                   0                   0                   0                   0                   0                   0                   0                   0                   0                   0                   0                   0                   0                   0                  
speaker_ids      : 0                   0                   0                   0                   0                   0                   0                   0                   0                   0                   0                   0                   0                   0                   0                  


A                : Ġuh                 Ġyou                Ġknow               Ġstating            Ġthe                Ġgas                Ġchamber            Ġis                 Ġnot                Ġuh                 Ġas                 Ġcruel              Ġor                 Ġis                 Ġcruel             
Timings          : (274.198, 274.583)  (275.048, 275.208)  (275.208, 275.618)  (275.837, 276.338)  (276.338, 276.398)  (276.398, 276.718)  (276.718, 277.058)  (277.058, 277.178)  (277.178, 277.525)  (277.698, 278.038)  (278.038, 278.268)  (278.268, 278.678)  (278.678, 278.798)  (278.798, 279.048)  (279.048, 279.338) 
Token Types      : 4                   4                   4                   4                   4                   4                   4                   4                   4                   4                   4                   4                   4                   4                   4                  
turn_ids         : 82433307312144      82433307312144      82433307312144      82433307312144      82433307312144      82433307312144      82433307312144      82433307312144      82433307312144      82433307312144      82433307312144      82433307312144      82433307312144      82433307312144      82433307312144     
turn_end_types   : 1                   1                   1                   1                   1                   1                   1                   1                   1                   1                   1                   1                   1                   1                   1                  
speaker_ids      : 1                   1                   1                   1                   1                   1                   1                   1                   1                   1                   1                   1                   1                   1                   1                  

B                : <emp>               <emp>               <emp>               <emp>               <emp>               <emp>               <emp>               <emp>               <emp>               <emp>               <emp>               <emp>               <emp>               <emp>               <emp>              
Timings          : (274.198, 274.583)  (275.048, 275.208)  (275.208, 275.618)  (275.837, 276.338)  (276.338, 276.398)  (276.398, 276.718)  (276.718, 277.058)  (277.058, 277.178)  (277.178, 277.525)  (277.698, 278.038)  (278.038, 278.268)  (278.268, 278.678)  (278.678, 278.798)  (278.798, 279.048)  (279.048, 279.338) 
Token Types      : 0                   0                   0                   0                   0                   0                   0                   0                   0                   0                   0                   0                   0                   0                   0                  
turn_ids         : 0                   0                   0                   0                   0                   0                   0                   0                   0                   0                   0                   0                   0                   0                   0                  
turn_end_types   : 0                   0                   0                   0                   0                   0                   0                   0                   0                   0                   0                   0                   0                   0                   0                  
speaker_ids      : 0                   0                   0                   0                   0                   0                   0                   0                   0                   0                   0                   0                   0                   0                   0                  


A                : Ġand                Ġunusual            Ġpunishment         Ġand                Ġin                 Ġsuch               Ġthat               Ġthey               Ġjust               Ġdrag               Ġup                 Ġany                Ġlittle             Ġthing              Ġthey              
Timings          : (279.338, 279.678)  (279.678, 279.998)  (279.998, 280.428)  (280.428, 280.482)  (280.482, 280.531)  (280.531, 280.723)  (280.723, 280.963)  (281.264, 281.348)  (281.348, 281.528)  (281.528, 281.818)  (281.818, 281.973)  (281.973, 282.338)  (282.338, 282.668)  (282.668, 282.978)  (282.978, 283.078) 
Token Types      : 4                   4                   4                   4                   4                   4                   4                   4                   4                   4                   4                   4                   4                   4                   4                  
turn_ids         : 82433307312144      82433307312144      82433307312144      82433307312144      82433307312144      82433307312144      82433307312144      82433307312144      82433307312144      82433307312144      82433307312144      82433307312144      82433307312144      82433307312144      82433307312144     
turn_end_types   : 1                   1                   1                   1                   1                   1                   1                   1                   1                   1                   1                   1                   1                   1                   1                  
speaker_ids      : 1                   1                   1                   1                   1                   1                   1                   1                   1                   1                   1                   1                   1                   1                   1                  

B                : <emp>               <emp>               <emp>               <emp>               <emp>               <emp>               <emp>               <emp>               <emp>               <emp>               <emp>               <emp>               <emp>               <emp>               <emp>              
Timings          : (279.338, 279.678)  (279.678, 279.998)  (279.998, 280.428)  (280.428, 280.482)  (280.482, 280.531)  (280.531, 280.723)  (280.723, 280.963)  (281.264, 281.348)  (281.348, 281.528)  (281.528, 281.818)  (281.818, 281.973)  (281.973, 282.338)  (282.338, 282.668)  (282.668, 282.978)  (282.978, 283.078) 
Token Types      : 0                   0                   0                   0                   0                   0                   0                   0                   0                   0                   0                   0                   0                   0                   0                  
turn_ids         : 0                   0                   0                   0                   0                   0                   0                   0                   0                   0                   0                   0                   0                   0                   0                  
turn_end_types   : 0                   0                   0                   0                   0                   0                   0                   0                   0                   0                   0                   0                   0                   0                   0                  
speaker_ids      : 0                   0                   0                   0                   0                   0                   0                   0                   0                   0                   0                   0                   0                   0                   0                  


A                : Ġpossible           Ġcan                Ġto                 Ġdrag               Ġit                 Ġout                Ġor                 <emp>               Ġor                 Ġwhat               not                 Ġyou                Ġknow               Ġi                  Ġmean              
Timings          : (283.078, 283.518)  (283.518, 283.758)  (283.758, 283.848)  (283.848, 284.148)  (284.148, 284.228)  (284.228, 284.508)  (284.508, 284.699)  (284.718, 285.176)  (285.203, 285.348)  (285.348, 285.608)  (285.608, 285.868)  (285.868, 285.978)  (285.978, 286.208)  (286.208, 286.281)  (286.281, 286.7)   
Token Types      : 4                   4                   4                   4                   4                   4                   4                   4                   4                   4                   4                   4                   4                   4                   4                  
turn_ids         : 82433307312144      82433307312144      82433307312144      82433307312144      82433307312144      82433307312144      82433307312144      82433307312144      82433307312144      82433307312144      82433307312144      82433307312144      82433307312144      82433307312144      82433307312144     
turn_end_types   : 1                   1                   1                   1                   1                   1                   1                   1                   1                   1                   1                   1                   1                   1                   1                  
speaker_ids      : 1                   1                   1                   1                   1                   1                   1                   1                   1                   1                   1                   1                   1                   1                   1                  

B                : <emp>               <emp>               <emp>               <emp>               <emp>               <emp>               <emp>               Ġyeah               <ebc>               <emp>               <emp>               <emp>               <emp>               <emp>               <emp>              
Timings          : (283.078, 283.518)  (283.518, 283.758)  (283.758, 283.848)  (283.848, 284.148)  (284.148, 284.228)  (284.228, 284.508)  (284.508, 284.699)  (284.718, 285.176)  (-1.0, -1.0)        (285.348, 285.608)  (285.608, 285.868)  (285.868, 285.978)  (285.978, 286.208)  (286.208, 286.281)  (286.281, 286.7)   
Token Types      : 0                   0                   0                   0                   0                   0                   0                   3                   3                   0                   0                   0                   0                   0                   0                  
turn_ids         : 0                   0                   0                   0                   0                   0                   0                   82432770441231      82432770441231      0                   0                   0                   0                   0                   0                  
turn_end_types   : 0                   0                   0                   0                   0                   0                   0                   0                   0                   0                   0                   0                   0                   0                   0                  
speaker_ids      : 0                   0                   0                   0                   0                   0                   0                   2                   2                   0                   0                   0                   0                   0                   0                  


A                : <eot>               <emp>               <emp>               <emp>               <emp>               <emp>               <emp>               <emp>               <emp>               <emp>               <emp>               <emp>               Ġthey               Ġuse                <emp>              
Timings          : (-1.0, -1.0)        (287.233, 287.648)  (287.648, 287.953)  (287.953, 288.321)  (288.321, 288.523)  (288.523, 288.718)  (288.718, 288.913)  (288.913, 289.053)  (289.053, 289.193)  (289.193, 289.263)  (289.263, 289.693)  (289.693, 289.985)  (290.323, 290.978)  (290.978, 291.386)  (291.203, 291.493) 
Token Types      : 4                   0                   0                   0                   0                   0                   0                   0                   0                   0                   0                   0                   4                   4                   4                  
turn_ids         : 82433307312144      0                   0                   0                   0                   0                   0                   0                   0                   0                   0                   0                   82433307312146      82433307312146      82433307312146     
turn_end_types   : 1                   0                   0                   0                   0                   0                   0                   0                   0                   0                   0                   0                   2                   2                   2                  
speaker_ids      : 1                   0                   0                   0                   0                   0                   0                   0                   0                   0                   0                   0                   1                   1                   1                  

B                : Ġwell               Ġnow                Ġin                 Ġuh                 Ġin                 Ġut                 ah                  Ġwhat               's                  Ġthe                Ġmethod             Ġit                 Ġis                 Ġit                 Ġfiring            
Timings          : (287.123, 287.233)  (287.233, 287.648)  (287.648, 287.953)  (287.953, 288.321)  (288.321, 288.523)  (288.523, 288.718)  (288.718, 288.913)  (288.913, 289.053)  (289.053, 289.193)  (289.193, 289.263)  (289.263, 289.693)  (289.693, 289.985)  (290.788, 291.073)  (291.073, 291.203)  (291.203, 291.493) 
Token Types      : 1                   1                   1                   1                   1                   1                   1                   1                   1                   1                   1                   1                   1                   1                   1                  
turn_ids         : 82430622957585      82430622957585      82430622957585      82430622957585      82430622957585      82430622957585      82430622957585      82430622957585      82430622957585      82430622957585      82430622957585      82430622957585      82430622957585      82430622957585      82430622957585     
turn_end_types   : 2                   2                   2                   2                   2                   2                   2                   2                   2                   2                   2                   2                   2                   2                   2                  
speaker_ids      : 2                   2                   2                   2                   2                   2                   2                   2                   2                   2                   2                   2                   2                   2                   2                  


A                : <emp>               Ġfiring             <emp>               Ġsquad              Ġis                 Ġis                 Ġwhat               's                  Ġused               Ġa                  Ġfiring             Ġsquad              Ġyeah               <yield>             <emp>              
Timings          : (291.493, 291.853)  (291.744, 292.265)  (291.943, 292.398)  (292.265, 292.73)   (292.73, 293.144)   (293.144, 293.375)  (293.375, 293.485)  (293.485, 293.595)  (293.595, 293.775)  (293.775, 293.815)  (293.815, 294.175)  (294.175, 294.485)  (294.485, 294.908)  (-1.0, -1.0)        (294.97, 295.079)  
Token Types      : 4                   4                   4                   4                   4                   4                   4                   4                   4                   4                   4                   4                   4                   4                   0                  
turn_ids         : 82433307312146      82433307312146      82433307312146      82433307312146      82433307312146      82433307312146      82433307312146      82433307312146      82433307312146      82433307312146      82433307312146      82433307312146      82433307312146      82433307312146      0                  
turn_end_types   : 2                   2                   2                   2                   2                   2                   2                   2                   2                   2                   2                   2                   2                   2                   0                  
speaker_ids      : 1                   1                   1                   1                   1                   1                   1                   1                   1                   1                   1                   1                   1                   1                   0                  

B                : Ġsquad              Ġor                 Ġwhat               <emp>               Ġhuh                <yield>             <emp>               <emp>               <emp>               <emp>               <emp>               <emp>               Ġyeah               Ġthat               's                 
Timings          : (291.493, 291.853)  (291.853, 291.943)  (291.943, 292.398)  (292.265, 292.73)   (292.647, 292.985)  (-1.0, -1.0)        (293.375, 293.485)  (293.485, 293.595)  (293.595, 293.775)  (293.775, 293.815)  (293.815, 294.175)  (294.175, 294.485)  (294.499, 294.861)  (294.861, 294.97)   (294.97, 295.079)  
Token Types      : 1                   1                   1                   1                   1                   1                   0                   0                   0                   0                   0                   0                   4                   4                   4                  
turn_ids         : 82430622957585      82430622957585      82430622957585      82430622957585      82430622957585      82430622957585      0                   0                   0                   0                   0                   0                   82433844183059      82433844183059      82433844183059     
turn_end_types   : 2                   2                   2                   2                   2                   2                   0                   0                   0                   0                   0                   0                   1                   1                   1                  
speaker_ids      : 2                   2                   2                   2                   2                   2                   0                   0                   0                   0                   0                   0                   2                   2                   2                  


A                : <emp>                   <emp>                   <emp>                   <emp>                   <emp>                   <emp>                   <emp>                   <emp>                   <emp>                   <emp>                   <emp>                   <emp>                  
Timings          : (295.079, 295.189)      (295.189, 295.249)      (295.249, 295.489)      (295.489, 295.789)      (296.209, 296.329)      (296.329, 296.449)      (296.449, 296.579)      (296.579, 296.694)      (296.694, 296.869)      (296.869, 297.139)      (297.139, 297.598)      (-1.0, -1.0)           
Token Types      : 0                       0                       0                       0                       0                       0                       0                       0                       0                       0                       0                       0                      
turn_ids         : 0                       0                       0                       0                       0                       0                       0                       0                       0                       0                       0                       0                      
turn_end_types   : 0                       0                       0                       0                       0                       0                       0                       0                       0                       0                       0                       0                      
speaker_ids      : 0                       0                       0                       0                       0                       0                       0                       0                       0                       0                       0                       0                      

B                : Ġwhat                   Ġi                      Ġwas                    Ġthinking               Ġwasn                   't                      Ġthere                  Ġa                      Ġa                      Ġbig                    Ġcase                   <eot>                  
Timings          : (295.079, 295.189)      (295.189, 295.249)      (295.249, 295.489)      (295.489, 295.789)      (296.209, 296.329)      (296.329, 296.449)      (296.449, 296.579)      (296.579, 296.694)      (296.694, 296.869)      (296.869, 297.139)      (297.139, 297.598)      (-1.0, -1.0)           
Token Types      : 4                       4                       4                       4                       4                       4                       4                       4                       4                       4                       4                       4                      
turn_ids         : 82433844183059          82433844183059          82433844183059          82433844183059          82433844183059          82433844183059          82433844183059          82433844183059          82433844183059          82433844183059          82433844183059          82433844183059         
turn_end_types   : 1                       1                       1                       1                       1                       1                       1                       1                       1                       1                       1                       1                      
speaker_ids      : 2                       2                       2                       2                       2                       2                       2                       2                       2                       2                       2                       2                      


