A                : ok                  ay                  Ġuh                 Ġokay               Ġso                 Ġour                Ġsubject            Ġis                 Ġnursing            Ġhomes              Ġum                 Ġdo                 Ġyou                Ġhave               Ġany               
Timings          : (0.309, 0.619)      (0.619, 0.929)      (1.464, 1.993)      (1.993, 2.29)       (2.29, 2.377)       (2.377, 2.493)      (2.493, 2.95)       (2.95, 3.33)        (3.33, 3.72)        (3.72, 4.328)       (5.001, 5.513)      (6.103, 6.163)      (6.163, 6.3)        (6.3, 6.52)         (6.52, 6.929)      
Token Types      : 1                   1                   1                   1                   1                   1                   1                   1                   1                   1                   1                   1                   1                   1                   1                  
turn_ids         : 82722143862784      82722143862784      82722143862784      82722143862784      82722143862784      82722143862784      82722143862784      82722143862784      82722143862784      82722143862784      82722143862784      82722143862784      82722143862784      82722143862784      82722143862784     
turn_end_types   : 2                   2                   2                   2                   2                   2                   2                   2                   2                   2                   2                   2                   2                   2                   2                  
speaker_ids      : 1                   1                   1                   1                   1                   1                   1                   1                   1                   1                   1                   1                   1                   1                   1                  

B                : <emp>               <emp>               <emp>               <emp>               <emp>               <emp>               <emp>               <emp>               <emp>               <emp>               <emp>               <emp>               <emp>               <emp>               <emp>              
Timings          : (0.309, 0.619)      (0.619, 0.929)      (1.464, 1.993)      (1.993, 2.29)       (2.29, 2.377)       (2.377, 2.493)      (2.493, 2.95)       (2.95, 3.33)        (3.33, 3.72)        (3.72, 4.328)       (5.001, 5.513)      (6.103, 6.163)      (6.163, 6.3)        (6.3, 6.52)         (6.52, 6.929)      
Token Types      : 0                   0                   0                   0                   0                   0                   0                   0                   0                   0                   0                   0                   0                   0                   0                  
turn_ids         : 0                   0                   0                   0                   0                   0                   0                   0                   0                   0                   0                   0                   0                   0                   0                  
turn_end_types   : 0                   0                   0                   0                   0                   0                   0                   0                   0                   0                   0                   0                   0                   0                   0                  
speaker_ids      : 0                   0                   0                   0                   0                   0                   0                   0                   0                   0                   0                   0                   0                   0                   0                  


A                : Ġexperience         Ġor                 Ġany                Ġuh                 Ġopinions           Ġon                 Ġwhat               Ġto                 Ġdo                 Ġi                  Ġdo                 <yield>             <emp>               <emp>               <emp>              
Timings          : (7.472, 8.19)       (8.19, 8.328)       (8.328, 8.903)      (8.903, 9.394)      (9.394, 10.015)     (10.015, 10.472)    (11.154, 11.32)     (11.32, 11.434)     (11.434, 11.698)    (11.875, 11.991)    (11.991, 12.153)    (-1.0, -1.0)        (12.536, 13.004)    (13.004, 13.094)    (13.094, 13.154)   
Token Types      : 1                   1                   1                   1                   1                   1                   1                   1                   1                   1                   1                   1                   0                   0                   0                  
turn_ids         : 82722143862784      82722143862784      82722143862784      82722143862784      82722143862784      82722143862784      82722143862784      82722143862784      82722143862784      82722143862784      82722143862784      82722143862784      0                   0                   0                  
turn_end_types   : 2                   2                   2                   2                   2                   2                   2                   2                   2                   2                   2                   2                   0                   0                   0                  
speaker_ids      : 1                   1                   1                   1                   1                   1                   1                   1                   1                   1                   1                   1                   0                   0                   0                  

B                : <emp>               <emp>               <emp>               <emp>               <emp>               <emp>               <emp>               <emp>               <emp>               i                   Ġdo                 Ġhave               Ġactually           Ġas                 Ġa                 
Timings          : (7.472, 8.19)       (8.19, 8.328)       (8.328, 8.903)      (8.903, 9.394)      (9.394, 10.015)     (10.015, 10.472)    (11.154, 11.32)     (11.32, 11.434)     (11.434, 11.698)    (11.859, 12.014)    (12.014, 12.224)    (12.224, 12.465)    (12.536, 13.004)    (13.004, 13.094)    (13.094, 13.154)   
Token Types      : 0                   0                   0                   0                   0                   0                   0                   0                   0                   4                   4                   4                   4                   4                   4                  
turn_ids         : 0                   0                   0                   0                   0                   0                   0                   0                   0                   82725901959169      82725901959169      82725901959169      82725901959169      82725901959169      82725901959169     
turn_end_types   : 0                   0                   0                   0                   0                   0                   0                   0                   0                   1                   1                   1                   1                   1                   1                  
speaker_ids      : 0                   0                   0                   0                   0                   0                   0                   0                   0                   2                   2                   2                   2                   2                   2                  


A                : <emp>               <emp>               <emp>               <emp>               <emp>               <emp>               <emp>               <emp>               <emp>               <emp>               <emp>               <emp>               <emp>               <emp>               <emp>              
Timings          : (13.154, 13.364)    (13.364, 13.434)    (13.434, 13.854)    (13.854, 14.188)    (14.799, 15.034)    (15.034, 15.181)    (15.181, 15.328)    (15.479, 15.531)    (15.531, 15.584)    (15.584, 15.764)    (15.764, 15.944)    (15.944, 16.154)    (16.154, 16.244)    (16.244, 16.404)    (16.404, 16.754)   
Token Types      : 0                   0                   0                   0                   0                   0                   0                   0                   0                   0                   0                   0                   0                   0                   0                  
turn_ids         : 0                   0                   0                   0                   0                   0                   0                   0                   0                   0                   0                   0                   0                   0                   0                  
turn_end_types   : 0                   0                   0                   0                   0                   0                   0                   0                   0                   0                   0                   0                   0                   0                   0                  
speaker_ids      : 0                   0                   0                   0                   0                   0                   0                   0                   0                   0                   0                   0                   0                   0                   0                  

B                : Ġmatter             Ġof                 Ġfact               Ġuh                 Ġand                Ġi                  'm                  Ġi                  'm                  Ġnot                Ġsure               Ġhow                Ġit                 Ġwould              Ġrelate            
Timings          : (13.154, 13.364)    (13.364, 13.434)    (13.434, 13.854)    (13.854, 14.188)    (14.799, 15.034)    (15.034, 15.181)    (15.181, 15.328)    (15.479, 15.531)    (15.531, 15.584)    (15.584, 15.764)    (15.764, 15.944)    (15.944, 16.154)    (16.154, 16.244)    (16.244, 16.404)    (16.404, 16.754)   
Token Types      : 4                   4                   4                   4                   4                   4                   4                   4                   4                   4                   4                   4                   4                   4                   4                  
turn_ids         : 82725901959169      82725901959169      82725901959169      82725901959169      82725901959169      82725901959169      82725901959169      82725901959169      82725901959169      82725901959169      82725901959169      82725901959169      82725901959169      82725901959169      82725901959169     
turn_end_types   : 1                   1                   1                   1                   1                   1                   1                   1                   1                   1                   1                   1                   1                   1                   1                  
speaker_ids      : 2                   2                   2                   2                   2                   2                   2                   2                   2                   2                   2                   2                   2                   2                   2                  


A                : <emp>               <emp>               <emp>               <emp>               <emp>               <emp>               <emp>               <emp>               <emp>               <emp>               <emp>               <emp>               <emp>               <emp>               <emp>              
Timings          : (16.754, 16.844)    (16.844, 16.924)    (16.924, 17.164)    (17.164, 17.514)    (17.514, 17.724)    (17.724, 17.834)    (17.834, 17.904)    (17.904, 18.414)    (18.414, 18.862)    (19.604, 19.727)    (19.727, 20.386)    (20.386, 20.654)    (20.654, 20.844)    (20.844, 21.164)    (21.164, 21.412)   
Token Types      : 0                   0                   0                   0                   0                   0                   0                   0                   0                   0                   0                   0                   0                   0                   0                  
turn_ids         : 0                   0                   0                   0                   0                   0                   0                   0                   0                   0                   0                   0                   0                   0                   0                  
turn_end_types   : 0                   0                   0                   0                   0                   0                   0                   0                   0                   0                   0                   0                   0                   0                   0                  
speaker_ids      : 0                   0                   0                   0                   0                   0                   0                   0                   0                   0                   0                   0                   0                   0                   0                  

B                : Ġto                 Ġthe                Ġbig                Ġcity               Ġbut                Ġthere              Ġare                Ġcertainly          Ġways               Ġand                Ġhumane             Ġand                Ġand                Ġnice               Ġways              
Timings          : (16.754, 16.844)    (16.844, 16.924)    (16.924, 17.164)    (17.164, 17.514)    (17.514, 17.724)    (17.724, 17.834)    (17.834, 17.904)    (17.904, 18.414)    (18.414, 18.862)    (19.604, 19.727)    (19.727, 20.386)    (20.386, 20.654)    (20.654, 20.844)    (20.844, 21.164)    (21.164, 21.412)   
Token Types      : 4                   4                   4                   4                   4                   4                   4                   4                   4                   4                   4                   4                   4                   4                   4                  
turn_ids         : 82725901959169      82725901959169      82725901959169      82725901959169      82725901959169      82725901959169      82725901959169      82725901959169      82725901959169      82725901959169      82725901959169      82725901959169      82725901959169      82725901959169      82725901959169     
turn_end_types   : 1                   1                   1                   1                   1                   1                   1                   1                   1                   1                   1                   1                   1                   1                   1                  
speaker_ids      : 2                   2                   2                   2                   2                   2                   2                   2                   2                   2                   2                   2                   2                   2                   2                  


A                : <emp>               <emp>               <emp>               <emp>               <emp>               <emp>               <emp>               <emp>               <emp>               <emp>               <emp>               <emp>               <emp>               <emp>               <emp>              
Timings          : (21.412, 21.597)    (21.597, 22.044)    (22.044, 22.294)    (22.294, 22.595)    (22.595, 22.788)    (22.788, 23.244)    (23.795, 23.891)    (23.891, 24.082)    (24.082, 24.272)    (24.272, 24.322)    (24.322, 24.562)    (24.562, 24.902)    (24.902, 25.382)    (25.382, 25.482)    (25.482, 25.842)   
Token Types      : 0                   0                   0                   0                   0                   0                   0                   0                   0                   0                   0                   0                   0                   0                   0                  
turn_ids         : 0                   0                   0                   0                   0                   0                   0                   0                   0                   0                   0                   0                   0                   0                   0                  
turn_end_types   : 0                   0                   0                   0                   0                   0                   0                   0                   0                   0                   0                   0                   0                   0                   0                  
speaker_ids      : 0                   0                   0                   0                   0                   0                   0                   0                   0                   0                   0                   0                   0                   0                   0                  

B                : Ġof                 Ġhandling           Ġcare               Ġfor                Ġour                Ġelderly            Ġi                  Ġcome               Ġfrom               Ġa                  Ġvery               Ġsmall              Ġcommunity          Ġin                 Ġnorthern          
Timings          : (21.412, 21.597)    (21.597, 22.044)    (22.044, 22.294)    (22.294, 22.595)    (22.595, 22.788)    (22.788, 23.244)    (23.795, 23.891)    (23.891, 24.082)    (24.082, 24.272)    (24.272, 24.322)    (24.322, 24.562)    (24.562, 24.902)    (24.902, 25.382)    (25.382, 25.482)    (25.482, 25.842)   
Token Types      : 4                   4                   4                   4                   4                   4                   4                   4                   4                   4                   4                   4                   4                   4                   4                  
turn_ids         : 82725901959169      82725901959169      82725901959169      82725901959169      82725901959169      82725901959169      82725901959169      82725901959169      82725901959169      82725901959169      82725901959169      82725901959169      82725901959169      82725901959169      82725901959169     
turn_end_types   : 1                   1                   1                   1                   1                   1                   1                   1                   1                   1                   1                   1                   1                   1                   1                  
speaker_ids      : 2                   2                   2                   2                   2                   2                   2                   2                   2                   2                   2                   2                   2                   2                   2                  


A                : <emp>               <emp>               um                  hum                 <ebc>               <emp>               <emp>               <emp>               <emp>               <emp>               <emp>               <emp>               <emp>               <emp>               <emp>              
Timings          : (25.842, 26.069)    (26.069, 26.295)    (26.456, 26.699)    (26.699, 26.942)    (-1.0, -1.0)        (27.292, 27.352)    (27.352, 27.932)    (27.932, 28.122)    (28.122, 28.282)    (28.282, 28.442)    (28.442, 28.932)    (28.932, 29.148)    (29.348, 29.745)    (30.092, 30.272)    (30.272, 30.85)    
Token Types      : 0                   0                   3                   3                   3                   0                   0                   0                   0                   0                   0                   0                   0                   0                   0                  
turn_ids         : 0                   0                   82724291346433      82724291346433      82724291346433      0                   0                   0                   0                   0                   0                   0                   0                   0                   0                  
turn_end_types   : 0                   0                   0                   0                   0                   0                   0                   0                   0                   0                   0                   0                   0                   0                   0                  
speaker_ids      : 0                   0                   1                   1                   1                   0                   0                   0                   0                   0                   0                   0                   0                   0                   0                  

B                : Ġi                  owa                 <emp>               <emp>               Ġand                Ġthe                Ġchurches           Ġhave               Ġband               ed                  Ġtogether           Ġand                Ġbuilt              Ġand                Ġstaffed           
Timings          : (25.842, 26.069)    (26.069, 26.295)    (26.456, 26.699)    (26.699, 26.942)    (27.09, 27.292)     (27.292, 27.352)    (27.352, 27.932)    (27.932, 28.122)    (28.122, 28.282)    (28.282, 28.442)    (28.442, 28.932)    (28.932, 29.148)    (29.348, 29.745)    (30.092, 30.272)    (30.272, 30.85)    
Token Types      : 4                   4                   4                   4                   4                   4                   4                   4                   4                   4                   4                   4                   4                   4                   4                  
turn_ids         : 82725901959169      82725901959169      82725901959169      82725901959169      82725901959169      82725901959169      82725901959169      82725901959169      82725901959169      82725901959169      82725901959169      82725901959169      82725901959169      82725901959169      82725901959169     
turn_end_types   : 1                   1                   1                   1                   1                   1                   1                   1                   1                   1                   1                   1                   1                   1                   1                  
speaker_ids      : 2                   2                   2                   2                   2                   2                   2                   2                   2                   2                   2                   2                   2                   2                   2                  


A                : <emp>               <emp>               <emp>               Ġthat               's                  Ġwonderful          <eot>               <emp>               <emp>               <emp>               <emp>               <emp>               <emp>               <emp>               <emp>              
Timings          : (31.581, 31.632)    (31.632, 32.196)    (32.196, 32.376)    (32.727, 32.844)    (32.844, 32.96)     (32.96, 33.538)     (-1.0, -1.0)        (34.415, 34.475)    (34.475, 34.735)    (34.735, 34.825)    (34.825, 35.175)    (35.175, 35.335)    (35.335, 35.535)    (35.615, 36.045)    (36.045, 36.484)   
Token Types      : 0                   0                   0                   1                   1                   1                   1                   0                   0                   0                   0                   0                   0                   0                   0                  
turn_ids         : 0                   0                   0                   82722143862786      82722143862786      82722143862786      82722143862786      0                   0                   0                   0                   0                   0                   0                   0                  
turn_end_types   : 0                   0                   0                   1                   1                   1                   1                   0                   0                   0                   0                   0                   0                   0                   0                  
speaker_ids      : 0                   0                   0                   1                   1                   1                   1                   0                   0                   0                   0                   0                   0                   0                   0                  

B                : Ġa                  Ġretirement         Ġhome               <eot>               <emp>               <emp>               Ġand                Ġthe                Ġcare               Ġof                 Ġcourse             Ġis                 Ġis                 Ġwonderful          Ġbecause           
Timings          : (31.581, 31.632)    (31.632, 32.196)    (32.196, 32.376)    (-1.0, -1.0)        (32.844, 32.96)     (32.96, 33.538)     (34.065, 34.415)    (34.415, 34.475)    (34.475, 34.735)    (34.735, 34.825)    (34.825, 35.175)    (35.175, 35.335)    (35.335, 35.535)    (35.615, 36.045)    (36.045, 36.484)   
Token Types      : 4                   4                   4                   4                   0                   0                   1                   1                   1                   1                   1                   1                   1                   1                   1                  
turn_ids         : 82725901959169      82725901959169      82725901959169      82725901959169      0                   0                   82722680733699      82722680733699      82722680733699      82722680733699      82722680733699      82722680733699      82722680733699      82722680733699      82722680733699     
turn_end_types   : 1                   1                   1                   1                   0                   0                   1                   1                   1                   1                   1                   1                   1                   1                   1                  
speaker_ids      : 2                   2                   2                   2                   0                   0                   2                   2                   2                   2                   2                   2                   2                   2                   2                  


A                : <emp>               <emp>               <emp>               <emp>               <emp>               <emp>               Ġum                 hum                 <ebc>               <emp>               <emp>               <emp>               <emp>               <emp>               <emp>              
Timings          : (36.92, 37.165)     (37.165, 37.235)    (37.235, 37.305)    (37.305, 37.595)    (37.595, 37.695)    (37.695, 38.025)    (38.343, 38.556)    (38.556, 38.77)     (-1.0, -1.0)        (39.001, 39.266)    (39.266, 39.526)    (39.526, 39.596)    (39.596, 40.006)    (40.006, 40.076)    (40.076, 40.516)   
Token Types      : 0                   0                   0                   0                   0                   0                   3                   3                   3                   0                   0                   0                   0                   0                   0                  
turn_ids         : 0                   0                   0                   0                   0                   0                   82724291346435      82724291346435      82724291346435      0                   0                   0                   0                   0                   0                  
turn_end_types   : 0                   0                   0                   0                   0                   0                   0                   0                   0                   0                   0                   0                   0                   0                   0                  
speaker_ids      : 0                   0                   0                   0                   0                   0                   1                   1                   1                   0                   0                   0                   0                   0                   0                  

B                : Ġthese              Ġare                Ġall                Ġpeople             Ġwho                Ġcare               <emp>               <emp>               Ġand                Ġevery              Ġweek               Ġthe                Ġchurches           Ġa                  Ġdifferent         
Timings          : (36.92, 37.165)     (37.165, 37.235)    (37.235, 37.305)    (37.305, 37.595)    (37.595, 37.695)    (37.695, 38.025)    (38.343, 38.556)    (38.556, 38.77)     (38.77, 39.001)     (39.001, 39.266)    (39.266, 39.526)    (39.526, 39.596)    (39.596, 40.006)    (40.006, 40.076)    (40.076, 40.516)   
Token Types      : 1                   1                   1                   1                   1                   1                   1                   1                   1                   1                   1                   1                   1                   1                   1                  
turn_ids         : 82722680733699      82722680733699      82722680733699      82722680733699      82722680733699      82722680733699      82722680733699      82722680733699      82722680733699      82722680733699      82722680733699      82722680733699      82722680733699      82722680733699      82722680733699     
turn_end_types   : 1                   1                   1                   1                   1                   1                   1                   1                   1                   1                   1                   1                   1                   1                   1                  
speaker_ids      : 2                   2                   2                   2                   2                   2                   2                   2                   2                   2                   2                   2                   2                   2                   2                  


A                : <emp>               <emp>               <emp>               <emp>               <emp>               <emp>               <emp>               <emp>               <emp>               <emp>               <emp>               <emp>               <emp>               <emp>               <emp>              
Timings          : (40.516, 40.606)    (40.606, 40.926)    (40.926, 40.986)    (40.986, 41.056)    (41.056, 41.526)    (41.526, 42.026)    (42.026, 42.136)    (42.136, 42.366)    (42.366, 42.506)    (42.506, 42.646)    (42.646, 42.876)    (42.876, 43.066)    (43.066, 43.221)    (43.221, 43.376)    (43.376, 43.766)   
Token Types      : 0                   0                   0                   0                   0                   0                   0                   0                   0                   0                   0                   0                   0                   0                   0                  
turn_ids         : 0                   0                   0                   0                   0                   0                   0                   0                   0                   0                   0                   0                   0                   0                   0                  
turn_end_types   : 0                   0                   0                   0                   0                   0                   0                   0                   0                   0                   0                   0                   0                   0                   0                  
speaker_ids      : 0                   0                   0                   0                   0                   0                   0                   0                   0                   0                   0                   0                   0                   0                   0                  

B                : Ġuh                 Ġgroups             Ġof                 Ġthe                Ġchurches           Ġvolunteer          Ġand                Ġcome               Ġin                 Ġand                Ġmaybe              Ġhave               Ġb                  ingo                Ġday               
Timings          : (40.516, 40.606)    (40.606, 40.926)    (40.926, 40.986)    (40.986, 41.056)    (41.056, 41.526)    (41.526, 42.026)    (42.026, 42.136)    (42.136, 42.366)    (42.366, 42.506)    (42.506, 42.646)    (42.646, 42.876)    (42.876, 43.066)    (43.066, 43.221)    (43.221, 43.376)    (43.376, 43.766)   
Token Types      : 1                   1                   1                   1                   1                   1                   1                   1                   1                   1                   1                   1                   1                   1                   1                  
turn_ids         : 82722680733699      82722680733699      82722680733699      82722680733699      82722680733699      82722680733699      82722680733699      82722680733699      82722680733699      82722680733699      82722680733699      82722680733699      82722680733699      82722680733699      82722680733699     
turn_end_types   : 1                   1                   1                   1                   1                   1                   1                   1                   1                   1                   1                   1                   1                   1                   1                  
speaker_ids      : 2                   2                   2                   2                   2                   2                   2                   2                   2                   2                   2                   2                   2                   2                   2                  


A                : <emp>               <emp>               <emp>               <emp>               <emp>               <emp>               <emp>               <emp>               <emp>               <emp>               <emp>               <emp>               <emp>               <emp>               <emp>              
Timings          : (43.766, 43.976)    (44.499, 44.736)    (44.736, 45.356)    (45.356, 45.516)    (45.516, 45.656)    (45.656, 45.826)    (45.826, 46.096)    (46.096, 46.246)    (46.246, 46.356)    (46.356, 46.796)    (46.796, 46.986)    (46.986, 47.47)     (48.342, 48.563)    (48.563, 48.657)    (48.657, 48.927)   
Token Types      : 0                   0                   0                   0                   0                   0                   0                   0                   0                   0                   0                   0                   0                   0                   0                  
turn_ids         : 0                   0                   0                   0                   0                   0                   0                   0                   0                   0                   0                   0                   0                   0                   0                  
turn_end_types   : 0                   0                   0                   0                   0                   0                   0                   0                   0                   0                   0                   0                   0                   0                   0                  
speaker_ids      : 0                   0                   0                   0                   0                   0                   0                   0                   0                   0                   0                   0                   0                   0                   0                  

B                : Ġor                 Ġspecial            Ġcelebration        Ġday                Ġor                 Ġhelp               Ġsomeone            Ġwith               Ġtheir              Ġbirthday           Ġor                 Ġwhatever           Ġand                Ġit                 Ġmakes             
Timings          : (43.766, 43.976)    (44.499, 44.736)    (44.736, 45.356)    (45.356, 45.516)    (45.516, 45.656)    (45.656, 45.826)    (45.826, 46.096)    (46.096, 46.246)    (46.246, 46.356)    (46.356, 46.796)    (46.796, 46.986)    (46.986, 47.47)     (48.342, 48.563)    (48.563, 48.657)    (48.657, 48.927)   
Token Types      : 1                   1                   1                   1                   1                   1                   1                   1                   1                   1                   1                   1                   1                   1                   1                  
turn_ids         : 82722680733699      82722680733699      82722680733699      82722680733699      82722680733699      82722680733699      82722680733699      82722680733699      82722680733699      82722680733699      82722680733699      82722680733699      82722680733699      82722680733699      82722680733699     
turn_end_types   : 1                   1                   1                   1                   1                   1                   1                   1                   1                   1                   1                   1                   1                   1                   1                  
speaker_ids      : 2                   2                   2                   2                   2                   2                   2                   2                   2                   2                   2                   2                   2                   2                   2                  


A                : <emp>               <emp>               <emp>               <emp>               <emp>               <emp>               <emp>               <emp>               <emp>               <emp>               <emp>               <emp>               <emp>               <emp>               <emp>              
Timings          : (48.927, 48.997)    (48.997, 49.297)    (49.297, 49.487)    (49.487, 50.217)    (50.217, 50.287)    (50.287, 50.774)    (51.271, 51.459)    (51.859, 52.157)    (52.157, 52.267)    (52.267, 52.437)    (52.437, 52.497)    (52.497, 52.767)    (52.767, 53.217)    (53.217, 53.647)    (53.647, 53.967)   
Token Types      : 0                   0                   0                   0                   0                   0                   0                   0                   0                   0                   0                   0                   0                   0                   0                  
turn_ids         : 0                   0                   0                   0                   0                   0                   0                   0                   0                   0                   0                   0                   0                   0                   0                  
turn_end_types   : 0                   0                   0                   0                   0                   0                   0                   0                   0                   0                   0                   0                   0                   0                   0                  
speaker_ids      : 0                   0                   0                   0                   0                   0                   0                   0                   0                   0                   0                   0                   0                   0                   0                  

B                : Ġthe                Ġcare               Ġvery               Ġpersonalized       Ġof                 Ġcourse             Ġbut                Ġsince              Ġit                 Ġis                 Ġa                  Ġsmall              Ġcommunity          Ġeverybody          Ġknows             
Timings          : (48.927, 48.997)    (48.997, 49.297)    (49.297, 49.487)    (49.487, 50.217)    (50.217, 50.287)    (50.287, 50.774)    (51.271, 51.459)    (51.859, 52.157)    (52.157, 52.267)    (52.267, 52.437)    (52.437, 52.497)    (52.497, 52.767)    (52.767, 53.217)    (53.217, 53.647)    (53.647, 53.967)   
Token Types      : 1                   1                   1                   1                   1                   1                   1                   1                   1                   1                   1                   1                   1                   1                   1                  
turn_ids         : 82722680733699      82722680733699      82722680733699      82722680733699      82722680733699      82722680733699      82722680733699      82722680733699      82722680733699      82722680733699      82722680733699      82722680733699      82722680733699      82722680733699      82722680733699     
turn_end_types   : 1                   1                   1                   1                   1                   1                   1                   1                   1                   1                   1                   1                   1                   1                   1                  
speaker_ids      : 2                   2                   2                   2                   2                   2                   2                   2                   2                   2                   2                   2                   2                   2                   2                  


A                : <emp>               Ġum                 hum                 <ebc>               <emp>               <emp>               <emp>               <emp>               <emp>               <emp>               <emp>               <emp>               <emp>               <emp>               <emp>              
Timings          : (53.967, 54.495)    (54.667, 54.903)    (54.903, 55.138)    (-1.0, -1.0)        (55.229, 55.417)    (55.417, 55.657)    (55.657, 55.827)    (55.827, 55.977)    (55.977, 56.079)    (56.079, 56.203)    (56.203, 56.817)    (56.817, 57.347)    (57.347, 57.727)    (57.727, 57.827)    (57.827, 58.037)   
Token Types      : 0                   3                   3                   3                   0                   0                   0                   0                   0                   0                   0                   0                   0                   0                   0                  
turn_ids         : 0                   82724291346436      82724291346436      82724291346436      0                   0                   0                   0                   0                   0                   0                   0                   0                   0                   0                  
turn_end_types   : 0                   0                   0                   0                   0                   0                   0                   0                   0                   0                   0                   0                   0                   0                   0                  
speaker_ids      : 0                   1                   1                   1                   0                   0                   0                   0                   0                   0                   0                   0                   0                   0                   0                  

B                : Ġeverybody          <emp>               <emp>               Ġand                Ġso                 Ġthere              Ġthere              Ġwould              Ġbe                 Ġno                 Ġabsolutely         Ġzero               Ġchance             Ġof                 Ġany               
Timings          : (53.967, 54.495)    (54.667, 54.903)    (54.903, 55.138)    (55.128, 55.229)    (55.229, 55.417)    (55.417, 55.657)    (55.657, 55.827)    (55.827, 55.977)    (55.977, 56.079)    (56.079, 56.203)    (56.203, 56.817)    (56.817, 57.347)    (57.347, 57.727)    (57.727, 57.827)    (57.827, 58.037)   
Token Types      : 1                   1                   1                   1                   1                   1                   1                   1                   1                   1                   1                   1                   1                   1                   1                  
turn_ids         : 82722680733699      82722680733699      82722680733699      82722680733699      82722680733699      82722680733699      82722680733699      82722680733699      82722680733699      82722680733699      82722680733699      82722680733699      82722680733699      82722680733699      82722680733699     
turn_end_types   : 1                   1                   1                   1                   1                   1                   1                   1                   1                   1                   1                   1                   1                   1                   1                  
speaker_ids      : 2                   2                   2                   2                   2                   2                   2                   2                   2                   2                   2                   2                   2                   2                   2                  


A                : <emp>               Ġum                 hum                 <ebc>               Ġthat               's                  Ġgreat              Ġbecause            Ġuh                 Ġyou                Ġknow               Ġi                  Ġthink              Ġthat               Ġis                
Timings          : (58.037, 58.42)     (58.624, 58.848)    (58.848, 59.071)    (-1.0, -1.0)        (60.364, 60.553)    (60.553, 60.741)    (60.741, 61.131)    (61.131, 61.731)    (61.731, 61.995)    (62.896, 63.015)    (63.015, 63.099)    (63.099, 63.209)    (63.209, 63.439)    (63.439, 63.599)    (63.599, 63.699)   
Token Types      : 0                   3                   3                   3                   1                   1                   1                   1                   1                   1                   1                   1                   1                   1                   1                  
turn_ids         : 0                   82724291346437      82724291346437      82724291346437      82722143862788      82722143862788      82722143862788      82722143862788      82722143862788      82722143862788      82722143862788      82722143862788      82722143862788      82722143862788      82722143862788     
turn_end_types   : 0                   0                   0                   0                   1                   1                   1                   1                   1                   1                   1                   1                   1                   1                   1                  
speaker_ids      : 0                   1                   1                   1                   1                   1                   1                   1                   1                   1                   1                   1                   1                   1                   1                  

B                : Ġabuse              <eot>               <emp>               <emp>               <emp>               <emp>               <emp>               <emp>               <emp>               <emp>               <emp>               <emp>               <emp>               <emp>               <emp>              
Timings          : (58.037, 58.42)     (-1.0, -1.0)        (58.848, 59.071)    (-1.0, -1.0)        (60.364, 60.553)    (60.553, 60.741)    (60.741, 61.131)    (61.131, 61.731)    (61.731, 61.995)    (62.896, 63.015)    (63.015, 63.099)    (63.099, 63.209)    (63.209, 63.439)    (63.439, 63.599)    (63.599, 63.699)   
Token Types      : 1                   1                   0                   0                   0                   0                   0                   0                   0                   0                   0                   0                   0                   0                   0                  
turn_ids         : 82722680733699      82722680733699      0                   0                   0                   0                   0                   0                   0                   0                   0                   0                   0                   0                   0                  
turn_end_types   : 1                   1                   0                   0                   0                   0                   0                   0                   0                   0                   0                   0                   0                   0                   0                  
speaker_ids      : 2                   2                   0                   0                   0                   0                   0                   0                   0                   0                   0                   0                   0                   0                   0                  


A                : Ġprobably           Ġa                  Ġpersons            Ġgreatest           Ġfear               Ġand                Ġi                  'm                  Ġnot                Ġfaced              Ġwith               Ġthis               Ġyet                Ġbut                Ġmy                
Timings          : (63.699, 64.379)    (64.379, 64.439)    (64.439, 64.869)    (64.869, 65.409)    (65.409, 65.709)    (65.709, 65.879)    (65.879, 65.944)    (65.944, 66.009)    (66.009, 66.199)    (66.199, 66.509)    (66.509, 66.629)    (66.629, 66.819)    (66.819, 67.129)    (67.129, 67.269)    (67.269, 67.369)   
Token Types      : 1                   1                   1                   1                   1                   1                   1                   1                   1                   1                   1                   1                   1                   1                   1                  
turn_ids         : 82722143862788      82722143862788      82722143862788      82722143862788      82722143862788      82722143862788      82722143862788      82722143862788      82722143862788      82722143862788      82722143862788      82722143862788      82722143862788      82722143862788      82722143862788     
turn_end_types   : 1                   1                   1                   1                   1                   1                   1                   1                   1                   1                   1                   1                   1                   1                   1                  
speaker_ids      : 1                   1                   1                   1                   1                   1                   1                   1                   1                   1                   1                   1                   1                   1                   1                  

B                : <emp>               <emp>               <emp>               <emp>               <emp>               <emp>               <emp>               <emp>               <emp>               <emp>               <emp>               <emp>               <emp>               <emp>               <emp>              
Timings          : (63.699, 64.379)    (64.379, 64.439)    (64.439, 64.869)    (64.869, 65.409)    (65.409, 65.709)    (65.709, 65.879)    (65.879, 65.944)    (65.944, 66.009)    (66.009, 66.199)    (66.199, 66.509)    (66.509, 66.629)    (66.629, 66.819)    (66.819, 67.129)    (67.129, 67.269)    (67.269, 67.369)   
Token Types      : 0                   0                   0                   0                   0                   0                   0                   0                   0                   0                   0                   0                   0                   0                   0                  
turn_ids         : 0                   0                   0                   0                   0                   0                   0                   0                   0                   0                   0                   0                   0                   0                   0                  
turn_end_types   : 0                   0                   0                   0                   0                   0                   0                   0                   0                   0                   0                   0                   0                   0                   0                  
speaker_ids      : 0                   0                   0                   0                   0                   0                   0                   0                   0                   0                   0                   0                   0                   0                   0                  


A                : Ġmother             Ġis                 Ġseventy            Ġthree              Ġshe                's                  Ġin                 Ġgood               Ġhealth             Ġand                Ġliving             Ġby                 Ġherself            Ġbut                Ġum                
Timings          : (67.369, 67.679)    (67.679, 67.819)    (67.819, 68.299)    (68.299, 68.789)    (68.789, 68.894)    (68.894, 68.999)    (68.999, 69.079)    (69.079, 69.24)     (69.24, 69.519)     (69.519, 69.649)    (69.649, 69.879)    (69.879, 70.022)    (70.022, 70.444)    (70.444, 70.6)      (71.313, 71.587)   
Token Types      : 1                   1                   1                   1                   1                   1                   1                   1                   1                   1                   1                   1                   1                   1                   1                  
turn_ids         : 82722143862788      82722143862788      82722143862788      82722143862788      82722143862788      82722143862788      82722143862788      82722143862788      82722143862788      82722143862788      82722143862788      82722143862788      82722143862788      82722143862788      82722143862788     
turn_end_types   : 1                   1                   1                   1                   1                   1                   1                   1                   1                   1                   1                   1                   1                   1                   1                  
speaker_ids      : 1                   1                   1                   1                   1                   1                   1                   1                   1                   1                   1                   1                   1                   1                   1                  

B                : <emp>               <emp>               <emp>               <emp>               <emp>               <emp>               <emp>               <emp>               <emp>               <emp>               <emp>               <emp>               <emp>               <emp>               <emp>              
Timings          : (67.369, 67.679)    (67.679, 67.819)    (67.819, 68.299)    (68.299, 68.789)    (68.789, 68.894)    (68.894, 68.999)    (68.999, 69.079)    (69.079, 69.24)     (69.24, 69.519)     (69.519, 69.649)    (69.649, 69.879)    (69.879, 70.022)    (70.022, 70.444)    (70.444, 70.6)      (71.313, 71.587)   
Token Types      : 0                   0                   0                   0                   0                   0                   0                   0                   0                   0                   0                   0                   0                   0                   0                  
turn_ids         : 0                   0                   0                   0                   0                   0                   0                   0                   0                   0                   0                   0                   0                   0                   0                  
turn_end_types   : 0                   0                   0                   0                   0                   0                   0                   0                   0                   0                   0                   0                   0                   0                   0                  
speaker_ids      : 0                   0                   0                   0                   0                   0                   0                   0                   0                   0                   0                   0                   0                   0                   0                  


A                : Ġi                  'll                 Ġprobably           Ġbe                 Ġfaced              Ġwith               Ġthis               Ġyou                Ġknow               Ġsometime           Ġin                 Ġthe                Ġnext               Ġfew                Ġyears             
Timings          : (71.938, 72.009)    (72.009, 72.08)     (72.08, 72.499)     (72.499, 72.609)    (72.609, 72.929)    (72.929, 73.029)    (73.029, 73.329)    (73.329, 73.499)    (73.499, 73.609)    (73.609, 74.189)    (74.524, 74.749)    (74.749, 74.819)    (74.819, 75.089)    (75.089, 75.279)    (75.279, 75.659)   
Token Types      : 1                   1                   1                   1                   1                   1                   1                   1                   1                   1                   1                   1                   1                   1                   1                  
turn_ids         : 82722143862788      82722143862788      82722143862788      82722143862788      82722143862788      82722143862788      82722143862788      82722143862788      82722143862788      82722143862788      82722143862788      82722143862788      82722143862788      82722143862788      82722143862788     
turn_end_types   : 1                   1                   1                   1                   1                   1                   1                   1                   1                   1                   1                   1                   1                   1                   1                  
speaker_ids      : 1                   1                   1                   1                   1                   1                   1                   1                   1                   1                   1                   1                   1                   1                   1                  

B                : <emp>               <emp>               <emp>               <emp>               <emp>               <emp>               <emp>               <emp>               <emp>               <emp>               <emp>               <emp>               <emp>               <emp>               <emp>              
Timings          : (71.938, 72.009)    (72.009, 72.08)     (72.08, 72.499)     (72.499, 72.609)    (72.609, 72.929)    (72.929, 73.029)    (73.029, 73.329)    (73.329, 73.499)    (73.499, 73.609)    (73.609, 74.189)    (74.524, 74.749)    (74.749, 74.819)    (74.819, 75.089)    (75.089, 75.279)    (75.279, 75.659)   
Token Types      : 0                   0                   0                   0                   0                   0                   0                   0                   0                   0                   0                   0                   0                   0                   0                  
turn_ids         : 0                   0                   0                   0                   0                   0                   0                   0                   0                   0                   0                   0                   0                   0                   0                  
turn_end_types   : 0                   0                   0                   0                   0                   0                   0                   0                   0                   0                   0                   0                   0                   0                   0                  
speaker_ids      : 0                   0                   0                   0                   0                   0                   0                   0                   0                   0                   0                   0                   0                   0                   0                  


A                : Ġas                 Ġto                 Ġwhat               Ġto                 Ġdo                 Ġwhen               Ġmom                Ġgets               Ġto                 Ġthe                Ġpoint              Ġthat               Ġshe                Ġcan                't                 
Timings          : (75.659, 75.869)    (75.869, 76.189)    (76.189, 76.449)    (76.449, 76.539)    (76.539, 76.679)    (76.679, 77.009)    (77.009, 77.289)    (77.289, 77.481)    (77.481, 77.59)     (77.59, 77.739)     (77.739, 78.069)    (78.589, 78.839)    (78.839, 78.929)    (78.929, 79.069)    (79.069, 79.209)   
Token Types      : 1                   1                   1                   1                   1                   1                   1                   1                   1                   1                   1                   1                   1                   1                   1                  
turn_ids         : 82722143862788      82722143862788      82722143862788      82722143862788      82722143862788      82722143862788      82722143862788      82722143862788      82722143862788      82722143862788      82722143862788      82722143862788      82722143862788      82722143862788      82722143862788     
turn_end_types   : 1                   1                   1                   1                   1                   1                   1                   1                   1                   1                   1                   1                   1                   1                   1                  
speaker_ids      : 1                   1                   1                   1                   1                   1                   1                   1                   1                   1                   1                   1                   1                   1                   1                  

B                : <emp>               <emp>               <emp>               <emp>               <emp>               <emp>               <emp>               <emp>               <emp>               <emp>               <emp>               <emp>               <emp>               <emp>               <emp>              
Timings          : (75.659, 75.869)    (75.869, 76.189)    (76.189, 76.449)    (76.449, 76.539)    (76.539, 76.679)    (76.679, 77.009)    (77.009, 77.289)    (77.289, 77.481)    (77.481, 77.59)     (77.59, 77.739)     (77.739, 78.069)    (78.589, 78.839)    (78.839, 78.929)    (78.929, 79.069)    (79.069, 79.209)   
Token Types      : 0                   0                   0                   0                   0                   0                   0                   0                   0                   0                   0                   0                   0                   0                   0                  
turn_ids         : 0                   0                   0                   0                   0                   0                   0                   0                   0                   0                   0                   0                   0                   0                   0                  
turn_end_types   : 0                   0                   0                   0                   0                   0                   0                   0                   0                   0                   0                   0                   0                   0                   0                  
speaker_ids      : 0                   0                   0                   0                   0                   0                   0                   0                   0                   0                   0                   0                   0                   0                   0                  


A                : Ġtake               Ġcare               Ġof                 Ġherself            Ġum                 Ġunfortunately      Ġhaving             Ġher                Ġcome               Ġlive               Ġwith               Ġus                 Ġyou                Ġknow               Ġif                
Timings          : (79.209, 79.349)    (79.349, 79.559)    (79.559, 79.639)    (79.639, 80.173)    (81.105, 81.418)    (82.45, 83.317)     (83.521, 83.868)    (83.868, 83.979)    (83.979, 84.239)    (84.239, 84.409)    (84.409, 84.589)    (84.589, 84.949)    (85.529, 85.688)    (85.688, 85.809)    (85.809, 85.909)   
Token Types      : 1                   1                   1                   1                   1                   1                   1                   1                   1                   1                   1                   1                   1                   1                   1                  
turn_ids         : 82722143862788      82722143862788      82722143862788      82722143862788      82722143862788      82722143862788      82722143862788      82722143862788      82722143862788      82722143862788      82722143862788      82722143862788      82722143862788      82722143862788      82722143862788     
turn_end_types   : 1                   1                   1                   1                   1                   1                   1                   1                   1                   1                   1                   1                   1                   1                   1                  
speaker_ids      : 1                   1                   1                   1                   1                   1                   1                   1                   1                   1                   1                   1                   1                   1                   1                  

B                : <emp>               <emp>               <emp>               <emp>               <emp>               <emp>               <emp>               <emp>               <emp>               <emp>               <emp>               <emp>               <emp>               <emp>               <emp>              
Timings          : (79.209, 79.349)    (79.349, 79.559)    (79.559, 79.639)    (79.639, 80.173)    (81.105, 81.418)    (82.45, 83.317)     (83.521, 83.868)    (83.868, 83.979)    (83.979, 84.239)    (84.239, 84.409)    (84.409, 84.589)    (84.589, 84.949)    (85.529, 85.688)    (85.688, 85.809)    (85.809, 85.909)   
Token Types      : 0                   0                   0                   0                   0                   0                   0                   0                   0                   0                   0                   0                   0                   0                   0                  
turn_ids         : 0                   0                   0                   0                   0                   0                   0                   0                   0                   0                   0                   0                   0                   0                   0                  
turn_end_types   : 0                   0                   0                   0                   0                   0                   0                   0                   0                   0                   0                   0                   0                   0                   0                  
speaker_ids      : 0                   0                   0                   0                   0                   0                   0                   0                   0                   0                   0                   0                   0                   0                   0                  


A                : Ġshe                Ġneeds              Ġconstant           Ġcare               Ġis                 Ġnot                Ġgoing              Ġto                 Ġbe                 Ġan                 Ġoption             Ġand                Ġwhat               Ġdo                 Ġyou               
Timings          : (85.909, 86.019)    (86.019, 86.218)    (86.218, 86.638)    (86.638, 86.849)    (86.849, 86.938)    (86.938, 87.108)    (87.108, 87.269)    (87.269, 87.328)    (87.328, 87.438)    (87.438, 87.538)    (87.538, 88.021)    (88.849, 89.378)    (89.378, 89.529)    (89.529, 89.589)    (89.589, 89.678)   
Token Types      : 1                   1                   1                   1                   1                   1                   1                   1                   1                   1                   1                   1                   1                   1                   1                  
turn_ids         : 82722143862788      82722143862788      82722143862788      82722143862788      82722143862788      82722143862788      82722143862788      82722143862788      82722143862788      82722143862788      82722143862788      82722143862788      82722143862788      82722143862788      82722143862788     
turn_end_types   : 1                   1                   1                   1                   1                   1                   1                   1                   1                   1                   1                   1                   1                   1                   1                  
speaker_ids      : 1                   1                   1                   1                   1                   1                   1                   1                   1                   1                   1                   1                   1                   1                   1                  

B                : <emp>               <emp>               <emp>               <emp>               <emp>               <emp>               <emp>               <emp>               <emp>               <emp>               <emp>               <emp>               <emp>               <emp>               <emp>              
Timings          : (85.909, 86.019)    (86.019, 86.218)    (86.218, 86.638)    (86.638, 86.849)    (86.849, 86.938)    (86.938, 87.108)    (87.108, 87.269)    (87.269, 87.328)    (87.328, 87.438)    (87.438, 87.538)    (87.538, 88.021)    (88.849, 89.378)    (89.378, 89.529)    (89.529, 89.589)    (89.589, 89.678)   
Token Types      : 0                   0                   0                   0                   0                   0                   0                   0                   0                   0                   0                   0                   0                   0                   0                  
turn_ids         : 0                   0                   0                   0                   0                   0                   0                   0                   0                   0                   0                   0                   0                   0                   0                  
turn_end_types   : 0                   0                   0                   0                   0                   0                   0                   0                   0                   0                   0                   0                   0                   0                   0                  
speaker_ids      : 0                   0                   0                   0                   0                   0                   0                   0                   0                   0                   0                   0                   0                   0                   0                  


A                : Ġdo                 Ġyou                Ġknow               <eot>               <emp>               <emp>               <emp>               <emp>               <emp>               <emp>               <emp>               <emp>               <emp>               <emp>               <emp>              
Timings          : (89.678, 89.79)     (89.79, 90.124)     (90.124, 90.517)    (-1.0, -1.0)        (91.145, 91.262)    (91.262, 91.38)     (91.38, 91.464)     (91.464, 91.548)    (91.548, 91.628)    (91.628, 91.758)    (91.758, 92.358)    (92.358, 92.667)    (93.405, 93.568)    (93.568, 93.748)    (93.748, 93.828)   
Token Types      : 1                   1                   1                   1                   0                   0                   0                   0                   0                   0                   0                   0                   0                   0                   0                  
turn_ids         : 82722143862788      82722143862788      82722143862788      82722143862788      0                   0                   0                   0                   0                   0                   0                   0                   0                   0                   0                  
turn_end_types   : 1                   1                   1                   1                   0                   0                   0                   0                   0                   0                   0                   0                   0                   0                   0                  
speaker_ids      : 1                   1                   1                   1                   0                   0                   0                   0                   0                   0                   0                   0                   0                   0                   0                  

B                : <emp>               <emp>               <emp>               Ġyeah               Ġit                 's                  Ġit                 's                  Ġa                  Ġreal               Ġproblem            Ġum                 Ġit                 Ġis                 Ġa                 
Timings          : (89.678, 89.79)     (89.79, 90.124)     (90.124, 90.517)    (90.928, 91.145)    (91.145, 91.262)    (91.262, 91.38)     (91.38, 91.464)     (91.464, 91.548)    (91.548, 91.628)    (91.628, 91.758)    (91.758, 92.358)    (92.358, 92.667)    (93.405, 93.568)    (93.568, 93.748)    (93.748, 93.828)   
Token Types      : 0                   0                   0                   1                   1                   1                   1                   1                   1                   1                   1                   1                   1                   1                   1                  
turn_ids         : 0                   0                   0                   82722680733701      82722680733701      82722680733701      82722680733701      82722680733701      82722680733701      82722680733701      82722680733701      82722680733701      82722680733701      82722680733701      82722680733701     
turn_end_types   : 0                   0                   0                   1                   1                   1                   1                   1                   1                   1                   1                   1                   1                   1                   1                  
speaker_ids      : 0                   0                   0                   2                   2                   2                   2                   2                   2                   2                   2                   2                   2                   2                   2                  


A                : <emp>               <emp>               <emp>               <emp>               <emp>               <emp>               <emp>               <emp>               <emp>               <emp>               <emp>               <emp>               <emp>               <emp>               <emp>              
Timings          : (93.828, 93.978)    (93.978, 94.458)    (94.458, 94.782)    (95.305, 95.358)    (95.358, 95.628)    (95.628, 95.781)    (95.992, 96.398)    (96.398, 96.658)    (96.658, 96.738)    (96.738, 96.988)    (96.988, 97.098)    (97.098, 97.378)    (97.378, 97.488)    (97.488, 97.598)    (97.598, 97.688)   
Token Types      : 0                   0                   0                   0                   0                   0                   0                   0                   0                   0                   0                   0                   0                   0                   0                  
turn_ids         : 0                   0                   0                   0                   0                   0                   0                   0                   0                   0                   0                   0                   0                   0                   0                  
turn_end_types   : 0                   0                   0                   0                   0                   0                   0                   0                   0                   0                   0                   0                   0                   0                   0                  
speaker_ids      : 0                   0                   0                   0                   0                   0                   0                   0                   0                   0                   0                   0                   0                   0                   0                  

B                : Ġreal               Ġproblem            Ġand                Ġi                  Ġknow               Ġthat               Ġeverybody          Ġhates              Ġthe                Ġidea               Ġof                 Ġgoing              Ġto                 Ġone                Ġof                
Timings          : (93.828, 93.978)    (93.978, 94.458)    (94.458, 94.782)    (95.305, 95.358)    (95.358, 95.628)    (95.628, 95.781)    (95.992, 96.398)    (96.398, 96.658)    (96.658, 96.738)    (96.738, 96.988)    (96.988, 97.098)    (97.098, 97.378)    (97.378, 97.488)    (97.488, 97.598)    (97.598, 97.688)   
Token Types      : 1                   1                   1                   1                   1                   1                   1                   1                   1                   1                   1                   1                   1                   1                   1                  
turn_ids         : 82722680733701      82722680733701      82722680733701      82722680733701      82722680733701      82722680733701      82722680733701      82722680733701      82722680733701      82722680733701      82722680733701      82722680733701      82722680733701      82722680733701      82722680733701     
turn_end_types   : 1                   1                   1                   1                   1                   1                   1                   1                   1                   1                   1                   1                   1                   1                   1                  
speaker_ids      : 2                   2                   2                   2                   2                   2                   2                   2                   2                   2                   2                   2                   2                   2                   2                  


A                : <emp>               <emp>               <emp>               <emp>               <emp>               <emp>               <emp>               <emp>               <emp>               <emp>               <emp>               <emp>               <emp>               <emp>               <emp>              
Timings          : (97.688, 97.928)    (97.928, 98.258)    (98.661, 98.778)    (98.778, 99.228)    (99.228, 99.568)    (99.568, 99.972)    (101.453, 101.662)  (101.662, 101.842)  (101.842, 101.912)  (101.912, 102.552)  (102.552, 102.671)  (102.784, 102.902)  (102.902, 103.082)  (103.082, 103.272)  (103.272, 103.532) 
Token Types      : 0                   0                   0                   0                   0                   0                   0                   0                   0                   0                   0                   0                   0                   0                   0                  
turn_ids         : 0                   0                   0                   0                   0                   0                   0                   0                   0                   0                   0                   0                   0                   0                   0                  
turn_end_types   : 0                   0                   0                   0                   0                   0                   0                   0                   0                   0                   0                   0                   0                   0                   0                  
speaker_ids      : 0                   0                   0                   0                   0                   0                   0                   0                   0                   0                   0                   0                   0                   0                   0                  

B                : Ġthese              Ġbut                Ġi                  Ġalso               Ġthink              Ġthat               Ġit                 Ġis                 Ġa                  Ġchoice             Ġthat               Ġwe                 Ġhave               Ġall                Ġmade              
Timings          : (97.688, 97.928)    (97.928, 98.258)    (98.661, 98.778)    (98.778, 99.228)    (99.228, 99.568)    (99.568, 99.972)    (101.453, 101.662)  (101.662, 101.842)  (101.842, 101.912)  (101.912, 102.552)  (102.552, 102.671)  (102.784, 102.902)  (102.902, 103.082)  (103.082, 103.272)  (103.272, 103.532) 
Token Types      : 1                   1                   1                   1                   1                   1                   1                   1                   1                   1                   1                   1                   1                   1                   1                  
turn_ids         : 82722680733701      82722680733701      82722680733701      82722680733701      82722680733701      82722680733701      82722680733701      82722680733701      82722680733701      82722680733701      82722680733701      82722680733701      82722680733701      82722680733701      82722680733701     
turn_end_types   : 1                   1                   1                   1                   1                   1                   1                   1                   1                   1                   1                   1                   1                   1                   1                  
speaker_ids      : 2                   2                   2                   2                   2                   2                   2                   2                   2                   2                   2                   2                   2                   2                   2                  


A                : <emp>               <emp>               <emp>               <emp>               <emp>               <emp>               <emp>               <emp>               <emp>               <emp>               <emp>               <emp>               Ġum                 hum                 <ebc>              
Timings          : (103.532, 103.652)  (103.652, 103.772)  (103.772, 104.252)  (104.252, 104.462)  (104.462, 104.592)  (104.592, 104.772)  (104.772, 105.112)  (105.112, 105.554)  (106.307, 106.647)  (106.771, 107.152)  (107.152, 107.532)  (107.532, 108.331)  (108.542, 108.775)  (108.775, 109.008)  (-1.0, -1.0)       
Token Types      : 0                   0                   0                   0                   0                   0                   0                   0                   0                   0                   0                   0                   3                   3                   3                  
turn_ids         : 0                   0                   0                   0                   0                   0                   0                   0                   0                   0                   0                   0                   82724291346439      82724291346439      82724291346439     
turn_end_types   : 0                   0                   0                   0                   0                   0                   0                   0                   0                   0                   0                   0                   0                   0                   0                  
speaker_ids      : 0                   0                   0                   0                   0                   0                   0                   0                   0                   0                   0                   0                   1                   1                   1                  

B                : Ġin                 Ġour                Ġlives              Ġas                 Ġwe                 Ġhave               Ġdrawn              Ġback               Ġand                Ġinternal           ized                Ġourselves          <emp>               <emp>               Ġas                
Timings          : (103.532, 103.652)  (103.652, 103.772)  (103.772, 104.252)  (104.252, 104.462)  (104.462, 104.592)  (104.592, 104.772)  (104.772, 105.112)  (105.112, 105.554)  (106.307, 106.647)  (106.771, 107.152)  (107.152, 107.532)  (107.532, 108.331)  (108.542, 108.775)  (108.775, 109.008)  (108.951, 109.102) 
Token Types      : 1                   1                   1                   1                   1                   1                   1                   1                   1                   1                   1                   1                   1                   1                   1                  
turn_ids         : 82722680733701      82722680733701      82722680733701      82722680733701      82722680733701      82722680733701      82722680733701      82722680733701      82722680733701      82722680733701      82722680733701      82722680733701      82722680733701      82722680733701      82722680733701     
turn_end_types   : 1                   1                   1                   1                   1                   1                   1                   1                   1                   1                   1                   1                   1                   1                   1                  
speaker_ids      : 2                   2                   2                   2                   2                   2                   2                   2                   2                   2                   2                   2                   2                   2                   2                  


A                : <emp>               <emp>               <emp>               <emp>               <emp>               <emp>               <emp>               <emp>               <emp>               <emp>               <emp>               <emp>               <emp>               <emp>               <emp>              
Timings          : (109.102, 109.482)  (109.482, 109.582)  (109.582, 109.812)  (109.812, 109.862)  (109.862, 110.092)  (110.092, 110.152)  (110.152, 110.212)  (110.212, 110.737)  (112.229, 112.412)  (112.412, 112.518)  (112.518, 112.65)   (112.65, 112.727)   (112.727, 112.847)  (112.847, 112.957)  (112.957, 113.287) 
Token Types      : 0                   0                   0                   0                   0                   0                   0                   0                   0                   0                   0                   0                   0                   0                   0                  
turn_ids         : 0                   0                   0                   0                   0                   0                   0                   0                   0                   0                   0                   0                   0                   0                   0                  
turn_end_types   : 0                   0                   0                   0                   0                   0                   0                   0                   0                   0                   0                   0                   0                   0                   0                  
speaker_ids      : 0                   0                   0                   0                   0                   0                   0                   0                   0                   0                   0                   0                   0                   0                   0                  

B                : Ġopposed            Ġto                 Ġbeing              Ġa                  Ġpart               Ġof                 Ġthe                Ġcommunity          Ġuh                 Ġit                 Ġused               Ġto                 Ġbe                 Ġthat               Ġneighbors         
Timings          : (109.102, 109.482)  (109.482, 109.582)  (109.582, 109.812)  (109.812, 109.862)  (109.862, 110.092)  (110.092, 110.152)  (110.152, 110.212)  (110.212, 110.737)  (112.229, 112.412)  (112.412, 112.518)  (112.518, 112.65)   (112.65, 112.727)   (112.727, 112.847)  (112.847, 112.957)  (112.957, 113.287) 
Token Types      : 1                   1                   1                   1                   1                   1                   1                   1                   1                   1                   1                   1                   1                   1                   1                  
turn_ids         : 82722680733701      82722680733701      82722680733701      82722680733701      82722680733701      82722680733701      82722680733701      82722680733701      82722680733701      82722680733701      82722680733701      82722680733701      82722680733701      82722680733701      82722680733701     
turn_end_types   : 1                   1                   1                   1                   1                   1                   1                   1                   1                   1                   1                   1                   1                   1                   1                  
speaker_ids      : 2                   2                   2                   2                   2                   2                   2                   2                   2                   2                   2                   2                   2                   2                   2                  


A                : <emp>               <emp>               <emp>               <emp>               <emp>               <emp>               <emp>               <emp>               <emp>               <emp>               <emp>               <emp>               <emp>               <emp>               <emp>              
Timings          : (113.287, 113.547)  (113.547, 113.737)  (113.737, 113.977)  (113.977, 114.127)  (114.127, 114.247)  (114.247, 114.677)  (114.677, 114.907)  (114.907, 115.027)  (115.027, 115.167)  (115.167, 115.267)  (115.267, 115.397)  (115.397, 115.657)  (115.657, 115.737)  (115.737, 115.847)  (115.847, 115.952) 
Token Types      : 0                   0                   0                   0                   0                   0                   0                   0                   0                   0                   0                   0                   0                   0                   0                  
turn_ids         : 0                   0                   0                   0                   0                   0                   0                   0                   0                   0                   0                   0                   0                   0                   0                  
turn_end_types   : 0                   0                   0                   0                   0                   0                   0                   0                   0                   0                   0                   0                   0                   0                   0                  
speaker_ids      : 0                   0                   0                   0                   0                   0                   0                   0                   0                   0                   0                   0                   0                   0                   0                  

B                : Ġlooked             Ġout                Ġfor                Ġyou                Ġthe                Ġchurches           Ġlooked             Ġout                Ġfor                Ġyou                Ġbut                Ġmany               Ġof                 Ġus                 Ġdon               
Timings          : (113.287, 113.547)  (113.547, 113.737)  (113.737, 113.977)  (113.977, 114.127)  (114.127, 114.247)  (114.247, 114.677)  (114.677, 114.907)  (114.907, 115.027)  (115.027, 115.167)  (115.167, 115.267)  (115.267, 115.397)  (115.397, 115.657)  (115.657, 115.737)  (115.737, 115.847)  (115.847, 115.952) 
Token Types      : 1                   1                   1                   1                   1                   1                   1                   1                   1                   1                   1                   1                   1                   1                   1                  
turn_ids         : 82722680733701      82722680733701      82722680733701      82722680733701      82722680733701      82722680733701      82722680733701      82722680733701      82722680733701      82722680733701      82722680733701      82722680733701      82722680733701      82722680733701      82722680733701     
turn_end_types   : 1                   1                   1                   1                   1                   1                   1                   1                   1                   1                   1                   1                   1                   1                   1                  
speaker_ids      : 2                   2                   2                   2                   2                   2                   2                   2                   2                   2                   2                   2                   2                   2                   2                  


A                : <emp>               <emp>               <emp>               <emp>               <emp>               <emp>               Ġum                 hum                 <ebc>               <emp>               <emp>               <emp>               <emp>               <emp>               <emp>              
Timings          : (115.952, 116.057)  (116.057, 116.317)  (116.317, 116.397)  (116.397, 116.797)  (116.797, 116.957)  (116.957, 117.193)  (117.359, 117.597)  (117.597, 117.835)  (-1.0, -1.0)        (118.497, 118.607)  (118.607, 118.967)  (118.967, 119.107)  (119.107, 119.222)  (119.222, 119.337)  (119.337, 119.587) 
Token Types      : 0                   0                   0                   0                   0                   0                   3                   3                   3                   0                   0                   0                   0                   0                   0                  
turn_ids         : 0                   0                   0                   0                   0                   0                   82724291346440      82724291346440      82724291346440      0                   0                   0                   0                   0                   0                  
turn_end_types   : 0                   0                   0                   0                   0                   0                   0                   0                   0                   0                   0                   0                   0                   0                   0                  
speaker_ids      : 0                   0                   0                   0                   0                   0                   1                   1                   1                   0                   0                   0                   0                   0                   0                  

B                : 't                  Ġbelong             Ġto                 Ġchurches           Ġany                Ġmore               <emp>               <emp>               Ġand                Ġso                 Ġtherefore          Ġwe                 Ġdon                't                  Ġhave              
Timings          : (115.952, 116.057)  (116.057, 116.317)  (116.317, 116.397)  (116.397, 116.797)  (116.797, 116.957)  (116.957, 117.193)  (117.359, 117.597)  (117.597, 117.835)  (118.397, 118.497)  (118.497, 118.607)  (118.607, 118.967)  (118.967, 119.107)  (119.107, 119.222)  (119.222, 119.337)  (119.337, 119.587) 
Token Types      : 1                   1                   1                   1                   1                   1                   1                   1                   1                   1                   1                   1                   1                   1                   1                  
turn_ids         : 82722680733701      82722680733701      82722680733701      82722680733701      82722680733701      82722680733701      82722680733701      82722680733701      82722680733701      82722680733701      82722680733701      82722680733701      82722680733701      82722680733701      82722680733701     
turn_end_types   : 1                   1                   1                   1                   1                   1                   1                   1                   1                   1                   1                   1                   1                   1                   1                  
speaker_ids      : 2                   2                   2                   2                   2                   2                   2                   2                   2                   2                   2                   2                   2                   2                   2                  


A                : <emp>               <emp>               <emp>               <emp>               <emp>               <emp>               <emp>               Ġand                Ġwe                 Ġdon                't                  Ġhave               Ġthe                Ġnuclear            Ġfamily            
Timings          : (119.587, 119.757)  (119.757, 120.002)  (120.002, 120.246)  (120.378, 120.947)  (120.947, 121.017)  (121.017, 121.397)  (121.397, 121.779)  (122.482, 122.685)  (122.685, 122.762)  (122.762, 122.867)  (122.867, 122.972)  (122.972, 123.112)  (123.112, 123.172)  (123.172, 123.592)  (123.592, 124.032) 
Token Types      : 0                   0                   0                   0                   0                   0                   0                   1                   1                   1                   1                   1                   1                   1                   1                  
turn_ids         : 0                   0                   0                   0                   0                   0                   0                   82722143862790      82722143862790      82722143862790      82722143862790      82722143862790      82722143862790      82722143862790      82722143862790     
turn_end_types   : 0                   0                   0                   0                   0                   0                   0                   2                   2                   2                   2                   2                   2                   2                   2                  
speaker_ids      : 0                   0                   0                   0                   0                   0                   0                   1                   1                   1                   1                   1                   1                   1                   1                  

B                : Ġthis               Ġbroad              ened                Ġcommunity          Ġof                 Ġcaring             Ġpeople             <eot>               <emp>               <emp>               <emp>               <emp>               <emp>               <emp>               <emp>              
Timings          : (119.587, 119.757)  (119.757, 120.002)  (120.002, 120.246)  (120.378, 120.947)  (120.947, 121.017)  (121.017, 121.397)  (121.397, 121.779)  (-1.0, -1.0)        (122.685, 122.762)  (122.762, 122.867)  (122.867, 122.972)  (122.972, 123.112)  (123.112, 123.172)  (123.172, 123.592)  (123.592, 124.032) 
Token Types      : 1                   1                   1                   1                   1                   1                   1                   1                   0                   0                   0                   0                   0                   0                   0                  
turn_ids         : 82722680733701      82722680733701      82722680733701      82722680733701      82722680733701      82722680733701      82722680733701      82722680733701      0                   0                   0                   0                   0                   0                   0                  
turn_end_types   : 1                   1                   1                   1                   1                   1                   1                   1                   0                   0                   0                   0                   0                   0                   0                  
speaker_ids      : 2                   2                   2                   2                   2                   2                   2                   2                   0                   0                   0                   0                   0                   0                   0                  


A                : Ġthat               Ġwe                 Ġused               Ġto                 Ġhave               Ġmany               Ġmany               Ġyears              Ġago                Ġeither             <yield>             <emp>               <emp>               <emp>               <emp>              
Timings          : (124.032, 124.172)  (124.172, 124.262)  (124.262, 124.492)  (124.492, 124.592)  (124.592, 124.802)  (124.802, 125.012)  (125.012, 125.232)  (125.232, 125.512)  (125.512, 125.792)  (125.792, 126.022)  (-1.0, -1.0)        (126.199, 126.683)  (126.683, 127.111)  (127.111, 127.265)  (127.265, 127.366) 
Token Types      : 1                   1                   1                   1                   1                   1                   1                   1                   1                   1                   1                   0                   0                   0                   0                  
turn_ids         : 82722143862790      82722143862790      82722143862790      82722143862790      82722143862790      82722143862790      82722143862790      82722143862790      82722143862790      82722143862790      82722143862790      0                   0                   0                   0                  
turn_end_types   : 2                   2                   2                   2                   2                   2                   2                   2                   2                   2                   2                   0                   0                   0                   0                  
speaker_ids      : 1                   1                   1                   1                   1                   1                   1                   1                   1                   1                   1                   0                   0                   0                   0                  

B                : <emp>               <emp>               <emp>               <emp>               <emp>               <emp>               no                  <eint>              <emp>               <emp>               Ġno                 Ġabsolutely         Ġnot                Ġyou                Ġknow              
Timings          : (124.032, 124.172)  (124.172, 124.262)  (124.262, 124.492)  (124.492, 124.592)  (124.592, 124.802)  (124.802, 125.012)  (124.943, 125.205)  (-1.0, -1.0)        (125.512, 125.792)  (125.792, 126.022)  (126.026, 126.199)  (126.199, 126.683)  (126.683, 127.111)  (127.111, 127.265)  (127.265, 127.366) 
Token Types      : 0                   0                   0                   0                   0                   0                   5                   5                   0                   0                   1                   1                   1                   1                   1                  
turn_ids         : 0                   0                   0                   0                   0                   0                   82726975700995      82726975700995      0                   0                   82722680733703      82722680733703      82722680733703      82722680733703      82722680733703     
turn_end_types   : 0                   0                   0                   0                   0                   0                   0                   0                   0                   0                   2                   2                   2                   2                   2                  
speaker_ids      : 0                   0                   0                   0                   0                   0                   2                   2                   0                   0                   2                   2                   2                   2                   2                  


A                : <emp>               <emp>               <emp>               <emp>               <emp>               <emp>               <emp>               <emp>               <emp>               <emp>               <emp>               <emp>               <emp>               <emp>               <emp>              
Timings          : (127.366, 127.486)  (127.486, 127.956)  (127.956, 128.166)  (128.166, 128.296)  (128.296, 128.366)  (128.366, 128.656)  (128.656, 128.906)  (128.906, 129.076)  (129.076, 129.496)  (129.496, 129.586)  (129.586, 129.886)  (129.886, 129.956)  (129.956, 130.186)  (130.186, 130.346)  (130.346, 130.456) 
Token Types      : 0                   0                   0                   0                   0                   0                   0                   0                   0                   0                   0                   0                   0                   0                   0                  
turn_ids         : 0                   0                   0                   0                   0                   0                   0                   0                   0                   0                   0                   0                   0                   0                   0                  
turn_end_types   : 0                   0                   0                   0                   0                   0                   0                   0                   0                   0                   0                   0                   0                   0                   0                  
speaker_ids      : 0                   0                   0                   0                   0                   0                   0                   0                   0                   0                   0                   0                   0                   0                   0                  

B                : Ġi                  Ġpresume            Ġwhen               Ġwhen               Ġthe                Ġtime               Ġcomes              Ġfor                Ġsomething          Ġto                 Ġhappen             Ġto                 Ġme                 Ġthat               Ġi                 
Timings          : (127.366, 127.486)  (127.486, 127.956)  (127.956, 128.166)  (128.166, 128.296)  (128.296, 128.366)  (128.366, 128.656)  (128.656, 128.906)  (128.906, 129.076)  (129.076, 129.496)  (129.496, 129.586)  (129.586, 129.886)  (129.886, 129.956)  (129.956, 130.186)  (130.186, 130.346)  (130.346, 130.456) 
Token Types      : 1                   1                   1                   1                   1                   1                   1                   1                   1                   1                   1                   1                   1                   1                   1                  
turn_ids         : 82722680733703      82722680733703      82722680733703      82722680733703      82722680733703      82722680733703      82722680733703      82722680733703      82722680733703      82722680733703      82722680733703      82722680733703      82722680733703      82722680733703      82722680733703     
turn_end_types   : 2                   2                   2                   2                   2                   2                   2                   2                   2                   2                   2                   2                   2                   2                   2                  
speaker_ids      : 2                   2                   2                   2                   2                   2                   2                   2                   2                   2                   2                   2                   2                   2                   2                  


A                : <emp>               <emp>               <emp>               <emp>               <emp>               <emp>               <emp>               <emp>               <emp>               <emp>               <emp>               <emp>               Ġwell               <emp>               Ġit                
Timings          : (130.456, 130.586)  (130.586, 130.996)  (130.996, 131.126)  (131.126, 131.346)  (131.346, 131.436)  (131.436, 131.596)  (131.596, 131.756)  (131.756, 131.856)  (131.856, 132.096)  (132.096, 132.236)  (132.236, 132.396)  (132.396, 132.847)  (134.037, 134.342)  (134.259, 134.391)  (134.342, 134.442) 
Token Types      : 0                   0                   0                   0                   0                   0                   0                   0                   0                   0                   0                   0                   4                   4                   4                  
turn_ids         : 0                   0                   0                   0                   0                   0                   0                   0                   0                   0                   0                   0                   82725365088264      82725365088264      82725365088264     
turn_end_types   : 0                   0                   0                   0                   0                   0                   0                   0                   0                   0                   0                   0                   1                   1                   1                  
speaker_ids      : 0                   0                   0                   0                   0                   0                   0                   0                   0                   0                   0                   0                   1                   1                   1                  

B                : Ġwill               Ġprobably           Ġgo                 Ġback               Ġto                 Ġi                  owa                 Ġto                 Ġbe                 Ġin                 Ġthat               Ġcommunity          Ġbut                Ġuh                 <yield>            
Timings          : (130.456, 130.586)  (130.586, 130.996)  (130.996, 131.126)  (131.126, 131.346)  (131.346, 131.436)  (131.436, 131.596)  (131.596, 131.756)  (131.756, 131.856)  (131.856, 132.096)  (132.096, 132.236)  (132.236, 132.396)  (132.396, 132.847)  (133.952, 134.259)  (134.259, 134.391)  (-1.0, -1.0)       
Token Types      : 1                   1                   1                   1                   1                   1                   1                   1                   1                   1                   1                   1                   1                   1                   1                  
turn_ids         : 82722680733703      82722680733703      82722680733703      82722680733703      82722680733703      82722680733703      82722680733703      82722680733703      82722680733703      82722680733703      82722680733703      82722680733703      82722680733703      82722680733703      82722680733703     
turn_end_types   : 2                   2                   2                   2                   2                   2                   2                   2                   2                   2                   2                   2                   2                   2                   2                  
speaker_ids      : 2                   2                   2                   2                   2                   2                   2                   2                   2                   2                   2                   2                   2                   2                   2                  


A                : 's                  Ġgood               Ġthat               Ġyou                Ġknow               Ġthat               Ġyou                Ġhave               Ġthat               Ġoption             Ġavailable          Ġum                 Ġthat               Ġbecause            Ġi                 
Timings          : (134.442, 134.542)  (134.542, 134.712)  (134.712, 134.852)  (134.852, 134.952)  (134.952, 135.112)  (135.112, 135.272)  (135.272, 135.442)  (135.442, 135.602)  (135.602, 135.772)  (135.772, 136.362)  (136.362, 136.918)  (137.66, 138.025)   (138.726, 138.866)  (139.043, 139.481)  (140.226, 140.377) 
Token Types      : 4                   4                   4                   4                   4                   4                   4                   4                   4                   4                   4                   4                   4                   4                   4                  
turn_ids         : 82725365088264      82725365088264      82725365088264      82725365088264      82725365088264      82725365088264      82725365088264      82725365088264      82725365088264      82725365088264      82725365088264      82725365088264      82725365088264      82725365088264      82725365088264     
turn_end_types   : 1                   1                   1                   1                   1                   1                   1                   1                   1                   1                   1                   1                   1                   1                   1                  
speaker_ids      : 1                   1                   1                   1                   1                   1                   1                   1                   1                   1                   1                   1                   1                   1                   1                  

B                : <emp>               <emp>               <emp>               <emp>               <emp>               <emp>               <emp>               <emp>               <emp>               <emp>               <emp>               <emp>               <emp>               <emp>               <emp>              
Timings          : (134.442, 134.542)  (134.542, 134.712)  (134.712, 134.852)  (134.852, 134.952)  (134.952, 135.112)  (135.112, 135.272)  (135.272, 135.442)  (135.442, 135.602)  (135.602, 135.772)  (135.772, 136.362)  (136.362, 136.918)  (137.66, 138.025)   (138.726, 138.866)  (139.043, 139.481)  (140.226, 140.377) 
Token Types      : 0                   0                   0                   0                   0                   0                   0                   0                   0                   0                   0                   0                   0                   0                   0                  
turn_ids         : 0                   0                   0                   0                   0                   0                   0                   0                   0                   0                   0                   0                   0                   0                   0                  
turn_end_types   : 0                   0                   0                   0                   0                   0                   0                   0                   0                   0                   0                   0                   0                   0                   0                  
speaker_ids      : 0                   0                   0                   0                   0                   0                   0                   0                   0                   0                   0                   0                   0                   0                   0                  


A                : Ġdon                't                  Ġthink              Ġthat               Ġtoo                Ġmany               Ġcommunities        Ġhave               Ġsomething          Ġlike               Ġthat               Ġset                Ġup                 <eot>               <emp>              
Timings          : (140.377, 140.474)  (140.474, 140.572)  (140.572, 140.752)  (140.752, 140.882)  (140.882, 140.972)  (140.972, 141.172)  (141.172, 141.772)  (141.772, 141.962)  (141.962, 142.412)  (142.788, 142.992)  (142.992, 143.172)  (143.172, 143.422)  (143.422, 143.686)  (-1.0, -1.0)        (144.294, 144.45)  
Token Types      : 4                   4                   4                   4                   4                   4                   4                   4                   4                   4                   4                   4                   4                   4                   0                  
turn_ids         : 82725365088264      82725365088264      82725365088264      82725365088264      82725365088264      82725365088264      82725365088264      82725365088264      82725365088264      82725365088264      82725365088264      82725365088264      82725365088264      82725365088264      0                  
turn_end_types   : 1                   1                   1                   1                   1                   1                   1                   1                   1                   1                   1                   1                   1                   1                   0                  
speaker_ids      : 1                   1                   1                   1                   1                   1                   1                   1                   1                   1                   1                   1                   1                   1                   0                  

B                : <emp>               <emp>               <emp>               <emp>               <emp>               <emp>               <emp>               <emp>               <emp>               <emp>               <emp>               <emp>               <emp>               Ġbut                Ġit                
Timings          : (140.377, 140.474)  (140.474, 140.572)  (140.572, 140.752)  (140.752, 140.882)  (140.882, 140.972)  (140.972, 141.172)  (141.172, 141.772)  (141.772, 141.962)  (141.962, 142.412)  (142.788, 142.992)  (142.992, 143.172)  (143.172, 143.422)  (143.422, 143.686)  (143.796, 143.975)  (144.294, 144.45)  
Token Types      : 0                   0                   0                   0                   0                   0                   0                   0                   0                   0                   0                   0                   0                   1                   1                  
turn_ids         : 0                   0                   0                   0                   0                   0                   0                   0                   0                   0                   0                   0                   0                   82722680733705      82722680733705     
turn_end_types   : 0                   0                   0                   0                   0                   0                   0                   0                   0                   0                   0                   0                   0                   1                   1                  
speaker_ids      : 0                   0                   0                   0                   0                   0                   0                   0                   0                   0                   0                   0                   0                   2                   2                  


A                : <emp>               <emp>               <emp>               <emp>               <emp>               <emp>               <emp>               <emp>               <emp>               <emp>               <emp>               <emp>               <emp>               <emp>               <emp>              
Timings          : (144.45, 144.605)   (144.605, 144.676)  (144.676, 144.965)  (144.965, 145.025)  (145.025, 145.245)  (145.245, 145.395)  (145.395, 145.486)  (145.486, 145.755)  (145.755, 145.846)  (145.846, 146.096)  (146.096, 146.335)  (146.335, 146.415)  (146.415, 146.596)  (146.596, 146.846)  (146.846, 146.945) 
Token Types      : 0                   0                   0                   0                   0                   0                   0                   0                   0                   0                   0                   0                   0                   0                   0                  
turn_ids         : 0                   0                   0                   0                   0                   0                   0                   0                   0                   0                   0                   0                   0                   0                   0                  
turn_end_types   : 0                   0                   0                   0                   0                   0                   0                   0                   0                   0                   0                   0                   0                   0                   0                  
speaker_ids      : 0                   0                   0                   0                   0                   0                   0                   0                   0                   0                   0                   0                   0                   0                   0                  

B                : 's                  Ġthe                Ġtype               Ġof                 Ġthing              Ġwhere              Ġi                  Ġthink              Ġwe                 Ġshould             Ġlook               Ġat                 Ġsome               Ġthings             Ġthat              
Timings          : (144.45, 144.605)   (144.605, 144.676)  (144.676, 144.965)  (144.965, 145.025)  (145.025, 145.245)  (145.245, 145.395)  (145.395, 145.486)  (145.486, 145.755)  (145.755, 145.846)  (145.846, 146.096)  (146.096, 146.335)  (146.335, 146.415)  (146.415, 146.596)  (146.596, 146.846)  (146.846, 146.945) 
Token Types      : 1                   1                   1                   1                   1                   1                   1                   1                   1                   1                   1                   1                   1                   1                   1                  
turn_ids         : 82722680733705      82722680733705      82722680733705      82722680733705      82722680733705      82722680733705      82722680733705      82722680733705      82722680733705      82722680733705      82722680733705      82722680733705      82722680733705      82722680733705      82722680733705     
turn_end_types   : 1                   1                   1                   1                   1                   1                   1                   1                   1                   1                   1                   1                   1                   1                   1                  
speaker_ids      : 2                   2                   2                   2                   2                   2                   2                   2                   2                   2                   2                   2                   2                   2                   2                  


A                : <emp>               <emp>               <emp>               <emp>               <emp>               <emp>               <emp>               <emp>               <emp>               <emp>               <emp>               Ġum                 hum                 <ebc>               <emp>              
Timings          : (146.945, 147.046)  (147.046, 147.505)  (147.745, 147.915)  (147.915, 148.356)  (148.356, 148.733)  (149.056, 149.355)  (149.355, 149.536)  (149.536, 149.715)  (149.715, 149.786)  (149.786, 150.186)  (150.186, 150.631)  (150.697, 150.913)  (150.913, 151.13)   (-1.0, -1.0)        (151.457, 151.615) 
Token Types      : 0                   0                   0                   0                   0                   0                   0                   0                   0                   0                   0                   3                   3                   3                   0                  
turn_ids         : 0                   0                   0                   0                   0                   0                   0                   0                   0                   0                   0                   82724291346443      82724291346443      82724291346443      0                  
turn_end_types   : 0                   0                   0                   0                   0                   0                   0                   0                   0                   0                   0                   0                   0                   0                   0                  
speaker_ids      : 0                   0                   0                   0                   0                   0                   0                   0                   0                   0                   0                   1                   1                   1                   0                  

B                : Ġare                Ġworking            Ġand                Ġtry                Ġto                 Ġuse                Ġthem               Ġin                 Ġthe                Ġcities             Ġalso               <emp>               <emp>               Ġi                  Ġmean              
Timings          : (146.945, 147.046)  (147.046, 147.505)  (147.745, 147.915)  (147.915, 148.356)  (148.356, 148.733)  (149.056, 149.355)  (149.355, 149.536)  (149.536, 149.715)  (149.715, 149.786)  (149.786, 150.186)  (150.186, 150.631)  (150.697, 150.913)  (150.913, 151.13)   (151.368, 151.457)  (151.457, 151.615) 
Token Types      : 1                   1                   1                   1                   1                   1                   1                   1                   1                   1                   1                   1                   1                   1                   1                  
turn_ids         : 82722680733705      82722680733705      82722680733705      82722680733705      82722680733705      82722680733705      82722680733705      82722680733705      82722680733705      82722680733705      82722680733705      82722680733705      82722680733705      82722680733705      82722680733705     
turn_end_types   : 1                   1                   1                   1                   1                   1                   1                   1                   1                   1                   1                   1                   1                   1                   1                  
speaker_ids      : 2                   2                   2                   2                   2                   2                   2                   2                   2                   2                   2                   2                   2                   2                   2                  


A                : <emp>               <emp>               <emp>               <emp>               <emp>               <emp>               <emp>               <emp>               <emp>               <emp>               <emp>               <emp>               <emp>               <emp>               <emp>              
Timings          : (151.615, 151.765)  (151.765, 151.875)  (151.875, 152.115)  (152.115, 152.445)  (152.445, 152.575)  (152.575, 152.765)  (152.765, 152.835)  (152.835, 152.905)  (152.905, 153.295)  (153.295, 153.445)  (153.445, 153.645)  (153.645, 153.855)  (153.855, 154.125)  (154.125, 154.485)  (154.485, 154.675) 
Token Types      : 0                   0                   0                   0                   0                   0                   0                   0                   0                   0                   0                   0                   0                   0                   0                  
turn_ids         : 0                   0                   0                   0                   0                   0                   0                   0                   0                   0                   0                   0                   0                   0                   0                  
turn_end_types   : 0                   0                   0                   0                   0                   0                   0                   0                   0                   0                   0                   0                   0                   0                   0                  
speaker_ids      : 0                   0                   0                   0                   0                   0                   0                   0                   0                   0                   0                   0                   0                   0                   0                  

B                : Ġis                 Ġthere              Ġsome               Ġreason             Ġwhy                Ġsome               Ġof                 Ġthe                Ġchurches           Ġhere               Ġcould              Ġnot                Ġband               Ġtogether           Ġand               
Timings          : (151.615, 151.765)  (151.765, 151.875)  (151.875, 152.115)  (152.115, 152.445)  (152.445, 152.575)  (152.575, 152.765)  (152.765, 152.835)  (152.835, 152.905)  (152.905, 153.295)  (153.295, 153.445)  (153.445, 153.645)  (153.645, 153.855)  (153.855, 154.125)  (154.125, 154.485)  (154.485, 154.675) 
Token Types      : 1                   1                   1                   1                   1                   1                   1                   1                   1                   1                   1                   1                   1                   1                   1                  
turn_ids         : 82722680733705      82722680733705      82722680733705      82722680733705      82722680733705      82722680733705      82722680733705      82722680733705      82722680733705      82722680733705      82722680733705      82722680733705      82722680733705      82722680733705      82722680733705     
turn_end_types   : 1                   1                   1                   1                   1                   1                   1                   1                   1                   1                   1                   1                   1                   1                   1                  
speaker_ids      : 2                   2                   2                   2                   2                   2                   2                   2                   2                   2                   2                   2                   2                   2                   2                  


A                : <emp>               <emp>               <emp>               <emp>               Ġprobably           Ġnot                Ġum                 Ġand                Ġit                 Ġmight              Ġeven               Ġbe                 Ġeasier             Ġhere               Ġin                
Timings          : (154.675, 154.815)  (154.815, 154.905)  (154.905, 155.277)  (155.521, 155.995)  (156.755, 157.208)  (157.208, 157.576)  (158.478, 158.873)  (158.873, 159.011)  (159.011, 159.131)  (159.131, 159.281)  (159.281, 159.491)  (159.491, 159.571)  (159.571, 160.081)  (160.081, 160.534)  (160.625, 161.001) 
Token Types      : 0                   0                   0                   0                   1                   1                   1                   1                   1                   1                   1                   1                   1                   1                   1                  
turn_ids         : 0                   0                   0                   0                   82722143862794      82722143862794      82722143862794      82722143862794      82722143862794      82722143862794      82722143862794      82722143862794      82722143862794      82722143862794      82722143862794     
turn_end_types   : 0                   0                   0                   0                   2                   2                   2                   2                   2                   2                   2                   2                   2                   2                   2                  
speaker_ids      : 0                   0                   0                   0                   1                   1                   1                   1                   1                   1                   1                   1                   1                   1                   1                  

B                : Ġdo                 Ġa                  Ġsimilar            Ġsituation          <eot>               <emp>               <emp>               <emp>               <emp>               <emp>               <emp>               <emp>               <emp>               <emp>               <emp>              
Timings          : (154.675, 154.815)  (154.815, 154.905)  (154.905, 155.277)  (155.521, 155.995)  (-1.0, -1.0)        (157.208, 157.576)  (158.478, 158.873)  (158.873, 159.011)  (159.011, 159.131)  (159.131, 159.281)  (159.281, 159.491)  (159.491, 159.571)  (159.571, 160.081)  (160.081, 160.534)  (160.625, 161.001) 
Token Types      : 1                   1                   1                   1                   1                   0                   0                   0                   0                   0                   0                   0                   0                   0                   0                  
turn_ids         : 82722680733705      82722680733705      82722680733705      82722680733705      82722680733705      0                   0                   0                   0                   0                   0                   0                   0                   0                   0                  
turn_end_types   : 1                   1                   1                   1                   1                   0                   0                   0                   0                   0                   0                   0                   0                   0                   0                  
speaker_ids      : 2                   2                   2                   2                   2                   0                   0                   0                   0                   0                   0                   0                   0                   0                   0                  


A                : Ġthat               Ġthere              Ġare                Ġso                 Ġmany               Ġmore               Ġchurches           Ġavailable          Ġmore               Ġpeople             Ġto                 Ġdraw               Ġfrom               <yield>             <emp>              
Timings          : (161.001, 161.543)  (161.799, 161.941)  (161.941, 162.031)  (162.031, 162.161)  (162.161, 162.291)  (162.291, 162.471)  (162.471, 162.841)  (162.841, 163.381)  (163.381, 163.571)  (163.571, 163.851)  (163.851, 163.951)  (163.951, 164.232)  (164.232, 164.559)  (-1.0, -1.0)        (164.751, 165.148) 
Token Types      : 1                   1                   1                   1                   1                   1                   1                   1                   1                   1                   1                   1                   1                   1                   0                  
turn_ids         : 82722143862794      82722143862794      82722143862794      82722143862794      82722143862794      82722143862794      82722143862794      82722143862794      82722143862794      82722143862794      82722143862794      82722143862794      82722143862794      82722143862794      0                  
turn_end_types   : 2                   2                   2                   2                   2                   2                   2                   2                   2                   2                   2                   2                   2                   2                   0                  
speaker_ids      : 1                   1                   1                   1                   1                   1                   1                   1                   1                   1                   1                   1                   1                   1                   0                  

B                : <emp>               <emp>               <emp>               <emp>               <emp>               <emp>               <emp>               <emp>               Ġyes                <eint>              <emp>               <emp>               <emp>               Ġand                Ġactually          
Timings          : (161.001, 161.543)  (161.799, 161.941)  (161.941, 162.031)  (162.031, 162.161)  (162.161, 162.291)  (162.291, 162.471)  (162.471, 162.841)  (162.841, 163.381)  (163.321, 163.733)  (-1.0, -1.0)        (163.851, 163.951)  (163.951, 164.232)  (164.232, 164.559)  (164.637, 164.751)  (164.751, 165.148) 
Token Types      : 0                   0                   0                   0                   0                   0                   0                   0                   5                   5                   0                   0                   0                   1                   1                  
turn_ids         : 0                   0                   0                   0                   0                   0                   0                   0                   82726975700998      82726975700998      0                   0                   0                   82722680733707      82722680733707     
turn_end_types   : 0                   0                   0                   0                   0                   0                   0                   0                   0                   0                   0                   0                   0                   1                   1                  
speaker_ids      : 0                   0                   0                   0                   0                   0                   0                   0                   2                   2                   0                   0                   0                   2                   2                  


A                : <emp>               <emp>               <emp>               <emp>               <emp>               Ġwell               Ġyes                Ġthat               's                  Ġfor                Ġcertain            Ġmy                 Ġmy                 Ġmom                Ġlives             
Timings          : (165.148, 165.197)  (165.197, 165.408)  (165.408, 165.527)  (165.527, 165.717)  (165.717, 166.213)  (166.496, 166.8)    (166.939, 167.241)  (167.479, 167.592)  (167.592, 167.706)  (167.706, 167.816)  (167.816, 168.146)  (168.146, 168.476)  (168.476, 168.666)  (168.666, 168.906)  (168.906, 169.096) 
Token Types      : 0                   0                   0                   0                   0                   1                   1                   1                   1                   1                   1                   1                   1                   1                   1                  
turn_ids         : 0                   0                   0                   0                   0                   82722143862796      82722143862796      82722143862796      82722143862796      82722143862796      82722143862796      82722143862796      82722143862796      82722143862796      82722143862796     
turn_end_types   : 0                   0                   0                   0                   0                   1                   1                   1                   1                   1                   1                   1                   1                   1                   1                  
speaker_ids      : 0                   0                   0                   0                   0                   1                   1                   1                   1                   1                   1                   1                   1                   1                   1                  

B                : Ġa                  Ġgreat              Ġdeal               Ġmore               Ġmoney              <eot>               <emp>               <emp>               <emp>               <emp>               <emp>               <emp>               <emp>               <emp>               <emp>              
Timings          : (165.148, 165.197)  (165.197, 165.408)  (165.408, 165.527)  (165.527, 165.717)  (165.717, 166.213)  (-1.0, -1.0)        (166.939, 167.241)  (167.479, 167.592)  (167.592, 167.706)  (167.706, 167.816)  (167.816, 168.146)  (168.146, 168.476)  (168.476, 168.666)  (168.666, 168.906)  (168.906, 169.096) 
Token Types      : 1                   1                   1                   1                   1                   1                   0                   0                   0                   0                   0                   0                   0                   0                   0                  
turn_ids         : 82722680733707      82722680733707      82722680733707      82722680733707      82722680733707      82722680733707      0                   0                   0                   0                   0                   0                   0                   0                   0                  
turn_end_types   : 1                   1                   1                   1                   1                   1                   0                   0                   0                   0                   0                   0                   0                   0                   0                  
speaker_ids      : 2                   2                   2                   2                   2                   2                   0                   0                   0                   0                   0                   0                   0                   0                   0                  


A                : Ġin                 Ġa                  Ġsmall              Ġtown               Ġalso               Ġand                Ġi                  Ġknow               Ġyou                Ġknow               Ġthe                Ġfunds              Ġjust               Ġaren               't                 
Timings          : (169.096, 169.186)  (169.186, 169.276)  (169.276, 169.536)  (169.536, 169.806)  (169.806, 170.176)  (170.176, 170.286)  (170.286, 170.38)   (170.38, 170.663)   (170.821, 170.966)  (170.966, 171.066)  (171.066, 171.136)  (171.136, 171.556)  (171.556, 171.816)  (171.816, 171.896)  (171.896, 171.976) 
Token Types      : 1                   1                   1                   1                   1                   1                   1                   1                   1                   1                   1                   1                   1                   1                   1                  
turn_ids         : 82722143862796      82722143862796      82722143862796      82722143862796      82722143862796      82722143862796      82722143862796      82722143862796      82722143862796      82722143862796      82722143862796      82722143862796      82722143862796      82722143862796      82722143862796     
turn_end_types   : 1                   1                   1                   1                   1                   1                   1                   1                   1                   1                   1                   1                   1                   1                   1                  
speaker_ids      : 1                   1                   1                   1                   1                   1                   1                   1                   1                   1                   1                   1                   1                   1                   1                  

B                : <emp>               <emp>               <emp>               <emp>               <emp>               <emp>               <emp>               <emp>               <emp>               <emp>               <emp>               <emp>               <emp>               <emp>               <emp>              
Timings          : (169.096, 169.186)  (169.186, 169.276)  (169.276, 169.536)  (169.536, 169.806)  (169.806, 170.176)  (170.176, 170.286)  (170.286, 170.38)   (170.38, 170.663)   (170.821, 170.966)  (170.966, 171.066)  (171.066, 171.136)  (171.136, 171.556)  (171.556, 171.816)  (171.816, 171.896)  (171.896, 171.976) 
Token Types      : 0                   0                   0                   0                   0                   0                   0                   0                   0                   0                   0                   0                   0                   0                   0                  
turn_ids         : 0                   0                   0                   0                   0                   0                   0                   0                   0                   0                   0                   0                   0                   0                   0                  
turn_end_types   : 0                   0                   0                   0                   0                   0                   0                   0                   0                   0                   0                   0                   0                   0                   0                  
speaker_ids      : 0                   0                   0                   0                   0                   0                   0                   0                   0                   0                   0                   0                   0                   0                   0                  


A                : Ġavailable          Ġuh                 Ġto                 Ġdo                 Ġsomething          Ġin                 Ġa                  Ġsmall              Ġtown               Ġthat               Ġyou                Ġhave               Ġthat               Ġyou                Ġcan               
Timings          : (171.976, 172.533)  (173.176, 173.416)  (173.416, 173.596)  (173.596, 173.726)  (173.726, 174.222)  (175.152, 175.316)  (175.316, 175.376)  (175.376, 175.676)  (175.676, 176.006)  (176.006, 176.156)  (176.156, 176.256)  (176.256, 176.405)  (176.977, 177.106)  (177.106, 177.216)  (177.216, 177.366) 
Token Types      : 1                   1                   1                   1                   1                   1                   1                   1                   1                   1                   1                   1                   1                   1                   1                  
turn_ids         : 82722143862796      82722143862796      82722143862796      82722143862796      82722143862796      82722143862796      82722143862796      82722143862796      82722143862796      82722143862796      82722143862796      82722143862796      82722143862796      82722143862796      82722143862796     
turn_end_types   : 1                   1                   1                   1                   1                   1                   1                   1                   1                   1                   1                   1                   1                   1                   1                  
speaker_ids      : 1                   1                   1                   1                   1                   1                   1                   1                   1                   1                   1                   1                   1                   1                   1                  

B                : <emp>               <emp>               <emp>               <emp>               <emp>               <emp>               <emp>               <emp>               <emp>               <emp>               <emp>               <emp>               <emp>               <emp>               <emp>              
Timings          : (171.976, 172.533)  (173.176, 173.416)  (173.416, 173.596)  (173.596, 173.726)  (173.726, 174.222)  (175.152, 175.316)  (175.316, 175.376)  (175.376, 175.676)  (175.676, 176.006)  (176.006, 176.156)  (176.156, 176.256)  (176.256, 176.405)  (176.977, 177.106)  (177.106, 177.216)  (177.216, 177.366) 
Token Types      : 0                   0                   0                   0                   0                   0                   0                   0                   0                   0                   0                   0                   0                   0                   0                  
turn_ids         : 0                   0                   0                   0                   0                   0                   0                   0                   0                   0                   0                   0                   0                   0                   0                  
turn_end_types   : 0                   0                   0                   0                   0                   0                   0                   0                   0                   0                   0                   0                   0                   0                   0                  
speaker_ids      : 0                   0                   0                   0                   0                   0                   0                   0                   0                   0                   0                   0                   0                   0                   0                  


A                : Ġdo                 Ġin                 Ġa                  Ġlarger             Ġtown               Ġbut                Ġum                 Ġuh                 Ġyou                Ġknow               Ġother              Ġthan               Ġcare               Ġconditions         Ġyou               
Timings          : (177.366, 177.556)  (177.556, 177.646)  (177.646, 177.73)   (177.73, 178.039)   (178.039, 178.402)  (180.644, 181.055)  (181.055, 181.452)  (181.971, 182.211)  (182.211, 182.461)  (182.461, 182.561)  (182.561, 182.771)  (182.771, 183.149)  (183.839, 184.211)  (184.211, 185.1)    (185.393, 185.511) 
Token Types      : 1                   1                   1                   1                   1                   1                   1                   1                   1                   1                   1                   1                   1                   1                   1                  
turn_ids         : 82722143862796      82722143862796      82722143862796      82722143862796      82722143862796      82722143862796      82722143862796      82722143862796      82722143862796      82722143862796      82722143862796      82722143862796      82722143862796      82722143862796      82722143862796     
turn_end_types   : 1                   1                   1                   1                   1                   1                   1                   1                   1                   1                   1                   1                   1                   1                   1                  
speaker_ids      : 1                   1                   1                   1                   1                   1                   1                   1                   1                   1                   1                   1                   1                   1                   1                  

B                : <emp>               <emp>               <emp>               <emp>               <emp>               <emp>               <emp>               <emp>               <emp>               <emp>               <emp>               <emp>               <emp>               <emp>               <emp>              
Timings          : (177.366, 177.556)  (177.556, 177.646)  (177.646, 177.73)   (177.73, 178.039)   (178.039, 178.402)  (180.644, 181.055)  (181.055, 181.452)  (181.971, 182.211)  (182.211, 182.461)  (182.461, 182.561)  (182.561, 182.771)  (182.771, 183.149)  (183.839, 184.211)  (184.211, 185.1)    (185.393, 185.511) 
Token Types      : 0                   0                   0                   0                   0                   0                   0                   0                   0                   0                   0                   0                   0                   0                   0                  
turn_ids         : 0                   0                   0                   0                   0                   0                   0                   0                   0                   0                   0                   0                   0                   0                   0                  
turn_end_types   : 0                   0                   0                   0                   0                   0                   0                   0                   0                   0                   0                   0                   0                   0                   0                  
speaker_ids      : 0                   0                   0                   0                   0                   0                   0                   0                   0                   0                   0                   0                   0                   0                   0                  


A                : Ġknow               Ġi                  Ġdon                't                  Ġknow               Ġreally             Ġwhat               Ġelse               Ġa                  Ġperson             Ġlooks              Ġfor                Ġuh                 Ġconvenience        Ġfor               
Timings          : (185.511, 185.611)  (185.611, 185.701)  (185.701, 185.811)  (185.811, 185.921)  (185.921, 186.231)  (186.231, 186.501)  (186.501, 186.671)  (186.671, 186.871)  (186.871, 186.911)  (186.911, 188.181)  (188.181, 188.481)  (188.481, 188.842)  (189.23, 189.407)   (189.407, 190.011)  (190.011, 190.121) 
Token Types      : 1                   1                   1                   1                   1                   1                   1                   1                   1                   1                   1                   1                   1                   1                   1                  
turn_ids         : 82722143862796      82722143862796      82722143862796      82722143862796      82722143862796      82722143862796      82722143862796      82722143862796      82722143862796      82722143862796      82722143862796      82722143862796      82722143862796      82722143862796      82722143862796     
turn_end_types   : 1                   1                   1                   1                   1                   1                   1                   1                   1                   1                   1                   1                   1                   1                   1                  
speaker_ids      : 1                   1                   1                   1                   1                   1                   1                   1                   1                   1                   1                   1                   1                   1                   1                  

B                : <emp>               <emp>               <emp>               <emp>               <emp>               <emp>               <emp>               <emp>               <emp>               <emp>               <emp>               <emp>               <emp>               <emp>               <emp>              
Timings          : (185.511, 185.611)  (185.611, 185.701)  (185.701, 185.811)  (185.811, 185.921)  (185.921, 186.231)  (186.231, 186.501)  (186.501, 186.671)  (186.671, 186.871)  (186.871, 186.911)  (186.911, 188.181)  (188.181, 188.481)  (188.481, 188.842)  (189.23, 189.407)   (189.407, 190.011)  (190.011, 190.121) 
Token Types      : 0                   0                   0                   0                   0                   0                   0                   0                   0                   0                   0                   0                   0                   0                   0                  
turn_ids         : 0                   0                   0                   0                   0                   0                   0                   0                   0                   0                   0                   0                   0                   0                   0                  
turn_end_types   : 0                   0                   0                   0                   0                   0                   0                   0                   0                   0                   0                   0                   0                   0                   0                  
speaker_ids      : 0                   0                   0                   0                   0                   0                   0                   0                   0                   0                   0                   0                   0                   0                   0                  


A                : Ġthe                Ġfamily             Ġwould              Ġbe                 Ġa                  Ġa                  Ġwonderful          Ġthing              Ġuh                 Ġbut                Ġthat               's                  Ġthat               's                  Ġyou               
Timings          : (190.121, 190.191)  (190.191, 190.671)  (190.671, 190.851)  (190.851, 190.973)  (190.973, 191.207)  (191.207, 191.335)  (191.335, 191.731)  (191.731, 192.087)  (193.802, 194.12)   (194.611, 194.751)  (195.12, 195.173)   (195.173, 195.226)  (196.283, 196.515)  (196.515, 196.747)  (196.747, 196.923) 
Token Types      : 1                   1                   1                   1                   1                   1                   1                   1                   1                   1                   1                   1                   1                   1                   1                  
turn_ids         : 82722143862796      82722143862796      82722143862796      82722143862796      82722143862796      82722143862796      82722143862796      82722143862796      82722143862796      82722143862796      82722143862796      82722143862796      82722143862796      82722143862796      82722143862796     
turn_end_types   : 1                   1                   1                   1                   1                   1                   1                   1                   1                   1                   1                   1                   1                   1                   1                  
speaker_ids      : 1                   1                   1                   1                   1                   1                   1                   1                   1                   1                   1                   1                   1                   1                   1                  

B                : <emp>               <emp>               <emp>               <emp>               <emp>               <emp>               <emp>               <emp>               <emp>               <emp>               <emp>               <emp>               <emp>               <emp>               <emp>              
Timings          : (190.121, 190.191)  (190.191, 190.671)  (190.671, 190.851)  (190.851, 190.973)  (190.973, 191.207)  (191.207, 191.335)  (191.335, 191.731)  (191.731, 192.087)  (193.802, 194.12)   (194.611, 194.751)  (195.12, 195.173)   (195.173, 195.226)  (196.283, 196.515)  (196.515, 196.747)  (196.747, 196.923) 
Token Types      : 0                   0                   0                   0                   0                   0                   0                   0                   0                   0                   0                   0                   0                   0                   0                  
turn_ids         : 0                   0                   0                   0                   0                   0                   0                   0                   0                   0                   0                   0                   0                   0                   0                  
turn_end_types   : 0                   0                   0                   0                   0                   0                   0                   0                   0                   0                   0                   0                   0                   0                   0                  
speaker_ids      : 0                   0                   0                   0                   0                   0                   0                   0                   0                   0                   0                   0                   0                   0                   0                  


A                : Ġknow               Ġthat               's                  Ġnot                Ġalways             Ġan                 Ġoption             Ġeither             <eot>               <emp>               <emp>               <emp>               <emp>               <emp>               <emp>              
Timings          : (196.923, 197.003)  (197.003, 197.118)  (197.118, 197.234)  (197.234, 197.374)  (197.374, 197.624)  (197.624, 197.726)  (197.726, 198.032)  (198.032, 198.383)  (-1.0, -1.0)        (199.132, 199.285)  (199.544, 199.656)  (199.656, 199.786)  (199.786, 200.006)  (200.006, 200.156)  (200.156, 200.276) 
Token Types      : 1                   1                   1                   1                   1                   1                   1                   1                   1                   0                   0                   0                   0                   0                   0                  
turn_ids         : 82722143862796      82722143862796      82722143862796      82722143862796      82722143862796      82722143862796      82722143862796      82722143862796      82722143862796      0                   0                   0                   0                   0                   0                  
turn_end_types   : 1                   1                   1                   1                   1                   1                   1                   1                   1                   0                   0                   0                   0                   0                   0                  
speaker_ids      : 1                   1                   1                   1                   1                   1                   1                   1                   1                   0                   0                   0                   0                   0                   0                  

B                : <emp>               <emp>               <emp>               <emp>               <emp>               <emp>               <emp>               <emp>               Ġright              Ġbut                Ġyou                Ġknow               Ġif                 Ġmy                 Ġfamily            
Timings          : (196.923, 197.003)  (197.003, 197.118)  (197.118, 197.234)  (197.234, 197.374)  (197.374, 197.624)  (197.624, 197.726)  (197.726, 198.032)  (198.032, 198.383)  (198.384, 198.612)  (199.132, 199.285)  (199.544, 199.656)  (199.656, 199.786)  (199.786, 200.006)  (200.006, 200.156)  (200.156, 200.276) 
Token Types      : 0                   0                   0                   0                   0                   0                   0                   0                   1                   1                   1                   1                   1                   1                   1                  
turn_ids         : 0                   0                   0                   0                   0                   0                   0                   0                   82722680733709      82722680733709      82722680733709      82722680733709      82722680733709      82722680733709      82722680733709     
turn_end_types   : 0                   0                   0                   0                   0                   0                   0                   0                   1                   1                   1                   1                   1                   1                   1                  
speaker_ids      : 0                   0                   0                   0                   0                   0                   0                   0                   2                   2                   2                   2                   2                   2                   2                  


A                : <emp>               <emp>               <emp>               <emp>               <emp>               <emp>               <emp>               <emp>               <emp>               <emp>               <emp>               <emp>               <emp>               <emp>               <emp>              
Timings          : (200.276, 200.556)  (200.556, 200.716)  (200.716, 200.786)  (200.786, 200.916)  (200.916, 201.166)  (201.166, 201.386)  (201.386, 201.526)  (201.526, 201.676)  (201.676, 201.776)  (201.776, 201.836)  (201.836, 201.946)  (201.946, 202.146)  (202.146, 202.236)  (202.236, 202.396)  (202.396, 202.556) 
Token Types      : 0                   0                   0                   0                   0                   0                   0                   0                   0                   0                   0                   0                   0                   0                   0                  
turn_ids         : 0                   0                   0                   0                   0                   0                   0                   0                   0                   0                   0                   0                   0                   0                   0                  
turn_end_types   : 0                   0                   0                   0                   0                   0                   0                   0                   0                   0                   0                   0                   0                   0                   0                  
speaker_ids      : 0                   0                   0                   0                   0                   0                   0                   0                   0                   0                   0                   0                   0                   0                   0                  

B                : Ġif                 Ġall                Ġof                 Ġmy                 Ġkids               Ġstill              Ġlive               Ġhere               Ġand                Ġi                  Ġgo                 Ġback               Ġto                 Ġi                  owa                
Timings          : (200.276, 200.556)  (200.556, 200.716)  (200.716, 200.786)  (200.786, 200.916)  (200.916, 201.166)  (201.166, 201.386)  (201.386, 201.526)  (201.526, 201.676)  (201.676, 201.776)  (201.776, 201.836)  (201.836, 201.946)  (201.946, 202.146)  (202.146, 202.236)  (202.236, 202.396)  (202.396, 202.556) 
Token Types      : 1                   1                   1                   1                   1                   1                   1                   1                   1                   1                   1                   1                   1                   1                   1                  
turn_ids         : 82722680733709      82722680733709      82722680733709      82722680733709      82722680733709      82722680733709      82722680733709      82722680733709      82722680733709      82722680733709      82722680733709      82722680733709      82722680733709      82722680733709      82722680733709     
turn_end_types   : 1                   1                   1                   1                   1                   1                   1                   1                   1                   1                   1                   1                   1                   1                   1                  
speaker_ids      : 2                   2                   2                   2                   2                   2                   2                   2                   2                   2                   2                   2                   2                   2                   2                  


A                : <emp>               <emp>               <emp>               <emp>               <emp>               <emp>               <emp>               <emp>               <emp>               <emp>               <emp>               <emp>               <emp>               <emp>               <emp>              
Timings          : (202.556, 202.806)  (202.806, 202.916)  (202.916, 203.079)  (203.079, 203.206)  (203.206, 204.306)  (204.306, 204.506)  (204.506, 205.026)  (205.026, 205.096)  (205.096, 205.226)  (205.226, 205.362)  (205.362, 205.499)  (205.499, 205.636)  (205.636, 205.986)  (207.448, 207.549)  (207.549, 207.876) 
Token Types      : 0                   0                   0                   0                   0                   0                   0                   0                   0                   0                   0                   0                   0                   0                   0                  
turn_ids         : 0                   0                   0                   0                   0                   0                   0                   0                   0                   0                   0                   0                   0                   0                   0                  
turn_end_types   : 0                   0                   0                   0                   0                   0                   0                   0                   0                   0                   0                   0                   0                   0                   0                  
speaker_ids      : 0                   0                   0                   0                   0                   0                   0                   0                   0                   0                   0                   0                   0                   0                   0                  

B                : Ġcourse             Ġthere              Ġis                 Ġno                 Ġconvenience        Ġso                 Ġprobably           Ġit                 Ġwould              Ġbeh                o                   ove                 Ġme                 Ġto                 Ġtry               
Timings          : (202.556, 202.806)  (202.806, 202.916)  (202.916, 203.079)  (203.079, 203.206)  (203.206, 204.306)  (204.306, 204.506)  (204.506, 205.026)  (205.026, 205.096)  (205.096, 205.226)  (205.226, 205.362)  (205.362, 205.499)  (205.499, 205.636)  (205.636, 205.986)  (207.448, 207.549)  (207.549, 207.876) 
Token Types      : 1                   1                   1                   1                   1                   1                   1                   1                   1                   1                   1                   1                   1                   1                   1                  
turn_ids         : 82722680733709      82722680733709      82722680733709      82722680733709      82722680733709      82722680733709      82722680733709      82722680733709      82722680733709      82722680733709      82722680733709      82722680733709      82722680733709      82722680733709      82722680733709     
turn_end_types   : 1                   1                   1                   1                   1                   1                   1                   1                   1                   1                   1                   1                   1                   1                   1                  
speaker_ids      : 2                   2                   2                   2                   2                   2                   2                   2                   2                   2                   2                   2                   2                   2                   2                  


A                : <emp>               <emp>               <emp>               <emp>               <emp>               <emp>               <emp>               <emp>               <emp>               <emp>               Ġum                 hum                 <ebc>               <emp>               <emp>              
Timings          : (207.876, 208.056)  (208.056, 208.516)  (208.516, 209.116)  (209.116, 209.246)  (209.246, 209.516)  (209.516, 209.726)  (209.726, 209.886)  (209.886, 209.996)  (209.996, 210.214)  (210.214, 210.432)  (210.557, 210.818)  (210.818, 211.079)  (-1.0, -1.0)        (212.391, 212.611)  (214.101, 214.197) 
Token Types      : 0                   0                   0                   0                   0                   0                   0                   0                   0                   0                   3                   3                   3                   0                   0                  
turn_ids         : 0                   0                   0                   0                   0                   0                   0                   0                   0                   0                   82724291346446      82724291346446      82724291346446      0                   0                  
turn_end_types   : 0                   0                   0                   0                   0                   0                   0                   0                   0                   0                   0                   0                   0                   0                   0                  
speaker_ids      : 0                   0                   0                   0                   0                   0                   0                   0                   0                   0                   1                   1                   1                   0                   0                  

B                : Ġto                 Ġstart              Ġsomething          Ġof                 Ġthis               Ġsort               Ġhere               Ġin                 Ġd                  allas               <emp>               <emp>               Ġbut                Ġuh                 Ġthat              
Timings          : (207.876, 208.056)  (208.056, 208.516)  (208.516, 209.116)  (209.116, 209.246)  (209.246, 209.516)  (209.516, 209.726)  (209.726, 209.886)  (209.886, 209.996)  (209.996, 210.214)  (210.214, 210.432)  (210.557, 210.818)  (210.818, 211.079)  (212.068, 212.391)  (212.391, 212.611)  (214.101, 214.197) 
Token Types      : 1                   1                   1                   1                   1                   1                   1                   1                   1                   1                   1                   1                   1                   1                   1                  
turn_ids         : 82722680733709      82722680733709      82722680733709      82722680733709      82722680733709      82722680733709      82722680733709      82722680733709      82722680733709      82722680733709      82722680733709      82722680733709      82722680733709      82722680733709      82722680733709     
turn_end_types   : 1                   1                   1                   1                   1                   1                   1                   1                   1                   1                   1                   1                   1                   1                   1                  
speaker_ids      : 2                   2                   2                   2                   2                   2                   2                   2                   2                   2                   2                   2                   2                   2                   2                  


A                : <emp>               <emp>               <emp>               <emp>               <emp>               <emp>               <emp>               <emp>               <emp>               <emp>               <emp>               <emp>               <emp>               <emp>               <emp>              
Timings          : (214.197, 214.294)  (214.294, 214.361)  (214.361, 214.491)  (214.491, 214.841)  (214.841, 214.971)  (214.971, 215.486)  (215.486, 215.741)  (216.536, 216.695)  (216.695, 216.908)  (216.908, 217.238)  (217.238, 217.348)  (217.348, 217.808)  (217.808, 217.898)  (217.898, 218.458)  (218.458, 218.538) 
Token Types      : 0                   0                   0                   0                   0                   0                   0                   0                   0                   0                   0                   0                   0                   0                   0                  
turn_ids         : 0                   0                   0                   0                   0                   0                   0                   0                   0                   0                   0                   0                   0                   0                   0                  
turn_end_types   : 0                   0                   0                   0                   0                   0                   0                   0                   0                   0                   0                   0                   0                   0                   0                  
speaker_ids      : 0                   0                   0                   0                   0                   0                   0                   0                   0                   0                   0                   0                   0                   0                   0                  

B                : 's                  Ġa                  Ġbig                Ġjob                Ġyou                Ġknow               Ġuh                 Ġso                 Ġmany               Ġneeds              Ġare                Ġcrying             Ġthe                Ġhomeless           Ġthe               
Timings          : (214.197, 214.294)  (214.294, 214.361)  (214.361, 214.491)  (214.491, 214.841)  (214.841, 214.971)  (214.971, 215.486)  (215.486, 215.741)  (216.536, 216.695)  (216.695, 216.908)  (216.908, 217.238)  (217.238, 217.348)  (217.348, 217.808)  (217.808, 217.898)  (217.898, 218.458)  (218.458, 218.538) 
Token Types      : 1                   1                   1                   1                   1                   1                   1                   1                   1                   1                   1                   1                   1                   1                   1                  
turn_ids         : 82722680733709      82722680733709      82722680733709      82722680733709      82722680733709      82722680733709      82722680733709      82722680733709      82722680733709      82722680733709      82722680733709      82722680733709      82722680733709      82722680733709      82722680733709     
turn_end_types   : 1                   1                   1                   1                   1                   1                   1                   1                   1                   1                   1                   1                   1                   1                   1                  
speaker_ids      : 2                   2                   2                   2                   2                   2                   2                   2                   2                   2                   2                   2                   2                   2                   2                  


A                : <emp>               <emp>               <emp>               <emp>               <emp>               <emp>               <emp>               <emp>               <emp>               <emp>               <emp>               <emp>               <emp>               <emp>               <emp>              
Timings          : (218.538, 218.908)  (218.908, 219.418)  (219.418, 219.568)  (219.568, 219.668)  (219.668, 220.048)  (220.048, 220.538)  (220.538, 220.648)  (220.648, 220.748)  (220.748, 220.838)  (220.838, 220.928)  (220.928, 221.068)  (221.068, 221.378)  (221.378, 221.668)  (221.668, 221.948)  (221.948, 222.208) 
Token Types      : 0                   0                   0                   0                   0                   0                   0                   0                   0                   0                   0                   0                   0                   0                   0                  
turn_ids         : 0                   0                   0                   0                   0                   0                   0                   0                   0                   0                   0                   0                   0                   0                   0                  
turn_end_types   : 0                   0                   0                   0                   0                   0                   0                   0                   0                   0                   0                   0                   0                   0                   0                  
speaker_ids      : 0                   0                   0                   0                   0                   0                   0                   0                   0                   0                   0                   0                   0                   0                   0                  

B                : Ġabused             Ġchildren           Ġthe                Ġthe                Ġbeaten             Ġwives              Ġyou                Ġknow               Ġthere              's                  Ġso                 Ġmany               Ġthings             Ġgoing              Ġon                
Timings          : (218.538, 218.908)  (218.908, 219.418)  (219.418, 219.568)  (219.568, 219.668)  (219.668, 220.048)  (220.048, 220.538)  (220.538, 220.648)  (220.648, 220.748)  (220.748, 220.838)  (220.838, 220.928)  (220.928, 221.068)  (221.068, 221.378)  (221.378, 221.668)  (221.668, 221.948)  (221.948, 222.208) 
Token Types      : 1                   1                   1                   1                   1                   1                   1                   1                   1                   1                   1                   1                   1                   1                   1                  
turn_ids         : 82722680733709      82722680733709      82722680733709      82722680733709      82722680733709      82722680733709      82722680733709      82722680733709      82722680733709      82722680733709      82722680733709      82722680733709      82722680733709      82722680733709      82722680733709     
turn_end_types   : 1                   1                   1                   1                   1                   1                   1                   1                   1                   1                   1                   1                   1                   1                   1                  
speaker_ids      : 2                   2                   2                   2                   2                   2                   2                   2                   2                   2                   2                   2                   2                   2                   2                  


A                : <emp>               <emp>               <emp>               <emp>               <emp>               <emp>               <emp>               <emp>               <emp>               <emp>               <emp>               <emp>               <emp>               <emp>               <emp>              
Timings          : (222.208, 222.358)  (222.878, 222.998)  (222.998, 223.108)  (223.108, 223.198)  (223.198, 223.328)  (223.498, 223.718)  (223.718, 223.798)  (223.798, 224.058)  (224.551, 224.676)  (224.676, 224.923)  (224.923, 225.058)  (225.058, 225.193)  (225.193, 225.243)  (225.243, 225.543)  (225.543, 225.623) 
Token Types      : 0                   0                   0                   0                   0                   0                   0                   0                   0                   0                   0                   0                   0                   0                   0                  
turn_ids         : 0                   0                   0                   0                   0                   0                   0                   0                   0                   0                   0                   0                   0                   0                   0                  
turn_end_types   : 0                   0                   0                   0                   0                   0                   0                   0                   0                   0                   0                   0                   0                   0                   0                  
speaker_ids      : 0                   0                   0                   0                   0                   0                   0                   0                   0                   0                   0                   0                   0                   0                   0                  

B                : Ġthat               Ġthat               Ġhow                Ġdo                 Ġwe                 Ġall                Ġof                 Ġthis               Ġand                Ġmaybe              Ġthat               's                  Ġa                  Ġpart               Ġof                
Timings          : (222.208, 222.358)  (222.878, 222.998)  (222.998, 223.108)  (223.108, 223.198)  (223.198, 223.328)  (223.498, 223.718)  (223.718, 223.798)  (223.798, 224.058)  (224.551, 224.676)  (224.676, 224.923)  (224.923, 225.058)  (225.058, 225.193)  (225.193, 225.243)  (225.243, 225.543)  (225.543, 225.623) 
Token Types      : 1                   1                   1                   1                   1                   1                   1                   1                   1                   1                   1                   1                   1                   1                   1                  
turn_ids         : 82722680733709      82722680733709      82722680733709      82722680733709      82722680733709      82722680733709      82722680733709      82722680733709      82722680733709      82722680733709      82722680733709      82722680733709      82722680733709      82722680733709      82722680733709     
turn_end_types   : 1                   1                   1                   1                   1                   1                   1                   1                   1                   1                   1                   1                   1                   1                   1                  
speaker_ids      : 2                   2                   2                   2                   2                   2                   2                   2                   2                   2                   2                   2                   2                   2                   2                  


A                : <emp>               <emp>               <emp>               <emp>               <emp>               <emp>               <emp>               <emp>               <emp>               <emp>               <emp>               <emp>               <emp>               <emp>               <emp>              
Timings          : (225.623, 225.733)  (225.733, 226.233)  (226.233, 226.623)  (226.623, 226.753)  (226.753, 226.853)  (226.853, 227.053)  (227.053, 227.268)  (227.268, 227.597)  (227.597, 227.895)  (228.956, 229.024)  (229.024, 229.151)  (229.151, 229.331)  (229.331, 229.431)  (229.431, 229.681)  (229.681, 229.751) 
Token Types      : 0                   0                   0                   0                   0                   0                   0                   0                   0                   0                   0                   0                   0                   0                   0                  
turn_ids         : 0                   0                   0                   0                   0                   0                   0                   0                   0                   0                   0                   0                   0                   0                   0                  
turn_end_types   : 0                   0                   0                   0                   0                   0                   0                   0                   0                   0                   0                   0                   0                   0                   0                  
speaker_ids      : 0                   0                   0                   0                   0                   0                   0                   0                   0                   0                   0                   0                   0                   0                   0                  

B                : Ġit                 Ġmaybe              Ġmaybe              Ġwhat               Ġwe                 Ġcan                Ġdo                 Ġis                 Ġuh                 Ġof                 Ġcourse             Ġthis               Ġis                 Ġkind               Ġof                
Timings          : (225.623, 225.733)  (225.733, 226.233)  (226.233, 226.623)  (226.623, 226.753)  (226.753, 226.853)  (226.853, 227.053)  (227.053, 227.268)  (227.268, 227.597)  (227.597, 227.895)  (228.956, 229.024)  (229.024, 229.151)  (229.151, 229.331)  (229.331, 229.431)  (229.431, 229.681)  (229.681, 229.751) 
Token Types      : 1                   1                   1                   1                   1                   1                   1                   1                   1                   1                   1                   1                   1                   1                   1                  
turn_ids         : 82722680733709      82722680733709      82722680733709      82722680733709      82722680733709      82722680733709      82722680733709      82722680733709      82722680733709      82722680733709      82722680733709      82722680733709      82722680733709      82722680733709      82722680733709     
turn_end_types   : 1                   1                   1                   1                   1                   1                   1                   1                   1                   1                   1                   1                   1                   1                   1                  
speaker_ids      : 2                   2                   2                   2                   2                   2                   2                   2                   2                   2                   2                   2                   2                   2                   2                  


A                : <emp>               <emp>               <emp>               <emp>               <emp>               <emp>               <emp>               <emp>               <emp>               <emp>               <emp>               <emp>               <emp>               <emp>               <emp>              
Timings          : (229.751, 229.821)  (229.821, 230.101)  (230.101, 230.498)  (230.859, 231.431)  (231.431, 231.644)  (232.273, 232.586)  (232.97, 233.041)   (233.041, 233.141)  (233.141, 233.191)  (233.191, 233.241)  (233.241, 233.481)  (233.481, 233.681)  (233.681, 233.961)  (233.961, 234.331)  (234.471, 234.831) 
Token Types      : 0                   0                   0                   0                   0                   0                   0                   0                   0                   0                   0                   0                   0                   0                   0                  
turn_ids         : 0                   0                   0                   0                   0                   0                   0                   0                   0                   0                   0                   0                   0                   0                   0                  
turn_end_types   : 0                   0                   0                   0                   0                   0                   0                   0                   0                   0                   0                   0                   0                   0                   0                  
speaker_ids      : 0                   0                   0                   0                   0                   0                   0                   0                   0                   0                   0                   0                   0                   0                   0                  

B                : Ġa                  Ġfar                Ġflung              Ġsituation          Ġbut                Ġuh                 Ġyou                Ġknow               Ġthey               're                 Ġtalking            Ġabout              Ġwork               Ġfare               Ġnow               
Timings          : (229.751, 229.821)  (229.821, 230.101)  (230.101, 230.498)  (230.859, 231.431)  (231.431, 231.644)  (232.273, 232.586)  (232.97, 233.041)   (233.041, 233.141)  (233.141, 233.191)  (233.191, 233.241)  (233.241, 233.481)  (233.481, 233.681)  (233.681, 233.961)  (233.961, 234.331)  (234.471, 234.831) 
Token Types      : 1                   1                   1                   1                   1                   1                   1                   1                   1                   1                   1                   1                   1                   1                   1                  
turn_ids         : 82722680733709      82722680733709      82722680733709      82722680733709      82722680733709      82722680733709      82722680733709      82722680733709      82722680733709      82722680733709      82722680733709      82722680733709      82722680733709      82722680733709      82722680733709     
turn_end_types   : 1                   1                   1                   1                   1                   1                   1                   1                   1                   1                   1                   1                   1                   1                   1                  
speaker_ids      : 2                   2                   2                   2                   2                   2                   2                   2                   2                   2                   2                   2                   2                   2                   2                  


A                : <emp>               <emp>               <emp>               <emp>               <emp>               <emp>               <emp>               <emp>               <emp>               <emp>               <emp>               <emp>               <emp>               <emp>               <emp>              
Timings          : (234.831, 235.04)   (235.251, 235.421)  (235.421, 235.711)  (235.711, 236.001)  (236.001, 236.071)  (236.071, 236.331)  (236.331, 236.411)  (236.411, 236.708)  (237.761, 237.839)  (237.839, 237.93)   (237.93, 238.06)    (238.06, 238.33)    (238.33, 238.63)    (238.63, 238.72)    (238.72, 239.03)   
Token Types      : 0                   0                   0                   0                   0                   0                   0                   0                   0                   0                   0                   0                   0                   0                   0                  
turn_ids         : 0                   0                   0                   0                   0                   0                   0                   0                   0                   0                   0                   0                   0                   0                   0                  
turn_end_types   : 0                   0                   0                   0                   0                   0                   0                   0                   0                   0                   0                   0                   0                   0                   0                  
speaker_ids      : 0                   0                   0                   0                   0                   0                   0                   0                   0                   0                   0                   0                   0                   0                   0                  

B                : Ġin                 Ġuh                 Ġw                  isconsin            Ġi                  Ġbelieve            Ġit                 Ġis                 Ġbut                Ġis                 Ġthere              Ġsome               Ġreason             Ġi                  Ġwonder            
Timings          : (234.831, 235.04)   (235.251, 235.421)  (235.421, 235.711)  (235.711, 236.001)  (236.001, 236.071)  (236.071, 236.331)  (236.331, 236.411)  (236.411, 236.708)  (237.761, 237.839)  (237.839, 237.93)   (237.93, 238.06)    (238.06, 238.33)    (238.33, 238.63)    (238.63, 238.72)    (238.72, 239.03)   
Token Types      : 1                   1                   1                   1                   1                   1                   1                   1                   1                   1                   1                   1                   1                   1                   1                  
turn_ids         : 82722680733709      82722680733709      82722680733709      82722680733709      82722680733709      82722680733709      82722680733709      82722680733709      82722680733709      82722680733709      82722680733709      82722680733709      82722680733709      82722680733709      82722680733709     
turn_end_types   : 1                   1                   1                   1                   1                   1                   1                   1                   1                   1                   1                   1                   1                   1                   1                  
speaker_ids      : 2                   2                   2                   2                   2                   2                   2                   2                   2                   2                   2                   2                   2                   2                   2                  


A                : <emp>               <emp>               <emp>               <emp>               <emp>               <emp>               <emp>               <emp>               <emp>               <emp>               <emp>               <emp>               <emp>               Ġum                 hum                
Timings          : (239.03, 239.21)    (239.21, 239.32)    (239.32, 239.465)   (239.465, 239.61)   (239.61, 239.73)    (239.73, 239.97)    (239.97, 240.05)    (240.05, 240.24)    (240.24, 240.61)    (240.61, 241.184)   (241.603, 241.79)   (241.952, 242.34)   (242.34, 242.77)    (242.961, 243.2)    (243.2, 243.439)   
Token Types      : 0                   0                   0                   0                   0                   0                   0                   0                   0                   0                   0                   0                   0                   3                   3                  
turn_ids         : 0                   0                   0                   0                   0                   0                   0                   0                   0                   0                   0                   0                   0                   82724291346447      82724291346447     
turn_end_types   : 0                   0                   0                   0                   0                   0                   0                   0                   0                   0                   0                   0                   0                   0                   0                  
speaker_ids      : 0                   0                   0                   0                   0                   0                   0                   0                   0                   0                   0                   0                   0                   1                   1                  

B                : Ġwhy                Ġwe                 Ġcouldn             't                  Ġhave               Ġsome               Ġof                 Ġthese              Ġpeople             Ġinvolved           Ġin                 Ġnursing            Ġhomes              <eot>               <emp>              
Timings          : (239.03, 239.21)    (239.21, 239.32)    (239.32, 239.465)   (239.465, 239.61)   (239.61, 239.73)    (239.73, 239.97)    (239.97, 240.05)    (240.05, 240.24)    (240.24, 240.61)    (240.61, 241.184)   (241.603, 241.79)   (241.952, 242.34)   (242.34, 242.77)    (-1.0, -1.0)        (243.2, 243.439)   
Token Types      : 1                   1                   1                   1                   1                   1                   1                   1                   1                   1                   1                   1                   1                   1                   0                  
turn_ids         : 82722680733709      82722680733709      82722680733709      82722680733709      82722680733709      82722680733709      82722680733709      82722680733709      82722680733709      82722680733709      82722680733709      82722680733709      82722680733709      82722680733709      0                  
turn_end_types   : 1                   1                   1                   1                   1                   1                   1                   1                   1                   1                   1                   1                   1                   1                   0                  
speaker_ids      : 2                   2                   2                   2                   2                   2                   2                   2                   2                   2                   2                   2                   2                   2                   0                  


A                : <ebc>               Ġis                 Ġthat               <yield>             <emp>               <emp>               <emp>               <emp>               <emp>               <emp>               <emp>               Ġum                 hum                 <ebc>               <emp>              
Timings          : (-1.0, -1.0)        (244.86, 245.154)   (245.154, 245.365)  (-1.0, -1.0)        (245.6, 245.786)    (245.786, 245.972)  (245.972, 246.182)  (246.182, 246.272)  (246.272, 246.392)  (246.392, 246.623)  (246.623, 247.135)  (247.473, 247.68)   (247.68, 247.887)   (-1.0, -1.0)        (248.038, 248.172) 
Token Types      : 3                   1                   1                   1                   0                   0                   0                   0                   0                   0                   0                   3                   3                   3                   0                  
turn_ids         : 82724291346447      82722143862798      82722143862798      82722143862798      0                   0                   0                   0                   0                   0                   0                   82724291346449      82724291346449      82724291346449      0                  
turn_end_types   : 0                   2                   2                   2                   0                   0                   0                   0                   0                   0                   0                   0                   0                   0                   0                  
speaker_ids      : 1                   1                   1                   1                   0                   0                   0                   0                   0                   0                   0                   1                   1                   1                   0                  

B                : <emp>               Ġso                 Ġthat               Ġthey               Ġdidn               't                  Ġhave               Ġto                 Ġbe                 Ġso                 Ġexpensive          <emp>               <emp>               Ġyou                Ġknow              
Timings          : (-1.0, -1.0)        (244.862, 245.158)  (245.158, 245.322)  (245.322, 245.484)  (245.6, 245.786)    (245.786, 245.972)  (245.972, 246.182)  (246.182, 246.272)  (246.272, 246.392)  (246.392, 246.623)  (246.623, 247.135)  (247.473, 247.68)   (247.68, 247.887)   (247.947, 248.038)  (248.038, 248.172) 
Token Types      : 0                   4                   4                   4                   4                   4                   4                   4                   4                   4                   4                   4                   4                   4                   4                  
turn_ids         : 0                   82725901959183      82725901959183      82725901959183      82725901959183      82725901959183      82725901959183      82725901959183      82725901959183      82725901959183      82725901959183      82725901959183      82725901959183      82725901959183      82725901959183     
turn_end_types   : 0                   1                   1                   1                   1                   1                   1                   1                   1                   1                   1                   1                   1                   1                   1                  
speaker_ids      : 0                   2                   2                   2                   2                   2                   2                   2                   2                   2                   2                   2                   2                   2                   2                  


A                : <emp>               <emp>               <emp>               <emp>               <emp>               <emp>               <emp>               <emp>               <emp>               <emp>               <emp>               <emp>               <emp>               <emp>               <emp>              
Timings          : (248.172, 248.362)  (248.362, 248.442)  (248.442, 248.552)  (248.552, 248.627)  (248.627, 248.702)  (248.702, 248.952)  (248.952, 249.362)  (249.362, 249.492)  (249.492, 249.682)  (249.682, 250.052)  (250.052, 250.552)  (251.122, 251.272)  (251.272, 251.652)  (251.652, 251.852)  (251.852, 251.992) 
Token Types      : 0                   0                   0                   0                   0                   0                   0                   0                   0                   0                   0                   0                   0                   0                   0                  
turn_ids         : 0                   0                   0                   0                   0                   0                   0                   0                   0                   0                   0                   0                   0                   0                   0                  
turn_end_types   : 0                   0                   0                   0                   0                   0                   0                   0                   0                   0                   0                   0                   0                   0                   0                  
speaker_ids      : 0                   0                   0                   0                   0                   0                   0                   0                   0                   0                   0                   0                   0                   0                   0                  

B                : Ġif                 Ġyou                Ġif                 Ġyou                've                 Ġgot                Ġsomebody           Ġwho                Ġis                 Ġdrawing            Ġwelfare            Ġthen               Ġperhaps            Ġthat               Ġcan               
Timings          : (248.172, 248.362)  (248.362, 248.442)  (248.442, 248.552)  (248.552, 248.627)  (248.627, 248.702)  (248.702, 248.952)  (248.952, 249.362)  (249.362, 249.492)  (249.492, 249.682)  (249.682, 250.052)  (250.052, 250.552)  (251.122, 251.272)  (251.272, 251.652)  (251.652, 251.852)  (251.852, 251.992) 
Token Types      : 4                   4                   4                   4                   4                   4                   4                   4                   4                   4                   4                   4                   4                   4                   4                  
turn_ids         : 82725901959183      82725901959183      82725901959183      82725901959183      82725901959183      82725901959183      82725901959183      82725901959183      82725901959183      82725901959183      82725901959183      82725901959183      82725901959183      82725901959183      82725901959183     
turn_end_types   : 1                   1                   1                   1                   1                   1                   1                   1                   1                   1                   1                   1                   1                   1                   1                  
speaker_ids      : 2                   2                   2                   2                   2                   2                   2                   2                   2                   2                   2                   2                   2                   2                   2                  


A                : <emp>               <emp>               <emp>               <emp>               <emp>               <emp>               <emp>               <emp>               <emp>               <emp>               <emp>               Ġwell               Ġand                Ġi                  Ġthink             
Timings          : (251.992, 252.102)  (252.102, 252.572)  (252.986, 253.262)  (253.262, 253.422)  (253.422, 253.622)  (253.622, 253.842)  (253.842, 254.252)  (254.252, 254.492)  (254.492, 254.622)  (254.622, 255.022)  (255.022, 255.567)  (255.811, 256.016)  (256.016, 256.132)  (256.132, 256.202)  (256.202, 256.412) 
Token Types      : 0                   0                   0                   0                   0                   0                   0                   0                   0                   0                   0                   1                   1                   1                   1                  
turn_ids         : 0                   0                   0                   0                   0                   0                   0                   0                   0                   0                   0                   82722143862800      82722143862800      82722143862800      82722143862800     
turn_end_types   : 0                   0                   0                   0                   0                   0                   0                   0                   0                   0                   0                   1                   1                   1                   1                  
speaker_ids      : 0                   0                   0                   0                   0                   0                   0                   0                   0                   0                   0                   1                   1                   1                   1                  

B                : Ġbe                 Ġquote              Ġpart               Ġof                 Ġtheir              Ġtheir              Ġpayment            Ġfor                Ġtheir              Ġwelfare            Ġpayments           <eot>               <emp>               <emp>               <emp>              
Timings          : (251.992, 252.102)  (252.102, 252.572)  (252.986, 253.262)  (253.262, 253.422)  (253.422, 253.622)  (253.622, 253.842)  (253.842, 254.252)  (254.252, 254.492)  (254.492, 254.622)  (254.622, 255.022)  (255.022, 255.567)  (-1.0, -1.0)        (256.016, 256.132)  (256.132, 256.202)  (256.202, 256.412) 
Token Types      : 4                   4                   4                   4                   4                   4                   4                   4                   4                   4                   4                   4                   0                   0                   0                  
turn_ids         : 82725901959183      82725901959183      82725901959183      82725901959183      82725901959183      82725901959183      82725901959183      82725901959183      82725901959183      82725901959183      82725901959183      82725901959183      0                   0                   0                  
turn_end_types   : 1                   1                   1                   1                   1                   1                   1                   1                   1                   1                   1                   1                   0                   0                   0                  
speaker_ids      : 2                   2                   2                   2                   2                   2                   2                   2                   2                   2                   2                   2                   0                   0                   0                  


A                : Ġthat               Ġwould              Ġbe                 Ġa                  Ġgood               Ġidea               Ġtoo                Ġi                  Ġdon                't                  Ġknow               Ġif                 Ġthese              Ġpeople             Ġneed              
Timings          : (256.412, 256.532)  (256.532, 256.672)  (256.672, 256.802)  (256.802, 256.842)  (256.842, 257.042)  (257.042, 257.402)  (257.402, 257.672)  (257.672, 257.802)  (257.802, 257.927)  (257.927, 258.052)  (258.052, 258.284)  (258.774, 259.196)  (259.429, 259.602)  (259.602, 260.121)  (260.272, 260.572) 
Token Types      : 1                   1                   1                   1                   1                   1                   1                   1                   1                   1                   1                   1                   1                   1                   1                  
turn_ids         : 82722143862800      82722143862800      82722143862800      82722143862800      82722143862800      82722143862800      82722143862800      82722143862800      82722143862800      82722143862800      82722143862800      82722143862800      82722143862800      82722143862800      82722143862800     
turn_end_types   : 1                   1                   1                   1                   1                   1                   1                   1                   1                   1                   1                   1                   1                   1                   1                  
speaker_ids      : 1                   1                   1                   1                   1                   1                   1                   1                   1                   1                   1                   1                   1                   1                   1                  

B                : <emp>               <emp>               <emp>               <emp>               <emp>               <emp>               <emp>               <emp>               <emp>               <emp>               <emp>               <emp>               <emp>               <emp>               <emp>              
Timings          : (256.412, 256.532)  (256.532, 256.672)  (256.672, 256.802)  (256.802, 256.842)  (256.842, 257.042)  (257.042, 257.402)  (257.402, 257.672)  (257.672, 257.802)  (257.802, 257.927)  (257.927, 258.052)  (258.052, 258.284)  (258.774, 259.196)  (259.429, 259.602)  (259.602, 260.121)  (260.272, 260.572) 
Token Types      : 0                   0                   0                   0                   0                   0                   0                   0                   0                   0                   0                   0                   0                   0                   0                  
turn_ids         : 0                   0                   0                   0                   0                   0                   0                   0                   0                   0                   0                   0                   0                   0                   0                  
turn_end_types   : 0                   0                   0                   0                   0                   0                   0                   0                   0                   0                   0                   0                   0                   0                   0                  
speaker_ids      : 0                   0                   0                   0                   0                   0                   0                   0                   0                   0                   0                   0                   0                   0                   0                  


A                : Ġit                 Ġfor                Ġself               esteem              Ġit                 Ġwould              Ġseem               Ġto                 Ġme                 Ġthat               Ġthey               Ġwould              Ġbut                Ġif                 Ġnothing           
Timings          : (260.572, 260.662)  (260.662, 260.792)  (260.792, 261.152)  (261.152, 261.512)  (261.512, 261.602)  (261.602, 261.702)  (261.702, 261.932)  (261.932, 262.042)  (262.042, 262.212)  (262.212, 262.372)  (262.372, 262.612)  (262.612, 262.911)  (263.25, 263.412)   (263.412, 263.512)  (263.512, 263.872) 
Token Types      : 1                   1                   1                   1                   1                   1                   1                   1                   1                   1                   1                   1                   1                   1                   1                  
turn_ids         : 82722143862800      82722143862800      82722143862800      82722143862800      82722143862800      82722143862800      82722143862800      82722143862800      82722143862800      82722143862800      82722143862800      82722143862800      82722143862800      82722143862800      82722143862800     
turn_end_types   : 1                   1                   1                   1                   1                   1                   1                   1                   1                   1                   1                   1                   1                   1                   1                  
speaker_ids      : 1                   1                   1                   1                   1                   1                   1                   1                   1                   1                   1                   1                   1                   1                   1                  

B                : <emp>               <emp>               <emp>               <emp>               <emp>               <emp>               <emp>               <emp>               <emp>               <emp>               <emp>               <emp>               <emp>               <emp>               <emp>              
Timings          : (260.572, 260.662)  (260.662, 260.792)  (260.792, 261.152)  (261.152, 261.512)  (261.512, 261.602)  (261.602, 261.702)  (261.702, 261.932)  (261.932, 262.042)  (262.042, 262.212)  (262.212, 262.372)  (262.372, 262.612)  (262.612, 262.911)  (263.25, 263.412)   (263.412, 263.512)  (263.512, 263.872) 
Token Types      : 0                   0                   0                   0                   0                   0                   0                   0                   0                   0                   0                   0                   0                   0                   0                  
turn_ids         : 0                   0                   0                   0                   0                   0                   0                   0                   0                   0                   0                   0                   0                   0                   0                  
turn_end_types   : 0                   0                   0                   0                   0                   0                   0                   0                   0                   0                   0                   0                   0                   0                   0                  
speaker_ids      : 0                   0                   0                   0                   0                   0                   0                   0                   0                   0                   0                   0                   0                   0                   0                  


A                : Ġelse               Ġyes                Ġlet                Ġthem               Ġearn               Ġsome               Ġof                 Ġtheir              Ġmoney              <eot>               <emp>               <emp>               <emp>               <emp>               <emp>              
Timings          : (263.872, 264.072)  (264.072, 264.362)  (264.362, 264.477)  (264.477, 264.635)  (264.635, 264.832)  (264.832, 264.982)  (264.982, 265.042)  (265.042, 265.142)  (265.142, 265.413)  (-1.0, -1.0)        (265.869, 266.134)  (266.134, 266.353)  (266.353, 266.414)  (266.414, 266.474)  (266.474, 266.833) 
Token Types      : 1                   1                   1                   1                   1                   1                   1                   1                   1                   1                   0                   0                   0                   0                   0                  
turn_ids         : 82722143862800      82722143862800      82722143862800      82722143862800      82722143862800      82722143862800      82722143862800      82722143862800      82722143862800      82722143862800      0                   0                   0                   0                   0                  
turn_end_types   : 1                   1                   1                   1                   1                   1                   1                   1                   1                   1                   0                   0                   0                   0                   0                  
speaker_ids      : 1                   1                   1                   1                   1                   1                   1                   1                   1                   1                   0                   0                   0                   0                   0                  

B                : <emp>               <emp>               <emp>               <emp>               <emp>               <emp>               <emp>               <emp>               <emp>               Ġyeah               Ġbecause            Ġpart               Ġof                 Ġthe                Ġproblem           
Timings          : (263.872, 264.072)  (264.072, 264.362)  (264.362, 264.477)  (264.477, 264.635)  (264.635, 264.832)  (264.832, 264.982)  (264.982, 265.042)  (265.042, 265.142)  (265.142, 265.413)  (265.788, 265.869)  (265.869, 266.134)  (266.134, 266.353)  (266.353, 266.414)  (266.414, 266.474)  (266.474, 266.833) 
Token Types      : 0                   0                   0                   0                   0                   0                   0                   0                   0                   1                   1                   1                   1                   1                   1                  
turn_ids         : 0                   0                   0                   0                   0                   0                   0                   0                   0                   82722680733713      82722680733713      82722680733713      82722680733713      82722680733713      82722680733713     
turn_end_types   : 0                   0                   0                   0                   0                   0                   0                   0                   0                   1                   1                   1                   1                   1                   1                  
speaker_ids      : 0                   0                   0                   0                   0                   0                   0                   0                   0                   2                   2                   2                   2                   2                   2                  


A                : <emp>               <emp>               <emp>               <emp>               <emp>               <emp>               <emp>               <emp>               <emp>               <emp>               <emp>               <emp>               <emp>               <emp>               <emp>              
Timings          : (266.833, 267.103)  (267.103, 267.314)  (267.314, 267.496)  (267.914, 268.034)  (268.034, 268.543)  (268.543, 268.793)  (268.793, 269.173)  (269.173, 269.483)  (269.483, 269.603)  (269.603, 269.773)  (269.773, 270.004)  (270.004, 270.053)  (270.053, 270.257)  (270.257, 270.46)   (270.46, 270.664)  
Token Types      : 0                   0                   0                   0                   0                   0                   0                   0                   0                   0                   0                   0                   0                   0                   0                  
turn_ids         : 0                   0                   0                   0                   0                   0                   0                   0                   0                   0                   0                   0                   0                   0                   0                  
turn_end_types   : 0                   0                   0                   0                   0                   0                   0                   0                   0                   0                   0                   0                   0                   0                   0                  
speaker_ids      : 0                   0                   0                   0                   0                   0                   0                   0                   0                   0                   0                   0                   0                   0                   0                  

B                : Ġnow                Ġis                 Ġthat               Ġit                 Ġcosts              Ġso                 Ġmuch               Ġmoney              Ġto                 Ġget                Ġinto               Ġa                  Ġconv               ales                cent               
Timings          : (266.833, 267.103)  (267.103, 267.314)  (267.314, 267.496)  (267.914, 268.034)  (268.034, 268.543)  (268.543, 268.793)  (268.793, 269.173)  (269.173, 269.483)  (269.483, 269.603)  (269.603, 269.773)  (269.773, 270.004)  (270.004, 270.053)  (270.053, 270.257)  (270.257, 270.46)   (270.46, 270.664)  
Token Types      : 1                   1                   1                   1                   1                   1                   1                   1                   1                   1                   1                   1                   1                   1                   1                  
turn_ids         : 82722680733713      82722680733713      82722680733713      82722680733713      82722680733713      82722680733713      82722680733713      82722680733713      82722680733713      82722680733713      82722680733713      82722680733713      82722680733713      82722680733713      82722680733713     
turn_end_types   : 1                   1                   1                   1                   1                   1                   1                   1                   1                   1                   1                   1                   1                   1                   1                  
speaker_ids      : 2                   2                   2                   2                   2                   2                   2                   2                   2                   2                   2                   2                   2                   2                   2                  


A                : <emp>               <emp>               <emp>               <emp>               <emp>               <emp>               Ġum                 hum                 <ebc>               <emp>               <emp>               <emp>               <emp>               <emp>               <emp>              
Timings          : (270.664, 270.864)  (271.904, 272.113)  (272.113, 272.267)  (272.267, 272.387)  (272.387, 272.757)  (272.757, 272.975)  (273.239, 273.471)  (273.471, 273.703)  (-1.0, -1.0)        (273.837, 273.969)  (273.969, 274.049)  (274.049, 274.129)  (274.129, 274.499)  (274.499, 275.049)  (275.049, 275.219) 
Token Types      : 0                   0                   0                   0                   0                   0                   3                   3                   3                   0                   0                   0                   0                   0                   0                  
turn_ids         : 0                   0                   0                   0                   0                   0                   82724291346451      82724291346451      82724291346451      0                   0                   0                   0                   0                   0                  
turn_end_types   : 0                   0                   0                   0                   0                   0                   0                   0                   0                   0                   0                   0                   0                   0                   0                  
speaker_ids      : 0                   0                   0                   0                   0                   0                   1                   1                   1                   0                   0                   0                   0                   0                   0                  

B                : Ġhome               Ġor                 Ġor                 Ġan                 Ġaged               Ġhome               <emp>               <emp>               Ġyou                Ġknow               Ġit                 's                  Ġalmost             Ġprohibited         Ġfor               
Timings          : (270.664, 270.864)  (271.904, 272.113)  (272.113, 272.267)  (272.267, 272.387)  (272.387, 272.757)  (272.757, 272.975)  (273.239, 273.471)  (273.471, 273.703)  (273.773, 273.837)  (273.837, 273.969)  (273.969, 274.049)  (274.049, 274.129)  (274.129, 274.499)  (274.499, 275.049)  (275.049, 275.219) 
Token Types      : 1                   1                   1                   1                   1                   1                   1                   1                   1                   1                   1                   1                   1                   1                   1                  
turn_ids         : 82722680733713      82722680733713      82722680733713      82722680733713      82722680733713      82722680733713      82722680733713      82722680733713      82722680733713      82722680733713      82722680733713      82722680733713      82722680733713      82722680733713      82722680733713     
turn_end_types   : 1                   1                   1                   1                   1                   1                   1                   1                   1                   1                   1                   1                   1                   1                   1                  
speaker_ids      : 2                   2                   2                   2                   2                   2                   2                   2                   2                   2                   2                   2                   2                   2                   2                  


A                : <emp>               <emp>               <emp>               <emp>               <emp>               <emp>               <emp>               <emp>               <emp>               <emp>               <emp>               <emp>               <emp>               <emp>               <emp>              
Timings          : (275.219, 275.419)  (275.419, 275.958)  (276.637, 276.828)  (276.93, 277.187)   (277.353, 277.449)  (277.449, 277.632)  (277.85, 278.009)   (278.009, 278.109)  (278.109, 278.169)  (278.169, 278.269)  (278.269, 278.459)  (278.459, 278.639)  (278.639, 278.919)  (278.919, 279.109)  (279.109, 279.299) 
Token Types      : 0                   0                   0                   0                   0                   0                   0                   0                   0                   0                   0                   0                   0                   0                   0                  
turn_ids         : 0                   0                   0                   0                   0                   0                   0                   0                   0                   0                   0                   0                   0                   0                   0                  
turn_end_types   : 0                   0                   0                   0                   0                   0                   0                   0                   0                   0                   0                   0                   0                   0                   0                  
speaker_ids      : 0                   0                   0                   0                   0                   0                   0                   0                   0                   0                   0                   0                   0                   0                   0                  

B                : Ġmany               Ġpersons            Ġand                Ġuh                 Ġyou                Ġknow               Ġso                 Ġwhat               Ġdo                 Ġyou                Ġdo                 Ġdoes               Ġsomeone            Ġgo                 Ġon                
Timings          : (275.219, 275.419)  (275.419, 275.958)  (276.637, 276.828)  (276.93, 277.187)   (277.353, 277.449)  (277.449, 277.632)  (277.85, 278.009)   (278.009, 278.109)  (278.109, 278.169)  (278.169, 278.269)  (278.269, 278.459)  (278.459, 278.639)  (278.639, 278.919)  (278.919, 279.109)  (279.109, 279.299) 
Token Types      : 1                   1                   1                   1                   1                   1                   1                   1                   1                   1                   1                   1                   1                   1                   1                  
turn_ids         : 82722680733713      82722680733713      82722680733713      82722680733713      82722680733713      82722680733713      82722680733713      82722680733713      82722680733713      82722680733713      82722680733713      82722680733713      82722680733713      82722680733713      82722680733713     
turn_end_types   : 1                   1                   1                   1                   1                   1                   1                   1                   1                   1                   1                   1                   1                   1                   1                  
speaker_ids      : 2                   2                   2                   2                   2                   2                   2                   2                   2                   2                   2                   2                   2                   2                   2                  


A                : <emp>               <emp>               <emp>               <emp>               <emp>               <emp>               <emp>               <emp>               <emp>               <emp>               <emp>               <emp>               <emp>               <emp>               <emp>              
Timings          : (279.299, 279.759)  (279.759, 279.929)  (279.929, 280.149)  (280.149, 280.259)  (280.259, 280.459)  (280.459, 280.639)  (280.639, 280.739)  (280.739, 280.819)  (280.819, 280.969)  (280.969, 281.275)  (282.411, 282.583)  (282.583, 282.742)  (282.742, 283.032)  (283.032, 283.092)  (283.092, 283.152) 
Token Types      : 0                   0                   0                   0                   0                   0                   0                   0                   0                   0                   0                   0                   0                   0                   0                  
turn_ids         : 0                   0                   0                   0                   0                   0                   0                   0                   0                   0                   0                   0                   0                   0                   0                  
turn_end_types   : 0                   0                   0                   0                   0                   0                   0                   0                   0                   0                   0                   0                   0                   0                   0                  
speaker_ids      : 0                   0                   0                   0                   0                   0                   0                   0                   0                   0                   0                   0                   0                   0                   0                  

B                : Ġwelfare            Ġin                 Ġorder              Ġto                 Ġget                Ġin                 Ġone                Ġof                 Ġthose              Ġhomes              Ġor                 Ġdoes               Ġsomebody           Ġin                 Ġthe               
Timings          : (279.299, 279.759)  (279.759, 279.929)  (279.929, 280.149)  (280.149, 280.259)  (280.259, 280.459)  (280.459, 280.639)  (280.639, 280.739)  (280.739, 280.819)  (280.819, 280.969)  (280.969, 281.275)  (282.411, 282.583)  (282.583, 282.742)  (282.742, 283.032)  (283.032, 283.092)  (283.092, 283.152) 
Token Types      : 1                   1                   1                   1                   1                   1                   1                   1                   1                   1                   1                   1                   1                   1                   1                  
turn_ids         : 82722680733713      82722680733713      82722680733713      82722680733713      82722680733713      82722680733713      82722680733713      82722680733713      82722680733713      82722680733713      82722680733713      82722680733713      82722680733713      82722680733713      82722680733713     
turn_end_types   : 1                   1                   1                   1                   1                   1                   1                   1                   1                   1                   1                   1                   1                   1                   1                  
speaker_ids      : 2                   2                   2                   2                   2                   2                   2                   2                   2                   2                   2                   2                   2                   2                   2                  


A                : <emp>               <emp>               <emp>               <emp>               <emp>               <emp>               <emp>               <emp>               <emp>               <emp>               <emp>               <emp>               <emp>               <emp>               <emp>              
Timings          : (283.152, 283.502)  (283.502, 283.792)  (283.792, 283.962)  (283.962, 284.242)  (284.242, 284.422)  (284.422, 284.562)  (284.562, 284.632)  (284.632, 284.812)  (284.812, 284.932)  (284.932, 285.022)  (285.022, 285.249)  (285.249, 285.347)  (285.347, 285.647)  (286.221, 286.278)  (286.278, 286.352) 
Token Types      : 0                   0                   0                   0                   0                   0                   0                   0                   0                   0                   0                   0                   0                   0                   0                  
turn_ids         : 0                   0                   0                   0                   0                   0                   0                   0                   0                   0                   0                   0                   0                   0                   0                  
turn_end_types   : 0                   0                   0                   0                   0                   0                   0                   0                   0                   0                   0                   0                   0                   0                   0                  
speaker_ids      : 0                   0                   0                   0                   0                   0                   0                   0                   0                   0                   0                   0                   0                   0                   0                  

B                : Ġfamily             Ġquit               Ġtheir              Ġjob                Ġso                 Ġthat               Ġthey               Ġcan                Ġbe                 Ġat                 Ġhome               Ġand                Ġand                Ġbut                Ġof                
Timings          : (283.152, 283.502)  (283.502, 283.792)  (283.792, 283.962)  (283.962, 284.242)  (284.242, 284.422)  (284.422, 284.562)  (284.562, 284.632)  (284.632, 284.812)  (284.812, 284.932)  (284.932, 285.022)  (285.022, 285.249)  (285.249, 285.347)  (285.347, 285.647)  (286.221, 286.278)  (286.278, 286.352) 
Token Types      : 1                   1                   1                   1                   1                   1                   1                   1                   1                   1                   1                   1                   1                   1                   1                  
turn_ids         : 82722680733713      82722680733713      82722680733713      82722680733713      82722680733713      82722680733713      82722680733713      82722680733713      82722680733713      82722680733713      82722680733713      82722680733713      82722680733713      82722680733713      82722680733713     
turn_end_types   : 1                   1                   1                   1                   1                   1                   1                   1                   1                   1                   1                   1                   1                   1                   1                  
speaker_ids      : 2                   2                   2                   2                   2                   2                   2                   2                   2                   2                   2                   2                   2                   2                   2                  


A                : <emp>               <emp>               <emp>               <emp>               <emp>               <emp>               <emp>               <emp>               <emp>               <emp>               <emp>               <emp>               <emp>               <emp>               <emp>              
Timings          : (286.352, 286.552)  (286.552, 286.692)  (286.692, 286.832)  (286.832, 287.042)  (287.042, 287.271)  (287.271, 287.651)  (287.651, 287.892)  (287.892, 288.292)  (288.292, 288.622)  (288.622, 288.842)  (288.842, 288.995)  (288.995, 289.147)  (289.147, 289.3)    (289.3, 289.452)    (289.618, 289.862) 
Token Types      : 0                   0                   0                   0                   0                   0                   0                   0                   0                   0                   0                   0                   0                   0                   0                  
turn_ids         : 0                   0                   0                   0                   0                   0                   0                   0                   0                   0                   0                   0                   0                   0                   0                  
turn_end_types   : 0                   0                   0                   0                   0                   0                   0                   0                   0                   0                   0                   0                   0                   0                   0                  
speaker_ids      : 0                   0                   0                   0                   0                   0                   0                   0                   0                   0                   0                   0                   0                   0                   0                  

B                : Ġcourse             Ġthat               's                  Ġnot                Ġalways             Ġwonderful          Ġeither             Ġbecause            Ġsomebody           Ġwith               Ġal                 z                   heim                ers                 Ġneeds             
Timings          : (286.352, 286.552)  (286.552, 286.692)  (286.692, 286.832)  (286.832, 287.042)  (287.042, 287.271)  (287.271, 287.651)  (287.651, 287.892)  (287.892, 288.292)  (288.292, 288.622)  (288.622, 288.842)  (288.842, 288.995)  (288.995, 289.147)  (289.147, 289.3)    (289.3, 289.452)    (289.618, 289.862) 
Token Types      : 1                   1                   1                   1                   1                   1                   1                   1                   1                   1                   1                   1                   1                   1                   1                  
turn_ids         : 82722680733713      82722680733713      82722680733713      82722680733713      82722680733713      82722680733713      82722680733713      82722680733713      82722680733713      82722680733713      82722680733713      82722680733713      82722680733713      82722680733713      82722680733713     
turn_end_types   : 1                   1                   1                   1                   1                   1                   1                   1                   1                   1                   1                   1                   1                   1                   1                  
speaker_ids      : 2                   2                   2                   2                   2                   2                   2                   2                   2                   2                   2                   2                   2                   2                   2                  


A                : <emp>               <emp>               <emp>               <emp>               Ġum                 hum                 <ebc>               <emp>               <emp>               <emp>               <emp>               Ġthat               's                  Ġright              Ġthat              
Timings          : (289.862, 290.122)  (290.122, 290.362)  (290.362, 290.612)  (290.612, 291.149)  (291.326, 291.573)  (291.573, 291.82)   (-1.0, -1.0)        (292.032, 292.352)  (292.352, 292.552)  (292.552, 292.702)  (292.702, 293.083)  (293.034, 293.205)  (293.205, 293.376)  (293.376, 293.638)  (293.917, 294.026) 
Token Types      : 0                   0                   0                   0                   3                   3                   3                   0                   0                   0                   0                   1                   1                   1                   1                  
turn_ids         : 0                   0                   0                   0                   82724291346452      82724291346452      82724291346452      0                   0                   0                   0                   82722143862802      82722143862802      82722143862802      82722143862802     
turn_end_types   : 0                   0                   0                   0                   0                   0                   0                   0                   0                   0                   0                   1                   1                   1                   1                  
speaker_ids      : 0                   0                   0                   0                   1                   1                   1                   0                   0                   0                   0                   1                   1                   1                   1                  

B                : Ġtwenty             Ġfour               Ġhour               Ġwatching           <emp>               <emp>               Ġand                Ġnobody             Ġcan                Ġdo                 Ġthat               <eot>               <emp>               <emp>               <emp>              
Timings          : (289.862, 290.122)  (290.122, 290.362)  (290.362, 290.612)  (290.612, 291.149)  (291.326, 291.573)  (291.573, 291.82)   (291.797, 292.032)  (292.032, 292.352)  (292.352, 292.552)  (292.552, 292.702)  (292.702, 293.083)  (-1.0, -1.0)        (293.205, 293.376)  (293.376, 293.638)  (293.917, 294.026) 
Token Types      : 1                   1                   1                   1                   1                   1                   1                   1                   1                   1                   1                   1                   0                   0                   0                  
turn_ids         : 82722680733713      82722680733713      82722680733713      82722680733713      82722680733713      82722680733713      82722680733713      82722680733713      82722680733713      82722680733713      82722680733713      82722680733713      0                   0                   0                  
turn_end_types   : 1                   1                   1                   1                   1                   1                   1                   1                   1                   1                   1                   1                   0                   0                   0                  
speaker_ids      : 2                   2                   2                   2                   2                   2                   2                   2                   2                   2                   2                   2                   0                   0                   0                  


A                : 's                  Ġright              Ġi                  <emp>               <emp>               <emp>               Ġwell               Ġi                  Ġguess              Ġthat               's                  Ġprobably           Ġas                 Ġpeople             Ġget               
Timings          : (294.026, 294.135)  (294.135, 294.358)  (294.678, 294.824)  (294.795, 294.957)  (294.957, 295.117)  (295.117, 295.349)  (295.657, 295.896)  (295.896, 295.996)  (295.996, 296.266)  (296.266, 296.586)  (296.586, 296.905)  (296.905, 297.664)  (298.211, 298.435)  (298.435, 298.736)  (298.736, 298.905) 
Token Types      : 1                   1                   1                   1                   1                   1                   1                   1                   1                   1                   1                   1                   1                   1                   1                  
turn_ids         : 82722143862802      82722143862802      82722143862802      82722143862802      82722143862802      82722143862802      82722143862802      82722143862802      82722143862802      82722143862802      82722143862802      82722143862802      82722143862802      82722143862802      82722143862802     
turn_end_types   : 1                   1                   1                   1                   1                   1                   1                   1                   1                   1                   1                   1                   1                   1                   1                  
speaker_ids      : 1                   1                   1                   1                   1                   1                   1                   1                   1                   1                   1                   1                   1                   1                   1                  

B                : <emp>               <emp>               Ġnobody             Ġcan                Ġdo                 Ġthat               <eint>              <emp>               <emp>               <emp>               <emp>               <emp>               <emp>               <emp>               <emp>              
Timings          : (294.026, 294.135)  (294.135, 294.358)  (294.552, 294.795)  (294.795, 294.957)  (294.957, 295.117)  (295.117, 295.349)  (-1.0, -1.0)        (295.896, 295.996)  (295.996, 296.266)  (296.266, 296.586)  (296.586, 296.905)  (296.905, 297.664)  (298.211, 298.435)  (298.435, 298.736)  (298.736, 298.905) 
Token Types      : 0                   0                   5                   5                   5                   5                   5                   0                   0                   0                   0                   0                   0                   0                   0                  
turn_ids         : 0                   0                   82726975701003      82726975701003      82726975701003      82726975701003      82726975701003      0                   0                   0                   0                   0                   0                   0                   0                  
turn_end_types   : 0                   0                   0                   0                   0                   0                   0                   0                   0                   0                   0                   0                   0                   0                   0                  
speaker_ids      : 0                   0                   2                   2                   2                   2                   2                   0                   0                   0                   0                   0                   0                   0                   0                  


A                : Ġolder                                                                        Ġfor                                                                          <eot>                                                                        
Timings          : (298.905, 299.297)                                                            (299.297, 299.458)                                                            (-1.0, -1.0)                                                                 
Token Types      : 1                                                                             1                                                                             1                                                                            
turn_ids         : 82722143862802                                                                82722143862802                                                                82722143862802                                                               
turn_end_types   : 1                                                                             1                                                                             1                                                                            
speaker_ids      : 1                                                                             1                                                                             1                                                                            

B                : <emp>                                                                         <emp>                                                                         <emp>                                                                        
Timings          : (298.905, 299.297)                                                            (299.297, 299.458)                                                            (-1.0, -1.0)                                                                 
Token Types      : 0                                                                             0                                                                             0                                                                            
turn_ids         : 0                                                                             0                                                                             0                                                                            
turn_end_types   : 0                                                                             0                                                                             0                                                                            
speaker_ids      : 0                                                                             0                                                                             0                                                                            


