A                : uh                  Ġi                  Ġdon                't                  Ġknow               Ġmy                 Ġpersonal           Ġperception         Ġof                 Ġgovernment         Ġand                Ġuh                 Ġthe                Ġway                Ġthings            
Timings          : (0.407, 0.863)      (1.194, 1.278)      (1.278, 1.374)      (1.374, 1.47)       (1.47, 1.56)        (1.56, 1.74)        (1.74, 2.16)        (2.16, 2.77)        (2.77, 2.91)        (3.01, 3.63)        (3.63, 4.12)        (4.12, 4.45)        (4.45, 4.53)        (4.53, 4.7)         (4.7, 5.02)        
Token Types      : 1                   1                   1                   1                   1                   1                   1                   1                   1                   1                   1                   1                   1                   1                   1                  
turn_ids         : 81949049749504      81949049749504      81949049749504      81949049749504      81949049749504      81949049749504      81949049749504      81949049749504      81949049749504      81949049749504      81949049749504      81949049749504      81949049749504      81949049749504      81949049749504     
turn_end_types   : 1                   1                   1                   1                   1                   1                   1                   1                   1                   1                   1                   1                   1                   1                   1                  
speaker_ids      : 1                   1                   1                   1                   1                   1                   1                   1                   1                   1                   1                   1                   1                   1                   1                  

B                : <emp>               <emp>               <emp>               <emp>               <emp>               <emp>               <emp>               <emp>               <emp>               <emp>               <emp>               <emp>               <emp>               <emp>               <emp>              
Timings          : (0.407, 0.863)      (1.194, 1.278)      (1.278, 1.374)      (1.374, 1.47)       (1.47, 1.56)        (1.56, 1.74)        (1.74, 2.16)        (2.16, 2.77)        (2.77, 2.91)        (3.01, 3.63)        (3.63, 4.12)        (4.12, 4.45)        (4.45, 4.53)        (4.53, 4.7)         (4.7, 5.02)        
Token Types      : 0                   0                   0                   0                   0                   0                   0                   0                   0                   0                   0                   0                   0                   0                   0                  
turn_ids         : 0                   0                   0                   0                   0                   0                   0                   0                   0                   0                   0                   0                   0                   0                   0                  
turn_end_types   : 0                   0                   0                   0                   0                   0                   0                   0                   0                   0                   0                   0                   0                   0                   0                  
speaker_ids      : 0                   0                   0                   0                   0                   0                   0                   0                   0                   0                   0                   0                   0                   0                   0                  


A                : Ġare                Ġat                 Ġthis               Ġcurrent            Ġtime               Ġis                 Ġthat               Ġnobody             Ġcan                Ġreally             Ġbe                 Ġtrusted            Ġand                Ġi                  Ġdon               
Timings          : (5.02, 5.33)        (5.33, 5.56)        (5.56, 5.71)        (5.71, 6.13)        (6.13, 6.44)        (6.44, 6.64)        (6.64, 6.9)         (6.9, 7.18)         (7.18, 7.36)        (7.36, 7.6)         (7.6, 7.71)         (7.71, 8.29)        (8.891, 9.101)      (9.101, 9.161)      (9.161, 9.281)     
Token Types      : 1                   1                   1                   1                   1                   1                   1                   1                   1                   1                   1                   1                   1                   1                   1                  
turn_ids         : 81949049749504      81949049749504      81949049749504      81949049749504      81949049749504      81949049749504      81949049749504      81949049749504      81949049749504      81949049749504      81949049749504      81949049749504      81949049749504      81949049749504      81949049749504     
turn_end_types   : 1                   1                   1                   1                   1                   1                   1                   1                   1                   1                   1                   1                   1                   1                   1                  
speaker_ids      : 1                   1                   1                   1                   1                   1                   1                   1                   1                   1                   1                   1                   1                   1                   1                  

B                : <emp>               <emp>               <emp>               <emp>               <emp>               <emp>               <emp>               <emp>               <emp>               <emp>               <emp>               <emp>               <emp>               <emp>               <emp>              
Timings          : (5.02, 5.33)        (5.33, 5.56)        (5.56, 5.71)        (5.71, 6.13)        (6.13, 6.44)        (6.44, 6.64)        (6.64, 6.9)         (6.9, 7.18)         (7.18, 7.36)        (7.36, 7.6)         (7.6, 7.71)         (7.71, 8.29)        (8.891, 9.101)      (9.101, 9.161)      (9.161, 9.281)     
Token Types      : 0                   0                   0                   0                   0                   0                   0                   0                   0                   0                   0                   0                   0                   0                   0                  
turn_ids         : 0                   0                   0                   0                   0                   0                   0                   0                   0                   0                   0                   0                   0                   0                   0                  
turn_end_types   : 0                   0                   0                   0                   0                   0                   0                   0                   0                   0                   0                   0                   0                   0                   0                  
speaker_ids      : 0                   0                   0                   0                   0                   0                   0                   0                   0                   0                   0                   0                   0                   0                   0                  


A                : 't                  Ġfeel               Ġthat               Ġtoo                Ġmany               Ġof                 Ġthe                Ġcandidates         Ġare                Ġout                Ġthere              Ġto                 Ġuh                 Ġbe                 Ġself              
Timings          : (9.281, 9.401)      (9.401, 9.661)      (9.661, 9.981)      (10.451, 10.561)    (10.561, 10.801)    (10.801, 10.871)    (10.871, 10.931)    (10.931, 11.601)    (11.601, 11.741)    (11.741, 11.983)    (11.983, 12.288)    (12.288, 12.731)    (12.731, 12.971)    (13.401, 13.581)    (13.581, 13.941)   
Token Types      : 1                   1                   1                   1                   1                   1                   1                   1                   1                   1                   1                   1                   1                   1                   1                  
turn_ids         : 81949049749504      81949049749504      81949049749504      81949049749504      81949049749504      81949049749504      81949049749504      81949049749504      81949049749504      81949049749504      81949049749504      81949049749504      81949049749504      81949049749504      81949049749504     
turn_end_types   : 1                   1                   1                   1                   1                   1                   1                   1                   1                   1                   1                   1                   1                   1                   1                  
speaker_ids      : 1                   1                   1                   1                   1                   1                   1                   1                   1                   1                   1                   1                   1                   1                   1                  

B                : <emp>               <emp>               <emp>               <emp>               <emp>               <emp>               <emp>               <emp>               <emp>               <emp>               <emp>               <emp>               <emp>               <emp>               <emp>              
Timings          : (9.281, 9.401)      (9.401, 9.661)      (9.661, 9.981)      (10.451, 10.561)    (10.561, 10.801)    (10.801, 10.871)    (10.871, 10.931)    (10.931, 11.601)    (11.601, 11.741)    (11.741, 11.983)    (11.983, 12.288)    (12.288, 12.731)    (12.731, 12.971)    (13.401, 13.581)    (13.581, 13.941)   
Token Types      : 0                   0                   0                   0                   0                   0                   0                   0                   0                   0                   0                   0                   0                   0                   0                  
turn_ids         : 0                   0                   0                   0                   0                   0                   0                   0                   0                   0                   0                   0                   0                   0                   0                  
turn_end_types   : 0                   0                   0                   0                   0                   0                   0                   0                   0                   0                   0                   0                   0                   0                   0                  
speaker_ids      : 0                   0                   0                   0                   0                   0                   0                   0                   0                   0                   0                   0                   0                   0                   0                  


A                : serving             Ġto                 Ġthe                Ġcommunity          Ġi                  Ġthink              Ġthat               Ġthey               Ġhave               Ġtheir              Ġown                Ġuh                 Ġwishes             Ġto                 Ġuh                
Timings          : (13.941, 14.301)    (14.301, 14.481)    (14.481, 14.541)    (14.541, 15.261)    (15.261, 15.361)    (15.361, 15.671)    (15.721, 15.951)    (15.951, 16.081)    (16.081, 16.381)    (16.381, 16.541)    (16.541, 17.031)    (17.031, 17.347)    (17.893, 18.431)    (18.541, 18.711)    (18.711, 19.271)   
Token Types      : 1                   1                   1                   1                   1                   1                   1                   1                   1                   1                   1                   1                   1                   1                   1                  
turn_ids         : 81949049749504      81949049749504      81949049749504      81949049749504      81949049749504      81949049749504      81949049749504      81949049749504      81949049749504      81949049749504      81949049749504      81949049749504      81949049749504      81949049749504      81949049749504     
turn_end_types   : 1                   1                   1                   1                   1                   1                   1                   1                   1                   1                   1                   1                   1                   1                   1                  
speaker_ids      : 1                   1                   1                   1                   1                   1                   1                   1                   1                   1                   1                   1                   1                   1                   1                  

B                : <emp>               <emp>               <emp>               <emp>               <emp>               <emp>               <emp>               <emp>               <emp>               <emp>               <emp>               <emp>               <emp>               <emp>               <emp>              
Timings          : (13.941, 14.301)    (14.301, 14.481)    (14.481, 14.541)    (14.541, 15.261)    (15.261, 15.361)    (15.361, 15.671)    (15.721, 15.951)    (15.951, 16.081)    (16.081, 16.381)    (16.381, 16.541)    (16.541, 17.031)    (17.031, 17.347)    (17.893, 18.431)    (18.541, 18.711)    (18.711, 19.271)   
Token Types      : 0                   0                   0                   0                   0                   0                   0                   0                   0                   0                   0                   0                   0                   0                   0                  
turn_ids         : 0                   0                   0                   0                   0                   0                   0                   0                   0                   0                   0                   0                   0                   0                   0                  
turn_end_types   : 0                   0                   0                   0                   0                   0                   0                   0                   0                   0                   0                   0                   0                   0                   0                  
speaker_ids      : 0                   0                   0                   0                   0                   0                   0                   0                   0                   0                   0                   0                   0                   0                   0                  


A                : Ġbe                 Ġin                 Ġthe                Ġlim                elight              Ġand                Ġto                 Ġkind               Ġof                 Ġsay                Ġhey                Ġyou                Ġknow               Ġi                  'm                 
Timings          : (19.271, 19.451)    (19.451, 19.561)    (19.561, 19.681)    (19.681, 20.036)    (20.036, 20.391)    (21.081, 21.391)    (21.391, 21.451)    (21.451, 21.741)    (21.741, 21.801)    (21.801, 22.111)    (22.111, 22.541)    (22.541, 22.621)    (22.621, 22.861)    (22.861, 23.021)    (23.021, 23.181)   
Token Types      : 1                   1                   1                   1                   1                   1                   1                   1                   1                   1                   1                   1                   1                   1                   1                  
turn_ids         : 81949049749504      81949049749504      81949049749504      81949049749504      81949049749504      81949049749504      81949049749504      81949049749504      81949049749504      81949049749504      81949049749504      81949049749504      81949049749504      81949049749504      81949049749504     
turn_end_types   : 1                   1                   1                   1                   1                   1                   1                   1                   1                   1                   1                   1                   1                   1                   1                  
speaker_ids      : 1                   1                   1                   1                   1                   1                   1                   1                   1                   1                   1                   1                   1                   1                   1                  

B                : <emp>               <emp>               <emp>               <emp>               <emp>               <emp>               <emp>               <emp>               <emp>               <emp>               <emp>               <emp>               <emp>               <emp>               <emp>              
Timings          : (19.271, 19.451)    (19.451, 19.561)    (19.561, 19.681)    (19.681, 20.036)    (20.036, 20.391)    (21.081, 21.391)    (21.391, 21.451)    (21.451, 21.741)    (21.741, 21.801)    (21.801, 22.111)    (22.111, 22.541)    (22.541, 22.621)    (22.621, 22.861)    (22.861, 23.021)    (23.021, 23.181)   
Token Types      : 0                   0                   0                   0                   0                   0                   0                   0                   0                   0                   0                   0                   0                   0                   0                  
turn_ids         : 0                   0                   0                   0                   0                   0                   0                   0                   0                   0                   0                   0                   0                   0                   0                  
turn_end_types   : 0                   0                   0                   0                   0                   0                   0                   0                   0                   0                   0                   0                   0                   0                   0                  
speaker_ids      : 0                   0                   0                   0                   0                   0                   0                   0                   0                   0                   0                   0                   0                   0                   0                  


A                : Ġa                  Ġpublic             Ġofficial           Ġi                  Ġdon                't                  Ġhave               Ġto                 Ġdo                 Ġuh                 Ġcertain            Ġthings             Ġand                Ġthey               Ġjust              
Timings          : (23.181, 23.341)    (23.341, 23.741)    (23.741, 24.371)    (24.371, 24.461)    (24.461, 24.553)    (24.553, 24.645)    (24.645, 24.873)    (24.873, 25.118)    (25.691, 26.211)    (26.211, 26.491)    (26.491, 26.871)    (26.871, 27.301)    (27.301, 27.691)    (27.961, 28.071)    (28.071, 28.301)   
Token Types      : 1                   1                   1                   1                   1                   1                   1                   1                   1                   1                   1                   1                   1                   1                   1                  
turn_ids         : 81949049749504      81949049749504      81949049749504      81949049749504      81949049749504      81949049749504      81949049749504      81949049749504      81949049749504      81949049749504      81949049749504      81949049749504      81949049749504      81949049749504      81949049749504     
turn_end_types   : 1                   1                   1                   1                   1                   1                   1                   1                   1                   1                   1                   1                   1                   1                   1                  
speaker_ids      : 1                   1                   1                   1                   1                   1                   1                   1                   1                   1                   1                   1                   1                   1                   1                  

B                : <emp>               <emp>               <emp>               <emp>               <emp>               <emp>               <emp>               <emp>               <emp>               <emp>               <emp>               <emp>               <emp>               <emp>               <emp>              
Timings          : (23.181, 23.341)    (23.341, 23.741)    (23.741, 24.371)    (24.371, 24.461)    (24.461, 24.553)    (24.553, 24.645)    (24.645, 24.873)    (24.873, 25.118)    (25.691, 26.211)    (26.211, 26.491)    (26.491, 26.871)    (26.871, 27.301)    (27.301, 27.691)    (27.961, 28.071)    (28.071, 28.301)   
Token Types      : 0                   0                   0                   0                   0                   0                   0                   0                   0                   0                   0                   0                   0                   0                   0                  
turn_ids         : 0                   0                   0                   0                   0                   0                   0                   0                   0                   0                   0                   0                   0                   0                   0                  
turn_end_types   : 0                   0                   0                   0                   0                   0                   0                   0                   0                   0                   0                   0                   0                   0                   0                  
speaker_ids      : 0                   0                   0                   0                   0                   0                   0                   0                   0                   0                   0                   0                   0                   0                   0                  


A                : Ġstand              Ġout                Ġmore               Ġinvolving          Ġthemselves         Ġmore               Ġand                Ġmore               Ġwith               Ġpolitics           Ġbut                Ġuh                 Ġit                 's                  Ġreally            
Timings          : (28.301, 28.581)    (28.581, 28.771)    (28.771, 29.224)    (29.79, 30.771)     (30.771, 31.601)    (31.601, 31.761)    (31.761, 31.851)    (31.851, 32.051)    (32.051, 32.181)    (32.181, 32.811)    (32.811, 33.039)    (33.697, 33.887)    (33.887, 34.007)    (34.007, 34.127)    (34.127, 34.8)     
Token Types      : 1                   1                   1                   1                   1                   1                   1                   1                   1                   1                   1                   1                   1                   1                   1                  
turn_ids         : 81949049749504      81949049749504      81949049749504      81949049749504      81949049749504      81949049749504      81949049749504      81949049749504      81949049749504      81949049749504      81949049749504      81949049749504      81949049749504      81949049749504      81949049749504     
turn_end_types   : 1                   1                   1                   1                   1                   1                   1                   1                   1                   1                   1                   1                   1                   1                   1                  
speaker_ids      : 1                   1                   1                   1                   1                   1                   1                   1                   1                   1                   1                   1                   1                   1                   1                  

B                : <emp>               <emp>               <emp>               <emp>               <emp>               <emp>               <emp>               <emp>               <emp>               <emp>               <emp>               <emp>               <emp>               <emp>               <emp>              
Timings          : (28.301, 28.581)    (28.581, 28.771)    (28.771, 29.224)    (29.79, 30.771)     (30.771, 31.601)    (31.601, 31.761)    (31.761, 31.851)    (31.851, 32.051)    (32.051, 32.181)    (32.181, 32.811)    (32.811, 33.039)    (33.697, 33.887)    (33.887, 34.007)    (34.007, 34.127)    (34.127, 34.8)     
Token Types      : 0                   0                   0                   0                   0                   0                   0                   0                   0                   0                   0                   0                   0                   0                   0                  
turn_ids         : 0                   0                   0                   0                   0                   0                   0                   0                   0                   0                   0                   0                   0                   0                   0                  
turn_end_types   : 0                   0                   0                   0                   0                   0                   0                   0                   0                   0                   0                   0                   0                   0                   0                  
speaker_ids      : 0                   0                   0                   0                   0                   0                   0                   0                   0                   0                   0                   0                   0                   0                   0                  


A                : Ġafter              Ġall                Ġthe                Ġthings             Ġthat               Ġi                  've                 Ġseen               Ġin                 Ġthe                Ġlast               Ġten                Ġyears              Ġabout              Ġgovernment        
Timings          : (34.988, 35.357)    (35.357, 35.527)    (35.527, 35.607)    (35.607, 35.877)    (35.877, 35.997)    (35.997, 36.062)    (36.062, 36.127)    (36.127, 36.887)    (36.887, 37.067)    (37.067, 37.167)    (37.167, 37.887)    (37.887, 38.227)    (38.227, 38.557)    (38.557, 38.827)    (38.827, 39.367)   
Token Types      : 1                   1                   1                   1                   1                   1                   1                   1                   1                   1                   1                   1                   1                   1                   1                  
turn_ids         : 81949049749504      81949049749504      81949049749504      81949049749504      81949049749504      81949049749504      81949049749504      81949049749504      81949049749504      81949049749504      81949049749504      81949049749504      81949049749504      81949049749504      81949049749504     
turn_end_types   : 1                   1                   1                   1                   1                   1                   1                   1                   1                   1                   1                   1                   1                   1                   1                  
speaker_ids      : 1                   1                   1                   1                   1                   1                   1                   1                   1                   1                   1                   1                   1                   1                   1                  

B                : <emp>               <emp>               <emp>               <emp>               <emp>               <emp>               <emp>               <emp>               <emp>               <emp>               <emp>               <emp>               <emp>               <emp>               <emp>              
Timings          : (34.988, 35.357)    (35.357, 35.527)    (35.527, 35.607)    (35.607, 35.877)    (35.877, 35.997)    (35.997, 36.062)    (36.062, 36.127)    (36.127, 36.887)    (36.887, 37.067)    (37.067, 37.167)    (37.167, 37.887)    (37.887, 38.227)    (38.227, 38.557)    (38.557, 38.827)    (38.827, 39.367)   
Token Types      : 0                   0                   0                   0                   0                   0                   0                   0                   0                   0                   0                   0                   0                   0                   0                  
turn_ids         : 0                   0                   0                   0                   0                   0                   0                   0                   0                   0                   0                   0                   0                   0                   0                  
turn_end_types   : 0                   0                   0                   0                   0                   0                   0                   0                   0                   0                   0                   0                   0                   0                   0                  
speaker_ids      : 0                   0                   0                   0                   0                   0                   0                   0                   0                   0                   0                   0                   0                   0                   0                  


A                : Ġand                Ġnow                Ġthe                Ġoverd              raft                s                   Ġuh                 Ġof                 Ġchecks             Ġuh                 Ġbefore             Ġthat               Ġit                 Ġwas                Ġthe               
Timings          : (39.367, 39.61)     (39.61, 40.017)     (40.017, 40.167)    (40.167, 40.524)    (40.524, 40.88)     (40.88, 41.237)     (41.237, 41.58)     (41.98, 42.197)     (42.197, 42.857)    (42.857, 43.237)    (43.237, 43.797)    (43.797, 44.047)    (44.047, 44.127)    (44.127, 44.275)    (44.44, 44.747)    
Token Types      : 1                   1                   1                   1                   1                   1                   1                   1                   1                   1                   1                   1                   1                   1                   1                  
turn_ids         : 81949049749504      81949049749504      81949049749504      81949049749504      81949049749504      81949049749504      81949049749504      81949049749504      81949049749504      81949049749504      81949049749504      81949049749504      81949049749504      81949049749504      81949049749504     
turn_end_types   : 1                   1                   1                   1                   1                   1                   1                   1                   1                   1                   1                   1                   1                   1                   1                  
speaker_ids      : 1                   1                   1                   1                   1                   1                   1                   1                   1                   1                   1                   1                   1                   1                   1                  

B                : <emp>               <emp>               <emp>               <emp>               <emp>               <emp>               <emp>               <emp>               <emp>               <emp>               <emp>               <emp>               <emp>               <emp>               <emp>              
Timings          : (39.367, 39.61)     (39.61, 40.017)     (40.017, 40.167)    (40.167, 40.524)    (40.524, 40.88)     (40.88, 41.237)     (41.237, 41.58)     (41.98, 42.197)     (42.197, 42.857)    (42.857, 43.237)    (43.237, 43.797)    (43.797, 44.047)    (44.047, 44.127)    (44.127, 44.275)    (44.44, 44.747)    
Token Types      : 0                   0                   0                   0                   0                   0                   0                   0                   0                   0                   0                   0                   0                   0                   0                  
turn_ids         : 0                   0                   0                   0                   0                   0                   0                   0                   0                   0                   0                   0                   0                   0                   0                  
turn_end_types   : 0                   0                   0                   0                   0                   0                   0                   0                   0                   0                   0                   0                   0                   0                   0                  
speaker_ids      : 0                   0                   0                   0                   0                   0                   0                   0                   0                   0                   0                   0                   0                   0                   0                  


A                : Ġwonderful          Ġuh                 Ġesc                ap                  ade                 Ġthat               Ġthey               Ġhad                Ġwith               Ġuh                 Ġthe                Ġnew                Ġuh                 Ġoh                 Ġgod               
Timings          : (44.747, 45.367)    (45.367, 45.616)    (46.036, 46.259)    (46.259, 46.482)    (46.482, 46.706)    (46.706, 46.856)    (46.856, 46.966)    (46.966, 47.316)    (47.316, 47.836)    (47.836, 48.15)     (48.722, 48.826)    (48.826, 49.176)    (49.176, 49.603)    (50.096, 50.447)    (50.447, 50.771)   
Token Types      : 1                   1                   1                   1                   1                   1                   1                   1                   1                   1                   1                   1                   1                   1                   1                  
turn_ids         : 81949049749504      81949049749504      81949049749504      81949049749504      81949049749504      81949049749504      81949049749504      81949049749504      81949049749504      81949049749504      81949049749504      81949049749504      81949049749504      81949049749504      81949049749504     
turn_end_types   : 1                   1                   1                   1                   1                   1                   1                   1                   1                   1                   1                   1                   1                   1                   1                  
speaker_ids      : 1                   1                   1                   1                   1                   1                   1                   1                   1                   1                   1                   1                   1                   1                   1                  

B                : <emp>               <emp>               <emp>               <emp>               <emp>               <emp>               <emp>               <emp>               <emp>               <emp>               <emp>               <emp>               <emp>               <emp>               <emp>              
Timings          : (44.747, 45.367)    (45.367, 45.616)    (46.036, 46.259)    (46.259, 46.482)    (46.482, 46.706)    (46.706, 46.856)    (46.856, 46.966)    (46.966, 47.316)    (47.316, 47.836)    (47.836, 48.15)     (48.722, 48.826)    (48.826, 49.176)    (49.176, 49.603)    (50.096, 50.447)    (50.447, 50.771)   
Token Types      : 0                   0                   0                   0                   0                   0                   0                   0                   0                   0                   0                   0                   0                   0                   0                  
turn_ids         : 0                   0                   0                   0                   0                   0                   0                   0                   0                   0                   0                   0                   0                   0                   0                  
turn_end_types   : 0                   0                   0                   0                   0                   0                   0                   0                   0                   0                   0                   0                   0                   0                   0                  
speaker_ids      : 0                   0                   0                   0                   0                   0                   0                   0                   0                   0                   0                   0                   0                   0                   0                  


A                : Ġchief              Ġof                 Ġuh                 Ġwell               Ġsupreme            Ġcourt              Ġi                  'm                  Ġtrying             Ġto                 Ġthink              Ġof                 Ġhis                Ġname               Ġand               
Timings          : (50.771, 51.099)    (51.099, 51.303)    (51.303, 51.616)    (51.853, 52.106)    (52.106, 52.556)    (52.556, 52.976)    (53.566, 53.696)    (53.696, 53.826)    (53.826, 54.016)    (54.016, 54.086)    (54.086, 54.326)    (54.326, 54.386)    (54.386, 54.566)    (54.566, 54.986)    (54.986, 55.326)   
Token Types      : 1                   1                   1                   1                   1                   1                   1                   1                   1                   1                   1                   1                   1                   1                   1                  
turn_ids         : 81949049749504      81949049749504      81949049749504      81949049749504      81949049749504      81949049749504      81949049749504      81949049749504      81949049749504      81949049749504      81949049749504      81949049749504      81949049749504      81949049749504      81949049749504     
turn_end_types   : 1                   1                   1                   1                   1                   1                   1                   1                   1                   1                   1                   1                   1                   1                   1                  
speaker_ids      : 1                   1                   1                   1                   1                   1                   1                   1                   1                   1                   1                   1                   1                   1                   1                  

B                : <emp>               <emp>               <emp>               <emp>               <emp>               <emp>               <emp>               <emp>               <emp>               <emp>               <emp>               <emp>               <emp>               <emp>               <emp>              
Timings          : (50.771, 51.099)    (51.099, 51.303)    (51.303, 51.616)    (51.853, 52.106)    (52.106, 52.556)    (52.556, 52.976)    (53.566, 53.696)    (53.696, 53.826)    (53.826, 54.016)    (54.016, 54.086)    (54.086, 54.326)    (54.326, 54.386)    (54.386, 54.566)    (54.566, 54.986)    (54.986, 55.326)   
Token Types      : 0                   0                   0                   0                   0                   0                   0                   0                   0                   0                   0                   0                   0                   0                   0                  
turn_ids         : 0                   0                   0                   0                   0                   0                   0                   0                   0                   0                   0                   0                   0                   0                   0                  
turn_end_types   : 0                   0                   0                   0                   0                   0                   0                   0                   0                   0                   0                   0                   0                   0                   0                  
speaker_ids      : 0                   0                   0                   0                   0                   0                   0                   0                   0                   0                   0                   0                   0                   0                   0                  


A                : Ġuh                 Ġwhat               Ġthey               Ġput                Ġuh                 Ġhim                Ġthrough            Ġin                 Ġregards            <emp>               Ġto                 Ġyeah               Ġth                 omas                <emp>              
Timings          : (55.326, 55.566)    (55.566, 55.726)    (55.726, 55.826)    (55.826, 56.076)    (56.256, 56.556)    (56.556, 56.886)    (56.886, 57.396)    (57.396, 57.556)    (57.556, 57.897)    (57.896, 58.206)    (58.063, 58.393)    (58.393, 58.71)     (58.71, 58.928)     (58.928, 59.146)    (59.533, 59.626)   
Token Types      : 1                   1                   1                   1                   1                   1                   1                   1                   1                   1                   1                   1                   1                   1                   1                  
turn_ids         : 81949049749504      81949049749504      81949049749504      81949049749504      81949049749504      81949049749504      81949049749504      81949049749504      81949049749504      81949049749504      81949049749504      81949049749504      81949049749504      81949049749504      81949049749504     
turn_end_types   : 1                   1                   1                   1                   1                   1                   1                   1                   1                   1                   1                   1                   1                   1                   1                  
speaker_ids      : 1                   1                   1                   1                   1                   1                   1                   1                   1                   1                   1                   1                   1                   1                   1                  

B                : <emp>               <emp>               <emp>               <emp>               <emp>               <emp>               <emp>               <emp>               th                  omas                <eint>              <emp>               <emp>               <emp>               uh                 
Timings          : (55.326, 55.566)    (55.566, 55.726)    (55.726, 55.826)    (55.826, 56.076)    (56.256, 56.556)    (56.556, 56.886)    (56.886, 57.396)    (57.396, 57.556)    (57.586, 57.896)    (57.896, 58.206)    (-1.0, -1.0)        (58.393, 58.71)     (58.71, 58.928)     (58.928, 59.146)    (59.533, 59.626)   
Token Types      : 0                   0                   0                   0                   0                   0                   0                   0                   5                   5                   5                   0                   0                   0                   3                  
turn_ids         : 0                   0                   0                   0                   0                   0                   0                   0                   81953881587712      81953881587712      81953881587712      0                   0                   0                   81951734104064     
turn_end_types   : 0                   0                   0                   0                   0                   0                   0                   0                   0                   0                   0                   0                   0                   0                   0                  
speaker_ids      : 0                   0                   0                   0                   0                   0                   0                   0                   2                   2                   2                   0                   0                   0                   2                  


A                : Ġthe                <emp>               Ġsex                Ġthe                Ġsexual             Ġharassment         Ġthat               Ġkind               Ġof                 Ġthing              Ġand                Ġjust               Ġto                 Ġsee                Ġour               
Timings          : (59.66, 59.806)     (59.72, 59.813)     (59.966, 60.211)    (60.211, 60.621)    (60.621, 61.047)    (61.047, 61.673)    (61.673, 61.93)     (61.93, 62.12)      (62.12, 62.2)       (62.2, 62.55)       (62.55, 62.87)      (62.87, 63.05)      (63.05, 63.12)      (63.12, 63.32)      (63.32, 63.39)     
Token Types      : 1                   1                   1                   1                   1                   1                   1                   1                   1                   1                   1                   1                   1                   1                   1                  
turn_ids         : 81949049749504      81949049749504      81949049749504      81949049749504      81949049749504      81949049749504      81949049749504      81949049749504      81949049749504      81949049749504      81949049749504      81949049749504      81949049749504      81949049749504      81949049749504     
turn_end_types   : 1                   1                   1                   1                   1                   1                   1                   1                   1                   1                   1                   1                   1                   1                   1                  
speaker_ids      : 1                   1                   1                   1                   1                   1                   1                   1                   1                   1                   1                   1                   1                   1                   1                  

B                : h                   uh                  <ebc>               <emp>               <emp>               <emp>               <emp>               <emp>               <emp>               <emp>               <emp>               <emp>               <emp>               <emp>               <emp>              
Timings          : (59.626, 59.72)     (59.72, 59.813)     (-1.0, -1.0)        (60.211, 60.621)    (60.621, 61.047)    (61.047, 61.673)    (61.673, 61.93)     (61.93, 62.12)      (62.12, 62.2)       (62.2, 62.55)       (62.55, 62.87)      (62.87, 63.05)      (63.05, 63.12)      (63.12, 63.32)      (63.32, 63.39)     
Token Types      : 3                   3                   3                   0                   0                   0                   0                   0                   0                   0                   0                   0                   0                   0                   0                  
turn_ids         : 81951734104064      81951734104064      81951734104064      0                   0                   0                   0                   0                   0                   0                   0                   0                   0                   0                   0                  
turn_end_types   : 0                   0                   0                   0                   0                   0                   0                   0                   0                   0                   0                   0                   0                   0                   0                  
speaker_ids      : 2                   2                   2                   0                   0                   0                   0                   0                   0                   0                   0                   0                   0                   0                   0                  


A                : Ġgovernment         Ġreact              Ġto                 Ġthat               Ġand                Ġthen               Ġjust               Ġlittle             Ġthings             Ġthat               Ġhave               Ġadded              Ġup                 Ġwhere              Ġpeople            
Timings          : (63.39, 63.91)      (63.91, 64.32)      (64.32, 64.45)      (64.45, 64.83)      (65.29, 65.46)      (65.46, 65.79)      (65.79, 66.08)      (66.483, 66.71)     (66.71, 66.97)      (66.97, 67.1)       (67.1, 67.24)       (67.24, 67.55)      (67.55, 67.78)      (67.78, 67.96)      (67.96, 68.46)     
Token Types      : 1                   1                   1                   1                   1                   1                   1                   1                   1                   1                   1                   1                   1                   1                   1                  
turn_ids         : 81949049749504      81949049749504      81949049749504      81949049749504      81949049749504      81949049749504      81949049749504      81949049749504      81949049749504      81949049749504      81949049749504      81949049749504      81949049749504      81949049749504      81949049749504     
turn_end_types   : 1                   1                   1                   1                   1                   1                   1                   1                   1                   1                   1                   1                   1                   1                   1                  
speaker_ids      : 1                   1                   1                   1                   1                   1                   1                   1                   1                   1                   1                   1                   1                   1                   1                  

B                : <emp>               <emp>               <emp>               <emp>               <emp>               <emp>               <emp>               <emp>               <emp>               <emp>               <emp>               <emp>               <emp>               <emp>               <emp>              
Timings          : (63.39, 63.91)      (63.91, 64.32)      (64.32, 64.45)      (64.45, 64.83)      (65.29, 65.46)      (65.46, 65.79)      (65.79, 66.08)      (66.483, 66.71)     (66.71, 66.97)      (66.97, 67.1)       (67.1, 67.24)       (67.24, 67.55)      (67.55, 67.78)      (67.78, 67.96)      (67.96, 68.46)     
Token Types      : 0                   0                   0                   0                   0                   0                   0                   0                   0                   0                   0                   0                   0                   0                   0                  
turn_ids         : 0                   0                   0                   0                   0                   0                   0                   0                   0                   0                   0                   0                   0                   0                   0                  
turn_end_types   : 0                   0                   0                   0                   0                   0                   0                   0                   0                   0                   0                   0                   0                   0                   0                  
speaker_ids      : 0                   0                   0                   0                   0                   0                   0                   0                   0                   0                   0                   0                   0                   0                   0                  


A                : Ġhave               Ġtaken              Ġvacations          Ġon                 Ġtaxpayers          '                   Ġmon                ies                 Ġand                Ġthings             Ġlike               Ġthat               Ġi                  Ġi                  Ġjust              
Timings          : (68.46, 68.68)      (68.76, 69.0)       (69.0, 69.64)       (69.64, 69.93)      (69.93, 70.3)       (70.3, 70.67)       (70.67, 70.87)      (70.87, 71.07)      (71.07, 71.22)      (71.22, 71.44)      (71.44, 71.63)      (71.63, 71.906)     (72.393, 72.513)    (72.593, 72.683)    (72.683, 72.893)   
Token Types      : 1                   1                   1                   1                   1                   1                   1                   1                   1                   1                   1                   1                   1                   1                   1                  
turn_ids         : 81949049749504      81949049749504      81949049749504      81949049749504      81949049749504      81949049749504      81949049749504      81949049749504      81949049749504      81949049749504      81949049749504      81949049749504      81949049749504      81949049749504      81949049749504     
turn_end_types   : 1                   1                   1                   1                   1                   1                   1                   1                   1                   1                   1                   1                   1                   1                   1                  
speaker_ids      : 1                   1                   1                   1                   1                   1                   1                   1                   1                   1                   1                   1                   1                   1                   1                  

B                : <emp>               <emp>               <emp>               <emp>               <emp>               <emp>               <emp>               <emp>               <emp>               <emp>               <emp>               <emp>               <emp>               <emp>               <emp>              
Timings          : (68.46, 68.68)      (68.76, 69.0)       (69.0, 69.64)       (69.64, 69.93)      (69.93, 70.3)       (70.3, 70.67)       (70.67, 70.87)      (70.87, 71.07)      (71.07, 71.22)      (71.22, 71.44)      (71.44, 71.63)      (71.63, 71.906)     (72.393, 72.513)    (72.593, 72.683)    (72.683, 72.893)   
Token Types      : 0                   0                   0                   0                   0                   0                   0                   0                   0                   0                   0                   0                   0                   0                   0                  
turn_ids         : 0                   0                   0                   0                   0                   0                   0                   0                   0                   0                   0                   0                   0                   0                   0                  
turn_end_types   : 0                   0                   0                   0                   0                   0                   0                   0                   0                   0                   0                   0                   0                   0                   0                  
speaker_ids      : 0                   0                   0                   0                   0                   0                   0                   0                   0                   0                   0                   0                   0                   0                   0                  


A                : Ġthink              Ġit                 's                  Ġvery               Ġcorrupt            Ġand                Ġwhether            Ġor                 Ġnot                Ġthey               Ġneed               Ġto                 Ġstart              Ġwith               Ġpeople            
Timings          : (72.893, 73.073)    (73.073, 73.108)    (73.108, 73.143)    (73.343, 73.703)    (73.703, 74.213)    (74.343, 74.813)    (74.943, 75.183)    (75.183, 75.263)    (75.263, 75.653)    (76.44, 76.583)     (76.583, 76.783)    (76.783, 76.873)    (76.873, 77.163)    (77.163, 77.313)    (77.313, 77.583)   
Token Types      : 1                   1                   1                   1                   1                   1                   1                   1                   1                   1                   1                   1                   1                   1                   1                  
turn_ids         : 81949049749504      81949049749504      81949049749504      81949049749504      81949049749504      81949049749504      81949049749504      81949049749504      81949049749504      81949049749504      81949049749504      81949049749504      81949049749504      81949049749504      81949049749504     
turn_end_types   : 1                   1                   1                   1                   1                   1                   1                   1                   1                   1                   1                   1                   1                   1                   1                  
speaker_ids      : 1                   1                   1                   1                   1                   1                   1                   1                   1                   1                   1                   1                   1                   1                   1                  

B                : <emp>               <emp>               <emp>               <emp>               <emp>               <emp>               <emp>               <emp>               <emp>               <emp>               <emp>               <emp>               <emp>               <emp>               <emp>              
Timings          : (72.893, 73.073)    (73.073, 73.108)    (73.108, 73.143)    (73.343, 73.703)    (73.703, 74.213)    (74.343, 74.813)    (74.943, 75.183)    (75.183, 75.263)    (75.263, 75.653)    (76.44, 76.583)     (76.583, 76.783)    (76.783, 76.873)    (76.873, 77.163)    (77.163, 77.313)    (77.313, 77.583)   
Token Types      : 0                   0                   0                   0                   0                   0                   0                   0                   0                   0                   0                   0                   0                   0                   0                  
turn_ids         : 0                   0                   0                   0                   0                   0                   0                   0                   0                   0                   0                   0                   0                   0                   0                  
turn_end_types   : 0                   0                   0                   0                   0                   0                   0                   0                   0                   0                   0                   0                   0                   0                   0                  
speaker_ids      : 0                   0                   0                   0                   0                   0                   0                   0                   0                   0                   0                   0                   0                   0                   0                  


A                : Ġthat               Ġare                Ġextremely          Ġpoor               Ġand                Ġsend               Ġthem               Ġinto               Ġgovernment         Ġversus             Ġpeople             Ġthat               Ġare                Ġrich               Ġbut               
Timings          : (77.583, 77.733)    (77.733, 77.863)    (77.863, 78.353)    (78.353, 78.703)    (78.703, 78.833)    (78.833, 79.123)    (79.123, 79.283)    (79.283, 79.503)    (79.503, 80.033)    (80.033, 80.403)    (80.403, 80.723)    (80.723, 80.873)    (80.873, 80.973)    (80.973, 81.387)    (82.116, 82.246)   
Token Types      : 1                   1                   1                   1                   1                   1                   1                   1                   1                   1                   1                   1                   1                   1                   1                  
turn_ids         : 81949049749504      81949049749504      81949049749504      81949049749504      81949049749504      81949049749504      81949049749504      81949049749504      81949049749504      81949049749504      81949049749504      81949049749504      81949049749504      81949049749504      81949049749504     
turn_end_types   : 1                   1                   1                   1                   1                   1                   1                   1                   1                   1                   1                   1                   1                   1                   1                  
speaker_ids      : 1                   1                   1                   1                   1                   1                   1                   1                   1                   1                   1                   1                   1                   1                   1                  

B                : <emp>               <emp>               <emp>               <emp>               <emp>               <emp>               <emp>               <emp>               <emp>               <emp>               <emp>               <emp>               <emp>               <emp>               <emp>              
Timings          : (77.583, 77.733)    (77.733, 77.863)    (77.863, 78.353)    (78.353, 78.703)    (78.703, 78.833)    (78.833, 79.123)    (79.123, 79.283)    (79.283, 79.503)    (79.503, 80.033)    (80.033, 80.403)    (80.403, 80.723)    (80.723, 80.873)    (80.873, 80.973)    (80.973, 81.387)    (82.116, 82.246)   
Token Types      : 0                   0                   0                   0                   0                   0                   0                   0                   0                   0                   0                   0                   0                   0                   0                  
turn_ids         : 0                   0                   0                   0                   0                   0                   0                   0                   0                   0                   0                   0                   0                   0                   0                  
turn_end_types   : 0                   0                   0                   0                   0                   0                   0                   0                   0                   0                   0                   0                   0                   0                   0                  
speaker_ids      : 0                   0                   0                   0                   0                   0                   0                   0                   0                   0                   0                   0                   0                   0                   0                  


A                : Ġit                 's                  Ġalways             Ġthe                Ġrich               Ġperson             Ġthat               Ġgets               Ġinto               Ġgovernment         Ġthat               Ġhas                Ġuh                 Ġthe                Ġmoney             
Timings          : (82.246, 82.321)    (82.321, 82.396)    (82.396, 82.676)    (82.676, 82.786)    (82.786, 82.996)    (82.996, 83.406)    (83.406, 83.596)    (83.596, 83.796)    (83.796, 84.006)    (84.006, 84.606)    (84.696, 84.916)    (84.916, 85.277)    (85.472, 85.876)    (85.876, 86.016)    (86.016, 86.326)   
Token Types      : 1                   1                   1                   1                   1                   1                   1                   1                   1                   1                   1                   1                   1                   1                   1                  
turn_ids         : 81949049749504      81949049749504      81949049749504      81949049749504      81949049749504      81949049749504      81949049749504      81949049749504      81949049749504      81949049749504      81949049749504      81949049749504      81949049749504      81949049749504      81949049749504     
turn_end_types   : 1                   1                   1                   1                   1                   1                   1                   1                   1                   1                   1                   1                   1                   1                   1                  
speaker_ids      : 1                   1                   1                   1                   1                   1                   1                   1                   1                   1                   1                   1                   1                   1                   1                  

B                : <emp>               <emp>               <emp>               <emp>               <emp>               <emp>               <emp>               <emp>               <emp>               <emp>               <emp>               <emp>               <emp>               <emp>               <emp>              
Timings          : (82.246, 82.321)    (82.321, 82.396)    (82.396, 82.676)    (82.676, 82.786)    (82.786, 82.996)    (82.996, 83.406)    (83.406, 83.596)    (83.596, 83.796)    (83.796, 84.006)    (84.006, 84.606)    (84.696, 84.916)    (84.916, 85.277)    (85.472, 85.876)    (85.876, 86.016)    (86.016, 86.326)   
Token Types      : 0                   0                   0                   0                   0                   0                   0                   0                   0                   0                   0                   0                   0                   0                   0                  
turn_ids         : 0                   0                   0                   0                   0                   0                   0                   0                   0                   0                   0                   0                   0                   0                   0                  
turn_end_types   : 0                   0                   0                   0                   0                   0                   0                   0                   0                   0                   0                   0                   0                   0                   0                  
speaker_ids      : 0                   0                   0                   0                   0                   0                   0                   0                   0                   0                   0                   0                   0                   0                   0                  


A                : Ġto                 Ġadvertise          Ġthe                Ġmoney              Ġto                 Ġdo                 Ġto                 Ġdo                 Ġthis               Ġthere              's                  Ġno                 Ġmore               Ġab                 e                  
Timings          : (86.326, 86.616)    (86.616, 87.356)    (87.356, 87.465)    (87.465, 87.744)    (87.744, 87.93)     (87.93, 88.156)     (88.346, 88.466)    (88.466, 88.636)    (88.636, 88.956)    (88.956, 89.051)    (89.051, 89.146)    (89.146, 89.326)    (89.326, 89.691)    (89.79, 89.92)      (89.92, 90.05)     
Token Types      : 1                   1                   1                   1                   1                   1                   1                   1                   1                   1                   1                   1                   1                   1                   1                  
turn_ids         : 81949049749504      81949049749504      81949049749504      81949049749504      81949049749504      81949049749504      81949049749504      81949049749504      81949049749504      81949049749504      81949049749504      81949049749504      81949049749504      81949049749504      81949049749504     
turn_end_types   : 1                   1                   1                   1                   1                   1                   1                   1                   1                   1                   1                   1                   1                   1                   1                  
speaker_ids      : 1                   1                   1                   1                   1                   1                   1                   1                   1                   1                   1                   1                   1                   1                   1                  

B                : <emp>               <emp>               <emp>               <emp>               <emp>               <emp>               <emp>               <emp>               <emp>               <emp>               <emp>               <emp>               <emp>               <emp>               <emp>              
Timings          : (86.326, 86.616)    (86.616, 87.356)    (87.356, 87.465)    (87.465, 87.744)    (87.744, 87.93)     (87.93, 88.156)     (88.346, 88.466)    (88.466, 88.636)    (88.636, 88.956)    (88.956, 89.051)    (89.051, 89.146)    (89.146, 89.326)    (89.326, 89.691)    (89.79, 89.92)      (89.92, 90.05)     
Token Types      : 0                   0                   0                   0                   0                   0                   0                   0                   0                   0                   0                   0                   0                   0                   0                  
turn_ids         : 0                   0                   0                   0                   0                   0                   0                   0                   0                   0                   0                   0                   0                   0                   0                  
turn_end_types   : 0                   0                   0                   0                   0                   0                   0                   0                   0                   0                   0                   0                   0                   0                   0                  
speaker_ids      : 0                   0                   0                   0                   0                   0                   0                   0                   0                   0                   0                   0                   0                   0                   0                  


A                : Ġab                 raham               Ġl                  inc                 ol                  ns                  Ġout                Ġthere              Ġuh                 Ġthat               Ġcan                Ġget                Ġinto               Ġgovernment         Ġeven              
Timings          : (90.649, 90.924)    (90.924, 91.199)    (91.199, 91.322)    (91.322, 91.444)    (91.444, 91.567)    (91.567, 91.689)    (91.689, 91.929)    (91.929, 92.195)    (92.749, 93.095)    (93.495, 93.669)    (93.669, 93.999)    (94.339, 94.519)    (94.619, 94.949)    (94.949, 95.509)    (95.509, 95.709)   
Token Types      : 1                   1                   1                   1                   1                   1                   1                   1                   1                   1                   1                   1                   1                   1                   1                  
turn_ids         : 81949049749504      81949049749504      81949049749504      81949049749504      81949049749504      81949049749504      81949049749504      81949049749504      81949049749504      81949049749504      81949049749504      81949049749504      81949049749504      81949049749504      81949049749504     
turn_end_types   : 1                   1                   1                   1                   1                   1                   1                   1                   1                   1                   1                   1                   1                   1                   1                  
speaker_ids      : 1                   1                   1                   1                   1                   1                   1                   1                   1                   1                   1                   1                   1                   1                   1                  

B                : <emp>               <emp>               <emp>               <emp>               <emp>               <emp>               <emp>               <emp>               <emp>               <emp>               <emp>               <emp>               <emp>               <emp>               <emp>              
Timings          : (90.649, 90.924)    (90.924, 91.199)    (91.199, 91.322)    (91.322, 91.444)    (91.444, 91.567)    (91.567, 91.689)    (91.689, 91.929)    (91.929, 92.195)    (92.749, 93.095)    (93.495, 93.669)    (93.669, 93.999)    (94.339, 94.519)    (94.619, 94.949)    (94.949, 95.509)    (95.509, 95.709)   
Token Types      : 0                   0                   0                   0                   0                   0                   0                   0                   0                   0                   0                   0                   0                   0                   0                  
turn_ids         : 0                   0                   0                   0                   0                   0                   0                   0                   0                   0                   0                   0                   0                   0                   0                  
turn_end_types   : 0                   0                   0                   0                   0                   0                   0                   0                   0                   0                   0                   0                   0                   0                   0                  
speaker_ids      : 0                   0                   0                   0                   0                   0                   0                   0                   0                   0                   0                   0                   0                   0                   0                  


A                : Ġif                 Ġthey               Ġwere               Ġpoor               Ġso                 Ġi                  Ġknow               Ġthat               's                  Ġmy                 Ġpersonal           Ġviewpoint          Ġof                 Ġthings             <eot>              
Timings          : (95.709, 95.859)    (95.859, 95.969)    (95.969, 96.229)    (96.229, 96.699)    (97.726, 98.006)    (98.526, 98.586)    (98.586, 98.746)    (98.746, 98.861)    (98.861, 98.976)    (98.976, 99.223)    (99.223, 99.811)    (99.811, 100.336)   (100.336, 100.496)  (100.976, 101.286)  (-1.0, -1.0)       
Token Types      : 1                   1                   1                   1                   1                   1                   1                   1                   1                   1                   1                   1                   1                   1                   1                  
turn_ids         : 81949049749504      81949049749504      81949049749504      81949049749504      81949049749504      81949049749504      81949049749504      81949049749504      81949049749504      81949049749504      81949049749504      81949049749504      81949049749504      81949049749504      81949049749504     
turn_end_types   : 1                   1                   1                   1                   1                   1                   1                   1                   1                   1                   1                   1                   1                   1                   1                  
speaker_ids      : 1                   1                   1                   1                   1                   1                   1                   1                   1                   1                   1                   1                   1                   1                   1                  

B                : <emp>               <emp>               <emp>               <emp>               <emp>               <emp>               <emp>               <emp>               <emp>               <emp>               <emp>               <emp>               <emp>               <emp>               doesn              
Timings          : (95.709, 95.859)    (95.859, 95.969)    (95.969, 96.229)    (96.229, 96.699)    (97.726, 98.006)    (98.526, 98.586)    (98.586, 98.746)    (98.746, 98.861)    (98.861, 98.976)    (98.976, 99.223)    (99.223, 99.811)    (99.811, 100.336)   (100.336, 100.496)  (100.976, 101.286)  (101.618, 101.763) 
Token Types      : 0                   0                   0                   0                   0                   0                   0                   0                   0                   0                   0                   0                   0                   0                   1                  
turn_ids         : 0                   0                   0                   0                   0                   0                   0                   0                   0                   0                   0                   0                   0                   0                   81949586620417     
turn_end_types   : 0                   0                   0                   0                   0                   0                   0                   0                   0                   0                   0                   0                   0                   0                   2                  
speaker_ids      : 0                   0                   0                   0                   0                   0                   0                   0                   0                   0                   0                   0                   0                   0                   2                  


A                : <emp>               <emp>               <emp>               <emp>               <emp>               <emp>               <emp>               <emp>               <emp>               <emp>               <emp>               Ġnow                Ġthey               Ġjust               Ġuh                
Timings          : (101.763, 101.908)  (101.908, 102.218)  (102.218, 102.528)  (102.528, 102.896)  (102.896, 103.167)  (103.167, 103.418)  (103.418, 103.898)  (103.898, 104.178)  (104.178, 104.413)  (104.413, 104.648)  (104.648, 105.158)  (105.621, 105.901)  (105.901, 106.031)  (106.031, 106.421)  (106.421, 106.801) 
Token Types      : 0                   0                   0                   0                   0                   0                   0                   0                   0                   0                   0                   4                   4                   4                   4                  
turn_ids         : 0                   0                   0                   0                   0                   0                   0                   0                   0                   0                   0                   81952270974978      81952270974978      81952270974978      81952270974978     
turn_end_types   : 0                   0                   0                   0                   0                   0                   0                   0                   0                   0                   0                   2                   2                   2                   2                  
speaker_ids      : 0                   0                   0                   0                   0                   0                   0                   0                   0                   0                   0                   1                   1                   1                   1                  

B                : 't                  Ġw                  isconsin            Ġhave               Ġa                  Ġuh                 Ġstate              Ġuh                 Ġmedic              are                 Ġprogram            Ġor                 Ġhealth             Ġprogram            <yield>            
Timings          : (101.763, 101.908)  (101.908, 102.218)  (102.218, 102.528)  (102.528, 102.896)  (102.896, 103.167)  (103.167, 103.418)  (103.418, 103.898)  (103.898, 104.178)  (104.178, 104.413)  (104.413, 104.648)  (104.648, 105.158)  (105.638, 105.818)  (105.818, 106.038)  (106.038, 106.526)  (-1.0, -1.0)       
Token Types      : 1                   1                   1                   1                   1                   1                   1                   1                   1                   1                   1                   1                   1                   1                   1                  
turn_ids         : 81949586620417      81949586620417      81949586620417      81949586620417      81949586620417      81949586620417      81949586620417      81949586620417      81949586620417      81949586620417      81949586620417      81949586620417      81949586620417      81949586620417      81949586620417     
turn_end_types   : 2                   2                   2                   2                   2                   2                   2                   2                   2                   2                   2                   2                   2                   2                   2                  
speaker_ids      : 2                   2                   2                   2                   2                   2                   2                   2                   2                   2                   2                   2                   2                   2                   2                  


A                : Ġthey               've                 Ġalready            Ġput                Ġthrough            Ġthe                Ġhealth             Ġbill               Ġyes                Ġit                 Ġjust               Ġwent               Ġthrough            Ġand                Ġit                
Timings          : (106.801, 106.916)  (106.916, 107.031)  (107.031, 107.391)  (107.391, 107.621)  (107.741, 107.991)  (107.991, 108.081)  (108.081, 108.412)  (108.48, 108.781)   (108.801, 109.201)  (109.201, 109.411)  (109.561, 109.831)  (109.831, 110.061)  (110.061, 110.551)  (110.551, 111.021)  (111.021, 111.101) 
Token Types      : 4                   4                   4                   4                   4                   4                   4                   4                   4                   4                   4                   4                   4                   4                   4                  
turn_ids         : 81952270974978      81952270974978      81952270974978      81952270974978      81952270974978      81952270974978      81952270974978      81952270974978      81952270974978      81952270974978      81952270974978      81952270974978      81952270974978      81952270974978      81952270974978     
turn_end_types   : 2                   2                   2                   2                   2                   2                   2                   2                   2                   2                   2                   2                   2                   2                   2                  
speaker_ids      : 1                   1                   1                   1                   1                   1                   1                   1                   1                   1                   1                   1                   1                   1                   1                  

B                : <emp>               <emp>               <emp>               <emp>               <emp>               <emp>               <emp>               <emp>               <emp>               <emp>               <emp>               <emp>               <emp>               <emp>               <emp>              
Timings          : (106.801, 106.916)  (106.916, 107.031)  (107.031, 107.391)  (107.391, 107.621)  (107.741, 107.991)  (107.991, 108.081)  (108.081, 108.412)  (108.48, 108.781)   (108.801, 109.201)  (109.201, 109.411)  (109.561, 109.831)  (109.831, 110.061)  (110.061, 110.551)  (110.551, 111.021)  (111.021, 111.101) 
Token Types      : 0                   0                   0                   0                   0                   0                   0                   0                   0                   0                   0                   0                   0                   0                   0                  
turn_ids         : 0                   0                   0                   0                   0                   0                   0                   0                   0                   0                   0                   0                   0                   0                   0                  
turn_end_types   : 0                   0                   0                   0                   0                   0                   0                   0                   0                   0                   0                   0                   0                   0                   0                  
speaker_ids      : 0                   0                   0                   0                   0                   0                   0                   0                   0                   0                   0                   0                   0                   0                   0                  


A                : Ġwas                Ġpassed             Ġand                Ġthat               Ġis                 Ġgoing              Ġto                 Ġbe                 Ġa                  Ġheavier            Ġtax                Ġburden             Ġon                 Ġa                  Ġlot               
Timings          : (111.101, 111.241)  (111.241, 111.911)  (112.456, 112.926)  (112.926, 113.146)  (113.146, 113.376)  (113.376, 113.706)  (113.706, 113.796)  (113.796, 114.216)  (114.216, 114.466)  (114.466, 115.026)  (115.076, 115.536)  (115.536, 116.016)  (116.016, 116.346)  (116.895, 117.015)  (117.015, 117.386) 
Token Types      : 4                   4                   4                   4                   4                   4                   4                   4                   4                   4                   4                   4                   4                   4                   4                  
turn_ids         : 81952270974978      81952270974978      81952270974978      81952270974978      81952270974978      81952270974978      81952270974978      81952270974978      81952270974978      81952270974978      81952270974978      81952270974978      81952270974978      81952270974978      81952270974978     
turn_end_types   : 2                   2                   2                   2                   2                   2                   2                   2                   2                   2                   2                   2                   2                   2                   2                  
speaker_ids      : 1                   1                   1                   1                   1                   1                   1                   1                   1                   1                   1                   1                   1                   1                   1                  

B                : <emp>               <emp>               <emp>               <emp>               <emp>               <emp>               <emp>               <emp>               <emp>               <emp>               <emp>               <emp>               <emp>               <emp>               <emp>              
Timings          : (111.101, 111.241)  (111.241, 111.911)  (112.456, 112.926)  (112.926, 113.146)  (113.146, 113.376)  (113.376, 113.706)  (113.706, 113.796)  (113.796, 114.216)  (114.216, 114.466)  (114.466, 115.026)  (115.076, 115.536)  (115.536, 116.016)  (116.016, 116.346)  (116.895, 117.015)  (117.015, 117.386) 
Token Types      : 0                   0                   0                   0                   0                   0                   0                   0                   0                   0                   0                   0                   0                   0                   0                  
turn_ids         : 0                   0                   0                   0                   0                   0                   0                   0                   0                   0                   0                   0                   0                   0                   0                  
turn_end_types   : 0                   0                   0                   0                   0                   0                   0                   0                   0                   0                   0                   0                   0                   0                   0                  
speaker_ids      : 0                   0                   0                   0                   0                   0                   0                   0                   0                   0                   0                   0                   0                   0                   0                  


A                : Ġof                 Ġthe                Ġtaxpayers          Ġtaxpayers          Ġand                Ġa                  Ġlittle             Ġbit                Ġmore               Ġon                 Ġto                 Ġthe                Ġmedical            Ġuh                 Ġi                 
Timings          : (117.386, 117.526)  (117.526, 117.666)  (117.666, 118.411)  (118.659, 119.396)  (119.526, 120.046)  (120.046, 120.116)  (120.116, 120.286)  (120.286, 120.456)  (120.456, 120.686)  (120.686, 120.856)  (120.856, 120.926)  (120.926, 121.016)  (121.016, 121.501)  (122.101, 122.472)  (123.136, 123.236) 
Token Types      : 4                   4                   4                   4                   4                   4                   4                   4                   4                   4                   4                   4                   4                   4                   4                  
turn_ids         : 81952270974978      81952270974978      81952270974978      81952270974978      81952270974978      81952270974978      81952270974978      81952270974978      81952270974978      81952270974978      81952270974978      81952270974978      81952270974978      81952270974978      81952270974978     
turn_end_types   : 2                   2                   2                   2                   2                   2                   2                   2                   2                   2                   2                   2                   2                   2                   2                  
speaker_ids      : 1                   1                   1                   1                   1                   1                   1                   1                   1                   1                   1                   1                   1                   1                   1                  

B                : <emp>               <emp>               <emp>               <emp>               <emp>               <emp>               <emp>               <emp>               <emp>               <emp>               <emp>               <emp>               <emp>               <emp>               <emp>              
Timings          : (117.386, 117.526)  (117.526, 117.666)  (117.666, 118.411)  (118.659, 119.396)  (119.526, 120.046)  (120.046, 120.116)  (120.116, 120.286)  (120.286, 120.456)  (120.456, 120.686)  (120.686, 120.856)  (120.856, 120.926)  (120.926, 121.016)  (121.016, 121.501)  (122.101, 122.472)  (123.136, 123.236) 
Token Types      : 0                   0                   0                   0                   0                   0                   0                   0                   0                   0                   0                   0                   0                   0                   0                  
turn_ids         : 0                   0                   0                   0                   0                   0                   0                   0                   0                   0                   0                   0                   0                   0                   0                  
turn_end_types   : 0                   0                   0                   0                   0                   0                   0                   0                   0                   0                   0                   0                   0                   0                   0                  
speaker_ids      : 0                   0                   0                   0                   0                   0                   0                   0                   0                   0                   0                   0                   0                   0                   0                  


A                : Ġdon                't                  Ġknow               Ġif                 Ġthat               Ġwas                Ġdone               Ġout                Ġof                 Ġjust               Ġlet                's                  Ġbe                 Ġthe                Ġfirst             
Timings          : (123.236, 123.311)  (123.311, 123.386)  (123.386, 123.476)  (123.476, 123.596)  (123.596, 123.736)  (123.736, 123.986)  (123.986, 124.286)  (124.286, 124.476)  (124.476, 124.636)  (124.636, 124.867)  (125.052, 125.179)  (125.179, 125.306)  (125.306, 125.486)  (125.486, 125.566)  (125.566, 125.956) 
Token Types      : 4                   4                   4                   4                   4                   4                   4                   4                   4                   4                   4                   4                   4                   4                   4                  
turn_ids         : 81952270974978      81952270974978      81952270974978      81952270974978      81952270974978      81952270974978      81952270974978      81952270974978      81952270974978      81952270974978      81952270974978      81952270974978      81952270974978      81952270974978      81952270974978     
turn_end_types   : 2                   2                   2                   2                   2                   2                   2                   2                   2                   2                   2                   2                   2                   2                   2                  
speaker_ids      : 1                   1                   1                   1                   1                   1                   1                   1                   1                   1                   1                   1                   1                   1                   1                  

B                : <emp>               <emp>               <emp>               <emp>               <emp>               <emp>               <emp>               <emp>               <emp>               <emp>               <emp>               <emp>               <emp>               <emp>               <emp>              
Timings          : (123.236, 123.311)  (123.311, 123.386)  (123.386, 123.476)  (123.476, 123.596)  (123.596, 123.736)  (123.736, 123.986)  (123.986, 124.286)  (124.286, 124.476)  (124.476, 124.636)  (124.636, 124.867)  (125.052, 125.179)  (125.179, 125.306)  (125.306, 125.486)  (125.486, 125.566)  (125.566, 125.956) 
Token Types      : 0                   0                   0                   0                   0                   0                   0                   0                   0                   0                   0                   0                   0                   0                   0                  
turn_ids         : 0                   0                   0                   0                   0                   0                   0                   0                   0                   0                   0                   0                   0                   0                   0                  
turn_end_types   : 0                   0                   0                   0                   0                   0                   0                   0                   0                   0                   0                   0                   0                   0                   0                  
speaker_ids      : 0                   0                   0                   0                   0                   0                   0                   0                   0                   0                   0                   0                   0                   0                   0                  


A                : Ġstate              Ġto                 Ġdo                 Ġit                 Ġor                 Ġif                 Ġit                 Ġwas                Ġdone               Ġreally             Ġfor                Ġthe                Ġneeds              Ġof                 Ġthe               
Timings          : (125.956, 126.366)  (126.366, 126.456)  (126.456, 126.696)  (126.696, 126.896)  (127.046, 127.356)  (127.356, 127.566)  (127.566, 127.646)  (127.646, 127.876)  (127.876, 128.216)  (128.216, 128.466)  (128.466, 128.676)  (128.676, 128.786)  (128.786, 129.106)  (129.106, 129.236)  (129.236, 129.316) 
Token Types      : 4                   4                   4                   4                   4                   4                   4                   4                   4                   4                   4                   4                   4                   4                   4                  
turn_ids         : 81952270974978      81952270974978      81952270974978      81952270974978      81952270974978      81952270974978      81952270974978      81952270974978      81952270974978      81952270974978      81952270974978      81952270974978      81952270974978      81952270974978      81952270974978     
turn_end_types   : 2                   2                   2                   2                   2                   2                   2                   2                   2                   2                   2                   2                   2                   2                   2                  
speaker_ids      : 1                   1                   1                   1                   1                   1                   1                   1                   1                   1                   1                   1                   1                   1                   1                  

B                : <emp>               <emp>               <emp>               <emp>               <emp>               <emp>               <emp>               <emp>               <emp>               <emp>               <emp>               <emp>               <emp>               <emp>               <emp>              
Timings          : (125.956, 126.366)  (126.366, 126.456)  (126.456, 126.696)  (126.696, 126.896)  (127.046, 127.356)  (127.356, 127.566)  (127.566, 127.646)  (127.646, 127.876)  (127.876, 128.216)  (128.216, 128.466)  (128.466, 128.676)  (128.676, 128.786)  (128.786, 129.106)  (129.106, 129.236)  (129.236, 129.316) 
Token Types      : 0                   0                   0                   0                   0                   0                   0                   0                   0                   0                   0                   0                   0                   0                   0                  
turn_ids         : 0                   0                   0                   0                   0                   0                   0                   0                   0                   0                   0                   0                   0                   0                   0                  
turn_end_types   : 0                   0                   0                   0                   0                   0                   0                   0                   0                   0                   0                   0                   0                   0                   0                  
speaker_ids      : 0                   0                   0                   0                   0                   0                   0                   0                   0                   0                   0                   0                   0                   0                   0                  


A                : Ġpeople             Ġyou                Ġknow               Ġwhat               Ġi                  'm                  Ġsaying             Ġit                 Ġit                 's                  Ġright              Ġnow                Ġevery              Ġlittle             Ġstate             
Timings          : (129.316, 129.896)  (130.406, 130.486)  (130.486, 130.546)  (130.546, 130.646)  (130.646, 130.706)  (130.706, 130.766)  (130.826, 131.166)  (131.166, 131.306)  (131.696, 131.831)  (131.831, 131.966)  (132.875, 133.125)  (133.125, 133.515)  (133.715, 134.165)  (134.165, 134.435)  (134.435, 134.765) 
Token Types      : 4                   4                   4                   4                   4                   4                   4                   4                   4                   4                   4                   4                   4                   4                   4                  
turn_ids         : 81952270974978      81952270974978      81952270974978      81952270974978      81952270974978      81952270974978      81952270974978      81952270974978      81952270974978      81952270974978      81952270974978      81952270974978      81952270974978      81952270974978      81952270974978     
turn_end_types   : 2                   2                   2                   2                   2                   2                   2                   2                   2                   2                   2                   2                   2                   2                   2                  
speaker_ids      : 1                   1                   1                   1                   1                   1                   1                   1                   1                   1                   1                   1                   1                   1                   1                  

B                : <emp>               <emp>               <emp>               <emp>               <emp>               <emp>               <emp>               <emp>               <emp>               <emp>               <emp>               <emp>               <emp>               <emp>               <emp>              
Timings          : (129.316, 129.896)  (130.406, 130.486)  (130.486, 130.546)  (130.546, 130.646)  (130.646, 130.706)  (130.706, 130.766)  (130.826, 131.166)  (131.166, 131.306)  (131.696, 131.831)  (131.831, 131.966)  (132.875, 133.125)  (133.125, 133.515)  (133.715, 134.165)  (134.165, 134.435)  (134.435, 134.765) 
Token Types      : 0                   0                   0                   0                   0                   0                   0                   0                   0                   0                   0                   0                   0                   0                   0                  
turn_ids         : 0                   0                   0                   0                   0                   0                   0                   0                   0                   0                   0                   0                   0                   0                   0                  
turn_end_types   : 0                   0                   0                   0                   0                   0                   0                   0                   0                   0                   0                   0                   0                   0                   0                  
speaker_ids      : 0                   0                   0                   0                   0                   0                   0                   0                   0                   0                   0                   0                   0                   0                   0                  


A                : Ġaround             Ġhere               Ġis                 Ġthinking           Ġabout              Ġoh                 Ġwe                 Ġneed               Ġto                 Ġreform             Ġthe                Ġhealth             Ġuh                 Ġsystem             Ġand               
Timings          : (134.765, 135.205)  (135.205, 135.535)  (136.115, 136.235)  (136.235, 136.565)  (136.565, 136.855)  (136.855, 137.095)  (137.095, 137.215)  (137.215, 137.435)  (137.435, 137.535)  (137.535, 138.045)  (138.045, 138.175)  (138.175, 138.499)  (138.703, 138.935)  (138.935, 139.405)  (140.105, 140.445) 
Token Types      : 4                   4                   4                   4                   4                   4                   4                   4                   4                   4                   4                   4                   4                   4                   4                  
turn_ids         : 81952270974978      81952270974978      81952270974978      81952270974978      81952270974978      81952270974978      81952270974978      81952270974978      81952270974978      81952270974978      81952270974978      81952270974978      81952270974978      81952270974978      81952270974978     
turn_end_types   : 2                   2                   2                   2                   2                   2                   2                   2                   2                   2                   2                   2                   2                   2                   2                  
speaker_ids      : 1                   1                   1                   1                   1                   1                   1                   1                   1                   1                   1                   1                   1                   1                   1                  

B                : <emp>               <emp>               <emp>               <emp>               <emp>               <emp>               <emp>               <emp>               <emp>               <emp>               <emp>               <emp>               <emp>               <emp>               <emp>              
Timings          : (134.765, 135.205)  (135.205, 135.535)  (136.115, 136.235)  (136.235, 136.565)  (136.565, 136.855)  (136.855, 137.095)  (137.095, 137.215)  (137.215, 137.435)  (137.435, 137.535)  (137.535, 138.045)  (138.045, 138.175)  (138.175, 138.499)  (138.703, 138.935)  (138.935, 139.405)  (140.105, 140.445) 
Token Types      : 0                   0                   0                   0                   0                   0                   0                   0                   0                   0                   0                   0                   0                   0                   0                  
turn_ids         : 0                   0                   0                   0                   0                   0                   0                   0                   0                   0                   0                   0                   0                   0                   0                  
turn_end_types   : 0                   0                   0                   0                   0                   0                   0                   0                   0                   0                   0                   0                   0                   0                   0                  
speaker_ids      : 0                   0                   0                   0                   0                   0                   0                   0                   0                   0                   0                   0                   0                   0                   0                  


A                : Ġof                 Ġcourse             Ġthey               Ġthink              Ġuh                 Ġw                  isconsin            Ġour                Ġneighbor           Ġor                 Ġmin                nesota              Ġour                Ġneighbor           Ġpassed            
Timings          : (140.445, 140.515)  (140.515, 140.785)  (140.785, 140.928)  (140.928, 141.264)  (141.264, 141.567)  (141.744, 142.025)  (142.025, 142.305)  (142.305, 142.415)  (142.415, 142.605)  (142.605, 142.775)  (142.775, 143.015)  (143.015, 143.255)  (143.255, 143.405)  (143.405, 143.851)  (144.333, 144.825) 
Token Types      : 4                   4                   4                   4                   4                   4                   4                   4                   4                   4                   4                   4                   4                   4                   4                  
turn_ids         : 81952270974978      81952270974978      81952270974978      81952270974978      81952270974978      81952270974978      81952270974978      81952270974978      81952270974978      81952270974978      81952270974978      81952270974978      81952270974978      81952270974978      81952270974978     
turn_end_types   : 2                   2                   2                   2                   2                   2                   2                   2                   2                   2                   2                   2                   2                   2                   2                  
speaker_ids      : 1                   1                   1                   1                   1                   1                   1                   1                   1                   1                   1                   1                   1                   1                   1                  

B                : <emp>               <emp>               <emp>               <emp>               <emp>               <emp>               <emp>               <emp>               <emp>               <emp>               <emp>               <emp>               <emp>               <emp>               <emp>              
Timings          : (140.445, 140.515)  (140.515, 140.785)  (140.785, 140.928)  (140.928, 141.264)  (141.264, 141.567)  (141.744, 142.025)  (142.025, 142.305)  (142.305, 142.415)  (142.415, 142.605)  (142.605, 142.775)  (142.775, 143.015)  (143.015, 143.255)  (143.255, 143.405)  (143.405, 143.851)  (144.333, 144.825) 
Token Types      : 0                   0                   0                   0                   0                   0                   0                   0                   0                   0                   0                   0                   0                   0                   0                  
turn_ids         : 0                   0                   0                   0                   0                   0                   0                   0                   0                   0                   0                   0                   0                   0                   0                  
turn_end_types   : 0                   0                   0                   0                   0                   0                   0                   0                   0                   0                   0                   0                   0                   0                   0                  
speaker_ids      : 0                   0                   0                   0                   0                   0                   0                   0                   0                   0                   0                   0                   0                   0                   0                  


A                : Ġa                  Ġstate              Ġlaw                Ġthe                Ġhealth             Ġbill               Ġand                Ġit                 's                  Ġkind               Ġof                 Ġlike               Ġwe                 're                 Ġthe               
Timings          : (145.356, 145.485)  (145.485, 145.875)  (145.875, 146.105)  (146.105, 146.215)  (146.215, 146.475)  (146.616, 146.855)  (147.42, 147.879)   (148.565, 148.678)  (148.678, 148.79)   (148.79, 149.05)    (149.05, 149.17)    (149.17, 149.43)    (149.43, 149.515)   (149.515, 149.6)    (149.6, 149.67)    
Token Types      : 4                   4                   4                   4                   4                   4                   4                   4                   4                   4                   4                   4                   4                   4                   4                  
turn_ids         : 81952270974978      81952270974978      81952270974978      81952270974978      81952270974978      81952270974978      81952270974978      81952270974978      81952270974978      81952270974978      81952270974978      81952270974978      81952270974978      81952270974978      81952270974978     
turn_end_types   : 2                   2                   2                   2                   2                   2                   2                   2                   2                   2                   2                   2                   2                   2                   2                  
speaker_ids      : 1                   1                   1                   1                   1                   1                   1                   1                   1                   1                   1                   1                   1                   1                   1                  

B                : <emp>               <emp>               <emp>               <emp>               <emp>               <emp>               <emp>               <emp>               <emp>               <emp>               <emp>               <emp>               <emp>               <emp>               <emp>              
Timings          : (145.356, 145.485)  (145.485, 145.875)  (145.875, 146.105)  (146.105, 146.215)  (146.215, 146.475)  (146.616, 146.855)  (147.42, 147.879)   (148.565, 148.678)  (148.678, 148.79)   (148.79, 149.05)    (149.05, 149.17)    (149.17, 149.43)    (149.43, 149.515)   (149.515, 149.6)    (149.6, 149.67)    
Token Types      : 0                   0                   0                   0                   0                   0                   0                   0                   0                   0                   0                   0                   0                   0                   0                  
turn_ids         : 0                   0                   0                   0                   0                   0                   0                   0                   0                   0                   0                   0                   0                   0                   0                  
turn_end_types   : 0                   0                   0                   0                   0                   0                   0                   0                   0                   0                   0                   0                   0                   0                   0                  
speaker_ids      : 0                   0                   0                   0                   0                   0                   0                   0                   0                   0                   0                   0                   0                   0                   0                  


A                : Ġfirst              Ġto                 Ġdo                 Ġit                 Ġso                 Ġi                  Ġdon                't                  Ġknow               Ġif                 Ġit                 's                  Ġdone               Ġbecause            Ġwe                
Timings          : (149.67, 150.02)    (150.02, 150.11)    (150.11, 150.32)    (150.32, 150.49)    (150.49, 150.92)    (151.08, 151.15)    (151.15, 151.225)   (151.225, 151.3)    (151.3, 151.39)     (151.39, 151.49)    (151.49, 151.565)   (151.565, 151.64)   (151.64, 151.907)   (152.024, 152.37)   (152.74, 152.845)  
Token Types      : 4                   4                   4                   4                   4                   4                   4                   4                   4                   4                   4                   4                   4                   4                   4                  
turn_ids         : 81952270974978      81952270974978      81952270974978      81952270974978      81952270974978      81952270974978      81952270974978      81952270974978      81952270974978      81952270974978      81952270974978      81952270974978      81952270974978      81952270974978      81952270974978     
turn_end_types   : 2                   2                   2                   2                   2                   2                   2                   2                   2                   2                   2                   2                   2                   2                   2                  
speaker_ids      : 1                   1                   1                   1                   1                   1                   1                   1                   1                   1                   1                   1                   1                   1                   1                  

B                : <emp>               <emp>               <emp>               <emp>               <emp>               <emp>               <emp>               <emp>               <emp>               <emp>               <emp>               <emp>               <emp>               <emp>               <emp>              
Timings          : (149.67, 150.02)    (150.02, 150.11)    (150.11, 150.32)    (150.32, 150.49)    (150.49, 150.92)    (151.08, 151.15)    (151.15, 151.225)   (151.225, 151.3)    (151.3, 151.39)     (151.39, 151.49)    (151.49, 151.565)   (151.565, 151.64)   (151.64, 151.907)   (152.024, 152.37)   (152.74, 152.845)  
Token Types      : 0                   0                   0                   0                   0                   0                   0                   0                   0                   0                   0                   0                   0                   0                   0                  
turn_ids         : 0                   0                   0                   0                   0                   0                   0                   0                   0                   0                   0                   0                   0                   0                   0                  
turn_end_types   : 0                   0                   0                   0                   0                   0                   0                   0                   0                   0                   0                   0                   0                   0                   0                  
speaker_ids      : 0                   0                   0                   0                   0                   0                   0                   0                   0                   0                   0                   0                   0                   0                   0                  


A                : 're                 Ġwe                 Ġwant               Ġto                 Ġbe                 Ġstanding           Ġout                Ġas                 Ġbeing              Ġinnovative         Ġin                 Ġthe                Ġhealth             Ġsystem             Ġor                
Timings          : (152.845, 152.95)   (153.58, 153.69)    (153.69, 153.93)    (153.93, 153.99)    (153.99, 154.25)    (154.25, 154.72)    (154.72, 154.97)    (154.97, 155.21)    (155.27, 155.674)   (155.96, 156.68)    (157.3, 157.76)     (157.76, 157.88)    (157.88, 158.094)   (158.094, 158.628)  (158.628, 158.84)  
Token Types      : 4                   4                   4                   4                   4                   4                   4                   4                   4                   4                   4                   4                   4                   4                   4                  
turn_ids         : 81952270974978      81952270974978      81952270974978      81952270974978      81952270974978      81952270974978      81952270974978      81952270974978      81952270974978      81952270974978      81952270974978      81952270974978      81952270974978      81952270974978      81952270974978     
turn_end_types   : 2                   2                   2                   2                   2                   2                   2                   2                   2                   2                   2                   2                   2                   2                   2                  
speaker_ids      : 1                   1                   1                   1                   1                   1                   1                   1                   1                   1                   1                   1                   1                   1                   1                  

B                : <emp>               <emp>               <emp>               <emp>               <emp>               <emp>               <emp>               <emp>               <emp>               <emp>               <emp>               <emp>               <emp>               <emp>               <emp>              
Timings          : (152.845, 152.95)   (153.58, 153.69)    (153.69, 153.93)    (153.93, 153.99)    (153.99, 154.25)    (154.25, 154.72)    (154.72, 154.97)    (154.97, 155.21)    (155.27, 155.674)   (155.96, 156.68)    (157.3, 157.76)     (157.76, 157.88)    (157.88, 158.094)   (158.094, 158.628)  (158.628, 158.84)  
Token Types      : 0                   0                   0                   0                   0                   0                   0                   0                   0                   0                   0                   0                   0                   0                   0                  
turn_ids         : 0                   0                   0                   0                   0                   0                   0                   0                   0                   0                   0                   0                   0                   0                   0                  
turn_end_types   : 0                   0                   0                   0                   0                   0                   0                   0                   0                   0                   0                   0                   0                   0                   0                  
speaker_ids      : 0                   0                   0                   0                   0                   0                   0                   0                   0                   0                   0                   0                   0                   0                   0                  


A                : Ġwhether            Ġit                 Ġwas                Ġdone               Ġfor                Ġuh                 Ġyou                Ġknow               Ġa                  Ġreal               Ġgood               Ġpurpose            Ġto                 Ġhelp               Ġpeople            
Timings          : (158.84, 159.13)    (159.13, 159.21)    (159.21, 159.43)    (159.43, 159.7)     (159.7, 160.093)    (160.613, 160.99)   (161.691, 161.841)  (161.841, 162.041)  (162.041, 162.341)  (162.341, 162.541)  (162.541, 162.701)  (162.701, 163.184)  (163.979, 164.101)  (164.101, 164.291)  (164.291, 164.611) 
Token Types      : 4                   4                   4                   4                   4                   4                   4                   4                   4                   4                   4                   4                   4                   4                   4                  
turn_ids         : 81952270974978      81952270974978      81952270974978      81952270974978      81952270974978      81952270974978      81952270974978      81952270974978      81952270974978      81952270974978      81952270974978      81952270974978      81952270974978      81952270974978      81952270974978     
turn_end_types   : 2                   2                   2                   2                   2                   2                   2                   2                   2                   2                   2                   2                   2                   2                   2                  
speaker_ids      : 1                   1                   1                   1                   1                   1                   1                   1                   1                   1                   1                   1                   1                   1                   1                  

B                : <emp>               <emp>               <emp>               <emp>               <emp>               <emp>               <emp>               <emp>               <emp>               <emp>               <emp>               <emp>               <emp>               <emp>               <emp>              
Timings          : (158.84, 159.13)    (159.13, 159.21)    (159.21, 159.43)    (159.43, 159.7)     (159.7, 160.093)    (160.613, 160.99)   (161.691, 161.841)  (161.841, 162.041)  (162.041, 162.341)  (162.341, 162.541)  (162.541, 162.701)  (162.701, 163.184)  (163.979, 164.101)  (164.101, 164.291)  (164.291, 164.611) 
Token Types      : 0                   0                   0                   0                   0                   0                   0                   0                   0                   0                   0                   0                   0                   0                   0                  
turn_ids         : 0                   0                   0                   0                   0                   0                   0                   0                   0                   0                   0                   0                   0                   0                   0                  
turn_end_types   : 0                   0                   0                   0                   0                   0                   0                   0                   0                   0                   0                   0                   0                   0                   0                  
speaker_ids      : 0                   0                   0                   0                   0                   0                   0                   0                   0                   0                   0                   0                   0                   0                   0                  


A                : Ġthat               Ġcan                't                  Ġafford             Ġuh                 Ġhealth             Ġinsurance          Ġthat               <emp>               Ġkind               Ġof                 Ġthing              <yield>             <emp>               <emp>              
Timings          : (164.611, 164.801)  (164.801, 164.941)  (164.941, 165.081)  (165.081, 165.621)  (165.621, 165.831)  (166.311, 166.671)  (167.441, 168.001)  (168.001, 168.171)  (168.13, 168.4)     (168.431, 168.551)  (168.551, 168.611)  (168.611, 168.701)  (-1.0, -1.0)        (169.518, 169.762)  (170.183, 170.366) 
Token Types      : 4                   4                   4                   4                   4                   4                   4                   4                   4                   4                   4                   4                   4                   0                   0                  
turn_ids         : 81952270974978      81952270974978      81952270974978      81952270974978      81952270974978      81952270974978      81952270974978      81952270974978      81952270974978      81952270974978      81952270974978      81952270974978      81952270974978      0                   0                  
turn_end_types   : 2                   2                   2                   2                   2                   2                   2                   2                   2                   2                   2                   2                   2                   0                   0                  
speaker_ids      : 1                   1                   1                   1                   1                   1                   1                   1                   1                   1                   1                   1                   1                   0                   0                  

B                : <emp>               <emp>               <emp>               <emp>               <emp>               <emp>               <emp>               <emp>               Ġright              <eint>              <emp>               <emp>               Ġwell               Ġi                  Ġi                 
Timings          : (164.611, 164.801)  (164.801, 164.941)  (164.941, 165.081)  (165.081, 165.621)  (165.621, 165.831)  (166.311, 166.671)  (167.441, 168.001)  (168.001, 168.171)  (168.13, 168.4)     (-1.0, -1.0)        (168.551, 168.611)  (168.611, 168.701)  (169.274, 169.518)  (169.518, 169.762)  (170.183, 170.366) 
Token Types      : 0                   0                   0                   0                   0                   0                   0                   0                   5                   5                   0                   0                   1                   1                   1                  
turn_ids         : 0                   0                   0                   0                   0                   0                   0                   0                   81953881587715      81953881587715      0                   0                   81949586620419      81949586620419      81949586620419     
turn_end_types   : 0                   0                   0                   0                   0                   0                   0                   0                   0                   0                   0                   0                   1                   1                   1                  
speaker_ids      : 0                   0                   0                   0                   0                   0                   0                   0                   2                   2                   0                   0                   2                   2                   2                  


A                : <emp>               <emp>               <emp>               <emp>               <emp>               <emp>               <emp>               <emp>               <emp>               <emp>               <emp>               <emp>               <emp>               <emp>               <emp>              
Timings          : (170.366, 170.634)  (170.634, 170.854)  (170.854, 171.034)  (171.034, 171.194)  (171.194, 171.504)  (171.504, 171.854)  (171.854, 172.374)  (172.374, 172.624)  (172.624, 172.804)  (172.804, 172.904)  (172.904, 173.084)  (173.084, 173.184)  (173.184, 173.501)  (173.501, 174.096)  (174.096, 174.464) 
Token Types      : 0                   0                   0                   0                   0                   0                   0                   0                   0                   0                   0                   0                   0                   0                   0                  
turn_ids         : 0                   0                   0                   0                   0                   0                   0                   0                   0                   0                   0                   0                   0                   0                   0                  
turn_end_types   : 0                   0                   0                   0                   0                   0                   0                   0                   0                   0                   0                   0                   0                   0                   0                  
speaker_ids      : 0                   0                   0                   0                   0                   0                   0                   0                   0                   0                   0                   0                   0                   0                   0                  

B                : Ġthink              Ġthe                Ġone                Ġof                 Ġthe                Ġbiggest            Ġproblems           Ġthat               Ġuh                 Ġwe                 Ġsee                Ġin                 Ġgovernment         Ġtoday              Ġis                
Timings          : (170.366, 170.634)  (170.634, 170.854)  (170.854, 171.034)  (171.034, 171.194)  (171.194, 171.504)  (171.504, 171.854)  (171.854, 172.374)  (172.374, 172.624)  (172.624, 172.804)  (172.804, 172.904)  (172.904, 173.084)  (173.084, 173.184)  (173.184, 173.501)  (173.501, 174.096)  (174.096, 174.464) 
Token Types      : 1                   1                   1                   1                   1                   1                   1                   1                   1                   1                   1                   1                   1                   1                   1                  
turn_ids         : 81949586620419      81949586620419      81949586620419      81949586620419      81949586620419      81949586620419      81949586620419      81949586620419      81949586620419      81949586620419      81949586620419      81949586620419      81949586620419      81949586620419      81949586620419     
turn_end_types   : 1                   1                   1                   1                   1                   1                   1                   1                   1                   1                   1                   1                   1                   1                   1                  
speaker_ids      : 2                   2                   2                   2                   2                   2                   2                   2                   2                   2                   2                   2                   2                   2                   2                  


A                : <emp>               <emp>               <emp>               <emp>               <emp>               <emp>               <emp>               <emp>               Ġu                  hh                  uh                  Ġoh                 <emp>               Ġsure               <yield>            
Timings          : (174.464, 174.544)  (174.544, 175.084)  (175.084, 175.154)  (175.154, 175.754)  (175.754, 175.814)  (175.814, 175.904)  (175.904, 176.034)  (176.034, 176.621)  (176.86, 176.989)   (176.989, 177.118)  (177.118, 177.248)  (177.248, 177.626)  (177.495, 177.735)  (177.626, 177.89)   (-1.0, -1.0)       
Token Types      : 0                   0                   0                   0                   0                   0                   0                   0                   1                   1                   1                   1                   1                   1                   1                  
turn_ids         : 0                   0                   0                   0                   0                   0                   0                   0                   81949049749508      81949049749508      81949049749508      81949049749508      81949049749508      81949049749508      81949049749508     
turn_end_types   : 0                   0                   0                   0                   0                   0                   0                   0                   2                   2                   2                   2                   2                   2                   2                  
speaker_ids      : 0                   0                   0                   0                   0                   0                   0                   0                   1                   1                   1                   1                   1                   1                   1                  

B                : Ġa                  Ġreflection         Ġof                 Ġsociety            Ġin                 Ġand                Ġof                 Ġitself             <eot>               <emp>               <emp>               Ġand                Ġthat               Ġis                 Ġuh                
Timings          : (174.464, 174.544)  (174.544, 175.084)  (175.084, 175.154)  (175.154, 175.754)  (175.754, 175.814)  (175.814, 175.904)  (175.904, 176.034)  (176.034, 176.621)  (-1.0, -1.0)        (176.989, 177.118)  (177.118, 177.248)  (177.295, 177.495)  (177.495, 177.735)  (177.735, 178.175)  (178.175, 178.532) 
Token Types      : 1                   1                   1                   1                   1                   1                   1                   1                   1                   0                   0                   4                   4                   4                   4                  
turn_ids         : 81949586620419      81949586620419      81949586620419      81949586620419      81949586620419      81949586620419      81949586620419      81949586620419      81949586620419      0                   0                   81952807845893      81952807845893      81952807845893      81952807845893     
turn_end_types   : 1                   1                   1                   1                   1                   1                   1                   1                   1                   0                   0                   1                   1                   1                   1                  
speaker_ids      : 2                   2                   2                   2                   2                   2                   2                   2                   2                   0                   0                   2                   2                   2                   2                  


A                : <emp>               <emp>               <emp>               <emp>               <emp>               <emp>               <emp>               <emp>               <emp>               Ġoh                 Ġsure               <eot>               <emp>               <emp>               <emp>              
Timings          : (178.72, 179.167)   (179.167, 179.405)  (179.405, 179.785)  (179.785, 180.045)  (180.045, 180.315)  (180.415, 180.945)  (180.945, 181.115)  (181.115, 181.435)  (181.435, 182.058)  (182.295, 182.485)  (182.715, 183.003)  (-1.0, -1.0)        (183.771, 184.001)  (184.001, 184.271)  (184.271, 184.781) 
Token Types      : 0                   0                   0                   0                   0                   0                   0                   0                   0                   1                   1                   1                   0                   0                   0                  
turn_ids         : 0                   0                   0                   0                   0                   0                   0                   0                   0                   81949049749510      81949049749510      81949049749510      0                   0                   0                  
turn_end_types   : 0                   0                   0                   0                   0                   0                   0                   0                   0                   1                   1                   1                   0                   0                   0                  
speaker_ids      : 0                   0                   0                   0                   0                   0                   0                   0                   0                   1                   1                   1                   0                   0                   0                  

B                : Ġuh                 Ġwe                 Ġbecome             Ġso                 Ġdebt               Ġridden             Ġand                Ġcredit             Ġoriented           <eot>               Ġuh                 Ġinstead            Ġof                 Ġuh                 Ġcash              
Timings          : (178.72, 179.167)   (179.167, 179.405)  (179.405, 179.785)  (179.785, 180.045)  (180.045, 180.315)  (180.415, 180.945)  (180.945, 181.115)  (181.115, 181.435)  (181.435, 182.058)  (-1.0, -1.0)        (182.825, 183.275)  (183.275, 183.771)  (183.771, 184.001)  (184.001, 184.271)  (184.271, 184.781) 
Token Types      : 4                   4                   4                   4                   4                   4                   4                   4                   4                   4                   1                   1                   1                   1                   1                  
turn_ids         : 81952807845893      81952807845893      81952807845893      81952807845893      81952807845893      81952807845893      81952807845893      81952807845893      81952807845893      81952807845893      81949586620423      81949586620423      81949586620423      81949586620423      81949586620423     
turn_end_types   : 1                   1                   1                   1                   1                   1                   1                   1                   1                   1                   1                   1                   1                   1                   1                  
speaker_ids      : 2                   2                   2                   2                   2                   2                   2                   2                   2                   2                   2                   2                   2                   2                   2                  


A                : <emp>               <emp>               <emp>               <emp>               <emp>               uh                  h                   uh                  <ebc>               <emp>               <emp>               <emp>               <emp>               <emp>               <emp>              
Timings          : (184.781, 184.911)  (184.911, 185.491)  (185.491, 185.771)  (185.771, 186.071)  (186.071, 186.661)  (186.694, 186.8)    (186.8, 186.906)    (186.906, 187.012)  (-1.0, -1.0)        (187.531, 188.151)  (188.151, 188.571)  (188.571, 188.861)  (188.861, 189.101)  (189.101, 189.181)  (189.181, 189.401) 
Token Types      : 0                   0                   0                   0                   0                   3                   3                   3                   3                   0                   0                   0                   0                   0                   0                  
turn_ids         : 0                   0                   0                   0                   0                   81951197233156      81951197233156      81951197233156      81951197233156      0                   0                   0                   0                   0                   0                  
turn_end_types   : 0                   0                   0                   0                   0                   0                   0                   0                   0                   0                   0                   0                   0                   0                   0                  
speaker_ids      : 0                   0                   0                   0                   0                   1                   1                   1                   1                   0                   0                   0                   0                   0                   0                  

B                : Ġand                Ġcarry              Ġor                 Ġdebt               Ġfree               <emp>               <emp>               <emp>               Ġand                Ġtherefore          Ġuh                 Ġthat               Ġputs               Ġa                  Ġlot               
Timings          : (184.781, 184.911)  (184.911, 185.491)  (185.491, 185.771)  (185.771, 186.071)  (186.071, 186.661)  (186.694, 186.8)    (186.8, 186.906)    (186.906, 187.012)  (187.361, 187.531)  (187.531, 188.151)  (188.151, 188.571)  (188.571, 188.861)  (188.861, 189.101)  (189.101, 189.181)  (189.181, 189.401) 
Token Types      : 1                   1                   1                   1                   1                   1                   1                   1                   1                   1                   1                   1                   1                   1                   1                  
turn_ids         : 81949586620423      81949586620423      81949586620423      81949586620423      81949586620423      81949586620423      81949586620423      81949586620423      81949586620423      81949586620423      81949586620423      81949586620423      81949586620423      81949586620423      81949586620423     
turn_end_types   : 1                   1                   1                   1                   1                   1                   1                   1                   1                   1                   1                   1                   1                   1                   1                  
speaker_ids      : 2                   2                   2                   2                   2                   2                   2                   2                   2                   2                   2                   2                   2                   2                   2                  


A                : <emp>               <emp>               <emp>               <emp>               <emp>               <emp>               <emp>               <emp>               <emp>               Ġit                 Ġit                 Ġsure               Ġdoes               Ġand                Ġi                 
Timings          : (189.401, 189.501)  (189.501, 189.851)  (189.851, 190.471)  (190.471, 190.601)  (190.601, 191.491)  (191.491, 191.911)  (191.911, 192.151)  (192.151, 192.421)  (192.421, 193.041)  (193.599, 193.739)  (193.909, 194.059)  (194.059, 194.269)  (194.269, 194.529)  (194.529, 194.669)  (194.669, 194.828) 
Token Types      : 0                   0                   0                   0                   0                   0                   0                   0                   0                   1                   1                   1                   1                   1                   1                  
turn_ids         : 0                   0                   0                   0                   0                   0                   0                   0                   0                   81949049749512      81949049749512      81949049749512      81949049749512      81949049749512      81949049749512     
turn_end_types   : 0                   0                   0                   0                   0                   0                   0                   0                   0                   1                   1                   1                   1                   1                   1                  
speaker_ids      : 0                   0                   0                   0                   0                   0                   0                   0                   0                   1                   1                   1                   1                   1                   1                  

B                : Ġof                 Ġundue              Ġpressure           Ġon                 Ġmunicipalities     Ġstate              Ġand                Ġfederal            Ġgovernments        <eot>               <emp>               <emp>               <emp>               <emp>               <emp>              
Timings          : (189.401, 189.501)  (189.501, 189.851)  (189.851, 190.471)  (190.471, 190.601)  (190.601, 191.491)  (191.491, 191.911)  (191.911, 192.151)  (192.151, 192.421)  (192.421, 193.041)  (-1.0, -1.0)        (193.909, 194.059)  (194.059, 194.269)  (194.269, 194.529)  (194.529, 194.669)  (194.669, 194.828) 
Token Types      : 1                   1                   1                   1                   1                   1                   1                   1                   1                   1                   0                   0                   0                   0                   0                  
turn_ids         : 81949586620423      81949586620423      81949586620423      81949586620423      81949586620423      81949586620423      81949586620423      81949586620423      81949586620423      81949586620423      0                   0                   0                   0                   0                  
turn_end_types   : 1                   1                   1                   1                   1                   1                   1                   1                   1                   1                   0                   0                   0                   0                   0                  
speaker_ids      : 2                   2                   2                   2                   2                   2                   2                   2                   2                   2                   0                   0                   0                   0                   0                  


A                : Ġthink              Ġit                 Ġit                 Ġis                 Ġreflecting         Ġlike               Ġyou                Ġsaid               Ġi                  Ġthink              Ġsociety            Ġas                 Ġa                  Ġwhole              Ġuh                
Timings          : (194.828, 195.096)  (195.096, 195.219)  (195.219, 195.539)  (195.539, 195.759)  (195.759, 196.339)  (196.339, 196.529)  (196.529, 196.609)  (196.609, 196.909)  (196.909, 196.989)  (196.989, 197.299)  (197.299, 197.989)  (197.989, 198.179)  (198.179, 198.259)  (198.259, 198.775)  (199.32, 199.6)    
Token Types      : 1                   1                   1                   1                   1                   1                   1                   1                   1                   1                   1                   1                   1                   1                   1                  
turn_ids         : 81949049749512      81949049749512      81949049749512      81949049749512      81949049749512      81949049749512      81949049749512      81949049749512      81949049749512      81949049749512      81949049749512      81949049749512      81949049749512      81949049749512      81949049749512     
turn_end_types   : 1                   1                   1                   1                   1                   1                   1                   1                   1                   1                   1                   1                   1                   1                   1                  
speaker_ids      : 1                   1                   1                   1                   1                   1                   1                   1                   1                   1                   1                   1                   1                   1                   1                  

B                : <emp>               <emp>               <emp>               <emp>               <emp>               <emp>               <emp>               <emp>               <emp>               <emp>               <emp>               <emp>               <emp>               <emp>               <emp>              
Timings          : (194.828, 195.096)  (195.096, 195.219)  (195.219, 195.539)  (195.539, 195.759)  (195.759, 196.339)  (196.339, 196.529)  (196.529, 196.609)  (196.609, 196.909)  (196.909, 196.989)  (196.989, 197.299)  (197.299, 197.989)  (197.989, 198.179)  (198.179, 198.259)  (198.259, 198.775)  (199.32, 199.6)    
Token Types      : 0                   0                   0                   0                   0                   0                   0                   0                   0                   0                   0                   0                   0                   0                   0                  
turn_ids         : 0                   0                   0                   0                   0                   0                   0                   0                   0                   0                   0                   0                   0                   0                   0                  
turn_end_types   : 0                   0                   0                   0                   0                   0                   0                   0                   0                   0                   0                   0                   0                   0                   0                  
speaker_ids      : 0                   0                   0                   0                   0                   0                   0                   0                   0                   0                   0                   0                   0                   0                   0                  


A                : Ġyou                Ġcan                't                  Ġexpect             Ġuh                 Ġwhen               Ġwe                 Ġhave               Ġt                  vs                  Ġand                Ġwe                 Ġhave               Ġthings             Ġthat              
Timings          : (199.6, 199.76)     (199.76, 199.885)   (199.885, 200.01)   (200.01, 200.538)   (201.28, 201.829)   (201.829, 202.169)  (202.169, 202.249)  (202.249, 202.38)   (202.38, 202.669)   (202.669, 202.96)   (202.96, 203.049)   (203.049, 203.12)   (203.12, 203.38)    (203.38, 203.68)    (203.68, 203.809)  
Token Types      : 1                   1                   1                   1                   1                   1                   1                   1                   1                   1                   1                   1                   1                   1                   1                  
turn_ids         : 81949049749512      81949049749512      81949049749512      81949049749512      81949049749512      81949049749512      81949049749512      81949049749512      81949049749512      81949049749512      81949049749512      81949049749512      81949049749512      81949049749512      81949049749512     
turn_end_types   : 1                   1                   1                   1                   1                   1                   1                   1                   1                   1                   1                   1                   1                   1                   1                  
speaker_ids      : 1                   1                   1                   1                   1                   1                   1                   1                   1                   1                   1                   1                   1                   1                   1                  

B                : <emp>               <emp>               <emp>               <emp>               <emp>               <emp>               <emp>               <emp>               <emp>               <emp>               <emp>               <emp>               <emp>               <emp>               <emp>              
Timings          : (199.6, 199.76)     (199.76, 199.885)   (199.885, 200.01)   (200.01, 200.538)   (201.28, 201.829)   (201.829, 202.169)  (202.169, 202.249)  (202.249, 202.38)   (202.38, 202.669)   (202.669, 202.96)   (202.96, 203.049)   (203.049, 203.12)   (203.12, 203.38)    (203.38, 203.68)    (203.68, 203.809)  
Token Types      : 0                   0                   0                   0                   0                   0                   0                   0                   0                   0                   0                   0                   0                   0                   0                  
turn_ids         : 0                   0                   0                   0                   0                   0                   0                   0                   0                   0                   0                   0                   0                   0                   0                  
turn_end_types   : 0                   0                   0                   0                   0                   0                   0                   0                   0                   0                   0                   0                   0                   0                   0                  
speaker_ids      : 0                   0                   0                   0                   0                   0                   0                   0                   0                   0                   0                   0                   0                   0                   0                  


A                : Ġare                Ġkind               Ġof                 Ġbomb               arded               Ġat                 Ġus                 Ġfor                Ġuh                 Ġyou                Ġknow               Ġimm                or                  ality               Ġand               
Timings          : (203.809, 203.9)    (203.9, 204.139)    (204.139, 204.27)   (204.27, 204.535)   (204.535, 204.799)  (204.799, 204.999)  (204.999, 205.166)  (205.313, 205.66)   (205.66, 206.02)    (206.169, 206.279)  (206.279, 206.449)  (206.449, 206.76)   (206.76, 207.07)    (207.07, 207.38)    (207.38, 207.57)   
Token Types      : 1                   1                   1                   1                   1                   1                   1                   1                   1                   1                   1                   1                   1                   1                   1                  
turn_ids         : 81949049749512      81949049749512      81949049749512      81949049749512      81949049749512      81949049749512      81949049749512      81949049749512      81949049749512      81949049749512      81949049749512      81949049749512      81949049749512      81949049749512      81949049749512     
turn_end_types   : 1                   1                   1                   1                   1                   1                   1                   1                   1                   1                   1                   1                   1                   1                   1                  
speaker_ids      : 1                   1                   1                   1                   1                   1                   1                   1                   1                   1                   1                   1                   1                   1                   1                  

B                : <emp>               <emp>               <emp>               <emp>               <emp>               <emp>               <emp>               <emp>               <emp>               <emp>               <emp>               <emp>               <emp>               <emp>               <emp>              
Timings          : (203.809, 203.9)    (203.9, 204.139)    (204.139, 204.27)   (204.27, 204.535)   (204.535, 204.799)  (204.799, 204.999)  (204.999, 205.166)  (205.313, 205.66)   (205.66, 206.02)    (206.169, 206.279)  (206.279, 206.449)  (206.449, 206.76)   (206.76, 207.07)    (207.07, 207.38)    (207.38, 207.57)   
Token Types      : 0                   0                   0                   0                   0                   0                   0                   0                   0                   0                   0                   0                   0                   0                   0                  
turn_ids         : 0                   0                   0                   0                   0                   0                   0                   0                   0                   0                   0                   0                   0                   0                   0                  
turn_end_types   : 0                   0                   0                   0                   0                   0                   0                   0                   0                   0                   0                   0                   0                   0                   0                  
speaker_ids      : 0                   0                   0                   0                   0                   0                   0                   0                   0                   0                   0                   0                   0                   0                   0                  


A                : Ġthis               Ġand                Ġthis               Ġand                Ġthis               Ġthat               Ġwe                 Ġcan                Ġexpect             Ġsomebody           Ġto                 Ġcome               Ġoff                Ġthat               's                 
Timings          : (207.57, 207.919)   (207.919, 208.079)  (208.079, 208.43)   (208.43, 208.6)     (208.6, 209.029)    (209.029, 209.27)   (209.37, 209.439)   (209.439, 209.609)  (209.609, 210.049)  (210.049, 210.359)  (210.359, 210.43)   (210.43, 210.68)    (210.68, 210.99)    (210.99, 211.079)   (211.079, 211.169) 
Token Types      : 1                   1                   1                   1                   1                   1                   1                   1                   1                   1                   1                   1                   1                   1                   1                  
turn_ids         : 81949049749512      81949049749512      81949049749512      81949049749512      81949049749512      81949049749512      81949049749512      81949049749512      81949049749512      81949049749512      81949049749512      81949049749512      81949049749512      81949049749512      81949049749512     
turn_end_types   : 1                   1                   1                   1                   1                   1                   1                   1                   1                   1                   1                   1                   1                   1                   1                  
speaker_ids      : 1                   1                   1                   1                   1                   1                   1                   1                   1                   1                   1                   1                   1                   1                   1                  

B                : <emp>               <emp>               <emp>               <emp>               <emp>               <emp>               <emp>               <emp>               <emp>               <emp>               <emp>               <emp>               <emp>               <emp>               <emp>              
Timings          : (207.57, 207.919)   (207.919, 208.079)  (208.079, 208.43)   (208.43, 208.6)     (208.6, 209.029)    (209.029, 209.27)   (209.37, 209.439)   (209.439, 209.609)  (209.609, 210.049)  (210.049, 210.359)  (210.359, 210.43)   (210.43, 210.68)    (210.68, 210.99)    (210.99, 211.079)   (211.079, 211.169) 
Token Types      : 0                   0                   0                   0                   0                   0                   0                   0                   0                   0                   0                   0                   0                   0                   0                  
turn_ids         : 0                   0                   0                   0                   0                   0                   0                   0                   0                   0                   0                   0                   0                   0                   0                  
turn_end_types   : 0                   0                   0                   0                   0                   0                   0                   0                   0                   0                   0                   0                   0                   0                   0                  
speaker_ids      : 0                   0                   0                   0                   0                   0                   0                   0                   0                   0                   0                   0                   0                   0                   0                  


A                : Ġgoing              Ġto                 Ġbe                 Ġclean              Ġtotally            Ġclean              <emp>               Ġand                Ġcome               Ġinto               Ġgovernment         Ġuh                 Ġbut                Ġdown               Ġthe               
Timings          : (211.169, 211.29)   (211.29, 211.359)   (211.359, 211.49)   (211.49, 212.089)   (212.314, 212.755)  (212.755, 213.404)  (213.804, 214.032)  (214.005, 214.135)  (214.135, 214.314)  (214.314, 214.495)  (214.495, 215.079)  (215.587, 215.924)  (217.159, 217.479)  (217.479, 217.659)  (217.659, 217.749) 
Token Types      : 1                   1                   1                   1                   1                   1                   1                   1                   1                   1                   1                   1                   1                   1                   1                  
turn_ids         : 81949049749512      81949049749512      81949049749512      81949049749512      81949049749512      81949049749512      81949049749512      81949049749512      81949049749512      81949049749512      81949049749512      81949049749512      81949049749512      81949049749512      81949049749512     
turn_end_types   : 1                   1                   1                   1                   1                   1                   1                   1                   1                   1                   1                   1                   1                   1                   1                  
speaker_ids      : 1                   1                   1                   1                   1                   1                   1                   1                   1                   1                   1                   1                   1                   1                   1                  

B                : <emp>               <emp>               <emp>               <emp>               <emp>               <emp>               Ġright              <ebc>               <emp>               <emp>               <emp>               <emp>               <emp>               <emp>               <emp>              
Timings          : (211.169, 211.29)   (211.29, 211.359)   (211.359, 211.49)   (211.49, 212.089)   (212.314, 212.755)  (212.755, 213.404)  (213.804, 214.032)  (-1.0, -1.0)        (214.135, 214.314)  (214.314, 214.495)  (214.495, 215.079)  (215.587, 215.924)  (217.159, 217.479)  (217.479, 217.659)  (217.659, 217.749) 
Token Types      : 0                   0                   0                   0                   0                   0                   3                   3                   0                   0                   0                   0                   0                   0                   0                  
turn_ids         : 0                   0                   0                   0                   0                   0                   81951734104069      81951734104069      0                   0                   0                   0                   0                   0                   0                  
turn_end_types   : 0                   0                   0                   0                   0                   0                   0                   0                   0                   0                   0                   0                   0                   0                   0                  
speaker_ids      : 0                   0                   0                   0                   0                   0                   2                   2                   0                   0                   0                   0                   0                   0                   0                  


A                : Ġline               Ġit                 Ġdoes               Ġhurt               Ġi                  Ġmean               Ġwhen               Ġsomebody           's                  Ġcorrupt            Ġand                Ġsomebody           's                  Ġdoing              Ġsomething         
Timings          : (217.749, 217.979)  (217.979, 218.119)  (218.119, 218.419)  (218.419, 218.879)  (219.049, 219.129)  (219.129, 219.349)  (219.349, 219.539)  (219.539, 219.714)  (219.714, 219.889)  (219.889, 220.359)  (220.359, 220.519)  (220.519, 220.699)  (220.699, 220.879)  (220.879, 221.129)  (221.129, 221.699) 
Token Types      : 1                   1                   1                   1                   1                   1                   1                   1                   1                   1                   1                   1                   1                   1                   1                  
turn_ids         : 81949049749512      81949049749512      81949049749512      81949049749512      81949049749512      81949049749512      81949049749512      81949049749512      81949049749512      81949049749512      81949049749512      81949049749512      81949049749512      81949049749512      81949049749512     
turn_end_types   : 1                   1                   1                   1                   1                   1                   1                   1                   1                   1                   1                   1                   1                   1                   1                  
speaker_ids      : 1                   1                   1                   1                   1                   1                   1                   1                   1                   1                   1                   1                   1                   1                   1                  

B                : <emp>               <emp>               <emp>               <emp>               <emp>               <emp>               <emp>               <emp>               <emp>               <emp>               <emp>               <emp>               <emp>               <emp>               <emp>              
Timings          : (217.749, 217.979)  (217.979, 218.119)  (218.119, 218.419)  (218.419, 218.879)  (219.049, 219.129)  (219.129, 219.349)  (219.349, 219.539)  (219.539, 219.714)  (219.714, 219.889)  (219.889, 220.359)  (220.359, 220.519)  (220.519, 220.699)  (220.699, 220.879)  (220.879, 221.129)  (221.129, 221.699) 
Token Types      : 0                   0                   0                   0                   0                   0                   0                   0                   0                   0                   0                   0                   0                   0                   0                  
turn_ids         : 0                   0                   0                   0                   0                   0                   0                   0                   0                   0                   0                   0                   0                   0                   0                  
turn_end_types   : 0                   0                   0                   0                   0                   0                   0                   0                   0                   0                   0                   0                   0                   0                   0                  
speaker_ids      : 0                   0                   0                   0                   0                   0                   0                   0                   0                   0                   0                   0                   0                   0                   0                  


A                : Ġit                 's                  Ġuh                 Ġyou                Ġknow               Ġit                 Ġdoes               Ġhurt               Ġthe                Ġeach               Ġindividual         Ġof                 Ġthe                Ġsociety            Ġwhen              
Timings          : (221.699, 221.899)  (221.899, 222.099)  (222.099, 222.399)  (222.659, 222.769)  (222.769, 222.979)  (222.979, 223.149)  (223.149, 223.379)  (223.669, 223.959)  (224.323, 224.428)  (224.619, 224.762)  (224.762, 225.677)  (225.787, 225.967)  (226.207, 226.317)  (226.317, 227.047)  (227.047, 227.207) 
Token Types      : 1                   1                   1                   1                   1                   1                   1                   1                   1                   1                   1                   1                   1                   1                   1                  
turn_ids         : 81949049749512      81949049749512      81949049749512      81949049749512      81949049749512      81949049749512      81949049749512      81949049749512      81949049749512      81949049749512      81949049749512      81949049749512      81949049749512      81949049749512      81949049749512     
turn_end_types   : 1                   1                   1                   1                   1                   1                   1                   1                   1                   1                   1                   1                   1                   1                   1                  
speaker_ids      : 1                   1                   1                   1                   1                   1                   1                   1                   1                   1                   1                   1                   1                   1                   1                  

B                : <emp>               <emp>               <emp>               <emp>               <emp>               <emp>               <emp>               <emp>               <emp>               <emp>               <emp>               <emp>               <emp>               <emp>               <emp>              
Timings          : (221.699, 221.899)  (221.899, 222.099)  (222.099, 222.399)  (222.659, 222.769)  (222.769, 222.979)  (222.979, 223.149)  (223.149, 223.379)  (223.669, 223.959)  (224.323, 224.428)  (224.619, 224.762)  (224.762, 225.677)  (225.787, 225.967)  (226.207, 226.317)  (226.317, 227.047)  (227.047, 227.207) 
Token Types      : 0                   0                   0                   0                   0                   0                   0                   0                   0                   0                   0                   0                   0                   0                   0                  
turn_ids         : 0                   0                   0                   0                   0                   0                   0                   0                   0                   0                   0                   0                   0                   0                   0                  
turn_end_types   : 0                   0                   0                   0                   0                   0                   0                   0                   0                   0                   0                   0                   0                   0                   0                  
speaker_ids      : 0                   0                   0                   0                   0                   0                   0                   0                   0                   0                   0                   0                   0                   0                   0                  


A                : Ġyou                Ġfind               Ġout                Ġthat               Ġsomebody           's                  Ġdone               Ġsomething          Ġor                 Ġthe                Ġoverd              raft                Ġpolicy             Ġor                 Ġyou               
Timings          : (227.207, 227.297)  (227.297, 227.657)  (227.657, 227.827)  (227.827, 227.967)  (227.967, 228.277)  (228.277, 228.587)  (228.587, 228.847)  (228.847, 229.397)  (229.397, 229.527)  (229.527, 229.687)  (229.687, 230.032)  (230.032, 230.377)  (230.377, 231.047)  (231.047, 231.457)  (231.457, 231.567) 
Token Types      : 1                   1                   1                   1                   1                   1                   1                   1                   1                   1                   1                   1                   1                   1                   1                  
turn_ids         : 81949049749512      81949049749512      81949049749512      81949049749512      81949049749512      81949049749512      81949049749512      81949049749512      81949049749512      81949049749512      81949049749512      81949049749512      81949049749512      81949049749512      81949049749512     
turn_end_types   : 1                   1                   1                   1                   1                   1                   1                   1                   1                   1                   1                   1                   1                   1                   1                  
speaker_ids      : 1                   1                   1                   1                   1                   1                   1                   1                   1                   1                   1                   1                   1                   1                   1                  

B                : <emp>               <emp>               <emp>               <emp>               <emp>               <emp>               <emp>               <emp>               <emp>               <emp>               <emp>               <emp>               <emp>               <emp>               <emp>              
Timings          : (227.207, 227.297)  (227.297, 227.657)  (227.657, 227.827)  (227.827, 227.967)  (227.967, 228.277)  (228.277, 228.587)  (228.587, 228.847)  (228.847, 229.397)  (229.397, 229.527)  (229.527, 229.687)  (229.687, 230.032)  (230.032, 230.377)  (230.377, 231.047)  (231.047, 231.457)  (231.457, 231.567) 
Token Types      : 0                   0                   0                   0                   0                   0                   0                   0                   0                   0                   0                   0                   0                   0                   0                  
turn_ids         : 0                   0                   0                   0                   0                   0                   0                   0                   0                   0                   0                   0                   0                   0                   0                  
turn_end_types   : 0                   0                   0                   0                   0                   0                   0                   0                   0                   0                   0                   0                   0                   0                   0                  
speaker_ids      : 0                   0                   0                   0                   0                   0                   0                   0                   0                   0                   0                   0                   0                   0                   0                  


A                : Ġknow               Ġthe                Ġother              Ġthings             Ġthat               Ġhave               Ġoccurred           Ġso                 Ġuh                 <eot>               <emp>               <emp>               <emp>               <emp>               <emp>              
Timings          : (231.567, 231.747)  (231.747, 231.887)  (231.887, 232.067)  (232.067, 232.427)  (232.427, 232.567)  (232.567, 232.697)  (232.997, 233.447)  (233.447, 233.791)  (234.553, 234.906)  (-1.0, -1.0)        (235.454, 235.583)  (235.583, 235.722)  (235.722, 236.204)  (236.204, 236.484)  (236.484, 236.794) 
Token Types      : 1                   1                   1                   1                   1                   1                   1                   1                   1                   1                   0                   0                   0                   0                   0                  
turn_ids         : 81949049749512      81949049749512      81949049749512      81949049749512      81949049749512      81949049749512      81949049749512      81949049749512      81949049749512      81949049749512      0                   0                   0                   0                   0                  
turn_end_types   : 1                   1                   1                   1                   1                   1                   1                   1                   1                   1                   0                   0                   0                   0                   0                  
speaker_ids      : 1                   1                   1                   1                   1                   1                   1                   1                   1                   1                   0                   0                   0                   0                   0                  

B                : <emp>               <emp>               <emp>               <emp>               <emp>               <emp>               <emp>               <emp>               <emp>               Ġwell               Ġwhat               Ġis                 Ġsee                Ġthe                Ġthing             
Timings          : (231.567, 231.747)  (231.747, 231.887)  (231.887, 232.067)  (232.067, 232.427)  (232.427, 232.567)  (232.567, 232.697)  (232.997, 233.447)  (233.447, 233.791)  (234.553, 234.906)  (235.303, 235.454)  (235.454, 235.583)  (235.583, 235.722)  (235.722, 236.204)  (236.204, 236.484)  (236.484, 236.794) 
Token Types      : 0                   0                   0                   0                   0                   0                   0                   0                   0                   1                   1                   1                   1                   1                   1                  
turn_ids         : 0                   0                   0                   0                   0                   0                   0                   0                   0                   81949586620425      81949586620425      81949586620425      81949586620425      81949586620425      81949586620425     
turn_end_types   : 0                   0                   0                   0                   0                   0                   0                   0                   0                   1                   1                   1                   1                   1                   1                  
speaker_ids      : 0                   0                   0                   0                   0                   0                   0                   0                   0                   2                   2                   2                   2                   2                   2                  


A                : <emp>               <emp>               <emp>               <emp>               <emp>               <emp>               <emp>               <emp>               <emp>               <emp>               Ġu                  hh                  uh                  <ebc>               <emp>              
Timings          : (236.794, 236.984)  (236.984, 237.083)  (237.083, 237.383)  (237.383, 237.434)  (237.434, 237.564)  (237.564, 237.633)  (237.633, 237.913)  (237.913, 238.264)  (238.264, 238.863)  (238.863, 239.631)  (239.744, 239.854)  (239.854, 239.964)  (239.964, 240.074)  (-1.0, -1.0)        (240.143, 240.454) 
Token Types      : 0                   0                   0                   0                   0                   0                   0                   0                   0                   0                   3                   3                   3                   3                   0                  
turn_ids         : 0                   0                   0                   0                   0                   0                   0                   0                   0                   0                   81951197233158      81951197233158      81951197233158      81951197233158      0                  
turn_end_types   : 0                   0                   0                   0                   0                   0                   0                   0                   0                   0                   0                   0                   0                   0                   0                  
speaker_ids      : 0                   0                   0                   0                   0                   0                   0                   0                   0                   0                   1                   1                   1                   1                   0                  

B                : Ġis                 Ġis                 Ġwhen               Ġa                  Ġlot                Ġof                 Ġthings             Ġbecome             Ġacceptable         Ġpractice           Ġuh                 <emp>               Ġit                 's                  Ġhard              
Timings          : (236.794, 236.984)  (236.984, 237.083)  (237.083, 237.383)  (237.383, 237.434)  (237.434, 237.564)  (237.564, 237.633)  (237.633, 237.913)  (237.913, 238.264)  (238.264, 238.863)  (238.863, 239.631)  (239.631, 239.962)  (239.854, 239.964)  (239.962, 240.053)  (240.053, 240.143)  (240.143, 240.454) 
Token Types      : 1                   1                   1                   1                   1                   1                   1                   1                   1                   1                   1                   1                   1                   1                   1                  
turn_ids         : 81949586620425      81949586620425      81949586620425      81949586620425      81949586620425      81949586620425      81949586620425      81949586620425      81949586620425      81949586620425      81949586620425      81949586620425      81949586620425      81949586620425      81949586620425     
turn_end_types   : 1                   1                   1                   1                   1                   1                   1                   1                   1                   1                   1                   1                   1                   1                   1                  
speaker_ids      : 2                   2                   2                   2                   2                   2                   2                   2                   2                   2                   2                   2                   2                   2                   2                  


A                : <emp>               <emp>               <emp>               <emp>               <emp>               <emp>               <emp>               <emp>               <emp>               <emp>               <emp>               <emp>               <emp>               <emp>               <emp>              
Timings          : (240.454, 240.613)  (240.613, 241.344)  (241.344, 241.413)  (241.413, 241.803)  (241.803, 241.973)  (241.973, 242.124)  (242.124, 242.413)  (242.413, 242.764)  (242.764, 242.934)  (242.934, 243.094)  (243.094, 243.314)  (243.314, 243.593)  (244.331, 244.824)  (244.824, 244.943)  (244.943, 245.064) 
Token Types      : 0                   0                   0                   0                   0                   0                   0                   0                   0                   0                   0                   0                   0                   0                   0                  
turn_ids         : 0                   0                   0                   0                   0                   0                   0                   0                   0                   0                   0                   0                   0                   0                   0                  
turn_end_types   : 0                   0                   0                   0                   0                   0                   0                   0                   0                   0                   0                   0                   0                   0                   0                  
speaker_ids      : 0                   0                   0                   0                   0                   0                   0                   0                   0                   0                   0                   0                   0                   0                   0                  

B                : Ġto                 Ġdiscern            Ġthe                Ġborder             Ġwhat               Ġhas                Ġbecome             Ġmuddy              Ġas                 Ġto                 Ġwhat               Ġis                 Ġethical            Ġand                Ġwhat              
Timings          : (240.454, 240.613)  (240.613, 241.344)  (241.344, 241.413)  (241.413, 241.803)  (241.803, 241.973)  (241.973, 242.124)  (242.124, 242.413)  (242.413, 242.764)  (242.764, 242.934)  (242.934, 243.094)  (243.094, 243.314)  (243.314, 243.593)  (244.331, 244.824)  (244.824, 244.943)  (244.943, 245.064) 
Token Types      : 1                   1                   1                   1                   1                   1                   1                   1                   1                   1                   1                   1                   1                   1                   1                  
turn_ids         : 81949586620425      81949586620425      81949586620425      81949586620425      81949586620425      81949586620425      81949586620425      81949586620425      81949586620425      81949586620425      81949586620425      81949586620425      81949586620425      81949586620425      81949586620425     
turn_end_types   : 1                   1                   1                   1                   1                   1                   1                   1                   1                   1                   1                   1                   1                   1                   1                  
speaker_ids      : 2                   2                   2                   2                   2                   2                   2                   2                   2                   2                   2                   2                   2                   2                   2                  


A                : <emp>               <emp>               <emp>               <emp>               ex                  actly               <eint>              <emp>               <emp>               <emp>               <emp>               <emp>               <emp>               <emp>               <emp>              
Timings          : (245.064, 245.193)  (245.193, 245.404)  (245.404, 245.822)  (246.003, 246.243)  (246.146, 246.431)  (246.431, 246.716)  (-1.0, -1.0)        (247.324, 247.404)  (247.404, 247.824)  (247.824, 247.923)  (247.923, 248.331)  (248.99, 249.18)    (249.18, 249.35)    (249.35, 249.45)    (249.45, 249.65)   
Token Types      : 0                   0                   0                   0                   5                   5                   5                   0                   0                   0                   0                   0                   0                   0                   0                  
turn_ids         : 0                   0                   0                   0                   81953344716807      81953344716807      81953344716807      0                   0                   0                   0                   0                   0                   0                   0                  
turn_end_types   : 0                   0                   0                   0                   0                   0                   0                   0                   0                   0                   0                   0                   0                   0                   0                  
speaker_ids      : 0                   0                   0                   0                   1                   1                   1                   0                   0                   0                   0                   0                   0                   0                   0                  

B                : Ġis                 Ġnot                Ġethical            Ġand                Ġthen               Ġsomeone            Ġblows              Ġthe                Ġwhistle            Ġand                Ġsays               Ġoh                 Ġthis               Ġis                 Ġnot               
Timings          : (245.064, 245.193)  (245.193, 245.404)  (245.404, 245.822)  (246.003, 246.243)  (246.243, 246.553)  (246.553, 247.014)  (247.014, 247.324)  (247.324, 247.404)  (247.404, 247.824)  (247.824, 247.923)  (247.923, 248.331)  (248.99, 249.18)    (249.18, 249.35)    (249.35, 249.45)    (249.45, 249.65)   
Token Types      : 1                   1                   1                   1                   1                   1                   1                   1                   1                   1                   1                   1                   1                   1                   1                  
turn_ids         : 81949586620425      81949586620425      81949586620425      81949586620425      81949586620425      81949586620425      81949586620425      81949586620425      81949586620425      81949586620425      81949586620425      81949586620425      81949586620425      81949586620425      81949586620425     
turn_end_types   : 1                   1                   1                   1                   1                   1                   1                   1                   1                   1                   1                   1                   1                   1                   1                  
speaker_ids      : 2                   2                   2                   2                   2                   2                   2                   2                   2                   2                   2                   2                   2                   2                   2                  


A                : <emp>               <emp>               <emp>               <emp>               <emp>               <emp>               <emp>               Ġyeah               Ġwell               Ġthat               's                  Ġexactly            Ġwhat               Ġhappens            Ġin                
Timings          : (249.65, 250.08)    (250.08, 250.18)    (250.18, 250.4)     (250.4, 250.49)     (250.49, 250.68)    (250.68, 250.8)     (250.8, 251.198)    (251.413, 251.543)  (252.943, 253.183)  (253.183, 253.288)  (253.288, 253.393)  (253.393, 253.933)  (253.933, 254.113)  (254.113, 254.523)  (254.523, 254.653) 
Token Types      : 0                   0                   0                   0                   0                   0                   0                   1                   1                   1                   1                   1                   1                   1                   1                  
turn_ids         : 0                   0                   0                   0                   0                   0                   0                   81949049749514      81949049749514      81949049749514      81949049749514      81949049749514      81949049749514      81949049749514      81949049749514     
turn_end_types   : 0                   0                   0                   0                   0                   0                   0                   1                   1                   1                   1                   1                   1                   1                   1                  
speaker_ids      : 0                   0                   0                   0                   0                   0                   0                   1                   1                   1                   1                   1                   1                   1                   1                  

B                : Ġethical            Ġand                Ġyes                Ġi                  Ġdid                Ġit                 Ġtoo                <eot>               <emp>               <emp>               <emp>               <emp>               <emp>               <emp>               <emp>              
Timings          : (249.65, 250.08)    (250.08, 250.18)    (250.18, 250.4)     (250.4, 250.49)     (250.49, 250.68)    (250.68, 250.8)     (250.8, 251.198)    (-1.0, -1.0)        (252.943, 253.183)  (253.183, 253.288)  (253.288, 253.393)  (253.393, 253.933)  (253.933, 254.113)  (254.113, 254.523)  (254.523, 254.653) 
Token Types      : 1                   1                   1                   1                   1                   1                   1                   1                   0                   0                   0                   0                   0                   0                   0                  
turn_ids         : 81949586620425      81949586620425      81949586620425      81949586620425      81949586620425      81949586620425      81949586620425      81949586620425      0                   0                   0                   0                   0                   0                   0                  
turn_end_types   : 1                   1                   1                   1                   1                   1                   1                   1                   0                   0                   0                   0                   0                   0                   0                  
speaker_ids      : 2                   2                   2                   2                   2                   2                   2                   2                   0                   0                   0                   0                   0                   0                   0                  


A                : Ġgovernment         Ġall                Ġthe                Ġtime               Ġhey                Ġblow               Ġthe                Ġwhistle            Ġon                 Ġeach               Ġother              Ġoh                 Ġi                  Ġhear               Ġthat              
Timings          : (254.653, 255.093)  (255.303, 255.503)  (255.503, 255.593)  (255.593, 256.053)  (256.053, 256.153)  (256.153, 256.403)  (256.403, 256.493)  (256.493, 256.843)  (256.843, 256.997)  (256.997, 257.246)  (257.246, 257.593)  (257.593, 257.883)  (257.883, 257.953)  (257.953, 258.273)  (258.273, 258.443) 
Token Types      : 1                   1                   1                   1                   1                   1                   1                   1                   1                   1                   1                   1                   1                   1                   1                  
turn_ids         : 81949049749514      81949049749514      81949049749514      81949049749514      81949049749514      81949049749514      81949049749514      81949049749514      81949049749514      81949049749514      81949049749514      81949049749514      81949049749514      81949049749514      81949049749514     
turn_end_types   : 1                   1                   1                   1                   1                   1                   1                   1                   1                   1                   1                   1                   1                   1                   1                  
speaker_ids      : 1                   1                   1                   1                   1                   1                   1                   1                   1                   1                   1                   1                   1                   1                   1                  

B                : <emp>               <emp>               <emp>               <emp>               <emp>               <emp>               <emp>               <emp>               <emp>               <emp>               <emp>               <emp>               <emp>               <emp>               <emp>              
Timings          : (254.653, 255.093)  (255.303, 255.503)  (255.503, 255.593)  (255.593, 256.053)  (256.053, 256.153)  (256.153, 256.403)  (256.403, 256.493)  (256.493, 256.843)  (256.843, 256.997)  (256.997, 257.246)  (257.246, 257.593)  (257.593, 257.883)  (257.883, 257.953)  (257.953, 258.273)  (258.273, 258.443) 
Token Types      : 0                   0                   0                   0                   0                   0                   0                   0                   0                   0                   0                   0                   0                   0                   0                  
turn_ids         : 0                   0                   0                   0                   0                   0                   0                   0                   0                   0                   0                   0                   0                   0                   0                  
turn_end_types   : 0                   0                   0                   0                   0                   0                   0                   0                   0                   0                   0                   0                   0                   0                   0                  
speaker_ids      : 0                   0                   0                   0                   0                   0                   0                   0                   0                   0                   0                   0                   0                   0                   0                  


A                : Ġyou                're                 Ġdoing              Ġthis               Ġi                  've                 Ġdone               Ġit                 Ġbut                Ġoh                 Ġboy                Ġand                Ġit                 's                  Ġnot               
Timings          : (258.443, 258.498)  (258.498, 258.553)  (258.553, 258.863)  (258.863, 259.208)  (259.705, 259.814)  (259.814, 259.923)  (259.923, 260.123)  (260.123, 260.283)  (260.283, 260.473)  (260.473, 260.713)  (260.713, 260.963)  (261.183, 261.303)  (261.303, 261.438)  (261.438, 261.573)  (261.573, 261.823) 
Token Types      : 1                   1                   1                   1                   1                   1                   1                   1                   1                   1                   1                   1                   1                   1                   1                  
turn_ids         : 81949049749514      81949049749514      81949049749514      81949049749514      81949049749514      81949049749514      81949049749514      81949049749514      81949049749514      81949049749514      81949049749514      81949049749514      81949049749514      81949049749514      81949049749514     
turn_end_types   : 1                   1                   1                   1                   1                   1                   1                   1                   1                   1                   1                   1                   1                   1                   1                  
speaker_ids      : 1                   1                   1                   1                   1                   1                   1                   1                   1                   1                   1                   1                   1                   1                   1                  

B                : <emp>               <emp>               <emp>               <emp>               <emp>               <emp>               <emp>               <emp>               <emp>               <emp>               <emp>               <emp>               <emp>               <emp>               <emp>              
Timings          : (258.443, 258.498)  (258.498, 258.553)  (258.553, 258.863)  (258.863, 259.208)  (259.705, 259.814)  (259.814, 259.923)  (259.923, 260.123)  (260.123, 260.283)  (260.283, 260.473)  (260.473, 260.713)  (260.713, 260.963)  (261.183, 261.303)  (261.303, 261.438)  (261.438, 261.573)  (261.573, 261.823) 
Token Types      : 0                   0                   0                   0                   0                   0                   0                   0                   0                   0                   0                   0                   0                   0                   0                  
turn_ids         : 0                   0                   0                   0                   0                   0                   0                   0                   0                   0                   0                   0                   0                   0                   0                  
turn_end_types   : 0                   0                   0                   0                   0                   0                   0                   0                   0                   0                   0                   0                   0                   0                   0                  
speaker_ids      : 0                   0                   0                   0                   0                   0                   0                   0                   0                   0                   0                   0                   0                   0                   0                  


A                : Ġgoing              Ġto                 Ġget                Ġout                Ġexactly            Ġyeah               Ġexactly            Ġexactly            Ġit                 's                  Ġuh                 <eot>               <emp>               Ġthere              's                 
Timings          : (261.823, 261.943)  (261.943, 262.003)  (262.003, 262.203)  (262.203, 262.477)  (262.94, 263.143)   (263.363, 263.684)  (263.684, 263.904)  (264.22, 264.883)   (264.883, 265.078)  (265.078, 265.273)  (265.273, 265.573)  (-1.0, -1.0)        (266.011, 266.231)  (266.182, 266.283)  (266.283, 266.383) 
Token Types      : 1                   1                   1                   1                   1                   1                   1                   1                   1                   1                   1                   1                   0                   4                   4                  
turn_ids         : 81949049749514      81949049749514      81949049749514      81949049749514      81949049749514      81949049749514      81949049749514      81949049749514      81949049749514      81949049749514      81949049749514      81949049749514      0                   81952270974988      81952270974988     
turn_end_types   : 1                   1                   1                   1                   1                   1                   1                   1                   1                   1                   1                   1                   0                   2                   2                  
speaker_ids      : 1                   1                   1                   1                   1                   1                   1                   1                   1                   1                   1                   1                   0                   1                   1                  

B                : <emp>               <emp>               <emp>               <emp>               <emp>               <emp>               <emp>               <emp>               <emp>               <emp>               <emp>               Ġyeah               Ġwe                 Ġjust               <emp>              
Timings          : (261.823, 261.943)  (261.943, 262.003)  (262.003, 262.203)  (262.203, 262.477)  (262.94, 263.143)   (263.363, 263.684)  (263.684, 263.904)  (264.22, 264.883)   (264.883, 265.078)  (265.078, 265.273)  (265.273, 265.573)  (265.871, 266.011)  (266.011, 266.231)  (266.231, 266.381)  (266.283, 266.383) 
Token Types      : 0                   0                   0                   0                   0                   0                   0                   0                   0                   0                   0                   1                   1                   1                   1                  
turn_ids         : 0                   0                   0                   0                   0                   0                   0                   0                   0                   0                   0                   81949586620427      81949586620427      81949586620427      81949586620427     
turn_end_types   : 0                   0                   0                   0                   0                   0                   0                   0                   0                   0                   0                   2                   2                   2                   2                  
speaker_ids      : 0                   0                   0                   0                   0                   0                   0                   0                   0                   0                   0                   2                   2                   2                   2                  


A                : Ġno                 <emp>               Ġsecrets            Ġin                 Ġthe                Ġgovernment         Ġuh                 Ġi                  Ġdon                't                  Ġthink              Ġanymore            <yield>             <emp>               <emp>              
Timings          : (266.383, 266.633)  (266.571, 266.641)  (266.633, 267.223)  (267.223, 267.402)  (267.402, 267.473)  (267.473, 268.007)  (268.489, 268.815)  (268.815, 269.015)  (269.015, 269.094)  (269.094, 269.172)  (269.172, 269.372)  (269.372, 269.832)  (-1.0, -1.0)        (270.603, 270.667)  (270.667, 270.947) 
Token Types      : 4                   4                   4                   4                   4                   4                   4                   4                   4                   4                   4                   4                   4                   0                   0                  
turn_ids         : 81952270974988      81952270974988      81952270974988      81952270974988      81952270974988      81952270974988      81952270974988      81952270974988      81952270974988      81952270974988      81952270974988      81952270974988      81952270974988      0                   0                  
turn_end_types   : 2                   2                   2                   2                   2                   2                   2                   2                   2                   2                   2                   2                   2                   0                   0                  
speaker_ids      : 1                   1                   1                   1                   1                   1                   1                   1                   1                   1                   1                   1                   1                   0                   0                  

B                : Ġhad                Ġa                  <yield>             <emp>               <emp>               <emp>               Ġuh                 <eint>              <emp>               <emp>               <emp>               <emp>               Ġright              Ġthe                Ġmayor             
Timings          : (266.381, 266.571)  (266.571, 266.641)  (-1.0, -1.0)        (267.223, 267.402)  (267.402, 267.473)  (267.473, 268.007)  (268.547, 268.927)  (-1.0, -1.0)        (269.015, 269.094)  (269.094, 269.172)  (269.172, 269.372)  (269.372, 269.832)  (270.017, 270.285)  (270.603, 270.667)  (270.667, 270.947) 
Token Types      : 1                   1                   1                   0                   0                   0                   5                   5                   0                   0                   0                   0                   1                   1                   1                  
turn_ids         : 81949586620427      81949586620427      81949586620427      0                   0                   0                   81953881587722      81953881587722      0                   0                   0                   0                   81949586620429      81949586620429      81949586620429     
turn_end_types   : 2                   2                   2                   0                   0                   0                   0                   0                   0                   0                   0                   0                   1                   1                   1                  
speaker_ids      : 2                   2                   2                   0                   0                   0                   2                   2                   0                   0                   0                   0                   2                   2                   2                  


A                : <emp>               <emp>               <emp>               <emp>               <emp>               <emp>               <emp>               <emp>               Ġu                  hh                  uh                  <ebc>               <emp>               <emp>               <emp>              
Timings          : (270.947, 271.027)  (271.027, 271.277)  (271.277, 271.527)  (271.527, 271.797)  (271.797, 272.25)   (272.714, 272.945)  (272.945, 273.177)  (273.504, 273.701)  (273.669, 273.766)  (273.766, 273.862)  (273.862, 273.959)  (-1.0, -1.0)        (274.847, 274.957)  (274.957, 275.537)  (275.537, 275.907) 
Token Types      : 0                   0                   0                   0                   0                   0                   0                   0                   3                   3                   3                   3                   0                   0                   0                  
turn_ids         : 0                   0                   0                   0                   0                   0                   0                   0                   81951197233161      81951197233161      81951197233161      81951197233161      0                   0                   0                  
turn_end_types   : 0                   0                   0                   0                   0                   0                   0                   0                   0                   0                   0                   0                   0                   0                   0                  
speaker_ids      : 0                   0                   0                   0                   0                   0                   0                   0                   1                   1                   1                   1                   0                   0                   0                  

B                : Ġof                 Ġd                  allas               Ġis                 Ġuh                 Ġbart               lett                Ġste                ve                  <emp>               Ġbart               lett                Ġhe                 Ġalso               Ġuh                
Timings          : (270.947, 271.027)  (271.027, 271.277)  (271.277, 271.527)  (271.527, 271.797)  (271.797, 272.25)   (272.714, 272.945)  (272.945, 273.177)  (273.504, 273.701)  (273.701, 273.897)  (273.766, 273.862)  (273.897, 274.097)  (274.097, 274.297)  (274.847, 274.957)  (274.957, 275.537)  (275.537, 275.907) 
Token Types      : 1                   1                   1                   1                   1                   1                   1                   1                   1                   1                   1                   1                   1                   1                   1                  
turn_ids         : 81949586620429      81949586620429      81949586620429      81949586620429      81949586620429      81949586620429      81949586620429      81949586620429      81949586620429      81949586620429      81949586620429      81949586620429      81949586620429      81949586620429      81949586620429     
turn_end_types   : 1                   1                   1                   1                   1                   1                   1                   1                   1                   1                   1                   1                   1                   1                   1                  
speaker_ids      : 2                   2                   2                   2                   2                   2                   2                   2                   2                   2                   2                   2                   2                   2                   2                  


A                : <emp>               <emp>               <emp>               Ġu                  hh                  uh                  <ebc>               <emp>               <emp>               <emp>               <emp>               <emp>               Ġu                  hh                  uh                 
Timings          : (275.907, 276.287)  (276.287, 276.537)  (276.537, 277.327)  (277.643, 277.746)  (277.746, 277.849)  (277.849, 277.953)  (-1.0, -1.0)        (278.689, 279.048)  (279.048, 279.317)  (279.803, 279.94)   (279.94, 280.1)     (280.1, 280.62)     (280.976, 281.062)  (281.062, 281.149)  (281.149, 281.236) 
Token Types      : 0                   0                   0                   3                   3                   3                   3                   0                   0                   0                   0                   0                   3                   3                   3                  
turn_ids         : 0                   0                   0                   81951197233162      81951197233162      81951197233162      81951197233162      0                   0                   0                   0                   0                   81951197233163      81951197233163      81951197233163     
turn_end_types   : 0                   0                   0                   0                   0                   0                   0                   0                   0                   0                   0                   0                   0                   0                   0                  
speaker_ids      : 0                   0                   0                   1                   1                   1                   1                   0                   0                   0                   0                   0                   1                   1                   1                  

B                : Ġwas                Ġa                  Ġcongressman        <emp>               <emp>               <emp>               Ġuh                 Ġto                 Ġthe                Ġuh                 Ġto                 Ġcongress           <emp>               <emp>               <emp>              
Timings          : (275.907, 276.287)  (276.287, 276.537)  (276.537, 277.327)  (277.643, 277.746)  (277.746, 277.849)  (277.849, 277.953)  (278.258, 278.689)  (278.689, 279.048)  (279.048, 279.317)  (279.803, 279.94)   (279.94, 280.1)     (280.1, 280.62)     (280.976, 281.062)  (281.062, 281.149)  (281.149, 281.236) 
Token Types      : 1                   1                   1                   1                   1                   1                   1                   1                   1                   1                   1                   1                   1                   1                   1                  
turn_ids         : 81949586620429      81949586620429      81949586620429      81949586620429      81949586620429      81949586620429      81949586620429      81949586620429      81949586620429      81949586620429      81949586620429      81949586620429      81949586620429      81949586620429      81949586620429     
turn_end_types   : 1                   1                   1                   1                   1                   1                   1                   1                   1                   1                   1                   1                   1                   1                   1                  
speaker_ids      : 2                   2                   2                   2                   2                   2                   2                   2                   2                   2                   2                   2                   2                   2                   2                  


A                : <ebc>               <emp>               <emp>               <emp>               <emp>               <emp>               <emp>               <emp>               <emp>               Ġsure               <eot>               <emp>               <emp>               <emp>               <emp>              
Timings          : (-1.0, -1.0)        (281.41, 281.47)    (281.47, 281.58)    (281.58, 281.73)    (281.73, 281.81)    (281.81, 282.01)    (282.01, 282.45)    (282.45, 282.67)    (282.67, 283.22)    (283.445, 283.775)  (-1.0, -1.0)        (284.463, 284.693)  (284.693, 284.953)  (284.953, 285.133)  (285.133, 285.633) 
Token Types      : 3                   0                   0                   0                   0                   0                   0                   0                   0                   1                   1                   0                   0                   0                   0                  
turn_ids         : 81951197233163      0                   0                   0                   0                   0                   0                   0                   0                   81949049749518      81949049749518      0                   0                   0                   0                  
turn_end_types   : 0                   0                   0                   0                   0                   0                   0                   0                   0                   1                   1                   0                   0                   0                   0                  
speaker_ids      : 1                   0                   0                   0                   0                   0                   0                   0                   0                   1                   1                   0                   0                   0                   0                  

B                : Ġand                Ġhe                 Ġhad                Ġbeen               Ġin                 Ġthat               Ġposition           Ġfor                Ġyears              <eot>               Ġand                Ġuh                 Ġhe                 Ġwas                Ġelected           
Timings          : (281.31, 281.41)    (281.41, 281.47)    (281.47, 281.58)    (281.58, 281.73)    (281.73, 281.81)    (281.81, 282.01)    (282.01, 282.45)    (282.45, 282.67)    (282.67, 283.22)    (-1.0, -1.0)        (284.083, 284.463)  (284.463, 284.693)  (284.693, 284.953)  (284.953, 285.133)  (285.133, 285.633) 
Token Types      : 1                   1                   1                   1                   1                   1                   1                   1                   1                   1                   1                   1                   1                   1                   1                  
turn_ids         : 81949586620429      81949586620429      81949586620429      81949586620429      81949586620429      81949586620429      81949586620429      81949586620429      81949586620429      81949586620429      81949586620431      81949586620431      81949586620431      81949586620431      81949586620431     
turn_end_types   : 1                   1                   1                   1                   1                   1                   1                   1                   1                   1                   2                   2                   2                   2                   2                  
speaker_ids      : 2                   2                   2                   2                   2                   2                   2                   2                   2                   2                   2                   2                   2                   2                   2                  


A                : <emp>               <emp>               <emp>               <emp>               Ġu                  hh                  uh                  <ebc>               Ġu                  hh                  uh                  <ebc>               <emp>               <emp>               <emp>              
Timings          : (285.633, 285.893)  (285.893, 285.983)  (285.983, 286.223)  (286.223, 286.463)  (286.871, 286.97)   (286.97, 287.069)   (287.069, 287.168)  (-1.0, -1.0)        (288.307, 288.41)   (288.41, 288.513)   (288.513, 288.617)  (-1.0, -1.0)        (289.621, 289.711)  (289.711, 289.791)  (289.791, 290.001) 
Token Types      : 0                   0                   0                   0                   3                   3                   3                   3                   3                   3                   3                   3                   0                   0                   0                  
turn_ids         : 0                   0                   0                   0                   81951197233165      81951197233165      81951197233165      81951197233165      81951197233166      81951197233166      81951197233166      81951197233166      0                   0                   0                  
turn_end_types   : 0                   0                   0                   0                   0                   0                   0                   0                   0                   0                   0                   0                   0                   0                   0                  
speaker_ids      : 0                   0                   0                   0                   1                   1                   1                   1                   1                   1                   1                   1                   0                   0                   0                  

B                : Ġmayor              Ġof                 Ġd                  allas               <emp>               <emp>               Ġoverwhelmingly     <emp>               <emp>               <emp>               <emp>               Ġhowever            Ġif                 Ġthe                Ġvote              
Timings          : (285.633, 285.893)  (285.893, 285.983)  (285.983, 286.223)  (286.223, 286.463)  (286.871, 286.97)   (286.97, 287.069)   (287.023, 287.913)  (-1.0, -1.0)        (288.307, 288.41)   (288.41, 288.513)   (288.513, 288.617)  (289.177, 289.621)  (289.621, 289.711)  (289.711, 289.791)  (289.791, 290.001) 
Token Types      : 1                   1                   1                   1                   1                   1                   1                   0                   1                   1                   1                   1                   1                   1                   1                  
turn_ids         : 81949586620431      81949586620431      81949586620431      81949586620431      81949586620431      81949586620431      81949586620431      0                   81949586620431      81949586620431      81949586620431      81949586620431      81949586620431      81949586620431      81949586620431     
turn_end_types   : 2                   2                   2                   2                   2                   2                   2                   0                   2                   2                   2                   2                   2                   2                   2                  
speaker_ids      : 2                   2                   2                   2                   2                   2                   2                   0                   2                   2                   2                   2                   2                   2                   2                  


A                : <emp>               <emp>               <emp>               <emp>               <emp>               <emp>               <emp>               <emp>               <emp>               <emp>               <emp>               <emp>               <emp>               <emp>               <emp>              
Timings          : (290.001, 290.141)  (290.141, 290.441)  (290.441, 290.821)  (290.821, 290.951)  (290.951, 291.121)  (291.121, 291.391)  (291.391, 291.601)  (291.601, 292.051)  (292.051, 292.391)  (292.391, 292.471)  (292.471, 292.601)  (292.601, 292.861)  (292.861, 292.991)  (292.991, 293.241)  (294.386, 294.606) 
Token Types      : 0                   0                   0                   0                   0                   0                   0                   0                   0                   0                   0                   0                   0                   0                   0                  
turn_ids         : 0                   0                   0                   0                   0                   0                   0                   0                   0                   0                   0                   0                   0                   0                   0                  
turn_end_types   : 0                   0                   0                   0                   0                   0                   0                   0                   0                   0                   0                   0                   0                   0                   0                  
speaker_ids      : 0                   0                   0                   0                   0                   0                   0                   0                   0                   0                   0                   0                   0                   0                   0                  

B                : Ġwas                Ġtaken              Ġtoday              Ġthe                Ġwhole              Ġthing              Ġmight              Ġchange             Ġbecause            Ġhe                 Ġwas                Ġpart               Ġof                 Ġthat               Ġuh                
Timings          : (290.001, 290.141)  (290.141, 290.441)  (290.441, 290.821)  (290.821, 290.951)  (290.951, 291.121)  (291.121, 291.391)  (291.391, 291.601)  (291.601, 292.051)  (292.051, 292.391)  (292.391, 292.471)  (292.471, 292.601)  (292.601, 292.861)  (292.861, 292.991)  (292.991, 293.241)  (294.386, 294.606) 
Token Types      : 1                   1                   1                   1                   1                   1                   1                   1                   1                   1                   1                   1                   1                   1                   1                  
turn_ids         : 81949586620431      81949586620431      81949586620431      81949586620431      81949586620431      81949586620431      81949586620431      81949586620431      81949586620431      81949586620431      81949586620431      81949586620431      81949586620431      81949586620431      81949586620431     
turn_end_types   : 2                   2                   2                   2                   2                   2                   2                   2                   2                   2                   2                   2                   2                   2                   2                  
speaker_ids      : 2                   2                   2                   2                   2                   2                   2                   2                   2                   2                   2                   2                   2                   2                   2                  


A                : <emp>                <emp>                <emp>                Ġoh                  Ġsure                Ġi                   Ġthink               Ġi                   Ġi                   Ġdon                 't                   Ġthink               Ġuh                  <eot>               
Timings          : (294.606, 294.906)   (294.906, 295.086)   (295.086, 295.266)   (295.44, 295.65)     (295.65, 296.31)     (297.56, 297.73)     (297.73, 298.04)     (298.04, 298.26)     (298.39, 298.56)     (298.56, 298.69)     (298.69, 298.82)     (298.82, 299.16)     (299.16, 299.371)    (-1.0, -1.0)        
Token Types      : 0                    0                    0                    4                    4                    4                    4                    4                    4                    4                    4                    4                    4                    4                   
turn_ids         : 0                    0                    0                    81952270974992       81952270974992       81952270974992       81952270974992       81952270974992       81952270974992       81952270974992       81952270974992       81952270974992       81952270974992       81952270974992      
turn_end_types   : 0                    0                    0                    1                    1                    1                    1                    1                    1                    1                    1                    1                    1                    1                   
speaker_ids      : 0                    0                    0                    1                    1                    1                    1                    1                    1                    1                    1                    1                    1                    1                   

B                : Ġcheck               Ġk                   iting                Ġscam                <yield>              <emp>                <emp>                <emp>                <emp>                <emp>                <emp>                <emp>                <emp>                <emp>               
Timings          : (294.606, 294.906)   (294.906, 295.086)   (295.086, 295.266)   (295.266, 295.696)   (-1.0, -1.0)         (297.56, 297.73)     (297.73, 298.04)     (298.04, 298.26)     (298.39, 298.56)     (298.56, 298.69)     (298.69, 298.82)     (298.82, 299.16)     (299.16, 299.371)    (-1.0, -1.0)        
Token Types      : 1                    1                    1                    1                    1                    0                    0                    0                    0                    0                    0                    0                    0                    0                   
turn_ids         : 81949586620431       81949586620431       81949586620431       81949586620431       81949586620431       0                    0                    0                    0                    0                    0                    0                    0                    0                   
turn_end_types   : 2                    2                    2                    2                    2                    0                    0                    0                    0                    0                    0                    0                    0                    0                   
speaker_ids      : 2                    2                    2                    2                    2                    0                    0                    0                    0                    0                    0                    0                    0                    0                   


