A                : <emp>               <emp>               <emp>               <emp>               <emp>               <emp>               <emp>               <emp>               <emp>               <emp>               <emp>               <emp>               <emp>               <emp>               <emp>              
Timings          : (0.077, 0.143)      (0.143, 0.21)       (0.21, 0.45)        (0.45, 0.54)        (0.54, 0.8)         (0.8, 1.09)         (1.09, 1.25)        (1.25, 1.53)        (1.53, 2.1)         (2.1, 2.606)        (2.987, 3.32)       (3.32, 3.365)       (3.365, 3.41)       (3.41, 3.74)        (3.74, 3.89)       
Token Types      : 0                   0                   0                   0                   0                   0                   0                   0                   0                   0                   0                   0                   0                   0                   0                  
turn_ids         : 0                   0                   0                   0                   0                   0                   0                   0                   0                   0                   0                   0                   0                   0                   0                  
turn_end_types   : 0                   0                   0                   0                   0                   0                   0                   0                   0                   0                   0                   0                   0                   0                   0                  
speaker_ids      : 0                   0                   0                   0                   0                   0                   0                   0                   0                   0                   0                   0                   0                   0                   0                  

B                : we                  're                 Ġsupposed           Ġto                 Ġtalk               Ġabout              Ġif                 Ġwe                 Ġagree              Ġon                 Ġif                 Ġwe                 're                 Ġpaying             Ġtoo               
Timings          : (0.077, 0.143)      (0.143, 0.21)       (0.21, 0.45)        (0.45, 0.54)        (0.54, 0.8)         (0.8, 1.09)         (1.09, 1.25)        (1.25, 1.53)        (1.53, 2.1)         (2.1, 2.606)        (2.987, 3.32)       (3.32, 3.365)       (3.365, 3.41)       (3.41, 3.74)        (3.74, 3.89)       
Token Types      : 1                   1                   1                   1                   1                   1                   1                   1                   1                   1                   1                   1                   1                   1                   1                  
turn_ids         : 83547314454528      83547314454528      83547314454528      83547314454528      83547314454528      83547314454528      83547314454528      83547314454528      83547314454528      83547314454528      83547314454528      83547314454528      83547314454528      83547314454528      83547314454528     
turn_end_types   : 1                   1                   1                   1                   1                   1                   1                   1                   1                   1                   1                   1                   1                   1                   1                  
speaker_ids      : 2                   2                   2                   2                   2                   2                   2                   2                   2                   2                   2                   2                   2                   2                   2                  


A                : <emp>               <emp>               <emp>               <emp>               <emp>               <emp>               <emp>               <emp>               <emp>               <emp>               <emp>               <emp>               <emp>               <emp>               <emp>              
Timings          : (3.89, 4.17)        (4.17, 4.967)       (4.967, 5.21)       (5.21, 5.36)        (5.36, 5.405)       (5.405, 5.45)       (5.45, 5.7)         (5.7, 5.79)         (5.79, 5.955)       (5.955, 6.12)       (6.12, 6.36)        (6.36, 6.47)        (6.47, 6.53)        (6.53, 6.59)        (6.59, 7.04)       
Token Types      : 0                   0                   0                   0                   0                   0                   0                   0                   0                   0                   0                   0                   0                   0                   0                  
turn_ids         : 0                   0                   0                   0                   0                   0                   0                   0                   0                   0                   0                   0                   0                   0                   0                  
turn_end_types   : 0                   0                   0                   0                   0                   0                   0                   0                   0                   0                   0                   0                   0                   0                   0                  
speaker_ids      : 0                   0                   0                   0                   0                   0                   0                   0                   0                   0                   0                   0                   0                   0                   0                  

B                : Ġmany               Ġtaxes              Ġor                 Ġif                 Ġwe                 're                 Ġgetting            Ġour                Ġmon                ies                 Ġworth              Ġout                Ġof                 Ġthe                Ġtaxes             
Timings          : (3.89, 4.17)        (4.17, 4.967)       (4.967, 5.21)       (5.21, 5.36)        (5.36, 5.405)       (5.405, 5.45)       (5.45, 5.7)         (5.7, 5.79)         (5.79, 5.955)       (5.955, 6.12)       (6.12, 6.36)        (6.36, 6.47)        (6.47, 6.53)        (6.53, 6.59)        (6.59, 7.04)       
Token Types      : 1                   1                   1                   1                   1                   1                   1                   1                   1                   1                   1                   1                   1                   1                   1                  
turn_ids         : 83547314454528      83547314454528      83547314454528      83547314454528      83547314454528      83547314454528      83547314454528      83547314454528      83547314454528      83547314454528      83547314454528      83547314454528      83547314454528      83547314454528      83547314454528     
turn_end_types   : 1                   1                   1                   1                   1                   1                   1                   1                   1                   1                   1                   1                   1                   1                   1                  
speaker_ids      : 2                   2                   2                   2                   2                   2                   2                   2                   2                   2                   2                   2                   2                   2                   2                  


A                : <emp>               <emp>               right               Ġi                  Ġthink              Ġit                 's                  Ġkind               Ġof                 Ġa                  Ġloaded             Ġquestion           Ġi                  Ġdon                't                 
Timings          : (7.04, 7.18)        (7.18, 7.543)       (7.681, 8.324)      (8.324, 8.463)      (8.463, 8.618)      (8.618, 8.673)      (8.673, 8.728)      (8.728, 8.908)      (8.908, 8.968)      (8.968, 9.028)      (9.028, 9.358)      (9.358, 9.738)      (9.738, 9.798)      (9.798, 9.883)      (9.883, 9.968)     
Token Types      : 0                   0                   1                   1                   1                   1                   1                   1                   1                   1                   1                   1                   1                   1                   1                  
turn_ids         : 0                   0                   83546777583617      83546777583617      83546777583617      83546777583617      83546777583617      83546777583617      83546777583617      83546777583617      83546777583617      83546777583617      83546777583617      83546777583617      83546777583617     
turn_end_types   : 0                   0                   1                   1                   1                   1                   1                   1                   1                   1                   1                   1                   1                   1                   1                  
speaker_ids      : 0                   0                   1                   1                   1                   1                   1                   1                   1                   1                   1                   1                   1                   1                   1                  

B                : Ġwe                 Ġpay                <eot>               <emp>               <emp>               <emp>               <emp>               <emp>               <emp>               <emp>               <emp>               <emp>               <emp>               <emp>               <emp>              
Timings          : (7.04, 7.18)        (7.18, 7.543)       (-1.0, -1.0)        (8.324, 8.463)      (8.463, 8.618)      (8.618, 8.673)      (8.673, 8.728)      (8.728, 8.908)      (8.908, 8.968)      (8.968, 9.028)      (9.028, 9.358)      (9.358, 9.738)      (9.738, 9.798)      (9.798, 9.883)      (9.883, 9.968)     
Token Types      : 1                   1                   1                   0                   0                   0                   0                   0                   0                   0                   0                   0                   0                   0                   0                  
turn_ids         : 83547314454528      83547314454528      83547314454528      0                   0                   0                   0                   0                   0                   0                   0                   0                   0                   0                   0                  
turn_end_types   : 1                   1                   1                   0                   0                   0                   0                   0                   0                   0                   0                   0                   0                   0                   0                  
speaker_ids      : 2                   2                   2                   0                   0                   0                   0                   0                   0                   0                   0                   0                   0                   0                   0                  


A                : Ġthink              Ġanybody            Ġwould              Ġsay                Ġwe                 Ġshould             Ġpay                Ġmore               Ġi                  Ġthink              <emp>               Ġi                  Ġthink              Ġmost               Ġof                
Timings          : (9.968, 10.118)     (10.118, 10.588)    (10.588, 10.748)    (10.748, 10.938)    (10.938, 11.068)    (11.068, 11.308)    (11.308, 11.518)    (11.518, 12.08)     (12.08, 12.616)     (12.616, 12.943)    (13.08, 13.665)     (13.734, 13.859)    (13.859, 13.968)    (13.968, 14.158)    (14.158, 14.218)   
Token Types      : 1                   1                   1                   1                   1                   1                   1                   1                   1                   1                   1                   1                   1                   1                   1                  
turn_ids         : 83546777583617      83546777583617      83546777583617      83546777583617      83546777583617      83546777583617      83546777583617      83546777583617      83546777583617      83546777583617      83546777583617      83546777583617      83546777583617      83546777583617      83546777583617     
turn_end_types   : 1                   1                   1                   1                   1                   1                   1                   1                   1                   1                   1                   1                   1                   1                   1                  
speaker_ids      : 1                   1                   1                   1                   1                   1                   1                   1                   1                   1                   1                   1                   1                   1                   1                  

B                : <emp>               <emp>               <emp>               <emp>               <emp>               <emp>               <emp>               <emp>               <emp>               <emp>               no                  <eint>              <emp>               <emp>               <emp>              
Timings          : (9.968, 10.118)     (10.118, 10.588)    (10.588, 10.748)    (10.748, 10.938)    (10.938, 11.068)    (11.068, 11.308)    (11.308, 11.518)    (11.518, 12.08)     (12.08, 12.616)     (12.616, 12.943)    (13.08, 13.665)     (-1.0, -1.0)        (13.859, 13.968)    (13.968, 14.158)    (14.158, 14.218)   
Token Types      : 0                   0                   0                   0                   0                   0                   0                   0                   0                   0                   5                   5                   0                   0                   0                  
turn_ids         : 0                   0                   0                   0                   0                   0                   0                   0                   0                   0                   83551609421825      83551609421825      0                   0                   0                  
turn_end_types   : 0                   0                   0                   0                   0                   0                   0                   0                   0                   0                   0                   0                   0                   0                   0                  
speaker_ids      : 0                   0                   0                   0                   0                   0                   0                   0                   0                   0                   2                   2                   0                   0                   0                  


A                : Ġus                 Ġfeel               Ġthat               Ġwe                 Ġdo                 Ġpay                Ġenough             <eot>               <emp>               <emp>               <emp>               <emp>               <emp>               <emp>               <emp>              
Timings          : (14.218, 14.388)    (14.388, 14.618)    (14.618, 14.948)    (15.245, 15.458)    (15.458, 15.678)    (15.678, 15.918)    (15.918, 16.682)    (-1.0, -1.0)        (17.132, 17.399)    (17.399, 17.692)    (17.692, 17.832)    (17.832, 17.922)    (17.922, 18.102)    (18.102, 18.282)    (18.282, 18.372)   
Token Types      : 1                   1                   1                   1                   1                   1                   1                   1                   0                   0                   0                   0                   0                   0                   0                  
turn_ids         : 83546777583617      83546777583617      83546777583617      83546777583617      83546777583617      83546777583617      83546777583617      83546777583617      0                   0                   0                   0                   0                   0                   0                  
turn_end_types   : 1                   1                   1                   1                   1                   1                   1                   1                   0                   0                   0                   0                   0                   0                   0                  
speaker_ids      : 1                   1                   1                   1                   1                   1                   1                   1                   0                   0                   0                   0                   0                   0                   0                  

B                : <emp>               <emp>               <emp>               <emp>               <emp>               <emp>               <emp>               Ġyeah               Ġi                  Ġthink              Ġhere               Ġin                 Ġtex                as                  Ġthey              
Timings          : (14.218, 14.388)    (14.388, 14.618)    (14.618, 14.948)    (15.245, 15.458)    (15.458, 15.678)    (15.678, 15.918)    (15.918, 16.682)    (16.884, 17.132)    (17.132, 17.399)    (17.399, 17.692)    (17.692, 17.832)    (17.832, 17.922)    (17.922, 18.102)    (18.102, 18.282)    (18.282, 18.372)   
Token Types      : 0                   0                   0                   0                   0                   0                   0                   1                   1                   1                   1                   1                   1                   1                   1                  
turn_ids         : 0                   0                   0                   0                   0                   0                   0                   83547314454530      83547314454530      83547314454530      83547314454530      83547314454530      83547314454530      83547314454530      83547314454530     
turn_end_types   : 0                   0                   0                   0                   0                   0                   0                   1                   1                   1                   1                   1                   1                   1                   1                  
speaker_ids      : 0                   0                   0                   0                   0                   0                   0                   2                   2                   2                   2                   2                   2                   2                   2                  


A                : <emp>               <emp>               <emp>               <emp>               <emp>               <emp>               <emp>               <emp>               <emp>               <emp>               <emp>               <emp>               <emp>               <emp>               <emp>              
Timings          : (18.372, 18.462)    (18.462, 18.682)    (18.682, 18.982)    (18.982, 19.254)    (19.254, 19.712)    (19.892, 20.102)    (20.102, 20.472)    (20.472, 20.712)    (20.712, 21.002)    (21.002, 21.152)    (21.152, 21.212)    (21.212, 21.704)    (21.832, 21.952)    (21.952, 22.012)    (22.012, 22.072)   
Token Types      : 0                   0                   0                   0                   0                   0                   0                   0                   0                   0                   0                   0                   0                   0                   0                  
turn_ids         : 0                   0                   0                   0                   0                   0                   0                   0                   0                   0                   0                   0                   0                   0                   0                  
turn_end_types   : 0                   0                   0                   0                   0                   0                   0                   0                   0                   0                   0                   0                   0                   0                   0                  
speaker_ids      : 0                   0                   0                   0                   0                   0                   0                   0                   0                   0                   0                   0                   0                   0                   0                  

B                : 're                 Ġeven               Ġrunning            Ġan                 Ġah                 Ġa                  Ġseries             Ġright              Ġnow                Ġon                 Ġthe                Ġnews               Ġone                Ġof                 Ġthe               
Timings          : (18.372, 18.462)    (18.462, 18.682)    (18.682, 18.982)    (18.982, 19.254)    (19.254, 19.712)    (19.892, 20.102)    (20.102, 20.472)    (20.472, 20.712)    (20.712, 21.002)    (21.002, 21.152)    (21.152, 21.212)    (21.212, 21.704)    (21.832, 21.952)    (21.952, 22.012)    (22.012, 22.072)   
Token Types      : 1                   1                   1                   1                   1                   1                   1                   1                   1                   1                   1                   1                   1                   1                   1                  
turn_ids         : 83547314454530      83547314454530      83547314454530      83547314454530      83547314454530      83547314454530      83547314454530      83547314454530      83547314454530      83547314454530      83547314454530      83547314454530      83547314454530      83547314454530      83547314454530     
turn_end_types   : 1                   1                   1                   1                   1                   1                   1                   1                   1                   1                   1                   1                   1                   1                   1                  
speaker_ids      : 2                   2                   2                   2                   2                   2                   2                   2                   2                   2                   2                   2                   2                   2                   2                  


A                : <emp>               <emp>               <emp>               <emp>               <emp>               <emp>               <emp>               <emp>               <emp>               <emp>               <emp>               <emp>               <emp>               <emp>               <emp>              
Timings          : (22.072, 22.322)    (22.322, 22.732)    (22.732, 22.852)    (22.852, 23.212)    (23.212, 23.534)    (24.031, 24.265)    (24.265, 24.462)    (24.462, 24.788)    (24.788, 25.632)    (25.632, 26.104)    (26.332, 26.767)    (26.767, 27.202)    (27.202, 27.562)    (27.562, 27.692)    (27.692, 27.802)   
Token Types      : 0                   0                   0                   0                   0                   0                   0                   0                   0                   0                   0                   0                   0                   0                   0                  
turn_ids         : 0                   0                   0                   0                   0                   0                   0                   0                   0                   0                   0                   0                   0                   0                   0                  
turn_end_types   : 0                   0                   0                   0                   0                   0                   0                   0                   0                   0                   0                   0                   0                   0                   0                  
speaker_ids      : 0                   0                   0                   0                   0                   0                   0                   0                   0                   0                   0                   0                   0                   0                   0                  

B                : Ġnews               Ġchannels           Ġat                 Ġnight              Ġabout              Ġthey               Ġwere               Ġlike               Ġsecretly           Ġum                 Ġsuperv             ising               Ġpeople             Ġthat               Ġwere              
Timings          : (22.072, 22.322)    (22.322, 22.732)    (22.732, 22.852)    (22.852, 23.212)    (23.212, 23.534)    (24.031, 24.265)    (24.265, 24.462)    (24.462, 24.788)    (24.788, 25.632)    (25.632, 26.104)    (26.332, 26.767)    (26.767, 27.202)    (27.202, 27.562)    (27.562, 27.692)    (27.692, 27.802)   
Token Types      : 1                   1                   1                   1                   1                   1                   1                   1                   1                   1                   1                   1                   1                   1                   1                  
turn_ids         : 83547314454530      83547314454530      83547314454530      83547314454530      83547314454530      83547314454530      83547314454530      83547314454530      83547314454530      83547314454530      83547314454530      83547314454530      83547314454530      83547314454530      83547314454530     
turn_end_types   : 1                   1                   1                   1                   1                   1                   1                   1                   1                   1                   1                   1                   1                   1                   1                  
speaker_ids      : 2                   2                   2                   2                   2                   2                   2                   2                   2                   2                   2                   2                   2                   2                   2                  


A                : <emp>               <emp>               <emp>               <emp>               <emp>               <emp>               <emp>               <emp>               um                  hum                 <ebc>               <emp>               <emp>               <emp>               <emp>              
Timings          : (27.802, 28.072)    (28.072, 28.142)    (28.142, 28.242)    (28.242, 28.862)    (29.374, 29.835)    (29.835, 30.162)    (30.162, 30.722)    (30.722, 31.053)    (31.281, 31.601)    (31.601, 31.921)    (-1.0, -1.0)        (32.216, 32.606)    (32.606, 33.056)    (33.056, 33.31)     (33.31, 33.399)    
Token Types      : 0                   0                   0                   0                   0                   0                   0                   0                   3                   3                   3                   0                   0                   0                   0                  
turn_ids         : 0                   0                   0                   0                   0                   0                   0                   0                   83548925067265      83548925067265      83548925067265      0                   0                   0                   0                  
turn_end_types   : 0                   0                   0                   0                   0                   0                   0                   0                   0                   0                   0                   0                   0                   0                   0                  
speaker_ids      : 0                   0                   0                   0                   0                   0                   0                   0                   1                   1                   1                   0                   0                   0                   0                  

B                : Ġsupposed           Ġto                 Ġbe                 Ġworking            Ġfor                Ġa                  Ġcounty             Ġhere               <emp>               Ġand                Ġthey               Ġwere               Ġhired              Ġby                 Ġthe               
Timings          : (27.802, 28.072)    (28.072, 28.142)    (28.142, 28.242)    (28.242, 28.862)    (29.374, 29.835)    (29.835, 30.162)    (30.162, 30.722)    (30.722, 31.053)    (31.281, 31.601)    (31.746, 32.086)    (32.086, 32.216)    (32.216, 32.606)    (32.606, 33.056)    (33.056, 33.31)     (33.31, 33.399)    
Token Types      : 1                   1                   1                   1                   1                   1                   1                   1                   1                   1                   1                   1                   1                   1                   1                  
turn_ids         : 83547314454530      83547314454530      83547314454530      83547314454530      83547314454530      83547314454530      83547314454530      83547314454530      83547314454530      83547314454530      83547314454530      83547314454530      83547314454530      83547314454530      83547314454530     
turn_end_types   : 1                   1                   1                   1                   1                   1                   1                   1                   1                   1                   1                   1                   1                   1                   1                  
speaker_ids      : 2                   2                   2                   2                   2                   2                   2                   2                   2                   2                   2                   2                   2                   2                   2                  


A                : <emp>               <emp>               <emp>               <emp>               <emp>               <emp>               <emp>               <emp>               <emp>               <emp>               <emp>               Ġright              <ebc>               <emp>               <emp>              
Timings          : (33.399, 33.563)    (33.819, 34.126)    (34.126, 34.206)    (34.206, 34.326)    (34.326, 34.416)    (34.416, 34.626)    (34.626, 34.856)    (34.856, 35.006)    (35.006, 35.086)    (35.086, 35.506)    (35.506, 35.816)    (36.003, 36.43)     (-1.0, -1.0)        (36.882, 37.012)    (37.012, 37.117)   
Token Types      : 0                   0                   0                   0                   0                   0                   0                   0                   0                   0                   0                   3                   3                   0                   0                  
turn_ids         : 0                   0                   0                   0                   0                   0                   0                   0                   0                   0                   0                   83548925067266      83548925067266      0                   0                  
turn_end_types   : 0                   0                   0                   0                   0                   0                   0                   0                   0                   0                   0                   0                   0                   0                   0                  
speaker_ids      : 0                   0                   0                   0                   0                   0                   0                   0                   0                   0                   0                   1                   1                   0                   0                  

B                : Ġstate              Ġstate              Ġso                 Ġthey               Ġwere               Ġbeing              Ġpaid               Ġwith               Ġour                Ġtax                Ġmoney              <emp>               Ġand                Ġthey               Ġweren             
Timings          : (33.399, 33.563)    (33.819, 34.126)    (34.126, 34.206)    (34.206, 34.326)    (34.326, 34.416)    (34.416, 34.626)    (34.626, 34.856)    (34.856, 35.006)    (35.006, 35.086)    (35.086, 35.506)    (35.506, 35.816)    (36.003, 36.43)     (36.696, 36.882)    (36.882, 37.012)    (37.012, 37.117)   
Token Types      : 1                   1                   1                   1                   1                   1                   1                   1                   1                   1                   1                   1                   1                   1                   1                  
turn_ids         : 83547314454530      83547314454530      83547314454530      83547314454530      83547314454530      83547314454530      83547314454530      83547314454530      83547314454530      83547314454530      83547314454530      83547314454530      83547314454530      83547314454530      83547314454530     
turn_end_types   : 1                   1                   1                   1                   1                   1                   1                   1                   1                   1                   1                   1                   1                   1                   1                  
speaker_ids      : 2                   2                   2                   2                   2                   2                   2                   2                   2                   2                   2                   2                   2                   2                   2                  


A                : <emp>               <emp>               <emp>               <emp>               <emp>               <emp>               <emp>               <emp>               <emp>               <emp>               <emp>               <emp>               <emp>               <emp>               <emp>              
Timings          : (37.117, 37.222)    (37.222, 37.422)    (37.422, 37.652)    (37.652, 37.795)    (37.795, 38.261)    (38.627, 38.762)    (38.762, 38.902)    (38.902, 39.062)    (39.062, 39.382)    (39.382, 39.512)    (39.512, 39.722)    (39.722, 40.212)    (40.212, 40.402)    (40.402, 40.612)    (40.612, 40.781)   
Token Types      : 0                   0                   0                   0                   0                   0                   0                   0                   0                   0                   0                   0                   0                   0                   0                  
turn_ids         : 0                   0                   0                   0                   0                   0                   0                   0                   0                   0                   0                   0                   0                   0                   0                  
turn_end_types   : 0                   0                   0                   0                   0                   0                   0                   0                   0                   0                   0                   0                   0                   0                   0                  
speaker_ids      : 0                   0                   0                   0                   0                   0                   0                   0                   0                   0                   0                   0                   0                   0                   0                  

B                : 't                  Ġeven               Ġdoing              Ġthe                Ġjob                Ġthey               Ġwere               Ġout                Ġworking            Ġon                 Ġother              Ġsites              Ġnot                Ġdoing              Ġa                 
Timings          : (37.117, 37.222)    (37.222, 37.422)    (37.422, 37.652)    (37.652, 37.795)    (37.795, 38.261)    (38.627, 38.762)    (38.762, 38.902)    (38.902, 39.062)    (39.062, 39.382)    (39.382, 39.512)    (39.512, 39.722)    (39.722, 40.212)    (40.212, 40.402)    (40.402, 40.612)    (40.612, 40.781)   
Token Types      : 1                   1                   1                   1                   1                   1                   1                   1                   1                   1                   1                   1                   1                   1                   1                  
turn_ids         : 83547314454530      83547314454530      83547314454530      83547314454530      83547314454530      83547314454530      83547314454530      83547314454530      83547314454530      83547314454530      83547314454530      83547314454530      83547314454530      83547314454530      83547314454530     
turn_end_types   : 1                   1                   1                   1                   1                   1                   1                   1                   1                   1                   1                   1                   1                   1                   1                  
speaker_ids      : 2                   2                   2                   2                   2                   2                   2                   2                   2                   2                   2                   2                   2                   2                   2                  


A                : <emp>               <emp>               <emp>               <emp>               <emp>               <emp>               <emp>               <emp>               Ġwell               Ġi                  Ġi                  Ġthink              Ġwhat               's                  Ġhappened          
Timings          : (40.781, 41.152)    (41.152, 41.322)    (41.322, 41.472)    (41.472, 41.572)    (41.572, 41.662)    (41.662, 41.962)    (41.962, 42.042)    (42.042, 42.348)    (43.373, 43.498)    (43.498, 43.678)    (43.678, 43.808)    (43.808, 44.018)    (44.018, 44.158)    (44.158, 44.298)    (44.298, 44.698)   
Token Types      : 0                   0                   0                   0                   0                   0                   0                   0                   1                   1                   1                   1                   1                   1                   1                  
turn_ids         : 0                   0                   0                   0                   0                   0                   0                   0                   83546777583619      83546777583619      83546777583619      83546777583619      83546777583619      83546777583619      83546777583619     
turn_end_types   : 0                   0                   0                   0                   0                   0                   0                   0                   2                   2                   2                   2                   2                   2                   2                  
speaker_ids      : 0                   0                   0                   0                   0                   0                   0                   0                   1                   1                   1                   1                   1                   1                   1                  

B                : Ġthing              Ġon                 Ġwhat               Ġthey               Ġwere               Ġsupposed           Ġto                 Ġdo                 <eot>               <emp>               <emp>               <emp>               <emp>               <emp>               <emp>              
Timings          : (40.781, 41.152)    (41.152, 41.322)    (41.322, 41.472)    (41.472, 41.572)    (41.572, 41.662)    (41.662, 41.962)    (41.962, 42.042)    (42.042, 42.348)    (-1.0, -1.0)        (43.498, 43.678)    (43.678, 43.808)    (43.808, 44.018)    (44.018, 44.158)    (44.158, 44.298)    (44.298, 44.698)   
Token Types      : 1                   1                   1                   1                   1                   1                   1                   1                   1                   0                   0                   0                   0                   0                   0                  
turn_ids         : 83547314454530      83547314454530      83547314454530      83547314454530      83547314454530      83547314454530      83547314454530      83547314454530      83547314454530      0                   0                   0                   0                   0                   0                  
turn_end_types   : 1                   1                   1                   1                   1                   1                   1                   1                   1                   0                   0                   0                   0                   0                   0                  
speaker_ids      : 2                   2                   2                   2                   2                   2                   2                   2                   2                   0                   0                   0                   0                   0                   0                  


A                : Ġis                 Ġa                  Ġlot                Ġof                 Ġthese              Ġstate              Ġand                Ġcity               Ġjobs               Ġpeople             Ġfeel               Ġthat               Ġonce               Ġthey               Ġget               
Timings          : (44.698, 44.798)    (44.798, 44.868)    (44.868, 45.058)    (45.058, 45.178)    (45.178, 45.45)     (45.45, 46.038)     (46.038, 46.275)    (46.275, 46.478)    (46.478, 46.928)    (46.928, 47.228)    (47.228, 47.458)    (47.458, 47.669)    (48.072, 48.328)    (48.328, 48.478)    (48.478, 48.728)   
Token Types      : 1                   1                   1                   1                   1                   1                   1                   1                   1                   1                   1                   1                   1                   1                   1                  
turn_ids         : 83546777583619      83546777583619      83546777583619      83546777583619      83546777583619      83546777583619      83546777583619      83546777583619      83546777583619      83546777583619      83546777583619      83546777583619      83546777583619      83546777583619      83546777583619     
turn_end_types   : 2                   2                   2                   2                   2                   2                   2                   2                   2                   2                   2                   2                   2                   2                   2                  
speaker_ids      : 1                   1                   1                   1                   1                   1                   1                   1                   1                   1                   1                   1                   1                   1                   1                  

B                : <emp>               <emp>               <emp>               <emp>               <emp>               <emp>               <emp>               <emp>               <emp>               <emp>               <emp>               <emp>               <emp>               <emp>               <emp>              
Timings          : (44.698, 44.798)    (44.798, 44.868)    (44.868, 45.058)    (45.058, 45.178)    (45.178, 45.45)     (45.45, 46.038)     (46.038, 46.275)    (46.275, 46.478)    (46.478, 46.928)    (46.928, 47.228)    (47.228, 47.458)    (47.458, 47.669)    (48.072, 48.328)    (48.328, 48.478)    (48.478, 48.728)   
Token Types      : 0                   0                   0                   0                   0                   0                   0                   0                   0                   0                   0                   0                   0                   0                   0                  
turn_ids         : 0                   0                   0                   0                   0                   0                   0                   0                   0                   0                   0                   0                   0                   0                   0                  
turn_end_types   : 0                   0                   0                   0                   0                   0                   0                   0                   0                   0                   0                   0                   0                   0                   0                  
speaker_ids      : 0                   0                   0                   0                   0                   0                   0                   0                   0                   0                   0                   0                   0                   0                   0                  


A                : Ġthem               Ġthey               're                 Ġentitled           Ġto                 Ġthem               Ġfor                Ġlife               Ġand                Ġthey               Ġcan                Ġkind               Ġof                 Ġtake               Ġit                
Timings          : (48.728, 48.928)    (48.928, 48.998)    (48.998, 49.068)    (49.068, 49.518)    (49.518, 49.618)    (49.618, 49.758)    (49.758, 50.007)    (50.007, 50.418)    (50.418, 50.824)    (51.169, 51.396)    (51.396, 51.528)    (51.528, 51.718)    (51.718, 51.798)    (51.798, 52.068)    (52.068, 52.158)   
Token Types      : 1                   1                   1                   1                   1                   1                   1                   1                   1                   1                   1                   1                   1                   1                   1                  
turn_ids         : 83546777583619      83546777583619      83546777583619      83546777583619      83546777583619      83546777583619      83546777583619      83546777583619      83546777583619      83546777583619      83546777583619      83546777583619      83546777583619      83546777583619      83546777583619     
turn_end_types   : 2                   2                   2                   2                   2                   2                   2                   2                   2                   2                   2                   2                   2                   2                   2                  
speaker_ids      : 1                   1                   1                   1                   1                   1                   1                   1                   1                   1                   1                   1                   1                   1                   1                  

B                : <emp>               <emp>               <emp>               <emp>               <emp>               <emp>               <emp>               <emp>               <emp>               <emp>               <emp>               <emp>               <emp>               <emp>               <emp>              
Timings          : (48.728, 48.928)    (48.928, 48.998)    (48.998, 49.068)    (49.068, 49.518)    (49.518, 49.618)    (49.618, 49.758)    (49.758, 50.007)    (50.007, 50.418)    (50.418, 50.824)    (51.169, 51.396)    (51.396, 51.528)    (51.528, 51.718)    (51.718, 51.798)    (51.798, 52.068)    (52.068, 52.158)   
Token Types      : 0                   0                   0                   0                   0                   0                   0                   0                   0                   0                   0                   0                   0                   0                   0                  
turn_ids         : 0                   0                   0                   0                   0                   0                   0                   0                   0                   0                   0                   0                   0                   0                   0                  
turn_end_types   : 0                   0                   0                   0                   0                   0                   0                   0                   0                   0                   0                   0                   0                   0                   0                  
speaker_ids      : 0                   0                   0                   0                   0                   0                   0                   0                   0                   0                   0                   0                   0                   0                   0                  


A                : Ġeasy               Ġbecause            Ġthey               're                 Ġprotected          Ġby                 Ġtheir              Ġunions             Ġetc                eter                a                   <emp>               Ġuh                 Ġduring             Ġmy                
Timings          : (52.158, 52.468)    (52.468, 52.768)    (52.768, 52.828)    (52.828, 52.888)    (52.888, 53.611)    (53.611, 53.837)    (53.837, 53.958)    (53.958, 54.458)    (54.458, 54.703)    (54.703, 54.948)    (54.948, 55.194)    (55.335, 55.654)    (55.676, 55.898)    (56.053, 56.41)     (56.41, 56.52)     
Token Types      : 1                   1                   1                   1                   1                   1                   1                   1                   1                   1                   1                   1                   1                   1                   1                  
turn_ids         : 83546777583619      83546777583619      83546777583619      83546777583619      83546777583619      83546777583619      83546777583619      83546777583619      83546777583619      83546777583619      83546777583619      83546777583619      83546777583619      83546777583619      83546777583619     
turn_end_types   : 2                   2                   2                   2                   2                   2                   2                   2                   2                   2                   2                   2                   2                   2                   2                  
speaker_ids      : 1                   1                   1                   1                   1                   1                   1                   1                   1                   1                   1                   1                   1                   1                   1                  

B                : <emp>               <emp>               <emp>               <emp>               <emp>               <emp>               <emp>               <emp>               <emp>               <emp>               <emp>               right               <ebc>               <emp>               <emp>              
Timings          : (52.158, 52.468)    (52.468, 52.768)    (52.768, 52.828)    (52.828, 52.888)    (52.888, 53.611)    (53.611, 53.837)    (53.837, 53.958)    (53.958, 54.458)    (54.458, 54.703)    (54.703, 54.948)    (54.948, 55.194)    (55.335, 55.654)    (-1.0, -1.0)        (56.053, 56.41)     (56.41, 56.52)     
Token Types      : 0                   0                   0                   0                   0                   0                   0                   0                   0                   0                   0                   3                   3                   0                   0                  
turn_ids         : 0                   0                   0                   0                   0                   0                   0                   0                   0                   0                   0                   83549461938178      83549461938178      0                   0                  
turn_end_types   : 0                   0                   0                   0                   0                   0                   0                   0                   0                   0                   0                   0                   0                   0                   0                  
speaker_ids      : 0                   0                   0                   0                   0                   0                   0                   0                   0                   0                   0                   2                   2                   0                   0                  


A                : Ġcollege            Ġyears              Ġmy                 Ġmom                Ġworked             Ġfor                Ġthe                Ġstate              Ġand                Ġshe                Ġgot                Ġme                 Ġa                  Ġsummer             Ġjob               
Timings          : (56.52, 57.09)      (57.09, 57.47)      (57.47, 57.61)      (57.61, 57.95)      (57.95, 58.21)      (58.21, 58.32)      (58.32, 58.4)       (58.4, 58.83)       (58.83, 59.01)      (59.01, 59.12)      (59.12, 59.29)      (59.29, 59.4)       (59.4, 59.48)       (59.48, 59.75)      (59.75, 60.2)      
Token Types      : 1                   1                   1                   1                   1                   1                   1                   1                   1                   1                   1                   1                   1                   1                   1                  
turn_ids         : 83546777583619      83546777583619      83546777583619      83546777583619      83546777583619      83546777583619      83546777583619      83546777583619      83546777583619      83546777583619      83546777583619      83546777583619      83546777583619      83546777583619      83546777583619     
turn_end_types   : 2                   2                   2                   2                   2                   2                   2                   2                   2                   2                   2                   2                   2                   2                   2                  
speaker_ids      : 1                   1                   1                   1                   1                   1                   1                   1                   1                   1                   1                   1                   1                   1                   1                  

B                : <emp>               <emp>               <emp>               <emp>               <emp>               <emp>               <emp>               <emp>               <emp>               <emp>               <emp>               <emp>               <emp>               <emp>               <emp>              
Timings          : (56.52, 57.09)      (57.09, 57.47)      (57.47, 57.61)      (57.61, 57.95)      (57.95, 58.21)      (58.21, 58.32)      (58.32, 58.4)       (58.4, 58.83)       (58.83, 59.01)      (59.01, 59.12)      (59.12, 59.29)      (59.29, 59.4)       (59.4, 59.48)       (59.48, 59.75)      (59.75, 60.2)      
Token Types      : 0                   0                   0                   0                   0                   0                   0                   0                   0                   0                   0                   0                   0                   0                   0                  
turn_ids         : 0                   0                   0                   0                   0                   0                   0                   0                   0                   0                   0                   0                   0                   0                   0                  
turn_end_types   : 0                   0                   0                   0                   0                   0                   0                   0                   0                   0                   0                   0                   0                   0                   0                  
speaker_ids      : 0                   0                   0                   0                   0                   0                   0                   0                   0                   0                   0                   0                   0                   0                   0                  


A                : Ġand                Ġwhen               Ġi                  Ġcame               Ġin                 Ġi                  'm                  Ġi                  Ġwas                Ġjust               Ġa                  Ġlittle             Ġeager              Ġbe                 aver               
Timings          : (60.63, 60.72)      (60.72, 60.82)      (60.82, 60.91)      (60.91, 61.28)      (61.28, 61.63)      (61.63, 61.715)     (61.715, 61.8)      (61.8, 61.83)       (61.83, 62.07)      (62.07, 62.31)      (62.31, 62.36)      (62.36, 62.62)      (62.62, 62.87)      (62.87, 63.04)      (63.04, 63.21)     
Token Types      : 1                   1                   1                   1                   1                   1                   1                   1                   1                   1                   1                   1                   1                   1                   1                  
turn_ids         : 83546777583619      83546777583619      83546777583619      83546777583619      83546777583619      83546777583619      83546777583619      83546777583619      83546777583619      83546777583619      83546777583619      83546777583619      83546777583619      83546777583619      83546777583619     
turn_end_types   : 2                   2                   2                   2                   2                   2                   2                   2                   2                   2                   2                   2                   2                   2                   2                  
speaker_ids      : 1                   1                   1                   1                   1                   1                   1                   1                   1                   1                   1                   1                   1                   1                   1                  

B                : <emp>               <emp>               <emp>               <emp>               <emp>               <emp>               <emp>               <emp>               <emp>               <emp>               <emp>               <emp>               <emp>               <emp>               <emp>              
Timings          : (60.63, 60.72)      (60.72, 60.82)      (60.82, 60.91)      (60.91, 61.28)      (61.28, 61.63)      (61.63, 61.715)     (61.715, 61.8)      (61.8, 61.83)       (61.83, 62.07)      (62.07, 62.31)      (62.31, 62.36)      (62.36, 62.62)      (62.62, 62.87)      (62.87, 63.04)      (63.04, 63.21)     
Token Types      : 0                   0                   0                   0                   0                   0                   0                   0                   0                   0                   0                   0                   0                   0                   0                  
turn_ids         : 0                   0                   0                   0                   0                   0                   0                   0                   0                   0                   0                   0                   0                   0                   0                  
turn_end_types   : 0                   0                   0                   0                   0                   0                   0                   0                   0                   0                   0                   0                   0                   0                   0                  
speaker_ids      : 0                   0                   0                   0                   0                   0                   0                   0                   0                   0                   0                   0                   0                   0                   0                  


A                : Ġand                Ġi                  Ġwent               Ġthrough            Ġwhatever           Ġwork               Ġthey               Ġgave               Ġme                 Ġand                Ġi                  Ġfound              Ġpeople             Ġsitting            Ġaround            
Timings          : (63.21, 63.32)      (63.32, 63.36)      (63.36, 63.57)      (63.57, 63.69)      (63.69, 64.03)      (64.03, 64.31)      (64.31, 64.41)      (64.41, 64.74)      (64.74, 65.06)      (65.475, 65.517)    (65.517, 65.604)    (65.604, 65.87)     (65.87, 66.125)     (66.125, 66.375)    (66.375, 66.605)   
Token Types      : 1                   1                   1                   1                   1                   1                   1                   1                   1                   1                   1                   1                   1                   1                   1                  
turn_ids         : 83546777583619      83546777583619      83546777583619      83546777583619      83546777583619      83546777583619      83546777583619      83546777583619      83546777583619      83546777583619      83546777583619      83546777583619      83546777583619      83546777583619      83546777583619     
turn_end_types   : 2                   2                   2                   2                   2                   2                   2                   2                   2                   2                   2                   2                   2                   2                   2                  
speaker_ids      : 1                   1                   1                   1                   1                   1                   1                   1                   1                   1                   1                   1                   1                   1                   1                  

B                : <emp>               <emp>               <emp>               <emp>               <emp>               <emp>               <emp>               <emp>               <emp>               <emp>               <emp>               <emp>               <emp>               <emp>               <emp>              
Timings          : (63.21, 63.32)      (63.32, 63.36)      (63.36, 63.57)      (63.57, 63.69)      (63.69, 64.03)      (64.03, 64.31)      (64.31, 64.41)      (64.41, 64.74)      (64.74, 65.06)      (65.475, 65.517)    (65.517, 65.604)    (65.604, 65.87)     (65.87, 66.125)     (66.125, 66.375)    (66.375, 66.605)   
Token Types      : 0                   0                   0                   0                   0                   0                   0                   0                   0                   0                   0                   0                   0                   0                   0                  
turn_ids         : 0                   0                   0                   0                   0                   0                   0                   0                   0                   0                   0                   0                   0                   0                   0                  
turn_end_types   : 0                   0                   0                   0                   0                   0                   0                   0                   0                   0                   0                   0                   0                   0                   0                  
speaker_ids      : 0                   0                   0                   0                   0                   0                   0                   0                   0                   0                   0                   0                   0                   0                   0                  


A                : Ġme                 Ġpol                ishing              Ġtheir              Ġnails              Ġand                Ġthey               Ġwere               Ġdownright          Ġdisgusted          Ġwith               Ġme                 Ġbecause            Ġi                  Ġwas               
Timings          : (66.605, 66.735)    (66.735, 67.05)     (67.05, 67.365)     (67.365, 67.495)    (67.495, 68.169)    (68.169, 68.396)    (68.788, 68.908)    (68.908, 69.061)    (69.061, 69.441)    (69.441, 69.97)     (69.97, 70.13)      (70.13, 70.29)      (70.29, 70.6)       (70.6, 70.72)       (70.72, 70.86)     
Token Types      : 1                   1                   1                   1                   1                   1                   1                   1                   1                   1                   1                   1                   1                   1                   1                  
turn_ids         : 83546777583619      83546777583619      83546777583619      83546777583619      83546777583619      83546777583619      83546777583619      83546777583619      83546777583619      83546777583619      83546777583619      83546777583619      83546777583619      83546777583619      83546777583619     
turn_end_types   : 2                   2                   2                   2                   2                   2                   2                   2                   2                   2                   2                   2                   2                   2                   2                  
speaker_ids      : 1                   1                   1                   1                   1                   1                   1                   1                   1                   1                   1                   1                   1                   1                   1                  

B                : <emp>               <emp>               <emp>               <emp>               <emp>               <emp>               <emp>               <emp>               <emp>               <emp>               <emp>               <emp>               <emp>               <emp>               <emp>              
Timings          : (66.605, 66.735)    (66.735, 67.05)     (67.05, 67.365)     (67.365, 67.495)    (67.495, 68.169)    (68.169, 68.396)    (68.788, 68.908)    (68.908, 69.061)    (69.061, 69.441)    (69.441, 69.97)     (69.97, 70.13)      (70.13, 70.29)      (70.29, 70.6)       (70.6, 70.72)       (70.72, 70.86)     
Token Types      : 0                   0                   0                   0                   0                   0                   0                   0                   0                   0                   0                   0                   0                   0                   0                  
turn_ids         : 0                   0                   0                   0                   0                   0                   0                   0                   0                   0                   0                   0                   0                   0                   0                  
turn_end_types   : 0                   0                   0                   0                   0                   0                   0                   0                   0                   0                   0                   0                   0                   0                   0                  
speaker_ids      : 0                   0                   0                   0                   0                   0                   0                   0                   0                   0                   0                   0                   0                   0                   0                  


A                : Ġgoing              Ġto                 Ġcome               Ġand                Ġgo                 Ġbut                Ġthey               Ġwere               Ġgoing              Ġto                 Ġlive               Ġthere              Ġand                Ġthey               Ġdidn              
Timings          : (70.86, 71.0)       (71.0, 71.06)       (71.06, 71.35)      (71.35, 71.5)       (71.5, 71.83)       (71.83, 72.01)      (72.01, 72.15)      (72.15, 72.26)      (72.26, 72.42)      (72.42, 72.5)       (72.5, 72.77)       (72.77, 73.165)     (73.507, 73.73)     (73.73, 73.81)      (73.81, 73.955)    
Token Types      : 1                   1                   1                   1                   1                   1                   1                   1                   1                   1                   1                   1                   1                   1                   1                  
turn_ids         : 83546777583619      83546777583619      83546777583619      83546777583619      83546777583619      83546777583619      83546777583619      83546777583619      83546777583619      83546777583619      83546777583619      83546777583619      83546777583619      83546777583619      83546777583619     
turn_end_types   : 2                   2                   2                   2                   2                   2                   2                   2                   2                   2                   2                   2                   2                   2                   2                  
speaker_ids      : 1                   1                   1                   1                   1                   1                   1                   1                   1                   1                   1                   1                   1                   1                   1                  

B                : <emp>               <emp>               <emp>               <emp>               <emp>               <emp>               <emp>               <emp>               <emp>               <emp>               <emp>               <emp>               <emp>               <emp>               <emp>              
Timings          : (70.86, 71.0)       (71.0, 71.06)       (71.06, 71.35)      (71.35, 71.5)       (71.5, 71.83)       (71.83, 72.01)      (72.01, 72.15)      (72.15, 72.26)      (72.26, 72.42)      (72.42, 72.5)       (72.5, 72.77)       (72.77, 73.165)     (73.507, 73.73)     (73.73, 73.81)      (73.81, 73.955)    
Token Types      : 0                   0                   0                   0                   0                   0                   0                   0                   0                   0                   0                   0                   0                   0                   0                  
turn_ids         : 0                   0                   0                   0                   0                   0                   0                   0                   0                   0                   0                   0                   0                   0                   0                  
turn_end_types   : 0                   0                   0                   0                   0                   0                   0                   0                   0                   0                   0                   0                   0                   0                   0                  
speaker_ids      : 0                   0                   0                   0                   0                   0                   0                   0                   0                   0                   0                   0                   0                   0                   0                  


A                : 't                  Ġlike               Ġme                 Ġyou                Ġknow               Ġshowing            Ġthem               Ġup                 Ġand                Ġfinishing          Ġstuff              Ġso                 Ġwhat               Ġthey               Ġdid               
Timings          : (73.955, 74.1)      (74.1, 74.558)      (74.558, 74.99)     (74.99, 75.12)      (75.12, 75.24)      (75.24, 75.6)       (75.6, 75.73)       (75.73, 75.92)      (75.92, 76.04)      (76.04, 76.54)      (76.54, 76.88)      (76.88, 77.06)      (77.06, 77.21)      (77.21, 77.36)      (77.36, 77.55)     
Token Types      : 1                   1                   1                   1                   1                   1                   1                   1                   1                   1                   1                   1                   1                   1                   1                  
turn_ids         : 83546777583619      83546777583619      83546777583619      83546777583619      83546777583619      83546777583619      83546777583619      83546777583619      83546777583619      83546777583619      83546777583619      83546777583619      83546777583619      83546777583619      83546777583619     
turn_end_types   : 2                   2                   2                   2                   2                   2                   2                   2                   2                   2                   2                   2                   2                   2                   2                  
speaker_ids      : 1                   1                   1                   1                   1                   1                   1                   1                   1                   1                   1                   1                   1                   1                   1                  

B                : <emp>               <emp>               <emp>               <emp>               <emp>               <emp>               <emp>               <emp>               <emp>               <emp>               <emp>               <emp>               <emp>               <emp>               <emp>              
Timings          : (73.955, 74.1)      (74.1, 74.558)      (74.558, 74.99)     (74.99, 75.12)      (75.12, 75.24)      (75.24, 75.6)       (75.6, 75.73)       (75.73, 75.92)      (75.92, 76.04)      (76.04, 76.54)      (76.54, 76.88)      (76.88, 77.06)      (77.06, 77.21)      (77.21, 77.36)      (77.36, 77.55)     
Token Types      : 0                   0                   0                   0                   0                   0                   0                   0                   0                   0                   0                   0                   0                   0                   0                  
turn_ids         : 0                   0                   0                   0                   0                   0                   0                   0                   0                   0                   0                   0                   0                   0                   0                  
turn_end_types   : 0                   0                   0                   0                   0                   0                   0                   0                   0                   0                   0                   0                   0                   0                   0                  
speaker_ids      : 0                   0                   0                   0                   0                   0                   0                   0                   0                   0                   0                   0                   0                   0                   0                  


A                : Ġwas                Ġgive               Ġme                 Ġworse              Ġand                Ġworse              Ġand                Ġugly               Ġand                Ġu                  g                   lier                Ġthings             Ġto                 Ġdo                
Timings          : (77.55, 77.7)       (77.7, 77.84)       (77.84, 78.048)     (78.466, 78.77)     (78.77, 78.92)      (78.92, 79.18)      (79.18, 79.3)       (79.3, 79.58)       (79.58, 79.79)      (79.79, 79.91)      (79.91, 80.03)      (80.03, 80.15)      (80.15, 80.53)      (80.53, 80.69)      (80.69, 81.273)    
Token Types      : 1                   1                   1                   1                   1                   1                   1                   1                   1                   1                   1                   1                   1                   1                   1                  
turn_ids         : 83546777583619      83546777583619      83546777583619      83546777583619      83546777583619      83546777583619      83546777583619      83546777583619      83546777583619      83546777583619      83546777583619      83546777583619      83546777583619      83546777583619      83546777583619     
turn_end_types   : 2                   2                   2                   2                   2                   2                   2                   2                   2                   2                   2                   2                   2                   2                   2                  
speaker_ids      : 1                   1                   1                   1                   1                   1                   1                   1                   1                   1                   1                   1                   1                   1                   1                  

B                : <emp>               <emp>               <emp>               <emp>               <emp>               <emp>               <emp>               <emp>               <emp>               <emp>               <emp>               <emp>               <emp>               <emp>               <emp>              
Timings          : (77.55, 77.7)       (77.7, 77.84)       (77.84, 78.048)     (78.466, 78.77)     (78.77, 78.92)      (78.92, 79.18)      (79.18, 79.3)       (79.3, 79.58)       (79.58, 79.79)      (79.79, 79.91)      (79.91, 80.03)      (80.03, 80.15)      (80.15, 80.53)      (80.53, 80.69)      (80.69, 81.273)    
Token Types      : 0                   0                   0                   0                   0                   0                   0                   0                   0                   0                   0                   0                   0                   0                   0                  
turn_ids         : 0                   0                   0                   0                   0                   0                   0                   0                   0                   0                   0                   0                   0                   0                   0                  
turn_end_types   : 0                   0                   0                   0                   0                   0                   0                   0                   0                   0                   0                   0                   0                   0                   0                  
speaker_ids      : 0                   0                   0                   0                   0                   0                   0                   0                   0                   0                   0                   0                   0                   0                   0                  


A                : Ġso                 Ġi                  Ġwould              Ġjust               Ġback               Ġoff                Ġbut                Ġand                Ġyou                Ġknow               Ġthat               's                  Ġwhat               Ġit                 Ġseemed            
Timings          : (81.682, 81.877)    (81.877, 81.987)    (81.987, 82.137)    (82.137, 82.347)    (82.347, 82.637)    (82.637, 83.261)    (83.509, 84.013)    (84.216, 84.417)    (84.417, 84.537)    (84.537, 84.617)    (84.617, 84.727)    (84.727, 84.837)    (84.837, 84.927)    (84.927, 85.08)     (85.08, 85.347)    
Token Types      : 1                   1                   1                   1                   1                   1                   1                   1                   1                   1                   1                   1                   1                   1                   1                  
turn_ids         : 83546777583619      83546777583619      83546777583619      83546777583619      83546777583619      83546777583619      83546777583619      83546777583619      83546777583619      83546777583619      83546777583619      83546777583619      83546777583619      83546777583619      83546777583619     
turn_end_types   : 2                   2                   2                   2                   2                   2                   2                   2                   2                   2                   2                   2                   2                   2                   2                  
speaker_ids      : 1                   1                   1                   1                   1                   1                   1                   1                   1                   1                   1                   1                   1                   1                   1                  

B                : <emp>               <emp>               <emp>               <emp>               <emp>               <emp>               Ġright              <ebc>               <emp>               <emp>               <emp>               <emp>               <emp>               <emp>               <emp>              
Timings          : (81.682, 81.877)    (81.877, 81.987)    (81.987, 82.137)    (82.137, 82.347)    (82.347, 82.637)    (82.637, 83.261)    (83.464, 84.313)    (-1.0, -1.0)        (84.417, 84.537)    (84.537, 84.617)    (84.617, 84.727)    (84.727, 84.837)    (84.837, 84.927)    (84.927, 85.08)     (85.08, 85.347)    
Token Types      : 0                   0                   0                   0                   0                   0                   3                   3                   0                   0                   0                   0                   0                   0                   0                  
turn_ids         : 0                   0                   0                   0                   0                   0                   83549461938179      83549461938179      0                   0                   0                   0                   0                   0                   0                  
turn_end_types   : 0                   0                   0                   0                   0                   0                   0                   0                   0                   0                   0                   0                   0                   0                   0                  
speaker_ids      : 0                   0                   0                   0                   0                   0                   2                   2                   0                   0                   0                   0                   0                   0                   0                  


A                : Ġlike               Ġfrom               Ġthe                Ġinside             Ġum                 Ġit                 's                  Ġnot                Ġthat               Ġno                 Ġone                Ġworks              Ġi                  Ġthink              Ġwhat              
Timings          : (85.347, 85.507)    (85.507, 85.637)    (85.637, 85.697)    (85.697, 86.182)    (86.577, 86.824)    (86.824, 86.93)     (86.93, 87.037)     (87.037, 87.267)    (87.267, 87.408)    (87.408, 87.677)    (87.677, 87.957)    (87.957, 88.357)    (88.357, 88.457)    (88.457, 88.687)    (88.687, 88.807)   
Token Types      : 1                   1                   1                   1                   1                   1                   1                   1                   1                   1                   1                   1                   1                   1                   1                  
turn_ids         : 83546777583619      83546777583619      83546777583619      83546777583619      83546777583619      83546777583619      83546777583619      83546777583619      83546777583619      83546777583619      83546777583619      83546777583619      83546777583619      83546777583619      83546777583619     
turn_end_types   : 2                   2                   2                   2                   2                   2                   2                   2                   2                   2                   2                   2                   2                   2                   2                  
speaker_ids      : 1                   1                   1                   1                   1                   1                   1                   1                   1                   1                   1                   1                   1                   1                   1                  

B                : <emp>               <emp>               <emp>               <emp>               <emp>               <emp>               <emp>               <emp>               <emp>               <emp>               <emp>               <emp>               <emp>               <emp>               <emp>              
Timings          : (85.347, 85.507)    (85.507, 85.637)    (85.637, 85.697)    (85.697, 86.182)    (86.577, 86.824)    (86.824, 86.93)     (86.93, 87.037)     (87.037, 87.267)    (87.267, 87.408)    (87.408, 87.677)    (87.677, 87.957)    (87.957, 88.357)    (88.357, 88.457)    (88.457, 88.687)    (88.687, 88.807)   
Token Types      : 0                   0                   0                   0                   0                   0                   0                   0                   0                   0                   0                   0                   0                   0                   0                  
turn_ids         : 0                   0                   0                   0                   0                   0                   0                   0                   0                   0                   0                   0                   0                   0                   0                  
turn_end_types   : 0                   0                   0                   0                   0                   0                   0                   0                   0                   0                   0                   0                   0                   0                   0                  
speaker_ids      : 0                   0                   0                   0                   0                   0                   0                   0                   0                   0                   0                   0                   0                   0                   0                  


A                : Ġhappens            Ġis                 Ġit                 's                  Ġa                  Ġpersonality        Ġthing              Ġand                Ġthose              Ġwho                Ġjust               Ġlike               Ġto                 Ġdo                 Ġa                 
Timings          : (88.807, 89.207)    (89.207, 89.437)    (89.437, 89.527)    (89.527, 89.617)    (89.617, 89.667)    (89.667, 90.417)    (90.417, 90.637)    (90.637, 90.797)    (90.797, 91.067)    (91.067, 91.217)    (91.217, 91.447)    (91.447, 91.637)    (91.637, 91.757)    (91.757, 91.897)    (91.897, 91.997)   
Token Types      : 1                   1                   1                   1                   1                   1                   1                   1                   1                   1                   1                   1                   1                   1                   1                  
turn_ids         : 83546777583619      83546777583619      83546777583619      83546777583619      83546777583619      83546777583619      83546777583619      83546777583619      83546777583619      83546777583619      83546777583619      83546777583619      83546777583619      83546777583619      83546777583619     
turn_end_types   : 2                   2                   2                   2                   2                   2                   2                   2                   2                   2                   2                   2                   2                   2                   2                  
speaker_ids      : 1                   1                   1                   1                   1                   1                   1                   1                   1                   1                   1                   1                   1                   1                   1                  

B                : <emp>               <emp>               <emp>               <emp>               <emp>               <emp>               <emp>               <emp>               <emp>               <emp>               <emp>               <emp>               <emp>               <emp>               <emp>              
Timings          : (88.807, 89.207)    (89.207, 89.437)    (89.437, 89.527)    (89.527, 89.617)    (89.617, 89.667)    (89.667, 90.417)    (90.417, 90.637)    (90.637, 90.797)    (90.797, 91.067)    (91.067, 91.217)    (91.217, 91.447)    (91.447, 91.637)    (91.637, 91.757)    (91.757, 91.897)    (91.897, 91.997)   
Token Types      : 0                   0                   0                   0                   0                   0                   0                   0                   0                   0                   0                   0                   0                   0                   0                  
turn_ids         : 0                   0                   0                   0                   0                   0                   0                   0                   0                   0                   0                   0                   0                   0                   0                  
turn_end_types   : 0                   0                   0                   0                   0                   0                   0                   0                   0                   0                   0                   0                   0                   0                   0                  
speaker_ids      : 0                   0                   0                   0                   0                   0                   0                   0                   0                   0                   0                   0                   0                   0                   0                  


A                : Ġjob                Ġwell               Ġdone               Ġget                Ġto                 Ġdo                 Ġthe                Ġwork               Ġfor                Ġthree              Ġor                 Ġfour               Ġfreel              oad                 ers                
Timings          : (91.997, 92.307)    (92.307, 92.487)    (92.487, 92.866)    (93.19, 93.337)     (93.337, 93.437)    (93.437, 93.587)    (93.587, 93.657)    (93.657, 93.947)    (93.947, 94.047)    (94.047, 94.277)    (94.277, 94.357)    (94.357, 94.537)    (94.537, 94.792)    (94.792, 95.047)    (95.047, 95.301)   
Token Types      : 1                   1                   1                   1                   1                   1                   1                   1                   1                   1                   1                   1                   1                   1                   1                  
turn_ids         : 83546777583619      83546777583619      83546777583619      83546777583619      83546777583619      83546777583619      83546777583619      83546777583619      83546777583619      83546777583619      83546777583619      83546777583619      83546777583619      83546777583619      83546777583619     
turn_end_types   : 2                   2                   2                   2                   2                   2                   2                   2                   2                   2                   2                   2                   2                   2                   2                  
speaker_ids      : 1                   1                   1                   1                   1                   1                   1                   1                   1                   1                   1                   1                   1                   1                   1                  

B                : <emp>               <emp>               <emp>               <emp>               <emp>               <emp>               <emp>               <emp>               <emp>               <emp>               <emp>               <emp>               <emp>               <emp>               <emp>              
Timings          : (91.997, 92.307)    (92.307, 92.487)    (92.487, 92.866)    (93.19, 93.337)     (93.337, 93.437)    (93.437, 93.587)    (93.587, 93.657)    (93.657, 93.947)    (93.947, 94.047)    (94.047, 94.277)    (94.277, 94.357)    (94.357, 94.537)    (94.537, 94.792)    (94.792, 95.047)    (95.047, 95.301)   
Token Types      : 0                   0                   0                   0                   0                   0                   0                   0                   0                   0                   0                   0                   0                   0                   0                  
turn_ids         : 0                   0                   0                   0                   0                   0                   0                   0                   0                   0                   0                   0                   0                   0                   0                  
turn_end_types   : 0                   0                   0                   0                   0                   0                   0                   0                   0                   0                   0                   0                   0                   0                   0                  
speaker_ids      : 0                   0                   0                   0                   0                   0                   0                   0                   0                   0                   0                   0                   0                   0                   0                  


A                : <emp>               Ġwho                Ġdon                't                  Ġdo                 Ġit                 Ġi                  Ġthink              Ġi                  Ġi                  Ġyou                Ġknow               Ġi                  Ġthink              Ġit                
Timings          : (95.811, 96.095)    (96.194, 96.311)    (96.311, 96.426)    (96.426, 96.542)    (96.542, 96.672)    (96.672, 96.792)    (96.792, 96.892)    (96.892, 96.952)    (96.952, 97.032)    (97.032, 97.072)    (97.072, 97.272)    (97.272, 97.342)    (97.342, 97.462)    (97.462, 97.652)    (97.652, 97.717)   
Token Types      : 1                   1                   1                   1                   1                   1                   1                   1                   1                   1                   1                   1                   1                   1                   1                  
turn_ids         : 83546777583619      83546777583619      83546777583619      83546777583619      83546777583619      83546777583619      83546777583619      83546777583619      83546777583619      83546777583619      83546777583619      83546777583619      83546777583619      83546777583619      83546777583619     
turn_end_types   : 2                   2                   2                   2                   2                   2                   2                   2                   2                   2                   2                   2                   2                   2                   2                  
speaker_ids      : 1                   1                   1                   1                   1                   1                   1                   1                   1                   1                   1                   1                   1                   1                   1                  

B                : Ġyeah               <ebc>               <emp>               <emp>               <emp>               <emp>               <emp>               <emp>               <emp>               <emp>               <emp>               <emp>               <emp>               <emp>               <emp>              
Timings          : (95.811, 96.095)    (-1.0, -1.0)        (96.311, 96.426)    (96.426, 96.542)    (96.542, 96.672)    (96.672, 96.792)    (96.792, 96.892)    (96.892, 96.952)    (96.952, 97.032)    (97.032, 97.072)    (97.072, 97.272)    (97.272, 97.342)    (97.342, 97.462)    (97.462, 97.652)    (97.652, 97.717)   
Token Types      : 3                   3                   0                   0                   0                   0                   0                   0                   0                   0                   0                   0                   0                   0                   0                  
turn_ids         : 83549461938180      83549461938180      0                   0                   0                   0                   0                   0                   0                   0                   0                   0                   0                   0                   0                  
turn_end_types   : 0                   0                   0                   0                   0                   0                   0                   0                   0                   0                   0                   0                   0                   0                   0                  
speaker_ids      : 2                   2                   0                   0                   0                   0                   0                   0                   0                   0                   0                   0                   0                   0                   0                  


A                : 's                  Ġa                  Ġcross              Ġsection            Ġof                 Ġhumanity           Ġit                 's                  Ġnot                Ġso                 Ġmuch               Ġall                Ġstate              Ġworkers            Ġi                 
Timings          : (97.717, 97.782)    (97.782, 97.832)    (97.832, 98.092)    (98.092, 98.422)    (98.422, 98.512)    (98.512, 99.172)    (99.172, 99.252)    (99.252, 99.332)    (99.332, 99.582)    (99.582, 99.782)    (99.782, 100.31)    (100.559, 100.822)  (100.822, 101.192)  (101.192, 101.642)  (101.642, 101.692) 
Token Types      : 1                   1                   1                   1                   1                   1                   1                   1                   1                   1                   1                   1                   1                   1                   1                  
turn_ids         : 83546777583619      83546777583619      83546777583619      83546777583619      83546777583619      83546777583619      83546777583619      83546777583619      83546777583619      83546777583619      83546777583619      83546777583619      83546777583619      83546777583619      83546777583619     
turn_end_types   : 2                   2                   2                   2                   2                   2                   2                   2                   2                   2                   2                   2                   2                   2                   2                  
speaker_ids      : 1                   1                   1                   1                   1                   1                   1                   1                   1                   1                   1                   1                   1                   1                   1                  

B                : <emp>               <emp>               <emp>               <emp>               <emp>               <emp>               <emp>               <emp>               <emp>               <emp>               <emp>               <emp>               <emp>               <emp>               <emp>              
Timings          : (97.717, 97.782)    (97.782, 97.832)    (97.832, 98.092)    (98.092, 98.422)    (98.422, 98.512)    (98.512, 99.172)    (99.172, 99.252)    (99.252, 99.332)    (99.332, 99.582)    (99.582, 99.782)    (99.782, 100.31)    (100.559, 100.822)  (100.822, 101.192)  (101.192, 101.642)  (101.642, 101.692) 
Token Types      : 0                   0                   0                   0                   0                   0                   0                   0                   0                   0                   0                   0                   0                   0                   0                  
turn_ids         : 0                   0                   0                   0                   0                   0                   0                   0                   0                   0                   0                   0                   0                   0                   0                  
turn_end_types   : 0                   0                   0                   0                   0                   0                   0                   0                   0                   0                   0                   0                   0                   0                   0                  
speaker_ids      : 0                   0                   0                   0                   0                   0                   0                   0                   0                   0                   0                   0                   0                   0                   0                  


A                : Ġmean               Ġit                 's                  Ġhard               Ġto                 Ġgeneral            ize                 Ġlike               Ġthat               <yield>             <emp>               <emp>               <emp>               <emp>               <emp>              
Timings          : (101.692, 101.862)  (101.862, 101.922)  (101.922, 101.982)  (101.982, 102.162)  (102.162, 102.282)  (102.282, 102.592)  (102.592, 102.902)  (102.902, 103.134)  (103.134, 103.829)  (-1.0, -1.0)        (103.655, 103.905)  (103.905, 104.005)  (104.005, 104.115)  (104.115, 104.285)  (104.285, 104.575) 
Token Types      : 1                   1                   1                   1                   1                   1                   1                   1                   1                   1                   0                   0                   0                   0                   0                  
turn_ids         : 83546777583619      83546777583619      83546777583619      83546777583619      83546777583619      83546777583619      83546777583619      83546777583619      83546777583619      83546777583619      0                   0                   0                   0                   0                  
turn_end_types   : 2                   2                   2                   2                   2                   2                   2                   2                   2                   2                   0                   0                   0                   0                   0                  
speaker_ids      : 1                   1                   1                   1                   1                   1                   1                   1                   1                   1                   0                   0                   0                   0                   0                  

B                : <emp>               <emp>               <emp>               <emp>               <emp>               <emp>               <emp>               <emp>               Ġyeah               Ġi                  Ġthink              Ġthat               Ġwe                 Ġpay                Ġenough            
Timings          : (101.692, 101.862)  (101.862, 101.922)  (101.922, 101.982)  (101.982, 102.162)  (102.162, 102.282)  (102.282, 102.592)  (102.592, 102.902)  (102.902, 103.134)  (103.357, 103.505)  (103.505, 103.655)  (103.655, 103.905)  (103.905, 104.005)  (104.005, 104.115)  (104.115, 104.285)  (104.285, 104.575) 
Token Types      : 0                   0                   0                   0                   0                   0                   0                   0                   4                   4                   4                   4                   4                   4                   4                  
turn_ids         : 0                   0                   0                   0                   0                   0                   0                   0                   83550535680004      83550535680004      83550535680004      83550535680004      83550535680004      83550535680004      83550535680004     
turn_end_types   : 0                   0                   0                   0                   0                   0                   0                   0                   1                   1                   1                   1                   1                   1                   1                  
speaker_ids      : 0                   0                   0                   0                   0                   0                   0                   0                   2                   2                   2                   2                   2                   2                   2                  


A                : <emp>               <emp>               <emp>               <emp>               <emp>               <emp>               <emp>               <emp>               <emp>               <emp>               <emp>               <emp>               <emp>               <emp>               <emp>              
Timings          : (104.575, 105.085)  (105.085, 105.215)  (105.215, 105.295)  (105.295, 105.535)  (105.535, 105.665)  (105.665, 105.975)  (105.975, 106.215)  (106.215, 106.755)  (106.755, 106.935)  (106.935, 107.155)  (107.155, 107.632)  (107.632, 107.745)  (107.745, 107.985)  (107.985, 108.155)  (108.155, 108.555) 
Token Types      : 0                   0                   0                   0                   0                   0                   0                   0                   0                   0                   0                   0                   0                   0                   0                  
turn_ids         : 0                   0                   0                   0                   0                   0                   0                   0                   0                   0                   0                   0                   0                   0                   0                  
turn_end_types   : 0                   0                   0                   0                   0                   0                   0                   0                   0                   0                   0                   0                   0                   0                   0                  
speaker_ids      : 0                   0                   0                   0                   0                   0                   0                   0                   0                   0                   0                   0                   0                   0                   0                  

B                : Ġtaxes              Ġand                Ġi                  Ġthink              Ġthat               Ġif                 Ġif                 Ġeverybody          Ġwould              Ġbe                 Ġhonest             Ġwith               Ġhow                Ġthey               Ġdealt             
Timings          : (104.575, 105.085)  (105.085, 105.215)  (105.215, 105.295)  (105.295, 105.535)  (105.535, 105.665)  (105.665, 105.975)  (105.975, 106.215)  (106.215, 106.755)  (106.755, 106.935)  (106.935, 107.155)  (107.155, 107.632)  (107.632, 107.745)  (107.745, 107.985)  (107.985, 108.155)  (108.155, 108.555) 
Token Types      : 4                   4                   4                   4                   4                   4                   4                   4                   4                   4                   4                   4                   4                   4                   4                  
turn_ids         : 83550535680004      83550535680004      83550535680004      83550535680004      83550535680004      83550535680004      83550535680004      83550535680004      83550535680004      83550535680004      83550535680004      83550535680004      83550535680004      83550535680004      83550535680004     
turn_end_types   : 1                   1                   1                   1                   1                   1                   1                   1                   1                   1                   1                   1                   1                   1                   1                  
speaker_ids      : 2                   2                   2                   2                   2                   2                   2                   2                   2                   2                   2                   2                   2                   2                   2                  


A                : <emp>               <emp>               <emp>               <emp>               <emp>               <emp>               <emp>               <emp>               <emp>               <emp>               <emp>               <emp>               <emp>               <emp>               <emp>              
Timings          : (108.555, 108.702)  (108.702, 108.815)  (108.815, 109.185)  (109.185, 109.57)   (110.098, 110.285)  (110.285, 110.385)  (110.385, 110.575)  (110.575, 110.975)  (110.975, 111.235)  (111.235, 111.432)  (111.432, 111.948)  (111.948, 112.595)  (112.78, 113.489)   (113.531, 113.972)  (115.472, 115.792) 
Token Types      : 0                   0                   0                   0                   0                   0                   0                   0                   0                   0                   0                   0                   0                   0                   0                  
turn_ids         : 0                   0                   0                   0                   0                   0                   0                   0                   0                   0                   0                   0                   0                   0                   0                  
turn_end_types   : 0                   0                   0                   0                   0                   0                   0                   0                   0                   0                   0                   0                   0                   0                   0                  
speaker_ids      : 0                   0                   0                   0                   0                   0                   0                   0                   0                   0                   0                   0                   0                   0                   0                  

B                : Ġwith               Ġthe                Ġtax                Ġmoney              Ġif                 Ġwe                 Ġcould              Ġsomehow            Ġget                Ġthe                Ġsame               Ġum                 Ġability            Ġto                 Ġget               
Timings          : (108.555, 108.702)  (108.702, 108.815)  (108.815, 109.185)  (109.185, 109.57)   (110.098, 110.285)  (110.285, 110.385)  (110.385, 110.575)  (110.575, 110.975)  (110.975, 111.235)  (111.235, 111.432)  (111.432, 111.948)  (111.948, 112.595)  (112.78, 113.489)   (113.531, 113.972)  (115.472, 115.792) 
Token Types      : 4                   4                   4                   4                   4                   4                   4                   4                   4                   4                   4                   4                   4                   4                   4                  
turn_ids         : 83550535680004      83550535680004      83550535680004      83550535680004      83550535680004      83550535680004      83550535680004      83550535680004      83550535680004      83550535680004      83550535680004      83550535680004      83550535680004      83550535680004      83550535680004     
turn_end_types   : 1                   1                   1                   1                   1                   1                   1                   1                   1                   1                   1                   1                   1                   1                   1                  
speaker_ids      : 2                   2                   2                   2                   2                   2                   2                   2                   2                   2                   2                   2                   2                   2                   2                  


A                : <emp>               <emp>               <emp>               <emp>               <emp>               <emp>               <emp>               <emp>               <emp>               <emp>               <emp>               <emp>               <emp>               <emp>               <emp>              
Timings          : (115.792, 116.042)  (116.042, 116.292)  (116.292, 116.462)  (116.462, 116.632)  (116.632, 116.762)  (116.762, 117.13)   (117.13, 117.412)   (117.412, 117.492)  (117.492, 117.652)  (117.652, 117.78)   (117.78, 118.132)   (118.132, 118.542)  (118.542, 118.672)  (118.672, 118.762)  (118.762, 118.852) 
Token Types      : 0                   0                   0                   0                   0                   0                   0                   0                   0                   0                   0                   0                   0                   0                   0                  
turn_ids         : 0                   0                   0                   0                   0                   0                   0                   0                   0                   0                   0                   0                   0                   0                   0                  
turn_end_types   : 0                   0                   0                   0                   0                   0                   0                   0                   0                   0                   0                   0                   0                   0                   0                  
speaker_ids      : 0                   0                   0                   0                   0                   0                   0                   0                   0                   0                   0                   0                   0                   0                   0                  

B                : Ġwork               Ġdone               Ġand                Ġand                Ġbe                 Ġhonest             Ġabout              Ġit                 Ġwith               Ġour                Ġtax                Ġdollars            Ġi                  Ġdon                't                 
Timings          : (115.792, 116.042)  (116.042, 116.292)  (116.292, 116.462)  (116.462, 116.632)  (116.632, 116.762)  (116.762, 117.13)   (117.13, 117.412)   (117.412, 117.492)  (117.492, 117.652)  (117.652, 117.78)   (117.78, 118.132)   (118.132, 118.542)  (118.542, 118.672)  (118.672, 118.762)  (118.762, 118.852) 
Token Types      : 4                   4                   4                   4                   4                   4                   4                   4                   4                   4                   4                   4                   4                   4                   4                  
turn_ids         : 83550535680004      83550535680004      83550535680004      83550535680004      83550535680004      83550535680004      83550535680004      83550535680004      83550535680004      83550535680004      83550535680004      83550535680004      83550535680004      83550535680004      83550535680004     
turn_end_types   : 1                   1                   1                   1                   1                   1                   1                   1                   1                   1                   1                   1                   1                   1                   1                  
speaker_ids      : 2                   2                   2                   2                   2                   2                   2                   2                   2                   2                   2                   2                   2                   2                   2                  


A                : <emp>               <emp>               <emp>               <emp>               <emp>               <emp>               <emp>               <emp>               <emp>               <emp>               <emp>               <emp>               <emp>               <emp>               <emp>              
Timings          : (118.852, 119.022)  (119.022, 119.102)  (119.102, 119.282)  (119.282, 119.402)  (119.402, 119.672)  (119.672, 119.752)  (119.752, 119.852)  (119.852, 119.902)  (119.902, 120.132)  (120.132, 120.202)  (120.202, 120.272)  (120.272, 120.392)  (120.392, 120.66)   (120.66, 121.082)   (122.084, 122.511) 
Token Types      : 0                   0                   0                   0                   0                   0                   0                   0                   0                   0                   0                   0                   0                   0                   0                  
turn_ids         : 0                   0                   0                   0                   0                   0                   0                   0                   0                   0                   0                   0                   0                   0                   0                  
turn_end_types   : 0                   0                   0                   0                   0                   0                   0                   0                   0                   0                   0                   0                   0                   0                   0                  
speaker_ids      : 0                   0                   0                   0                   0                   0                   0                   0                   0                   0                   0                   0                   0                   0                   0                  

B                : Ġthink              Ġthey               Ġneed               Ġto                 Ġraise              Ġit                 Ġand                Ġi                  Ġthink              Ġthey               'd                  Ġbe                 Ġable               Ġto                 Ġhandle            
Timings          : (118.852, 119.022)  (119.022, 119.102)  (119.102, 119.282)  (119.282, 119.402)  (119.402, 119.672)  (119.672, 119.752)  (119.752, 119.852)  (119.852, 119.902)  (119.902, 120.132)  (120.132, 120.202)  (120.202, 120.272)  (120.272, 120.392)  (120.392, 120.66)   (120.66, 121.082)   (122.084, 122.511) 
Token Types      : 4                   4                   4                   4                   4                   4                   4                   4                   4                   4                   4                   4                   4                   4                   4                  
turn_ids         : 83550535680004      83550535680004      83550535680004      83550535680004      83550535680004      83550535680004      83550535680004      83550535680004      83550535680004      83550535680004      83550535680004      83550535680004      83550535680004      83550535680004      83550535680004     
turn_end_types   : 1                   1                   1                   1                   1                   1                   1                   1                   1                   1                   1                   1                   1                   1                   1                  
speaker_ids      : 2                   2                   2                   2                   2                   2                   2                   2                   2                   2                   2                   2                   2                   2                   2                  


A                : <emp>               <emp>               <emp>               <emp>               <emp>               <emp>               <emp>               <emp>               <emp>               <emp>               <emp>               <emp>               <emp>               <emp>               <emp>              
Timings          : (122.511, 122.661)  (122.661, 122.821)  (122.821, 122.897)  (122.897, 122.974)  (122.974, 123.396)  (123.396, 123.641)  (123.641, 123.901)  (123.901, 124.361)  (124.361, 124.571)  (124.571, 124.671)  (124.671, 125.002)  (125.002, 125.334)  (125.798, 125.891)  (125.891, 126.142)  (126.142, 126.413) 
Token Types      : 0                   0                   0                   0                   0                   0                   0                   0                   0                   0                   0                   0                   0                   0                   0                  
turn_ids         : 0                   0                   0                   0                   0                   0                   0                   0                   0                   0                   0                   0                   0                   0                   0                  
turn_end_types   : 0                   0                   0                   0                   0                   0                   0                   0                   0                   0                   0                   0                   0                   0                   0                  
speaker_ids      : 0                   0                   0                   0                   0                   0                   0                   0                   0                   0                   0                   0                   0                   0                   0                  

B                : Ġwith               Ġwhat               Ġwe                 've                 Ġgot                Ġi                  Ġfeel               Ġlike               Ġhere               Ġin                 Ġtex                as                  Ġwe                 Ġpretty             Ġmuch              
Timings          : (122.511, 122.661)  (122.661, 122.821)  (122.821, 122.897)  (122.897, 122.974)  (122.974, 123.396)  (123.396, 123.641)  (123.641, 123.901)  (123.901, 124.361)  (124.361, 124.571)  (124.571, 124.671)  (124.671, 125.002)  (125.002, 125.334)  (125.798, 125.891)  (125.891, 126.142)  (126.142, 126.413) 
Token Types      : 4                   4                   4                   4                   4                   4                   4                   4                   4                   4                   4                   4                   4                   4                   4                  
turn_ids         : 83550535680004      83550535680004      83550535680004      83550535680004      83550535680004      83550535680004      83550535680004      83550535680004      83550535680004      83550535680004      83550535680004      83550535680004      83550535680004      83550535680004      83550535680004     
turn_end_types   : 1                   1                   1                   1                   1                   1                   1                   1                   1                   1                   1                   1                   1                   1                   1                  
speaker_ids      : 2                   2                   2                   2                   2                   2                   2                   2                   2                   2                   2                   2                   2                   2                   2                  


A                : <emp>               <emp>               <emp>               <emp>               <emp>               <emp>               <emp>               <emp>               <emp>               <emp>               <emp>               <emp>               <emp>               <emp>               <emp>              
Timings          : (126.413, 126.541)  (126.541, 126.681)  (126.681, 126.876)  (126.876, 127.071)  (127.071, 127.381)  (127.381, 127.531)  (127.531, 127.641)  (127.641, 127.821)  (127.821, 127.951)  (127.951, 128.291)  (128.291, 128.391)  (128.391, 128.611)  (128.611, 128.871)  (128.871, 129.311)  (129.311, 129.431) 
Token Types      : 0                   0                   0                   0                   0                   0                   0                   0                   0                   0                   0                   0                   0                   0                   0                  
turn_ids         : 0                   0                   0                   0                   0                   0                   0                   0                   0                   0                   0                   0                   0                   0                   0                  
turn_end_types   : 0                   0                   0                   0                   0                   0                   0                   0                   0                   0                   0                   0                   0                   0                   0                  
speaker_ids      : 0                   0                   0                   0                   0                   0                   0                   0                   0                   0                   0                   0                   0                   0                   0                  

B                : Ġget                Ġour                Ġmon                ies                 Ġback               Ġout                Ġof                 Ġwhat               Ġwe                 Ġpay                Ġi                  Ġfeel               Ġvery               Ġpleased            Ġwith              
Timings          : (126.413, 126.541)  (126.541, 126.681)  (126.681, 126.876)  (126.876, 127.071)  (127.071, 127.381)  (127.381, 127.531)  (127.531, 127.641)  (127.641, 127.821)  (127.821, 127.951)  (127.951, 128.291)  (128.291, 128.391)  (128.391, 128.611)  (128.611, 128.871)  (128.871, 129.311)  (129.311, 129.431) 
Token Types      : 4                   4                   4                   4                   4                   4                   4                   4                   4                   4                   4                   4                   4                   4                   4                  
turn_ids         : 83550535680004      83550535680004      83550535680004      83550535680004      83550535680004      83550535680004      83550535680004      83550535680004      83550535680004      83550535680004      83550535680004      83550535680004      83550535680004      83550535680004      83550535680004     
turn_end_types   : 1                   1                   1                   1                   1                   1                   1                   1                   1                   1                   1                   1                   1                   1                   1                  
speaker_ids      : 2                   2                   2                   2                   2                   2                   2                   2                   2                   2                   2                   2                   2                   2                   2                  


A                : <emp>               <emp>               <emp>               <emp>               <emp>               <emp>               <emp>               <emp>               <emp>               <emp>               <emp>               <emp>               <emp>               <emp>               <emp>              
Timings          : (129.431, 129.591)  (129.591, 129.691)  (129.691, 129.871)  (129.871, 129.956)  (129.956, 130.041)  (130.041, 130.281)  (130.281, 130.518)  (131.168, 131.285)  (131.285, 131.415)  (131.415, 131.535)  (131.535, 131.745)  (131.745, 131.925)  (131.925, 132.069)  (132.069, 132.615)  (132.845, 133.385) 
Token Types      : 0                   0                   0                   0                   0                   0                   0                   0                   0                   0                   0                   0                   0                   0                   0                  
turn_ids         : 0                   0                   0                   0                   0                   0                   0                   0                   0                   0                   0                   0                   0                   0                   0                  
turn_end_types   : 0                   0                   0                   0                   0                   0                   0                   0                   0                   0                   0                   0                   0                   0                   0                  
speaker_ids      : 0                   0                   0                   0                   0                   0                   0                   0                   0                   0                   0                   0                   0                   0                   0                  

B                : Ġwhat               Ġthey               Ġdo                 Ġthey               've                 Ġput                Ġin                 Ġyou                Ġknow               Ġas                 Ġfar                Ġas                 Ġthe                Ġstate              Ġtaxes             
Timings          : (129.431, 129.591)  (129.591, 129.691)  (129.691, 129.871)  (129.871, 129.956)  (129.956, 130.041)  (130.041, 130.281)  (130.281, 130.518)  (131.168, 131.285)  (131.285, 131.415)  (131.415, 131.535)  (131.535, 131.745)  (131.745, 131.925)  (131.925, 132.069)  (132.069, 132.615)  (132.845, 133.385) 
Token Types      : 4                   4                   4                   4                   4                   4                   4                   4                   4                   4                   4                   4                   4                   4                   4                  
turn_ids         : 83550535680004      83550535680004      83550535680004      83550535680004      83550535680004      83550535680004      83550535680004      83550535680004      83550535680004      83550535680004      83550535680004      83550535680004      83550535680004      83550535680004      83550535680004     
turn_end_types   : 1                   1                   1                   1                   1                   1                   1                   1                   1                   1                   1                   1                   1                   1                   1                  
speaker_ids      : 2                   2                   2                   2                   2                   2                   2                   2                   2                   2                   2                   2                   2                   2                   2                  


A                : <emp>               <emp>               <emp>               <emp>               <emp>               <emp>               <emp>               <emp>               <emp>               <emp>               <emp>               <emp>               <emp>               <emp>               <emp>              
Timings          : (133.385, 133.655)  (133.655, 133.835)  (133.835, 133.93)   (133.93, 134.025)   (134.025, 134.155)  (134.155, 134.375)  (134.375, 134.495)  (134.495, 134.925)  (134.925, 135.205)  (135.205, 135.275)  (135.275, 135.545)  (135.545, 135.675)  (135.675, 135.805)  (135.805, 136.072)  (136.072, 136.432) 
Token Types      : 0                   0                   0                   0                   0                   0                   0                   0                   0                   0                   0                   0                   0                   0                   0                  
turn_ids         : 0                   0                   0                   0                   0                   0                   0                   0                   0                   0                   0                   0                   0                   0                   0                  
turn_end_types   : 0                   0                   0                   0                   0                   0                   0                   0                   0                   0                   0                   0                   0                   0                   0                  
speaker_ids      : 0                   0                   0                   0                   0                   0                   0                   0                   0                   0                   0                   0                   0                   0                   0                  

B                : Ġgo                 Ġi                  Ġdon                't                  Ġknow               Ġabout              Ġour                Ġfederal            Ġmoney              Ġi                  Ġthink              Ġthat               's                  Ġall                Ġpretty            
Timings          : (133.385, 133.655)  (133.655, 133.835)  (133.835, 133.93)   (133.93, 134.025)   (134.025, 134.155)  (134.155, 134.375)  (134.375, 134.495)  (134.495, 134.925)  (134.925, 135.205)  (135.205, 135.275)  (135.275, 135.545)  (135.545, 135.675)  (135.675, 135.805)  (135.805, 136.072)  (136.072, 136.432) 
Token Types      : 4                   4                   4                   4                   4                   4                   4                   4                   4                   4                   4                   4                   4                   4                   4                  
turn_ids         : 83550535680004      83550535680004      83550535680004      83550535680004      83550535680004      83550535680004      83550535680004      83550535680004      83550535680004      83550535680004      83550535680004      83550535680004      83550535680004      83550535680004      83550535680004     
turn_end_types   : 1                   1                   1                   1                   1                   1                   1                   1                   1                   1                   1                   1                   1                   1                   1                  
speaker_ids      : 2                   2                   2                   2                   2                   2                   2                   2                   2                   2                   2                   2                   2                   2                   2                  


A                : <emp>               <emp>               <emp>               <emp>               <emp>               <emp>               <emp>               <emp>               <emp>               <emp>               <emp>               <emp>               <emp>               <emp>               <emp>              
Timings          : (137.671, 137.771)  (137.771, 138.031)  (138.031, 138.161)  (138.161, 138.236)  (138.236, 138.311)  (138.311, 138.611)  (138.611, 138.931)  (138.931, 139.251)  (139.251, 139.481)  (139.481, 139.991)  (139.991, 140.141)  (140.141, 140.371)  (140.371, 140.551)  (140.551, 140.681)  (140.681, 140.821) 
Token Types      : 0                   0                   0                   0                   0                   0                   0                   0                   0                   0                   0                   0                   0                   0                   0                  
turn_ids         : 0                   0                   0                   0                   0                   0                   0                   0                   0                   0                   0                   0                   0                   0                   0                  
turn_end_types   : 0                   0                   0                   0                   0                   0                   0                   0                   0                   0                   0                   0                   0                   0                   0                  
speaker_ids      : 0                   0                   0                   0                   0                   0                   0                   0                   0                   0                   0                   0                   0                   0                   0                  

B                : Ġi                  Ġhope               Ġthat               Ġthey               're                 Ġdoing              Ġbetter             Ġwith               Ġnot                Ġspending           Ġso                 Ġmuch               Ġmore               Ġthan               Ġwhat              
Timings          : (137.671, 137.771)  (137.771, 138.031)  (138.031, 138.161)  (138.161, 138.236)  (138.236, 138.311)  (138.311, 138.611)  (138.611, 138.931)  (138.931, 139.251)  (139.251, 139.481)  (139.481, 139.991)  (139.991, 140.141)  (140.141, 140.371)  (140.371, 140.551)  (140.551, 140.681)  (140.681, 140.821) 
Token Types      : 4                   4                   4                   4                   4                   4                   4                   4                   4                   4                   4                   4                   4                   4                   4                  
turn_ids         : 83550535680004      83550535680004      83550535680004      83550535680004      83550535680004      83550535680004      83550535680004      83550535680004      83550535680004      83550535680004      83550535680004      83550535680004      83550535680004      83550535680004      83550535680004     
turn_end_types   : 1                   1                   1                   1                   1                   1                   1                   1                   1                   1                   1                   1                   1                   1                   1                  
speaker_ids      : 2                   2                   2                   2                   2                   2                   2                   2                   2                   2                   2                   2                   2                   2                   2                  


A                : <emp>               <emp>               <emp>               <emp>               <emp>               <emp>               <emp>               <emp>               <emp>               <emp>               <emp>               <emp>               <emp>               <emp>               <emp>              
Timings          : (140.821, 140.916)  (140.916, 141.011)  (141.011, 141.391)  (141.391, 141.587)  (141.791, 141.931)  (141.931, 142.111)  (142.111, 142.251)  (142.251, 142.532)  (142.532, 143.029)  (143.029, 143.131)  (143.131, 143.271)  (143.271, 143.411)  (143.411, 143.841)  (143.841, 144.091)  (144.091, 144.211) 
Token Types      : 0                   0                   0                   0                   0                   0                   0                   0                   0                   0                   0                   0                   0                   0                   0                  
turn_ids         : 0                   0                   0                   0                   0                   0                   0                   0                   0                   0                   0                   0                   0                   0                   0                  
turn_end_types   : 0                   0                   0                   0                   0                   0                   0                   0                   0                   0                   0                   0                   0                   0                   0                  
speaker_ids      : 0                   0                   0                   0                   0                   0                   0                   0                   0                   0                   0                   0                   0                   0                   0                  

B                : Ġthey               've                 Ġgot                Ġbut                Ġyou                Ġknow               Ġyou                Ġjust               Ġnever              Ġyou                Ġcan                't                  Ġcontrol            Ġthat               Ġbut               
Timings          : (140.821, 140.916)  (140.916, 141.011)  (141.011, 141.391)  (141.391, 141.587)  (141.791, 141.931)  (141.931, 142.111)  (142.111, 142.251)  (142.251, 142.532)  (142.532, 143.029)  (143.029, 143.131)  (143.131, 143.271)  (143.271, 143.411)  (143.411, 143.841)  (143.841, 144.091)  (144.091, 144.211) 
Token Types      : 4                   4                   4                   4                   4                   4                   4                   4                   4                   4                   4                   4                   4                   4                   4                  
turn_ids         : 83550535680004      83550535680004      83550535680004      83550535680004      83550535680004      83550535680004      83550535680004      83550535680004      83550535680004      83550535680004      83550535680004      83550535680004      83550535680004      83550535680004      83550535680004     
turn_end_types   : 1                   1                   1                   1                   1                   1                   1                   1                   1                   1                   1                   1                   1                   1                   1                  
speaker_ids      : 2                   2                   2                   2                   2                   2                   2                   2                   2                   2                   2                   2                   2                   2                   2                  


A                : <emp>               <emp>               <emp>               <emp>               <emp>               <emp>               <emp>               <emp>               <emp>               <emp>               <emp>               <emp>               <emp>               <emp>               <emp>              
Timings          : (144.211, 144.331)  (144.331, 144.401)  (144.401, 144.918)  (144.918, 145.191)  (145.651, 145.732)  (145.732, 145.812)  (145.812, 145.963)  (145.963, 146.234)  (146.234, 146.503)  (146.503, 146.823)  (146.823, 146.908)  (146.908, 146.993)  (146.993, 147.233)  (147.233, 147.423)  (147.423, 147.693) 
Token Types      : 0                   0                   0                   0                   0                   0                   0                   0                   0                   0                   0                   0                   0                   0                   0                  
turn_ids         : 0                   0                   0                   0                   0                   0                   0                   0                   0                   0                   0                   0                   0                   0                   0                  
turn_end_types   : 0                   0                   0                   0                   0                   0                   0                   0                   0                   0                   0                   0                   0                   0                   0                  
speaker_ids      : 0                   0                   0                   0                   0                   0                   0                   0                   0                   0                   0                   0                   0                   0                   0                  

B                : Ġin                 Ġthe                Ġstate              Ġhere               Ġthey               've                 Ġput                Ġin                 Ġbike               Ġtrails             Ġthey               've                 Ġgot                Ġreally             Ġnice              
Timings          : (144.211, 144.331)  (144.331, 144.401)  (144.401, 144.918)  (144.918, 145.191)  (145.651, 145.732)  (145.732, 145.812)  (145.812, 145.963)  (145.963, 146.234)  (146.234, 146.503)  (146.503, 146.823)  (146.823, 146.908)  (146.908, 146.993)  (146.993, 147.233)  (147.233, 147.423)  (147.423, 147.693) 
Token Types      : 4                   4                   4                   4                   4                   4                   4                   4                   4                   4                   4                   4                   4                   4                   4                  
turn_ids         : 83550535680004      83550535680004      83550535680004      83550535680004      83550535680004      83550535680004      83550535680004      83550535680004      83550535680004      83550535680004      83550535680004      83550535680004      83550535680004      83550535680004      83550535680004     
turn_end_types   : 1                   1                   1                   1                   1                   1                   1                   1                   1                   1                   1                   1                   1                   1                   1                  
speaker_ids      : 2                   2                   2                   2                   2                   2                   2                   2                   2                   2                   2                   2                   2                   2                   2                  


A                : <emp>               <emp>               <emp>               <emp>               <emp>               <emp>               <emp>               <emp>               <emp>               <emp>               <emp>               <emp>               <emp>               <emp>               <emp>              
Timings          : (147.693, 148.103)  (148.103, 148.223)  (148.223, 148.293)  (148.293, 148.528)  (148.528, 148.763)  (148.763, 148.883)  (148.883, 149.163)  (149.163, 149.407)  (149.863, 150.193)  (150.193, 150.453)  (150.453, 150.843)  (150.843, 150.983)  (150.983, 151.183)  (151.183, 151.473)  (151.473, 151.583) 
Token Types      : 0                   0                   0                   0                   0                   0                   0                   0                   0                   0                   0                   0                   0                   0                   0                  
turn_ids         : 0                   0                   0                   0                   0                   0                   0                   0                   0                   0                   0                   0                   0                   0                   0                  
turn_end_types   : 0                   0                   0                   0                   0                   0                   0                   0                   0                   0                   0                   0                   0                   0                   0                  
speaker_ids      : 0                   0                   0                   0                   0                   0                   0                   0                   0                   0                   0                   0                   0                   0                   0                  

B                : Ġparks              Ġhere               Ġin                 Ġtex                as                  Ġthey               Ġkeep               Ġtheir              Ġtheir              Ġtheir              Ġlots               Ġthat               Ġthey               Ġown                Ġthat              
Timings          : (147.693, 148.103)  (148.103, 148.223)  (148.223, 148.293)  (148.293, 148.528)  (148.528, 148.763)  (148.763, 148.883)  (148.883, 149.163)  (149.163, 149.407)  (149.863, 150.193)  (150.193, 150.453)  (150.453, 150.843)  (150.843, 150.983)  (150.983, 151.183)  (151.183, 151.473)  (151.473, 151.583) 
Token Types      : 4                   4                   4                   4                   4                   4                   4                   4                   4                   4                   4                   4                   4                   4                   4                  
turn_ids         : 83550535680004      83550535680004      83550535680004      83550535680004      83550535680004      83550535680004      83550535680004      83550535680004      83550535680004      83550535680004      83550535680004      83550535680004      83550535680004      83550535680004      83550535680004     
turn_end_types   : 1                   1                   1                   1                   1                   1                   1                   1                   1                   1                   1                   1                   1                   1                   1                  
speaker_ids      : 2                   2                   2                   2                   2                   2                   2                   2                   2                   2                   2                   2                   2                   2                   2                  


A                : <emp>               <emp>               <emp>               <emp>               <emp>               <emp>               <emp>               <emp>               <emp>               <emp>               <emp>               <emp>               <emp>               <emp>               <emp>              
Timings          : (151.583, 151.663)  (151.663, 152.053)  (152.053, 152.203)  (152.203, 152.463)  (152.463, 152.583)  (152.583, 152.853)  (152.853, 153.013)  (153.013, 153.263)  (153.263, 153.906)  (154.538, 155.059)  (155.059, 155.248)  (155.248, 155.568)  (155.568, 155.878)  (155.878, 155.979)  (155.979, 156.319) 
Token Types      : 0                   0                   0                   0                   0                   0                   0                   0                   0                   0                   0                   0                   0                   0                   0                  
turn_ids         : 0                   0                   0                   0                   0                   0                   0                   0                   0                   0                   0                   0                   0                   0                   0                  
turn_end_types   : 0                   0                   0                   0                   0                   0                   0                   0                   0                   0                   0                   0                   0                   0                   0                  
speaker_ids      : 0                   0                   0                   0                   0                   0                   0                   0                   0                   0                   0                   0                   0                   0                   0                  

B                : Ġare                Ġgreen              Ġand                Ġstuff              Ġthey               Ġkeep               Ġthem               Ġreally             Ġnice               Ġum                 Ġtheir              Ġschools            Ġhere               Ġare                Ġreally            
Timings          : (151.583, 151.663)  (151.663, 152.053)  (152.053, 152.203)  (152.203, 152.463)  (152.463, 152.583)  (152.583, 152.853)  (152.853, 153.013)  (153.013, 153.263)  (153.263, 153.906)  (154.538, 155.059)  (155.059, 155.248)  (155.248, 155.568)  (155.568, 155.878)  (155.878, 155.979)  (155.979, 156.319) 
Token Types      : 4                   4                   4                   4                   4                   4                   4                   4                   4                   4                   4                   4                   4                   4                   4                  
turn_ids         : 83550535680004      83550535680004      83550535680004      83550535680004      83550535680004      83550535680004      83550535680004      83550535680004      83550535680004      83550535680004      83550535680004      83550535680004      83550535680004      83550535680004      83550535680004     
turn_end_types   : 1                   1                   1                   1                   1                   1                   1                   1                   1                   1                   1                   1                   1                   1                   1                  
speaker_ids      : 2                   2                   2                   2                   2                   2                   2                   2                   2                   2                   2                   2                   2                   2                   2                  


A                : <emp>               <emp>               <emp>               <emp>               <emp>               <emp>               <emp>               <emp>               <emp>               <emp>               <emp>               <emp>               <emp>               <emp>               <emp>              
Timings          : (156.421, 156.708)  (156.708, 156.829)  (156.829, 157.398)  (157.398, 157.484)  (157.484, 157.568)  (157.568, 157.768)  (157.768, 158.318)  (158.318, 158.439)  (158.439, 158.499)  (158.499, 159.021)  (159.681, 159.825)  (159.825, 159.968)  (160.109, 160.362)  (160.362, 160.802)  (160.802, 160.892) 
Token Types      : 0                   0                   0                   0                   0                   0                   0                   0                   0                   0                   0                   0                   0                   0                   0                  
turn_ids         : 0                   0                   0                   0                   0                   0                   0                   0                   0                   0                   0                   0                   0                   0                   0                  
turn_end_types   : 0                   0                   0                   0                   0                   0                   0                   0                   0                   0                   0                   0                   0                   0                   0                  
speaker_ids      : 0                   0                   0                   0                   0                   0                   0                   0                   0                   0                   0                   0                   0                   0                   0                  

B                : Ġgood               Ġand                Ġupdated            Ġthey               've                 Ġgot                Ġcomputers          Ġin                 Ġthe                Ġschools            Ġi                  'm                  Ġvery               Ġpleased            Ġat                
Timings          : (156.421, 156.708)  (156.708, 156.829)  (156.829, 157.398)  (157.398, 157.484)  (157.484, 157.568)  (157.568, 157.768)  (157.768, 158.318)  (158.318, 158.439)  (158.439, 158.499)  (158.499, 159.021)  (159.681, 159.825)  (159.825, 159.968)  (160.109, 160.362)  (160.362, 160.802)  (160.802, 160.892) 
Token Types      : 4                   4                   4                   4                   4                   4                   4                   4                   4                   4                   4                   4                   4                   4                   4                  
turn_ids         : 83550535680004      83550535680004      83550535680004      83550535680004      83550535680004      83550535680004      83550535680004      83550535680004      83550535680004      83550535680004      83550535680004      83550535680004      83550535680004      83550535680004      83550535680004     
turn_end_types   : 1                   1                   1                   1                   1                   1                   1                   1                   1                   1                   1                   1                   1                   1                   1                  
speaker_ids      : 2                   2                   2                   2                   2                   2                   2                   2                   2                   2                   2                   2                   2                   2                   2                  


A                : <emp>               <emp>               <emp>               <emp>               <emp>               <emp>               <emp>               <emp>               <emp>               <emp>               <emp>               <emp>               <emp>               <emp>               <emp>              
Timings          : (160.892, 161.122)  (161.122, 161.222)  (161.222, 161.292)  (161.292, 161.612)  (161.612, 161.796)  (161.796, 161.924)  (161.924, 162.052)  (162.052, 162.541)  (163.065, 163.31)   (163.31, 163.482)   (163.482, 163.632)  (163.632, 163.952)  (163.952, 164.062)  (164.062, 164.422)  (164.422, 164.871) 
Token Types      : 0                   0                   0                   0                   0                   0                   0                   0                   0                   0                   0                   0                   0                   0                   0                  
turn_ids         : 0                   0                   0                   0                   0                   0                   0                   0                   0                   0                   0                   0                   0                   0                   0                  
turn_end_types   : 0                   0                   0                   0                   0                   0                   0                   0                   0                   0                   0                   0                   0                   0                   0                  
speaker_ids      : 0                   0                   0                   0                   0                   0                   0                   0                   0                   0                   0                   0                   0                   0                   0                  

B                : Ġleast              Ġwith               Ġthe                Ġarea               Ġthat               Ġwe                 're                 Ġin                 Ġwith               Ġhow                Ġthey               Ġspend              Ġtheir              Ġmoney              Ġtheir             
Timings          : (160.892, 161.122)  (161.122, 161.222)  (161.222, 161.292)  (161.292, 161.612)  (161.612, 161.796)  (161.796, 161.924)  (161.924, 162.052)  (162.052, 162.541)  (163.065, 163.31)   (163.31, 163.482)   (163.482, 163.632)  (163.632, 163.952)  (163.952, 164.062)  (164.062, 164.422)  (164.422, 164.871) 
Token Types      : 4                   4                   4                   4                   4                   4                   4                   4                   4                   4                   4                   4                   4                   4                   4                  
turn_ids         : 83550535680004      83550535680004      83550535680004      83550535680004      83550535680004      83550535680004      83550535680004      83550535680004      83550535680004      83550535680004      83550535680004      83550535680004      83550535680004      83550535680004      83550535680004     
turn_end_types   : 1                   1                   1                   1                   1                   1                   1                   1                   1                   1                   1                   1                   1                   1                   1                  
speaker_ids      : 2                   2                   2                   2                   2                   2                   2                   2                   2                   2                   2                   2                   2                   2                   2                  


A                : <emp>               <emp>               <emp>               <emp>               <emp>               <emp>               <emp>               <emp>               <emp>               <emp>               <emp>               <emp>               <emp>               <emp>               <emp>              
Timings          : (165.033, 165.252)  (165.252, 165.382)  (165.382, 165.517)  (165.517, 165.652)  (165.652, 166.002)  (166.002, 166.142)  (166.142, 166.662)  (166.662, 167.182)  (167.182, 167.322)  (167.322, 167.402)  (167.402, 167.672)  (167.672, 167.822)  (167.822, 168.052)  (168.052, 168.242)  (168.242, 168.372) 
Token Types      : 0                   0                   0                   0                   0                   0                   0                   0                   0                   0                   0                   0                   0                   0                   0                  
turn_ids         : 0                   0                   0                   0                   0                   0                   0                   0                   0                   0                   0                   0                   0                   0                   0                  
turn_end_types   : 0                   0                   0                   0                   0                   0                   0                   0                   0                   0                   0                   0                   0                   0                   0                  
speaker_ids      : 0                   0                   0                   0                   0                   0                   0                   0                   0                   0                   0                   0                   0                   0                   0                  

B                : Ġtheir              Ġthey               Ġdon                't                  Ġtax                Ġus                 Ġoutrage            ously               Ġand                Ġthey               Ġseem               Ġto                 Ġreally             Ġgive               Ġus                
Timings          : (165.033, 165.252)  (165.252, 165.382)  (165.382, 165.517)  (165.517, 165.652)  (165.652, 166.002)  (166.002, 166.142)  (166.142, 166.662)  (166.662, 167.182)  (167.182, 167.322)  (167.322, 167.402)  (167.402, 167.672)  (167.672, 167.822)  (167.822, 168.052)  (168.052, 168.242)  (168.242, 168.372) 
Token Types      : 4                   4                   4                   4                   4                   4                   4                   4                   4                   4                   4                   4                   4                   4                   4                  
turn_ids         : 83550535680004      83550535680004      83550535680004      83550535680004      83550535680004      83550535680004      83550535680004      83550535680004      83550535680004      83550535680004      83550535680004      83550535680004      83550535680004      83550535680004      83550535680004     
turn_end_types   : 1                   1                   1                   1                   1                   1                   1                   1                   1                   1                   1                   1                   1                   1                   1                  
speaker_ids      : 2                   2                   2                   2                   2                   2                   2                   2                   2                   2                   2                   2                   2                   2                   2                  


A                : <emp>               <emp>               <emp>               <emp>               <emp>               <emp>               <emp>               <emp>               <emp>               <emp>               <emp>               <emp>               <emp>               <emp>               <emp>              
Timings          : (168.372, 168.432)  (168.432, 168.972)  (168.972, 169.132)  (169.132, 169.242)  (169.242, 169.698)  (169.698, 170.132)  (170.688, 170.809)  (170.809, 171.038)  (171.038, 171.518)  (171.518, 171.998)  (171.998, 172.148)  (172.148, 172.248)  (172.248, 172.528)  (172.528, 172.648)  (172.648, 172.798) 
Token Types      : 0                   0                   0                   0                   0                   0                   0                   0                   0                   0                   0                   0                   0                   0                   0                  
turn_ids         : 0                   0                   0                   0                   0                   0                   0                   0                   0                   0                   0                   0                   0                   0                   0                  
turn_end_types   : 0                   0                   0                   0                   0                   0                   0                   0                   0                   0                   0                   0                   0                   0                   0                  
speaker_ids      : 0                   0                   0                   0                   0                   0                   0                   0                   0                   0                   0                   0                   0                   0                   0                  

B                : Ġa                  Ġlot                Ġfor                Ġour                Ġtax                Ġdollars            Ġthey               Ġoffer              Ġcommunity          Ġclasses            Ġfor                Ġour                Ġkids               Ġto                 Ġgo                
Timings          : (168.372, 168.432)  (168.432, 168.972)  (168.972, 169.132)  (169.132, 169.242)  (169.242, 169.698)  (169.698, 170.132)  (170.688, 170.809)  (170.809, 171.038)  (171.038, 171.518)  (171.518, 171.998)  (171.998, 172.148)  (172.148, 172.248)  (172.248, 172.528)  (172.528, 172.648)  (172.648, 172.798) 
Token Types      : 4                   4                   4                   4                   4                   4                   4                   4                   4                   4                   4                   4                   4                   4                   4                  
turn_ids         : 83550535680004      83550535680004      83550535680004      83550535680004      83550535680004      83550535680004      83550535680004      83550535680004      83550535680004      83550535680004      83550535680004      83550535680004      83550535680004      83550535680004      83550535680004     
turn_end_types   : 1                   1                   1                   1                   1                   1                   1                   1                   1                   1                   1                   1                   1                   1                   1                  
speaker_ids      : 2                   2                   2                   2                   2                   2                   2                   2                   2                   2                   2                   2                   2                   2                   2                  


A                : <emp>               <emp>               <emp>               <emp>               <emp>               <emp>               <emp>               <emp>               <emp>               <emp>               <emp>               <emp>               <emp>               <emp>               Ġoh                
Timings          : (172.798, 173.008)  (173.008, 173.118)  (173.118, 173.188)  (173.188, 173.408)  (173.408, 173.848)  (173.848, 174.144)  (174.445, 174.948)  (174.948, 175.398)  (175.398, 175.468)  (175.468, 175.568)  (175.568, 175.738)  (175.738, 175.998)  (175.998, 176.088)  (176.088, 176.807)  (177.148, 177.995) 
Token Types      : 0                   0                   0                   0                   0                   0                   0                   0                   0                   0                   0                   0                   0                   0                   3                  
turn_ids         : 0                   0                   0                   0                   0                   0                   0                   0                   0                   0                   0                   0                   0                   0                   83548925067268     
turn_end_types   : 0                   0                   0                   0                   0                   0                   0                   0                   0                   0                   0                   0                   0                   0                   0                  
speaker_ids      : 0                   0                   0                   0                   0                   0                   0                   0                   0                   0                   0                   0                   0                   0                   1                  

B                : Ġto                 Ġthat               Ġare                Ġjust               Ġvery               Ġminimal            Ġminimal            Ġcosts              Ġyou                Ġknow               Ġjust               Ġcover              Ġthe                Ġinstructor         <emp>              
Timings          : (172.798, 173.008)  (173.008, 173.118)  (173.118, 173.188)  (173.188, 173.408)  (173.408, 173.848)  (173.848, 174.144)  (174.445, 174.948)  (174.948, 175.398)  (175.398, 175.468)  (175.468, 175.568)  (175.568, 175.738)  (175.738, 175.998)  (175.998, 176.088)  (176.088, 176.807)  (177.148, 177.995) 
Token Types      : 4                   4                   4                   4                   4                   4                   4                   4                   4                   4                   4                   4                   4                   4                   4                  
turn_ids         : 83550535680004      83550535680004      83550535680004      83550535680004      83550535680004      83550535680004      83550535680004      83550535680004      83550535680004      83550535680004      83550535680004      83550535680004      83550535680004      83550535680004      83550535680004     
turn_end_types   : 1                   1                   1                   1                   1                   1                   1                   1                   1                   1                   1                   1                   1                   1                   1                  
speaker_ids      : 2                   2                   2                   2                   2                   2                   2                   2                   2                   2                   2                   2                   2                   2                   2                  


A                : <ebc>               <emp>               <emp>               <emp>               <emp>               <emp>               <emp>               <emp>               <emp>               <emp>               <emp>               <emp>               <emp>               <emp>               <emp>              
Timings          : (-1.0, -1.0)        (178.238, 178.648)  (178.648, 178.855)  (178.855, 179.208)  (179.208, 179.278)  (179.278, 179.958)  (179.958, 180.088)  (180.088, 180.218)  (180.218, 180.388)  (180.388, 180.658)  (180.658, 181.148)  (181.148, 181.288)  (181.288, 181.388)  (181.388, 181.448)  (181.448, 182.047) 
Token Types      : 3                   0                   0                   0                   0                   0                   0                   0                   0                   0                   0                   0                   0                   0                   0                  
turn_ids         : 83548925067268      0                   0                   0                   0                   0                   0                   0                   0                   0                   0                   0                   0                   0                   0                  
turn_end_types   : 0                   0                   0                   0                   0                   0                   0                   0                   0                   0                   0                   0                   0                   0                   0                  
speaker_ids      : 1                   0                   0                   0                   0                   0                   0                   0                   0                   0                   0                   0                   0                   0                   0                  

B                : Ġand                Ġum                 Ġthere              Ġlots               Ġof                 Ġopportunities      Ġthat               Ġyou                Ġcan                Ġtake               Ġadvantage          Ġof                 Ġthere              Ġare                Ġcommunity         
Timings          : (177.827, 178.238)  (178.238, 178.648)  (178.648, 178.855)  (178.855, 179.208)  (179.208, 179.278)  (179.278, 179.958)  (179.958, 180.088)  (180.088, 180.218)  (180.218, 180.388)  (180.388, 180.658)  (180.658, 181.148)  (181.148, 181.288)  (181.288, 181.388)  (181.388, 181.448)  (181.448, 182.047) 
Token Types      : 4                   4                   4                   4                   4                   4                   4                   4                   4                   4                   4                   4                   4                   4                   4                  
turn_ids         : 83550535680004      83550535680004      83550535680004      83550535680004      83550535680004      83550535680004      83550535680004      83550535680004      83550535680004      83550535680004      83550535680004      83550535680004      83550535680004      83550535680004      83550535680004     
turn_end_types   : 1                   1                   1                   1                   1                   1                   1                   1                   1                   1                   1                   1                   1                   1                   1                  
speaker_ids      : 2                   2                   2                   2                   2                   2                   2                   2                   2                   2                   2                   2                   2                   2                   2                  


A                : <emp>               <emp>               <emp>               <emp>               <emp>               <emp>               <emp>               <emp>               <emp>               <emp>               <emp>               <emp>               <emp>               <emp>               <emp>              
Timings          : (182.047, 182.752)  (182.752, 182.898)  (182.898, 183.028)  (183.028, 183.228)  (183.228, 183.518)  (183.518, 183.648)  (183.648, 183.828)  (183.828, 184.318)  (184.318, 184.822)  (185.399, 185.86)   (185.973, 186.088)  (186.088, 186.298)  (186.298, 186.638)  (186.638, 186.948)  (186.948, 187.438) 
Token Types      : 0                   0                   0                   0                   0                   0                   0                   0                   0                   0                   0                   0                   0                   0                   0                  
turn_ids         : 0                   0                   0                   0                   0                   0                   0                   0                   0                   0                   0                   0                   0                   0                   0                  
turn_end_types   : 0                   0                   0                   0                   0                   0                   0                   0                   0                   0                   0                   0                   0                   0                   0                  
speaker_ids      : 0                   0                   0                   0                   0                   0                   0                   0                   0                   0                   0                   0                   0                   0                   0                  

B                : Ġcolleges           Ġhere               Ġyou                Ġcan                Ġtake               Ġfor                Ġjust               Ġpractically        Ġnothing            Ġum                 Ġthey               Ġjust               Ġoffer              Ġso                 Ġmuch              
Timings          : (182.047, 182.752)  (182.752, 182.898)  (182.898, 183.028)  (183.028, 183.228)  (183.228, 183.518)  (183.518, 183.648)  (183.648, 183.828)  (183.828, 184.318)  (184.318, 184.822)  (185.399, 185.86)   (185.973, 186.088)  (186.088, 186.298)  (186.298, 186.638)  (186.638, 186.948)  (186.948, 187.438) 
Token Types      : 4                   4                   4                   4                   4                   4                   4                   4                   4                   4                   4                   4                   4                   4                   4                  
turn_ids         : 83550535680004      83550535680004      83550535680004      83550535680004      83550535680004      83550535680004      83550535680004      83550535680004      83550535680004      83550535680004      83550535680004      83550535680004      83550535680004      83550535680004      83550535680004     
turn_end_types   : 1                   1                   1                   1                   1                   1                   1                   1                   1                   1                   1                   1                   1                   1                   1                  
speaker_ids      : 2                   2                   2                   2                   2                   2                   2                   2                   2                   2                   2                   2                   2                   2                   2                  


A                : <emp>               <emp>               <emp>               <emp>               <emp>               <emp>               <emp>               <emp>               <emp>               <emp>               <emp>               <emp>               <emp>               <emp>               <emp>              
Timings          : (187.438, 187.75)   (187.75, 187.888)   (187.888, 188.148)  (188.148, 188.398)  (188.398, 188.598)  (188.598, 188.728)  (188.728, 189.008)  (189.008, 189.158)  (189.158, 189.283)  (189.283, 189.727)  (189.727, 189.821)  (189.821, 189.918)  (189.918, 189.993)  (189.993, 190.068)  (190.068, 190.248) 
Token Types      : 0                   0                   0                   0                   0                   0                   0                   0                   0                   0                   0                   0                   0                   0                   0                  
turn_ids         : 0                   0                   0                   0                   0                   0                   0                   0                   0                   0                   0                   0                   0                   0                   0                  
turn_end_types   : 0                   0                   0                   0                   0                   0                   0                   0                   0                   0                   0                   0                   0                   0                   0                  
speaker_ids      : 0                   0                   0                   0                   0                   0                   0                   0                   0                   0                   0                   0                   0                   0                   0                  

B                : Ġfor                Ġi                  Ġfeel               Ġlike               Ġwhat               Ġwe                 Ġpay                Ġin                 Ġour                Ġtaxes              Ġthat               Ġi                  Ġdon                't                  Ġmind              
Timings          : (187.438, 187.75)   (187.75, 187.888)   (187.888, 188.148)  (188.148, 188.398)  (188.398, 188.598)  (188.598, 188.728)  (188.728, 189.008)  (189.008, 189.158)  (189.158, 189.283)  (189.283, 189.727)  (189.727, 189.821)  (189.821, 189.918)  (189.918, 189.993)  (189.993, 190.068)  (190.068, 190.248) 
Token Types      : 4                   4                   4                   4                   4                   4                   4                   4                   4                   4                   4                   4                   4                   4                   4                  
turn_ids         : 83550535680004      83550535680004      83550535680004      83550535680004      83550535680004      83550535680004      83550535680004      83550535680004      83550535680004      83550535680004      83550535680004      83550535680004      83550535680004      83550535680004      83550535680004     
turn_end_types   : 1                   1                   1                   1                   1                   1                   1                   1                   1                   1                   1                   1                   1                   1                   1                  
speaker_ids      : 2                   2                   2                   2                   2                   2                   2                   2                   2                   2                   2                   2                   2                   2                   2                  


A                : <emp>               <emp>               <emp>               <emp>               Ġapparently         Ġthere              's                  Ġbeen               Ġa                  Ġuh                 Ġmovement           Ġwhere              Ġi                  Ġam                 Ġi                 
Timings          : (190.248, 190.558)  (190.558, 190.688)  (190.688, 190.768)  (190.768, 191.105)  (192.315, 192.85)   (192.85, 192.995)   (192.995, 193.139)  (193.139, 193.749)  (193.749, 193.799)  (193.799, 193.96)   (193.96, 194.439)   (194.439, 194.6)    (194.6, 194.68)     (194.68, 194.919)   (194.919, 194.984) 
Token Types      : 0                   0                   0                   0                   1                   1                   1                   1                   1                   1                   1                   1                   1                   1                   1                  
turn_ids         : 0                   0                   0                   0                   83546777583621      83546777583621      83546777583621      83546777583621      83546777583621      83546777583621      83546777583621      83546777583621      83546777583621      83546777583621      83546777583621     
turn_end_types   : 0                   0                   0                   0                   2                   2                   2                   2                   2                   2                   2                   2                   2                   2                   2                  
speaker_ids      : 0                   0                   0                   0                   1                   1                   1                   1                   1                   1                   1                   1                   1                   1                   1                  

B                : Ġpaying             Ġthem               Ġat                 Ġall                <eot>               <emp>               <emp>               <emp>               <emp>               <emp>               <emp>               <emp>               <emp>               <emp>               <emp>              
Timings          : (190.248, 190.558)  (190.558, 190.688)  (190.688, 190.768)  (190.768, 191.105)  (-1.0, -1.0)        (192.85, 192.995)   (192.995, 193.139)  (193.139, 193.749)  (193.749, 193.799)  (193.799, 193.96)   (193.96, 194.439)   (194.439, 194.6)    (194.6, 194.68)     (194.68, 194.919)   (194.919, 194.984) 
Token Types      : 4                   4                   4                   4                   4                   0                   0                   0                   0                   0                   0                   0                   0                   0                   0                  
turn_ids         : 83550535680004      83550535680004      83550535680004      83550535680004      83550535680004      0                   0                   0                   0                   0                   0                   0                   0                   0                   0                  
turn_end_types   : 1                   1                   1                   1                   1                   0                   0                   0                   0                   0                   0                   0                   0                   0                   0                  
speaker_ids      : 2                   2                   2                   2                   2                   0                   0                   0                   0                   0                   0                   0                   0                   0                   0                  


A                : 'm                  Ġon                 Ġlong               Ġisland             Ġwhich              Ġis                 Ġa                  Ġsuburb             Ġof                 Ġnew                Ġnew                Ġy                  ork                 Ġcity               Ġand               
Timings          : (194.984, 195.049)  (195.049, 195.199)  (195.199, 195.41)   (195.41, 196.059)   (196.059, 196.27)   (196.27, 196.43)    (196.43, 196.699)   (196.699, 197.21)   (197.21, 197.456)   (197.456, 197.533)  (197.635, 197.74)   (197.74, 197.858)   (197.858, 197.977)  (197.977, 198.461)  (199.02, 199.768)  
Token Types      : 1                   1                   1                   1                   1                   1                   1                   1                   1                   1                   1                   1                   1                   1                   1                  
turn_ids         : 83546777583621      83546777583621      83546777583621      83546777583621      83546777583621      83546777583621      83546777583621      83546777583621      83546777583621      83546777583621      83546777583621      83546777583621      83546777583621      83546777583621      83546777583621     
turn_end_types   : 2                   2                   2                   2                   2                   2                   2                   2                   2                   2                   2                   2                   2                   2                   2                  
speaker_ids      : 1                   1                   1                   1                   1                   1                   1                   1                   1                   1                   1                   1                   1                   1                   1                  

B                : <emp>               <emp>               <emp>               <emp>               <emp>               <emp>               <emp>               <emp>               <emp>               <emp>               <emp>               <emp>               <emp>               <emp>               <emp>              
Timings          : (194.984, 195.049)  (195.049, 195.199)  (195.199, 195.41)   (195.41, 196.059)   (196.059, 196.27)   (196.27, 196.43)    (196.43, 196.699)   (196.699, 197.21)   (197.21, 197.456)   (197.456, 197.533)  (197.635, 197.74)   (197.74, 197.858)   (197.858, 197.977)  (197.977, 198.461)  (199.02, 199.768)  
Token Types      : 0                   0                   0                   0                   0                   0                   0                   0                   0                   0                   0                   0                   0                   0                   0                  
turn_ids         : 0                   0                   0                   0                   0                   0                   0                   0                   0                   0                   0                   0                   0                   0                   0                  
turn_end_types   : 0                   0                   0                   0                   0                   0                   0                   0                   0                   0                   0                   0                   0                   0                   0                  
speaker_ids      : 0                   0                   0                   0                   0                   0                   0                   0                   0                   0                   0                   0                   0                   0                   0                  


A                : Ġum                 Ġthere              's                  Ġbeen               Ġa                  Ġmovement           Ġby                 Ġhome               Ġowners             Ġto                 Ġtry                Ġget                Ġtheir              Ġtheir              Ġhome              
Timings          : (199.768, 200.305)  (200.305, 200.391)  (200.391, 200.477)  (200.477, 200.617)  (200.617, 200.648)  (200.648, 201.027)  (201.027, 201.208)  (201.208, 201.467)  (201.467, 201.837)  (201.837, 201.977)  (201.977, 202.258)  (202.258, 202.467)  (202.467, 202.688)  (202.827, 203.018)  (203.018, 203.307) 
Token Types      : 1                   1                   1                   1                   1                   1                   1                   1                   1                   1                   1                   1                   1                   1                   1                  
turn_ids         : 83546777583621      83546777583621      83546777583621      83546777583621      83546777583621      83546777583621      83546777583621      83546777583621      83546777583621      83546777583621      83546777583621      83546777583621      83546777583621      83546777583621      83546777583621     
turn_end_types   : 2                   2                   2                   2                   2                   2                   2                   2                   2                   2                   2                   2                   2                   2                   2                  
speaker_ids      : 1                   1                   1                   1                   1                   1                   1                   1                   1                   1                   1                   1                   1                   1                   1                  

B                : <emp>               <emp>               <emp>               <emp>               <emp>               <emp>               <emp>               <emp>               <emp>               <emp>               <emp>               <emp>               <emp>               <emp>               <emp>              
Timings          : (199.768, 200.305)  (200.305, 200.391)  (200.391, 200.477)  (200.477, 200.617)  (200.617, 200.648)  (200.648, 201.027)  (201.027, 201.208)  (201.208, 201.467)  (201.467, 201.837)  (201.837, 201.977)  (201.977, 202.258)  (202.258, 202.467)  (202.467, 202.688)  (202.827, 203.018)  (203.018, 203.307) 
Token Types      : 0                   0                   0                   0                   0                   0                   0                   0                   0                   0                   0                   0                   0                   0                   0                  
turn_ids         : 0                   0                   0                   0                   0                   0                   0                   0                   0                   0                   0                   0                   0                   0                   0                  
turn_end_types   : 0                   0                   0                   0                   0                   0                   0                   0                   0                   0                   0                   0                   0                   0                   0                  
speaker_ids      : 0                   0                   0                   0                   0                   0                   0                   0                   0                   0                   0                   0                   0                   0                   0                  


A                : Ġtaxes              Ġreduced            Ġthey               Ġfeel               Ġtheir              Ġtoo                Ġhigh               Ġand                Ġthere              's                  Ġall                Ġkind               Ġof                 Ġreview             Ġboards            
Timings          : (203.307, 203.827)  (203.827, 204.268)  (204.268, 204.476)  (204.476, 204.607)  (204.607, 204.747)  (204.747, 204.988)  (204.988, 205.307)  (205.307, 205.548)  (205.548, 205.633)  (205.633, 205.717)  (205.717, 205.818)  (205.818, 206.095)  (206.095, 206.217)  (206.217, 206.598)  (206.598, 207.048) 
Token Types      : 1                   1                   1                   1                   1                   1                   1                   1                   1                   1                   1                   1                   1                   1                   1                  
turn_ids         : 83546777583621      83546777583621      83546777583621      83546777583621      83546777583621      83546777583621      83546777583621      83546777583621      83546777583621      83546777583621      83546777583621      83546777583621      83546777583621      83546777583621      83546777583621     
turn_end_types   : 2                   2                   2                   2                   2                   2                   2                   2                   2                   2                   2                   2                   2                   2                   2                  
speaker_ids      : 1                   1                   1                   1                   1                   1                   1                   1                   1                   1                   1                   1                   1                   1                   1                  

B                : <emp>               <emp>               <emp>               <emp>               <emp>               <emp>               <emp>               <emp>               <emp>               <emp>               <emp>               <emp>               <emp>               <emp>               <emp>              
Timings          : (203.307, 203.827)  (203.827, 204.268)  (204.268, 204.476)  (204.476, 204.607)  (204.607, 204.747)  (204.747, 204.988)  (204.988, 205.307)  (205.307, 205.548)  (205.548, 205.633)  (205.633, 205.717)  (205.717, 205.818)  (205.818, 206.095)  (206.095, 206.217)  (206.217, 206.598)  (206.598, 207.048) 
Token Types      : 0                   0                   0                   0                   0                   0                   0                   0                   0                   0                   0                   0                   0                   0                   0                  
turn_ids         : 0                   0                   0                   0                   0                   0                   0                   0                   0                   0                   0                   0                   0                   0                   0                  
turn_end_types   : 0                   0                   0                   0                   0                   0                   0                   0                   0                   0                   0                   0                   0                   0                   0                  
speaker_ids      : 0                   0                   0                   0                   0                   0                   0                   0                   0                   0                   0                   0                   0                   0                   0                  


A                : Ġthat               Ġif                 Ġyou                Ġfeel               Ġstrongly           Ġabout              Ġit                 Ġyou                Ġcan                Ġchallenge          Ġyour               Ġtax                Ġuh                 Ġthe                Ġnewspapers        
Timings          : (207.048, 207.312)  (207.624, 207.69)   (207.69, 207.777)   (207.777, 207.938)  (207.938, 208.337)  (208.337, 208.598)  (208.598, 208.738)  (208.738, 208.889)  (208.889, 209.171)  (209.171, 209.568)  (209.568, 209.747)  (209.747, 210.332)  (210.763, 211.0)    (211.0, 211.12)     (211.12, 211.72)   
Token Types      : 1                   1                   1                   1                   1                   1                   1                   1                   1                   1                   1                   1                   1                   1                   1                  
turn_ids         : 83546777583621      83546777583621      83546777583621      83546777583621      83546777583621      83546777583621      83546777583621      83546777583621      83546777583621      83546777583621      83546777583621      83546777583621      83546777583621      83546777583621      83546777583621     
turn_end_types   : 2                   2                   2                   2                   2                   2                   2                   2                   2                   2                   2                   2                   2                   2                   2                  
speaker_ids      : 1                   1                   1                   1                   1                   1                   1                   1                   1                   1                   1                   1                   1                   1                   1                  

B                : <emp>               <emp>               <emp>               <emp>               <emp>               <emp>               <emp>               <emp>               <emp>               <emp>               <emp>               <emp>               <emp>               <emp>               <emp>              
Timings          : (207.048, 207.312)  (207.624, 207.69)   (207.69, 207.777)   (207.777, 207.938)  (207.938, 208.337)  (208.337, 208.598)  (208.598, 208.738)  (208.738, 208.889)  (208.889, 209.171)  (209.171, 209.568)  (209.568, 209.747)  (209.747, 210.332)  (210.763, 211.0)    (211.0, 211.12)     (211.12, 211.72)   
Token Types      : 0                   0                   0                   0                   0                   0                   0                   0                   0                   0                   0                   0                   0                   0                   0                  
turn_ids         : 0                   0                   0                   0                   0                   0                   0                   0                   0                   0                   0                   0                   0                   0                   0                  
turn_end_types   : 0                   0                   0                   0                   0                   0                   0                   0                   0                   0                   0                   0                   0                   0                   0                  
speaker_ids      : 0                   0                   0                   0                   0                   0                   0                   0                   0                   0                   0                   0                   0                   0                   0                  


A                : Ġnow                Ġrunning            Ġan                 Ġarticle            Ġon                 Ġstate              Ġuniversities       Ġwhich              Ġyou                Ġknow               Ġeveryone           Ġkind               Ġof                 Ġassume             Ġat                
Timings          : (211.72, 211.94)    (211.94, 212.16)    (212.16, 212.25)    (212.25, 212.61)    (212.61, 212.73)    (212.73, 213.12)    (213.12, 214.091)   (214.562, 215.07)   (215.07, 215.18)    (215.18, 215.29)    (215.29, 215.76)    (215.76, 215.97)    (215.97, 216.04)    (216.04, 216.23)    (216.23, 216.469)  
Token Types      : 1                   1                   1                   1                   1                   1                   1                   1                   1                   1                   1                   1                   1                   1                   1                  
turn_ids         : 83546777583621      83546777583621      83546777583621      83546777583621      83546777583621      83546777583621      83546777583621      83546777583621      83546777583621      83546777583621      83546777583621      83546777583621      83546777583621      83546777583621      83546777583621     
turn_end_types   : 2                   2                   2                   2                   2                   2                   2                   2                   2                   2                   2                   2                   2                   2                   2                  
speaker_ids      : 1                   1                   1                   1                   1                   1                   1                   1                   1                   1                   1                   1                   1                   1                   1                  

B                : <emp>               <emp>               <emp>               <emp>               <emp>               <emp>               <emp>               Ġum                 hum                 <ebc>               <emp>               <emp>               <emp>               <emp>               <emp>              
Timings          : (211.72, 211.94)    (211.94, 212.16)    (212.16, 212.25)    (212.25, 212.61)    (212.61, 212.73)    (212.73, 213.12)    (213.12, 214.091)   (214.697, 214.943)  (214.943, 215.188)  (-1.0, -1.0)        (215.29, 215.76)    (215.76, 215.97)    (215.97, 216.04)    (216.04, 216.23)    (216.23, 216.469)  
Token Types      : 0                   0                   0                   0                   0                   0                   0                   3                   3                   3                   0                   0                   0                   0                   0                  
turn_ids         : 0                   0                   0                   0                   0                   0                   0                   83549461938182      83549461938182      83549461938182      0                   0                   0                   0                   0                  
turn_end_types   : 0                   0                   0                   0                   0                   0                   0                   0                   0                   0                   0                   0                   0                   0                   0                  
speaker_ids      : 0                   0                   0                   0                   0                   0                   0                   2                   2                   2                   0                   0                   0                   0                   0                  


A                : Ġleast              Ġi                  Ġdid                Ġassume             Ġthat               Ġyou                Ġcan                Ġget                Ġa                  Ġgood               Ġeducation          Ġand                Ġpay                Ġso                 Ġmuch              
Timings          : (216.469, 216.668)  (216.668, 216.85)   (216.85, 217.21)    (217.21, 217.57)    (217.57, 217.66)    (217.66, 217.72)    (217.72, 217.84)    (217.84, 217.96)    (217.96, 218.0)     (218.0, 218.16)     (218.16, 218.85)    (218.85, 218.98)    (218.98, 219.14)    (219.14, 219.27)    (219.27, 219.51)   
Token Types      : 1                   1                   1                   1                   1                   1                   1                   1                   1                   1                   1                   1                   1                   1                   1                  
turn_ids         : 83546777583621      83546777583621      83546777583621      83546777583621      83546777583621      83546777583621      83546777583621      83546777583621      83546777583621      83546777583621      83546777583621      83546777583621      83546777583621      83546777583621      83546777583621     
turn_end_types   : 2                   2                   2                   2                   2                   2                   2                   2                   2                   2                   2                   2                   2                   2                   2                  
speaker_ids      : 1                   1                   1                   1                   1                   1                   1                   1                   1                   1                   1                   1                   1                   1                   1                  

B                : <emp>               <emp>               <emp>               <emp>               <emp>               <emp>               <emp>               <emp>               <emp>               <emp>               <emp>               <emp>               <emp>               <emp>               <emp>              
Timings          : (216.469, 216.668)  (216.668, 216.85)   (216.85, 217.21)    (217.21, 217.57)    (217.57, 217.66)    (217.66, 217.72)    (217.72, 217.84)    (217.84, 217.96)    (217.96, 218.0)     (218.0, 218.16)     (218.16, 218.85)    (218.85, 218.98)    (218.98, 219.14)    (219.14, 219.27)    (219.27, 219.51)   
Token Types      : 0                   0                   0                   0                   0                   0                   0                   0                   0                   0                   0                   0                   0                   0                   0                  
turn_ids         : 0                   0                   0                   0                   0                   0                   0                   0                   0                   0                   0                   0                   0                   0                   0                  
turn_end_types   : 0                   0                   0                   0                   0                   0                   0                   0                   0                   0                   0                   0                   0                   0                   0                  
speaker_ids      : 0                   0                   0                   0                   0                   0                   0                   0                   0                   0                   0                   0                   0                   0                   0                  


A                : Ġless               Ġthan               Ġa                  Ġprivate            Ġuniversity         Ġand                Ġit                 Ġseems              Ġto                 Ġbe                 Ġmore               Ġof                 Ġan                 Ġexpose             Ġthan              
Timings          : (219.51, 219.72)    (219.72, 219.82)    (219.82, 219.88)    (219.88, 220.24)    (220.24, 221.036)   (221.538, 221.698)  (221.698, 221.878)  (221.878, 222.158)  (222.158, 222.258)  (222.258, 222.348)  (222.348, 222.518)  (222.518, 222.588)  (222.588, 222.741)  (222.741, 223.627)  (223.627, 223.816) 
Token Types      : 1                   1                   1                   1                   1                   1                   1                   1                   1                   1                   1                   1                   1                   1                   1                  
turn_ids         : 83546777583621      83546777583621      83546777583621      83546777583621      83546777583621      83546777583621      83546777583621      83546777583621      83546777583621      83546777583621      83546777583621      83546777583621      83546777583621      83546777583621      83546777583621     
turn_end_types   : 2                   2                   2                   2                   2                   2                   2                   2                   2                   2                   2                   2                   2                   2                   2                  
speaker_ids      : 1                   1                   1                   1                   1                   1                   1                   1                   1                   1                   1                   1                   1                   1                   1                  

B                : <emp>               <emp>               <emp>               <emp>               <emp>               <emp>               <emp>               <emp>               <emp>               <emp>               <emp>               <emp>               <emp>               <emp>               <emp>              
Timings          : (219.51, 219.72)    (219.72, 219.82)    (219.82, 219.88)    (219.88, 220.24)    (220.24, 221.036)   (221.538, 221.698)  (221.698, 221.878)  (221.878, 222.158)  (222.158, 222.258)  (222.258, 222.348)  (222.348, 222.518)  (222.518, 222.588)  (222.588, 222.741)  (222.741, 223.627)  (223.627, 223.816) 
Token Types      : 0                   0                   0                   0                   0                   0                   0                   0                   0                   0                   0                   0                   0                   0                   0                  
turn_ids         : 0                   0                   0                   0                   0                   0                   0                   0                   0                   0                   0                   0                   0                   0                   0                  
turn_end_types   : 0                   0                   0                   0                   0                   0                   0                   0                   0                   0                   0                   0                   0                   0                   0                  
speaker_ids      : 0                   0                   0                   0                   0                   0                   0                   0                   0                   0                   0                   0                   0                   0                   0                  


A                : Ġanything           Ġi                  Ġmean               Ġyou                Ġhearing            Ġgh                 ast                 ly                  Ġstories            Ġabout              Ġkids               Ġwho                Ġare                Ġtaking             Ġfour              
Timings          : (223.816, 224.316)  (224.316, 224.318)  (224.318, 224.478)  (224.478, 224.598)  (224.598, 225.049)  (225.128, 225.281)  (225.281, 225.435)  (225.435, 225.588)  (225.588, 226.038)  (226.038, 226.442)  (226.664, 226.928)  (226.928, 226.998)  (226.998, 227.058)  (227.058, 227.378)  (227.378, 227.598) 
Token Types      : 1                   1                   1                   1                   1                   1                   1                   1                   1                   1                   1                   1                   1                   1                   1                  
turn_ids         : 83546777583621      83546777583621      83546777583621      83546777583621      83546777583621      83546777583621      83546777583621      83546777583621      83546777583621      83546777583621      83546777583621      83546777583621      83546777583621      83546777583621      83546777583621     
turn_end_types   : 2                   2                   2                   2                   2                   2                   2                   2                   2                   2                   2                   2                   2                   2                   2                  
speaker_ids      : 1                   1                   1                   1                   1                   1                   1                   1                   1                   1                   1                   1                   1                   1                   1                  

B                : <emp>               <emp>               <emp>               <emp>               <emp>               <emp>               <emp>               <emp>               <emp>               <emp>               <emp>               <emp>               <emp>               <emp>               <emp>              
Timings          : (223.816, 224.316)  (224.316, 224.318)  (224.318, 224.478)  (224.478, 224.598)  (224.598, 225.049)  (225.128, 225.281)  (225.281, 225.435)  (225.435, 225.588)  (225.588, 226.038)  (226.038, 226.442)  (226.664, 226.928)  (226.928, 226.998)  (226.998, 227.058)  (227.058, 227.378)  (227.378, 227.598) 
Token Types      : 0                   0                   0                   0                   0                   0                   0                   0                   0                   0                   0                   0                   0                   0                   0                  
turn_ids         : 0                   0                   0                   0                   0                   0                   0                   0                   0                   0                   0                   0                   0                   0                   0                  
turn_end_types   : 0                   0                   0                   0                   0                   0                   0                   0                   0                   0                   0                   0                   0                   0                   0                  
speaker_ids      : 0                   0                   0                   0                   0                   0                   0                   0                   0                   0                   0                   0                   0                   0                   0                  


A                : Ġand                Ġfive               Ġlike               Ġfive               Ġyears              Ġto                 Ġgraduate           Ġbecause            Ġwhen               Ġthey               Ġtry                Ġto                 Ġsign               Ġup                 Ġfor               
Timings          : (227.598, 227.718)  (227.718, 228.036)  (228.405, 228.624)  (228.797, 229.058)  (229.058, 229.428)  (229.428, 229.598)  (229.598, 230.188)  (230.188, 230.588)  (230.588, 230.708)  (230.708, 230.798)  (230.798, 231.009)  (231.009, 231.128)  (231.128, 231.328)  (231.328, 231.408)  (231.408, 231.508) 
Token Types      : 1                   1                   1                   1                   1                   1                   1                   1                   1                   1                   1                   1                   1                   1                   1                  
turn_ids         : 83546777583621      83546777583621      83546777583621      83546777583621      83546777583621      83546777583621      83546777583621      83546777583621      83546777583621      83546777583621      83546777583621      83546777583621      83546777583621      83546777583621      83546777583621     
turn_end_types   : 2                   2                   2                   2                   2                   2                   2                   2                   2                   2                   2                   2                   2                   2                   2                  
speaker_ids      : 1                   1                   1                   1                   1                   1                   1                   1                   1                   1                   1                   1                   1                   1                   1                  

B                : <emp>               <emp>               <emp>               <emp>               <emp>               <emp>               <emp>               <emp>               <emp>               <emp>               <emp>               <emp>               <emp>               <emp>               <emp>              
Timings          : (227.598, 227.718)  (227.718, 228.036)  (228.405, 228.624)  (228.797, 229.058)  (229.058, 229.428)  (229.428, 229.598)  (229.598, 230.188)  (230.188, 230.588)  (230.588, 230.708)  (230.708, 230.798)  (230.798, 231.009)  (231.009, 231.128)  (231.128, 231.328)  (231.328, 231.408)  (231.408, 231.508) 
Token Types      : 0                   0                   0                   0                   0                   0                   0                   0                   0                   0                   0                   0                   0                   0                   0                  
turn_ids         : 0                   0                   0                   0                   0                   0                   0                   0                   0                   0                   0                   0                   0                   0                   0                  
turn_end_types   : 0                   0                   0                   0                   0                   0                   0                   0                   0                   0                   0                   0                   0                   0                   0                  
speaker_ids      : 0                   0                   0                   0                   0                   0                   0                   0                   0                   0                   0                   0                   0                   0                   0                  


A                : Ġa                  Ġclass              Ġthey               're                 Ġso                 Ġover               Ġcrowded            Ġthey               Ġcan                't                  Ġget                Ġin                 Ġthe                Ġclass              Ġso                
Timings          : (231.508, 231.558)  (231.558, 231.888)  (231.888, 231.953)  (231.953, 232.018)  (232.018, 232.168)  (232.168, 232.348)  (232.348, 232.678)  (232.678, 232.738)  (232.738, 232.868)  (232.868, 232.998)  (232.998, 233.188)  (233.188, 233.308)  (233.308, 233.439)  (233.439, 233.991)  (234.434, 234.568) 
Token Types      : 1                   1                   1                   1                   1                   1                   1                   1                   1                   1                   1                   1                   1                   1                   1                  
turn_ids         : 83546777583621      83546777583621      83546777583621      83546777583621      83546777583621      83546777583621      83546777583621      83546777583621      83546777583621      83546777583621      83546777583621      83546777583621      83546777583621      83546777583621      83546777583621     
turn_end_types   : 2                   2                   2                   2                   2                   2                   2                   2                   2                   2                   2                   2                   2                   2                   2                  
speaker_ids      : 1                   1                   1                   1                   1                   1                   1                   1                   1                   1                   1                   1                   1                   1                   1                  

B                : <emp>               <emp>               <emp>               <emp>               <emp>               <emp>               <emp>               <emp>               <emp>               <emp>               <emp>               <emp>               <emp>               <emp>               <emp>              
Timings          : (231.508, 231.558)  (231.558, 231.888)  (231.888, 231.953)  (231.953, 232.018)  (232.018, 232.168)  (232.168, 232.348)  (232.348, 232.678)  (232.678, 232.738)  (232.738, 232.868)  (232.868, 232.998)  (232.998, 233.188)  (233.188, 233.308)  (233.308, 233.439)  (233.439, 233.991)  (234.434, 234.568) 
Token Types      : 0                   0                   0                   0                   0                   0                   0                   0                   0                   0                   0                   0                   0                   0                   0                  
turn_ids         : 0                   0                   0                   0                   0                   0                   0                   0                   0                   0                   0                   0                   0                   0                   0                  
turn_end_types   : 0                   0                   0                   0                   0                   0                   0                   0                   0                   0                   0                   0                   0                   0                   0                  
speaker_ids      : 0                   0                   0                   0                   0                   0                   0                   0                   0                   0                   0                   0                   0                   0                   0                  


A                : Ġin                 Ġorder              Ġto                 Ġfinish             Ġall                Ġthe                Ġuh                 Ġrequ               isites              Ġthey               Ġhave               Ġto                 Ġjust               Ġstay               Ġlonger            
Timings          : (234.568, 234.645)  (234.645, 234.855)  (234.855, 235.116)  (235.116, 235.895)  (235.895, 236.096)  (236.096, 236.322)  (236.322, 236.774)  (236.774, 237.15)   (237.15, 237.525)   (237.525, 237.675)  (237.675, 237.845)  (237.845, 237.965)  (237.965, 238.165)  (238.165, 238.395)  (238.395, 238.725) 
Token Types      : 1                   1                   1                   1                   1                   1                   1                   1                   1                   1                   1                   1                   1                   1                   1                  
turn_ids         : 83546777583621      83546777583621      83546777583621      83546777583621      83546777583621      83546777583621      83546777583621      83546777583621      83546777583621      83546777583621      83546777583621      83546777583621      83546777583621      83546777583621      83546777583621     
turn_end_types   : 2                   2                   2                   2                   2                   2                   2                   2                   2                   2                   2                   2                   2                   2                   2                  
speaker_ids      : 1                   1                   1                   1                   1                   1                   1                   1                   1                   1                   1                   1                   1                   1                   1                  

B                : <emp>               Ġyeah               <ebc>               <emp>               <emp>               <emp>               <emp>               <emp>               <emp>               <emp>               <emp>               <emp>               <emp>               <emp>               <emp>              
Timings          : (234.568, 234.645)  (234.695, 235.176)  (-1.0, -1.0)        (235.116, 235.895)  (235.895, 236.096)  (236.096, 236.322)  (236.322, 236.774)  (236.774, 237.15)   (237.15, 237.525)   (237.525, 237.675)  (237.675, 237.845)  (237.845, 237.965)  (237.965, 238.165)  (238.165, 238.395)  (238.395, 238.725) 
Token Types      : 0                   3                   3                   0                   0                   0                   0                   0                   0                   0                   0                   0                   0                   0                   0                  
turn_ids         : 0                   83549461938183      83549461938183      0                   0                   0                   0                   0                   0                   0                   0                   0                   0                   0                   0                  
turn_end_types   : 0                   0                   0                   0                   0                   0                   0                   0                   0                   0                   0                   0                   0                   0                   0                  
speaker_ids      : 0                   2                   2                   0                   0                   0                   0                   0                   0                   0                   0                   0                   0                   0                   0                  


A                : Ġuntil              Ġthey               Ġcan                Ġfinally            Ġget                Ġa                  Ġhold               Ġof                 Ġthe                Ġclass              <emp>               Ġthat               Ġthis               Ġthis               Ġi                 
Timings          : (238.725, 238.925)  (238.925, 239.025)  (239.025, 239.165)  (239.165, 239.475)  (239.475, 239.605)  (239.605, 239.665)  (239.665, 239.935)  (239.935, 239.995)  (239.995, 240.055)  (240.055, 240.733)  (240.814, 241.466)  (241.559, 241.935)  (242.046, 242.249)  (242.535, 242.705)  (242.705, 242.795) 
Token Types      : 1                   1                   1                   1                   1                   1                   1                   1                   1                   1                   1                   1                   1                   1                   1                  
turn_ids         : 83546777583621      83546777583621      83546777583621      83546777583621      83546777583621      83546777583621      83546777583621      83546777583621      83546777583621      83546777583621      83546777583621      83546777583621      83546777583621      83546777583621      83546777583621     
turn_end_types   : 2                   2                   2                   2                   2                   2                   2                   2                   2                   2                   2                   2                   2                   2                   2                  
speaker_ids      : 1                   1                   1                   1                   1                   1                   1                   1                   1                   1                   1                   1                   1                   1                   1                  

B                : <emp>               <emp>               <emp>               <emp>               <emp>               <emp>               <emp>               <emp>               <emp>               <emp>               Ġright              <ebc>               <emp>               <emp>               <emp>              
Timings          : (238.725, 238.925)  (238.925, 239.025)  (239.025, 239.165)  (239.165, 239.475)  (239.475, 239.605)  (239.605, 239.665)  (239.665, 239.935)  (239.935, 239.995)  (239.995, 240.055)  (240.055, 240.733)  (240.814, 241.466)  (-1.0, -1.0)        (242.046, 242.249)  (242.535, 242.705)  (242.705, 242.795) 
Token Types      : 0                   0                   0                   0                   0                   0                   0                   0                   0                   0                   3                   3                   0                   0                   0                  
turn_ids         : 0                   0                   0                   0                   0                   0                   0                   0                   0                   0                   83549461938184      83549461938184      0                   0                   0                  
turn_end_types   : 0                   0                   0                   0                   0                   0                   0                   0                   0                   0                   0                   0                   0                   0                   0                  
speaker_ids      : 0                   0                   0                   0                   0                   0                   0                   0                   0                   0                   2                   2                   0                   0                   0                  


A                : Ġthought            Ġwas                Ġtotally            Ġoutrageous         Ġthat               Ġthey               Ġhave               Ġteaching           Ġassistants         Ġwell               Ġthat               's                  Ġthat               's                  Ġan                
Timings          : (242.795, 242.925)  (242.925, 243.035)  (243.035, 243.425)  (243.425, 243.827)  (243.827, 243.975)  (243.975, 244.095)  (244.095, 244.341)  (244.341, 244.755)  (244.755, 245.455)  (245.455, 245.635)  (245.635, 245.79)   (245.79, 245.945)   (245.945, 246.04)   (246.04, 246.135)   (246.135, 246.215) 
Token Types      : 1                   1                   1                   1                   1                   1                   1                   1                   1                   1                   1                   1                   1                   1                   1                  
turn_ids         : 83546777583621      83546777583621      83546777583621      83546777583621      83546777583621      83546777583621      83546777583621      83546777583621      83546777583621      83546777583621      83546777583621      83546777583621      83546777583621      83546777583621      83546777583621     
turn_end_types   : 2                   2                   2                   2                   2                   2                   2                   2                   2                   2                   2                   2                   2                   2                   2                  
speaker_ids      : 1                   1                   1                   1                   1                   1                   1                   1                   1                   1                   1                   1                   1                   1                   1                  

B                : <emp>               <emp>               <emp>               <emp>               <emp>               <emp>               <emp>               <emp>               <emp>               <emp>               <emp>               <emp>               <emp>               <emp>               <emp>              
Timings          : (242.795, 242.925)  (242.925, 243.035)  (243.035, 243.425)  (243.425, 243.827)  (243.827, 243.975)  (243.975, 244.095)  (244.095, 244.341)  (244.341, 244.755)  (244.755, 245.455)  (245.455, 245.635)  (245.635, 245.79)   (245.79, 245.945)   (245.945, 246.04)   (246.04, 246.135)   (246.135, 246.215) 
Token Types      : 0                   0                   0                   0                   0                   0                   0                   0                   0                   0                   0                   0                   0                   0                   0                  
turn_ids         : 0                   0                   0                   0                   0                   0                   0                   0                   0                   0                   0                   0                   0                   0                   0                  
turn_end_types   : 0                   0                   0                   0                   0                   0                   0                   0                   0                   0                   0                   0                   0                   0                   0                  
speaker_ids      : 0                   0                   0                   0                   0                   0                   0                   0                   0                   0                   0                   0                   0                   0                   0                  


A                : Ġold                Ġthing              Ġyou                Ġknow               Ġhaving             Ġgraduate           Ġstudents           Ġteach              Ġunder              gr                  ads                 Ġbut                Ġsome               Ġof                 Ġthese             
Timings          : (246.215, 246.425)  (246.425, 246.755)  (246.755, 246.875)  (246.875, 247.025)  (247.025, 247.295)  (247.295, 247.705)  (247.705, 248.115)  (248.115, 248.525)  (248.525, 248.724)  (248.724, 248.923)  (248.923, 249.123)  (249.739, 250.029)  (250.15, 250.379)   (250.379, 250.449)  (250.449, 250.741) 
Token Types      : 1                   1                   1                   1                   1                   1                   1                   1                   1                   1                   1                   1                   1                   1                   1                  
turn_ids         : 83546777583621      83546777583621      83546777583621      83546777583621      83546777583621      83546777583621      83546777583621      83546777583621      83546777583621      83546777583621      83546777583621      83546777583621      83546777583621      83546777583621      83546777583621     
turn_end_types   : 2                   2                   2                   2                   2                   2                   2                   2                   2                   2                   2                   2                   2                   2                   2                  
speaker_ids      : 1                   1                   1                   1                   1                   1                   1                   1                   1                   1                   1                   1                   1                   1                   1                  

B                : <emp>               <emp>               <emp>               <emp>               <emp>               <emp>               <emp>               <emp>               <emp>               <emp>               <emp>               <emp>               <emp>               <emp>               <emp>              
Timings          : (246.215, 246.425)  (246.425, 246.755)  (246.755, 246.875)  (246.875, 247.025)  (247.025, 247.295)  (247.295, 247.705)  (247.705, 248.115)  (248.115, 248.525)  (248.525, 248.724)  (248.724, 248.923)  (248.923, 249.123)  (249.739, 250.029)  (250.15, 250.379)   (250.379, 250.449)  (250.449, 250.741) 
Token Types      : 0                   0                   0                   0                   0                   0                   0                   0                   0                   0                   0                   0                   0                   0                   0                  
turn_ids         : 0                   0                   0                   0                   0                   0                   0                   0                   0                   0                   0                   0                   0                   0                   0                  
turn_end_types   : 0                   0                   0                   0                   0                   0                   0                   0                   0                   0                   0                   0                   0                   0                   0                  
speaker_ids      : 0                   0                   0                   0                   0                   0                   0                   0                   0                   0                   0                   0                   0                   0                   0                  


A                : Ġpeople             Ġare                Ġyou                Ġknow               Ġfrom               Ġind                ia                  Ġand                Ġas                 ia                  Ġand                Ġthey               Ġdon                't                  Ġspeak             
Timings          : (250.741, 251.069)  (251.069, 251.339)  (251.339, 251.449)  (251.449, 251.539)  (251.539, 251.749)  (251.749, 252.059)  (252.059, 252.369)  (252.369, 252.499)  (252.499, 252.761)  (252.761, 253.024)  (253.303, 253.529)  (253.529, 253.619)  (253.619, 253.774)  (253.774, 253.929)  (253.929, 254.389) 
Token Types      : 1                   1                   1                   1                   1                   1                   1                   1                   1                   1                   1                   1                   1                   1                   1                  
turn_ids         : 83546777583621      83546777583621      83546777583621      83546777583621      83546777583621      83546777583621      83546777583621      83546777583621      83546777583621      83546777583621      83546777583621      83546777583621      83546777583621      83546777583621      83546777583621     
turn_end_types   : 2                   2                   2                   2                   2                   2                   2                   2                   2                   2                   2                   2                   2                   2                   2                  
speaker_ids      : 1                   1                   1                   1                   1                   1                   1                   1                   1                   1                   1                   1                   1                   1                   1                  

B                : <emp>               <emp>               <emp>               <emp>               <emp>               <emp>               <emp>               <emp>               <emp>               <emp>               <emp>               <emp>               <emp>               <emp>               <emp>              
Timings          : (250.741, 251.069)  (251.069, 251.339)  (251.339, 251.449)  (251.449, 251.539)  (251.539, 251.749)  (251.749, 252.059)  (252.059, 252.369)  (252.369, 252.499)  (252.499, 252.761)  (252.761, 253.024)  (253.303, 253.529)  (253.529, 253.619)  (253.619, 253.774)  (253.774, 253.929)  (253.929, 254.389) 
Token Types      : 0                   0                   0                   0                   0                   0                   0                   0                   0                   0                   0                   0                   0                   0                   0                  
turn_ids         : 0                   0                   0                   0                   0                   0                   0                   0                   0                   0                   0                   0                   0                   0                   0                  
turn_end_types   : 0                   0                   0                   0                   0                   0                   0                   0                   0                   0                   0                   0                   0                   0                   0                  
speaker_ids      : 0                   0                   0                   0                   0                   0                   0                   0                   0                   0                   0                   0                   0                   0                   0                  


A                : Ġenglish            Ġwell               Ġenough             Ġfor                Ġthe                Ġstudents           Ġto                 Ġunderstand         Ġnow                Ġhow                Ġcould              Ġthey               Ġpossibly           Ġhave               Ġsomeone           
Timings          : (254.389, 254.829)  (254.829, 255.029)  (255.029, 255.269)  (255.269, 255.359)  (255.359, 255.439)  (255.439, 255.789)  (255.789, 255.849)  (255.849, 256.389)  (256.389, 256.459)  (256.459, 256.707)  (256.707, 256.929)  (256.929, 257.029)  (257.029, 257.799)  (257.799, 258.069)  (258.069, 258.359) 
Token Types      : 1                   1                   1                   1                   1                   1                   1                   1                   1                   1                   1                   1                   1                   1                   1                  
turn_ids         : 83546777583621      83546777583621      83546777583621      83546777583621      83546777583621      83546777583621      83546777583621      83546777583621      83546777583621      83546777583621      83546777583621      83546777583621      83546777583621      83546777583621      83546777583621     
turn_end_types   : 2                   2                   2                   2                   2                   2                   2                   2                   2                   2                   2                   2                   2                   2                   2                  
speaker_ids      : 1                   1                   1                   1                   1                   1                   1                   1                   1                   1                   1                   1                   1                   1                   1                  

B                : <emp>               <emp>               <emp>               <emp>               <emp>               <emp>               <emp>               <emp>               <emp>               <emp>               <emp>               <emp>               <emp>               <emp>               <emp>              
Timings          : (254.389, 254.829)  (254.829, 255.029)  (255.029, 255.269)  (255.269, 255.359)  (255.359, 255.439)  (255.439, 255.789)  (255.789, 255.849)  (255.849, 256.389)  (256.389, 256.459)  (256.459, 256.707)  (256.707, 256.929)  (256.929, 257.029)  (257.029, 257.799)  (257.799, 258.069)  (258.069, 258.359) 
Token Types      : 0                   0                   0                   0                   0                   0                   0                   0                   0                   0                   0                   0                   0                   0                   0                  
turn_ids         : 0                   0                   0                   0                   0                   0                   0                   0                   0                   0                   0                   0                   0                   0                   0                  
turn_end_types   : 0                   0                   0                   0                   0                   0                   0                   0                   0                   0                   0                   0                   0                   0                   0                  
speaker_ids      : 0                   0                   0                   0                   0                   0                   0                   0                   0                   0                   0                   0                   0                   0                   0                  


A                : Ġteaching           Ġa                  Ġclass              Ġwho                Ġis                 Ġnot                Ġfluent             <emp>               Ġand                Ġand                Ġi                  Ġheard              Ġthat               Ġthat               's                 
Timings          : (258.359, 258.679)  (258.679, 258.729)  (258.729, 259.089)  (259.089, 259.259)  (259.259, 259.419)  (259.419, 259.893)  (259.893, 260.465)  (260.791, 261.359)  (261.456, 261.646)  (261.646, 261.836)  (261.836, 262.012)  (262.012, 262.211)  (262.211, 262.356)  (262.356, 262.481)  (262.481, 262.606) 
Token Types      : 1                   1                   1                   1                   1                   1                   1                   1                   1                   1                   1                   1                   1                   1                   1                  
turn_ids         : 83546777583621      83546777583621      83546777583621      83546777583621      83546777583621      83546777583621      83546777583621      83546777583621      83546777583621      83546777583621      83546777583621      83546777583621      83546777583621      83546777583621      83546777583621     
turn_end_types   : 2                   2                   2                   2                   2                   2                   2                   2                   2                   2                   2                   2                   2                   2                   2                  
speaker_ids      : 1                   1                   1                   1                   1                   1                   1                   1                   1                   1                   1                   1                   1                   1                   1                  

B                : <emp>               <emp>               <emp>               <emp>               <emp>               <emp>               <emp>               Ġright              <ebc>               <emp>               <emp>               <emp>               <emp>               <emp>               <emp>              
Timings          : (258.359, 258.679)  (258.679, 258.729)  (258.729, 259.089)  (259.089, 259.259)  (259.259, 259.419)  (259.419, 259.893)  (259.893, 260.465)  (260.791, 261.359)  (-1.0, -1.0)        (261.646, 261.836)  (261.836, 262.012)  (262.012, 262.211)  (262.211, 262.356)  (262.356, 262.481)  (262.481, 262.606) 
Token Types      : 0                   0                   0                   0                   0                   0                   0                   3                   3                   0                   0                   0                   0                   0                   0                  
turn_ids         : 0                   0                   0                   0                   0                   0                   0                   83549461938185      83549461938185      0                   0                   0                   0                   0                   0                  
turn_end_types   : 0                   0                   0                   0                   0                   0                   0                   0                   0                   0                   0                   0                   0                   0                   0                  
speaker_ids      : 0                   0                   0                   0                   0                   0                   0                   2                   2                   0                   0                   0                   0                   0                   0                  


A                : Ġtrue               Ġi                  Ġmean               Ġthat               's                  Ġi                  Ġfind               Ġthat               Ġincredible         Ġthat               's                  Ġa                  <yield>             <emp>               <emp>              
Timings          : (262.606, 263.156)  (263.156, 263.236)  (263.236, 263.436)  (263.436, 263.671)  (263.671, 263.905)  (264.026, 264.216)  (264.216, 264.446)  (264.446, 264.656)  (264.656, 265.558)  (265.558, 265.653)  (265.653, 265.748)  (265.748, 265.804)  (-1.0, -1.0)        (265.872, 266.112)  (266.112, 266.222) 
Token Types      : 1                   1                   1                   1                   1                   1                   1                   1                   1                   1                   1                   1                   1                   0                   0                  
turn_ids         : 83546777583621      83546777583621      83546777583621      83546777583621      83546777583621      83546777583621      83546777583621      83546777583621      83546777583621      83546777583621      83546777583621      83546777583621      83546777583621      0                   0                  
turn_end_types   : 2                   2                   2                   2                   2                   2                   2                   2                   2                   2                   2                   2                   2                   0                   0                  
speaker_ids      : 1                   1                   1                   1                   1                   1                   1                   1                   1                   1                   1                   1                   1                   0                   0                  

B                : <emp>               <emp>               <emp>               <emp>               <emp>               <emp>               <emp>               <emp>               <emp>               Ġso                 Ġyou                <emp>               're                 Ġnot                Ġas                
Timings          : (262.606, 263.156)  (263.156, 263.236)  (263.236, 263.436)  (263.436, 263.671)  (263.671, 263.905)  (264.026, 264.216)  (264.216, 264.446)  (264.446, 264.656)  (264.656, 265.558)  (265.435, 265.701)  (265.701, 265.786)  (265.748, 265.804)  (265.786, 265.872)  (265.872, 266.112)  (266.112, 266.222) 
Token Types      : 0                   0                   0                   0                   0                   0                   0                   0                   0                   4                   4                   4                   4                   4                   4                  
turn_ids         : 0                   0                   0                   0                   0                   0                   0                   0                   0                   83550535680006      83550535680006      83550535680006      83550535680006      83550535680006      83550535680006     
turn_end_types   : 0                   0                   0                   0                   0                   0                   0                   0                   0                   2                   2                   2                   2                   2                   2                  
speaker_ids      : 0                   0                   0                   0                   0                   0                   0                   0                   0                   2                   2                   2                   2                   2                   2                  


A                : <emp>               <emp>               <emp>               <emp>               <emp>               <emp>               <emp>               <emp>               <emp>               <emp>               <emp>               <emp>               Ġuh                 <emp>               Ġyeah              
Timings          : (266.222, 266.612)  (266.612, 266.752)  (266.752, 266.862)  (266.862, 267.232)  (267.232, 267.572)  (267.572, 267.692)  (267.692, 267.852)  (267.852, 267.912)  (267.912, 267.972)  (267.972, 268.292)  (268.292, 268.392)  (268.392, 268.472)  (268.494, 269.184)  (268.758, 269.044)  (269.184, 269.501) 
Token Types      : 0                   0                   0                   0                   0                   0                   0                   0                   0                   0                   0                   0                   4                   4                   4                  
turn_ids         : 0                   0                   0                   0                   0                   0                   0                   0                   0                   0                   0                   0                   83549998809095      83549998809095      83549998809095     
turn_end_types   : 0                   0                   0                   0                   0                   0                   0                   0                   0                   0                   0                   0                   2                   2                   2                  
speaker_ids      : 0                   0                   0                   0                   0                   0                   0                   0                   0                   0                   0                   0                   1                   1                   1                  

B                : Ġpleased            Ġwith               Ġyour               Ġtax                Ġdollars            Ġand                Ġwhat               Ġthey               're                 Ġdoing              Ġin                 Ġnew                Ġy                  ork                 <yield>            
Timings          : (266.222, 266.612)  (266.612, 266.752)  (266.752, 266.862)  (266.862, 267.232)  (267.232, 267.572)  (267.572, 267.692)  (267.692, 267.852)  (267.852, 267.912)  (267.912, 267.972)  (267.972, 268.292)  (268.292, 268.392)  (268.392, 268.472)  (268.472, 268.758)  (268.758, 269.044)  (-1.0, -1.0)       
Token Types      : 4                   4                   4                   4                   4                   4                   4                   4                   4                   4                   4                   4                   4                   4                   4                  
turn_ids         : 83550535680006      83550535680006      83550535680006      83550535680006      83550535680006      83550535680006      83550535680006      83550535680006      83550535680006      83550535680006      83550535680006      83550535680006      83550535680006      83550535680006      83550535680006     
turn_end_types   : 2                   2                   2                   2                   2                   2                   2                   2                   2                   2                   2                   2                   2                   2                   2                  
speaker_ids      : 2                   2                   2                   2                   2                   2                   2                   2                   2                   2                   2                   2                   2                   2                   2                  


A                : Ġwell               Ġi                  Ġguess              Ġi                  Ġhave               Ġa                  Ġa                  Ġprivate            Ġum                 Ġargument           Ġargument           Ġwith               Ġthem               Ġi                  'm                 
Timings          : (269.501, 269.651)  (269.651, 269.731)  (269.731, 269.901)  (269.901, 269.971)  (269.971, 270.141)  (270.141, 270.291)  (270.291, 270.331)  (270.331, 270.87)   (271.055, 271.596)  (272.441, 272.698)  (272.698, 273.167)  (273.167, 273.327)  (273.327, 273.547)  (273.547, 273.651)  (273.651, 273.757) 
Token Types      : 4                   4                   4                   4                   4                   4                   4                   4                   4                   4                   4                   4                   4                   4                   4                  
turn_ids         : 83549998809095      83549998809095      83549998809095      83549998809095      83549998809095      83549998809095      83549998809095      83549998809095      83549998809095      83549998809095      83549998809095      83549998809095      83549998809095      83549998809095      83549998809095     
turn_end_types   : 2                   2                   2                   2                   2                   2                   2                   2                   2                   2                   2                   2                   2                   2                   2                  
speaker_ids      : 1                   1                   1                   1                   1                   1                   1                   1                   1                   1                   1                   1                   1                   1                   1                  

B                : <emp>               <emp>               <emp>               <emp>               <emp>               <emp>               <emp>               <emp>               <emp>               <emp>               <emp>               <emp>               <emp>               <emp>               <emp>              
Timings          : (269.501, 269.651)  (269.651, 269.731)  (269.731, 269.901)  (269.901, 269.971)  (269.971, 270.141)  (270.141, 270.291)  (270.291, 270.331)  (270.331, 270.87)   (271.055, 271.596)  (272.441, 272.698)  (272.698, 273.167)  (273.167, 273.327)  (273.327, 273.547)  (273.547, 273.651)  (273.651, 273.757) 
Token Types      : 0                   0                   0                   0                   0                   0                   0                   0                   0                   0                   0                   0                   0                   0                   0                  
turn_ids         : 0                   0                   0                   0                   0                   0                   0                   0                   0                   0                   0                   0                   0                   0                   0                  
turn_end_types   : 0                   0                   0                   0                   0                   0                   0                   0                   0                   0                   0                   0                   0                   0                   0                  
speaker_ids      : 0                   0                   0                   0                   0                   0                   0                   0                   0                   0                   0                   0                   0                   0                   0                  


A                : Ġa                  Ġsubstitute         Ġteacher            Ġwho                Ġyou                Ġknow               Ġhave               Ġhave               Ġhas                Ġraised             Ġa                  Ġfamily             Ġmy                 Ġkids               Ġare               
Timings          : (273.757, 273.876)  (273.876, 274.457)  (274.457, 274.936)  (274.936, 275.791)  (275.791, 275.901)  (275.901, 275.953)  (275.953, 276.047)  (276.047, 276.363)  (276.363, 276.707)  (276.707, 277.297)  (277.297, 277.357)  (277.357, 277.947)  (277.947, 278.131)  (278.131, 278.323)  (278.323, 278.406) 
Token Types      : 4                   4                   4                   4                   4                   4                   4                   4                   4                   4                   4                   4                   4                   4                   4                  
turn_ids         : 83549998809095      83549998809095      83549998809095      83549998809095      83549998809095      83549998809095      83549998809095      83549998809095      83549998809095      83549998809095      83549998809095      83549998809095      83549998809095      83549998809095      83549998809095     
turn_end_types   : 2                   2                   2                   2                   2                   2                   2                   2                   2                   2                   2                   2                   2                   2                   2                  
speaker_ids      : 1                   1                   1                   1                   1                   1                   1                   1                   1                   1                   1                   1                   1                   1                   1                  

B                : <emp>               <emp>               <emp>               <emp>               <emp>               <emp>               <emp>               <emp>               <emp>               <emp>               <emp>               <emp>               <emp>               <emp>               <emp>              
Timings          : (273.757, 273.876)  (273.876, 274.457)  (274.457, 274.936)  (274.936, 275.791)  (275.791, 275.901)  (275.901, 275.953)  (275.953, 276.047)  (276.047, 276.363)  (276.363, 276.707)  (276.707, 277.297)  (277.297, 277.357)  (277.357, 277.947)  (277.947, 278.131)  (278.131, 278.323)  (278.323, 278.406) 
Token Types      : 0                   0                   0                   0                   0                   0                   0                   0                   0                   0                   0                   0                   0                   0                   0                  
turn_ids         : 0                   0                   0                   0                   0                   0                   0                   0                   0                   0                   0                   0                   0                   0                   0                  
turn_end_types   : 0                   0                   0                   0                   0                   0                   0                   0                   0                   0                   0                   0                   0                   0                   0                  
speaker_ids      : 0                   0                   0                   0                   0                   0                   0                   0                   0                   0                   0                   0                   0                   0                   0                  


A                : Ġolder              Ġnow                Ġand                Ġi                  'd                  Ġlike               Ġto                 Ġwork               Ġfull               time                Ġand                Ġthey               're                 Ġfiring             Ġteachers          
Timings          : (278.406, 278.716)  (278.716, 278.947)  (278.947, 279.056)  (279.056, 279.112)  (279.112, 279.167)  (279.167, 279.376)  (279.376, 279.496)  (279.496, 279.737)  (279.737, 280.098)  (280.098, 280.459)  (280.866, 280.977)  (280.977, 281.026)  (281.026, 281.077)  (281.077, 281.536)  (281.536, 281.947) 
Token Types      : 4                   4                   4                   4                   4                   4                   4                   4                   4                   4                   4                   4                   4                   4                   4                  
turn_ids         : 83549998809095      83549998809095      83549998809095      83549998809095      83549998809095      83549998809095      83549998809095      83549998809095      83549998809095      83549998809095      83549998809095      83549998809095      83549998809095      83549998809095      83549998809095     
turn_end_types   : 2                   2                   2                   2                   2                   2                   2                   2                   2                   2                   2                   2                   2                   2                   2                  
speaker_ids      : 1                   1                   1                   1                   1                   1                   1                   1                   1                   1                   1                   1                   1                   1                   1                  

B                : <emp>               <emp>               <emp>               <emp>               <emp>               <emp>               <emp>               <emp>               <emp>               <emp>               <emp>               <emp>               <emp>               <emp>               <emp>              
Timings          : (278.406, 278.716)  (278.716, 278.947)  (278.947, 279.056)  (279.056, 279.112)  (279.112, 279.167)  (279.167, 279.376)  (279.376, 279.496)  (279.496, 279.737)  (279.737, 280.098)  (280.098, 280.459)  (280.866, 280.977)  (280.977, 281.026)  (281.026, 281.077)  (281.077, 281.536)  (281.536, 281.947) 
Token Types      : 0                   0                   0                   0                   0                   0                   0                   0                   0                   0                   0                   0                   0                   0                   0                  
turn_ids         : 0                   0                   0                   0                   0                   0                   0                   0                   0                   0                   0                   0                   0                   0                   0                  
turn_end_types   : 0                   0                   0                   0                   0                   0                   0                   0                   0                   0                   0                   0                   0                   0                   0                  
speaker_ids      : 0                   0                   0                   0                   0                   0                   0                   0                   0                   0                   0                   0                   0                   0                   0                  


A                : Ġleft               Ġand                Ġright              Ġand                Ġthe                Ġclasses            Ġare                Ġgetting            Ġbigger             Ġour                Ġschool             Ġbudgets            Ġare                Ġreally             Ġdown              
Timings          : (281.947, 282.186)  (282.186, 282.336)  (282.336, 282.566)  (282.566, 282.656)  (282.656, 282.716)  (282.716, 283.227)  (283.227, 283.297)  (283.297, 283.637)  (283.637, 284.083)  (284.384, 284.496)  (284.496, 284.797)  (284.797, 285.167)  (285.167, 285.276)  (285.276, 285.902)  (285.985, 286.659) 
Token Types      : 4                   4                   4                   4                   4                   4                   4                   4                   4                   4                   4                   4                   4                   4                   4                  
turn_ids         : 83549998809095      83549998809095      83549998809095      83549998809095      83549998809095      83549998809095      83549998809095      83549998809095      83549998809095      83549998809095      83549998809095      83549998809095      83549998809095      83549998809095      83549998809095     
turn_end_types   : 2                   2                   2                   2                   2                   2                   2                   2                   2                   2                   2                   2                   2                   2                   2                  
speaker_ids      : 1                   1                   1                   1                   1                   1                   1                   1                   1                   1                   1                   1                   1                   1                   1                  

B                : <emp>               <emp>               <emp>               <emp>               <emp>               <emp>               <emp>               <emp>               <emp>               <emp>               <emp>               <emp>               <emp>               <emp>               <emp>              
Timings          : (281.947, 282.186)  (282.186, 282.336)  (282.336, 282.566)  (282.566, 282.656)  (282.656, 282.716)  (282.716, 283.227)  (283.227, 283.297)  (283.297, 283.637)  (283.637, 284.083)  (284.384, 284.496)  (284.496, 284.797)  (284.797, 285.167)  (285.167, 285.276)  (285.276, 285.902)  (285.985, 286.659) 
Token Types      : 0                   0                   0                   0                   0                   0                   0                   0                   0                   0                   0                   0                   0                   0                   0                  
turn_ids         : 0                   0                   0                   0                   0                   0                   0                   0                   0                   0                   0                   0                   0                   0                   0                  
turn_end_types   : 0                   0                   0                   0                   0                   0                   0                   0                   0                   0                   0                   0                   0                   0                   0                  
speaker_ids      : 0                   0                   0                   0                   0                   0                   0                   0                   0                   0                   0                   0                   0                   0                   0                  


A                : <emp>               Ġmaybe              Ġit                 's                  Ġnot                Ġhandled            Ġreal               Ġefficiently        Ġyou                Ġknow               Ġthat               's                  Ġthat               's                  Ġvery              
Timings          : (286.93, 287.294)   (287.583, 287.772)  (287.772, 287.846)  (287.846, 287.922)  (287.922, 288.102)  (288.102, 288.531)  (288.531, 288.711)  (288.711, 289.501)  (289.501, 289.576)  (289.576, 289.691)  (289.691, 289.857)  (289.857, 290.022)  (290.022, 290.116)  (290.116, 290.211)  (290.211, 290.392) 
Token Types      : 4                   4                   4                   4                   4                   4                   4                   4                   4                   4                   4                   4                   4                   4                   4                  
turn_ids         : 83549998809095      83549998809095      83549998809095      83549998809095      83549998809095      83549998809095      83549998809095      83549998809095      83549998809095      83549998809095      83549998809095      83549998809095      83549998809095      83549998809095      83549998809095     
turn_end_types   : 2                   2                   2                   2                   2                   2                   2                   2                   2                   2                   2                   2                   2                   2                   2                  
speaker_ids      : 1                   1                   1                   1                   1                   1                   1                   1                   1                   1                   1                   1                   1                   1                   1                  

B                : Ġyeah               <ebc>               <emp>               <emp>               <emp>               <emp>               <emp>               <emp>               <emp>               <emp>               <emp>               <emp>               <emp>               <emp>               <emp>              
Timings          : (286.93, 287.294)   (-1.0, -1.0)        (287.772, 287.846)  (287.846, 287.922)  (287.922, 288.102)  (288.102, 288.531)  (288.531, 288.711)  (288.711, 289.501)  (289.501, 289.576)  (289.576, 289.691)  (289.691, 289.857)  (289.857, 290.022)  (290.022, 290.116)  (290.116, 290.211)  (290.211, 290.392) 
Token Types      : 3                   3                   0                   0                   0                   0                   0                   0                   0                   0                   0                   0                   0                   0                   0                  
turn_ids         : 83549461938187      83549461938187      0                   0                   0                   0                   0                   0                   0                   0                   0                   0                   0                   0                   0                  
turn_end_types   : 0                   0                   0                   0                   0                   0                   0                   0                   0                   0                   0                   0                   0                   0                   0                  
speaker_ids      : 2                   2                   0                   0                   0                   0                   0                   0                   0                   0                   0                   0                   0                   0                   0                  


A                : Ġlikely             <yield>             <emp>               <emp>               <emp>               <emp>               <emp>               Ġmy                 Ġyou                Ġknow               Ġmy                 Ġhusband            's                  Ġin                 Ġthe               
Timings          : (290.392, 291.002)  (-1.0, -1.0)        (290.944, 291.344)  (291.344, 291.493)  (291.493, 291.594)  (291.594, 291.694)  (291.694, 291.993)  (292.131, 292.414)  (292.474, 292.574)  (292.574, 292.644)  (292.644, 292.774)  (292.774, 292.939)  (292.939, 293.104)  (293.104, 293.214)  (293.214, 293.274) 
Token Types      : 4                   4                   0                   0                   0                   0                   0                   4                   4                   4                   4                   4                   4                   4                   4                  
turn_ids         : 83549998809095      83549998809095      0                   0                   0                   0                   0                   83549998809097      83549998809097      83549998809097      83549998809097      83549998809097      83549998809097      83549998809097      83549998809097     
turn_end_types   : 2                   2                   0                   0                   0                   0                   0                   1                   1                   1                   1                   1                   1                   1                   1                  
speaker_ids      : 1                   1                   0                   0                   0                   0                   0                   1                   1                   1                   1                   1                   1                   1                   1                  

B                : Ġthat               Ġcould              Ġbe                 Ġi                  Ġdon                't                  Ġknow               Ġum                 <yield>             <emp>               <emp>               <emp>               <emp>               <emp>               <emp>              
Timings          : (290.41, 290.643)   (290.643, 290.944)  (290.944, 291.344)  (291.344, 291.493)  (291.493, 291.594)  (291.594, 291.694)  (291.694, 291.993)  (291.993, 292.504)  (-1.0, -1.0)        (292.574, 292.644)  (292.644, 292.774)  (292.774, 292.939)  (292.939, 293.104)  (293.104, 293.214)  (293.214, 293.274) 
Token Types      : 4                   4                   4                   4                   4                   4                   4                   4                   4                   0                   0                   0                   0                   0                   0                  
turn_ids         : 83550535680008      83550535680008      83550535680008      83550535680008      83550535680008      83550535680008      83550535680008      83550535680008      83550535680008      0                   0                   0                   0                   0                   0                  
turn_end_types   : 2                   2                   2                   2                   2                   2                   2                   2                   2                   0                   0                   0                   0                   0                   0                  
speaker_ids      : 2                   2                   2                   2                   2                   2                   2                   2                   2                   0                   0                   0                   0                   0                   0                  


A                : Ġcomputer           Ġbusiness           Ġand                Ġthe                Ġschools            Ġjust               Ġyou                Ġknow               Ġthey               're                 Ġupdating           Ġcomputers          Ġare                Ġthe                Ġhot               
Timings          : (293.274, 293.704)  (293.704, 294.174)  (294.174, 294.58)   (294.58, 294.701)   (294.701, 295.184)  (295.184, 295.534)  (295.534, 295.654)  (295.654, 295.844)  (295.844, 295.989)  (295.989, 296.134)  (296.134, 296.674)  (296.674, 297.114)  (297.114, 297.174)  (297.174, 297.244)  (297.244, 297.484) 
Token Types      : 4                   4                   4                   4                   4                   4                   4                   4                   4                   4                   4                   4                   4                   4                   4                  
turn_ids         : 83549998809097      83549998809097      83549998809097      83549998809097      83549998809097      83549998809097      83549998809097      83549998809097      83549998809097      83549998809097      83549998809097      83549998809097      83549998809097      83549998809097      83549998809097     
turn_end_types   : 1                   1                   1                   1                   1                   1                   1                   1                   1                   1                   1                   1                   1                   1                   1                  
speaker_ids      : 1                   1                   1                   1                   1                   1                   1                   1                   1                   1                   1                   1                   1                   1                   1                  

B                : <emp>               <emp>               <emp>               <emp>               <emp>               <emp>               <emp>               <emp>               <emp>               <emp>               <emp>               <emp>               <emp>               <emp>               <emp>              
Timings          : (293.274, 293.704)  (293.704, 294.174)  (294.174, 294.58)   (294.58, 294.701)   (294.701, 295.184)  (295.184, 295.534)  (295.534, 295.654)  (295.654, 295.844)  (295.844, 295.989)  (295.989, 296.134)  (296.134, 296.674)  (296.674, 297.114)  (297.114, 297.174)  (297.174, 297.244)  (297.244, 297.484) 
Token Types      : 0                   0                   0                   0                   0                   0                   0                   0                   0                   0                   0                   0                   0                   0                   0                  
turn_ids         : 0                   0                   0                   0                   0                   0                   0                   0                   0                   0                   0                   0                   0                   0                   0                  
turn_end_types   : 0                   0                   0                   0                   0                   0                   0                   0                   0                   0                   0                   0                   0                   0                   0                  
speaker_ids      : 0                   0                   0                   0                   0                   0                   0                   0                   0                   0                   0                   0                   0                   0                   0                  


A                : Ġnew                                   Ġthing                                 Ġand                                   Ġmy                                    Ġhusband                               Ġwas                                   <eot>                                 
Timings          : (297.484, 297.624)                     (297.624, 297.988)                     (298.494, 298.916)                     (298.916, 299.064)                     (299.064, 299.314)                     (299.314, 299.414)                     (-1.0, -1.0)                          
Token Types      : 4                                      4                                      4                                      4                                      4                                      4                                      4                                     
turn_ids         : 83549998809097                         83549998809097                         83549998809097                         83549998809097                         83549998809097                         83549998809097                         83549998809097                        
turn_end_types   : 1                                      1                                      1                                      1                                      1                                      1                                      1                                     
speaker_ids      : 1                                      1                                      1                                      1                                      1                                      1                                      1                                     

B                : <emp>                                  <emp>                                  <emp>                                  <emp>                                  <emp>                                  <emp>                                  <emp>                                 
Timings          : (297.484, 297.624)                     (297.624, 297.988)                     (298.494, 298.916)                     (298.916, 299.064)                     (299.064, 299.314)                     (299.314, 299.414)                     (-1.0, -1.0)                          
Token Types      : 0                                      0                                      0                                      0                                      0                                      0                                      0                                     
turn_ids         : 0                                      0                                      0                                      0                                      0                                      0                                      0                                     
turn_end_types   : 0                                      0                                      0                                      0                                      0                                      0                                      0                                     
speaker_ids      : 0                                      0                                      0                                      0                                      0                                      0                                      0                                     


