A                : you                 Ġinterested         Ġin                 Ġwood               working             <eot>               <emp>               <emp>               <emp>               <emp>               <emp>               <emp>               <emp>               <emp>               <emp>              
Timings          : (0.04, 0.1)         (0.1, 0.42)         (0.42, 0.48)        (0.48, 0.731)       (0.731, 0.982)      (-1.0, -1.0)        (1.467, 2.019)      (2.019, 2.269)      (2.269, 2.538)      (2.538, 2.719)      (2.719, 2.969)      (2.969, 3.099)      (3.099, 3.506)      (3.867, 4.579)      (4.579, 4.809)     
Token Types      : 1                   1                   1                   1                   1                   1                   0                   0                   0                   0                   0                   0                   0                   0                   0                  
turn_ids         : 79767206363136      79767206363136      79767206363136      79767206363136      79767206363136      79767206363136      0                   0                   0                   0                   0                   0                   0                   0                   0                  
turn_end_types   : 1                   1                   1                   1                   1                   1                   0                   0                   0                   0                   0                   0                   0                   0                   0                  
speaker_ids      : 1                   1                   1                   1                   1                   1                   0                   0                   0                   0                   0                   0                   0                   0                   0                  

B                : <emp>               <emp>               <emp>               <emp>               <emp>               yeah                Ġactually           Ġi                  Ġuh                 Ġi                  Ġguess              Ġi                  Ġam                 Ġum                 Ġit                
Timings          : (0.04, 0.1)         (0.1, 0.42)         (0.42, 0.48)        (0.48, 0.731)       (0.731, 0.982)      (1.016, 1.467)      (1.467, 2.019)      (2.019, 2.269)      (2.269, 2.538)      (2.538, 2.719)      (2.719, 2.969)      (2.969, 3.099)      (3.099, 3.506)      (3.867, 4.579)      (4.579, 4.809)     
Token Types      : 0                   0                   0                   0                   0                   1                   1                   1                   1                   1                   1                   1                   1                   1                   1                  
turn_ids         : 0                   0                   0                   0                   0                   79767743234049      79767743234049      79767743234049      79767743234049      79767743234049      79767743234049      79767743234049      79767743234049      79767743234049      79767743234049     
turn_end_types   : 0                   0                   0                   0                   0                   1                   1                   1                   1                   1                   1                   1                   1                   1                   1                  
speaker_ids      : 0                   0                   0                   0                   0                   2                   2                   2                   2                   2                   2                   2                   2                   2                   2                  


A                : <emp>               <emp>               <emp>               <emp>               <emp>               <emp>               <emp>               <emp>               <emp>               <emp>               <emp>               <emp>               <emp>               <emp>               <emp>              
Timings          : (4.809, 5.029)      (5.029, 5.189)      (5.189, 5.359)      (5.359, 5.419)      (5.419, 5.739)      (5.739, 5.949)      (5.949, 6.129)      (6.129, 6.249)      (6.249, 6.329)      (6.329, 6.719)      (6.719, 6.919)      (6.919, 7.425)      (8.16, 8.731)       (8.953, 9.32)       (9.32, 9.647)      
Token Types      : 0                   0                   0                   0                   0                   0                   0                   0                   0                   0                   0                   0                   0                   0                   0                  
turn_ids         : 0                   0                   0                   0                   0                   0                   0                   0                   0                   0                   0                   0                   0                   0                   0                  
turn_end_types   : 0                   0                   0                   0                   0                   0                   0                   0                   0                   0                   0                   0                   0                   0                   0                  
speaker_ids      : 0                   0                   0                   0                   0                   0                   0                   0                   0                   0                   0                   0                   0                   0                   0                  

B                : Ġjust               Ġseems              Ġkind               Ġof                 Ġfunny              Ġthat               Ġthis               Ġis                 Ġa                  Ġtopic              Ġof                 Ġdiscussion         Ġum                 Ġi                  Ġdo                
Timings          : (4.809, 5.029)      (5.029, 5.189)      (5.189, 5.359)      (5.359, 5.419)      (5.419, 5.739)      (5.739, 5.949)      (5.949, 6.129)      (6.129, 6.249)      (6.249, 6.329)      (6.329, 6.719)      (6.719, 6.919)      (6.919, 7.425)      (8.16, 8.731)       (8.953, 9.32)       (9.32, 9.647)      
Token Types      : 1                   1                   1                   1                   1                   1                   1                   1                   1                   1                   1                   1                   1                   1                   1                  
turn_ids         : 79767743234049      79767743234049      79767743234049      79767743234049      79767743234049      79767743234049      79767743234049      79767743234049      79767743234049      79767743234049      79767743234049      79767743234049      79767743234049      79767743234049      79767743234049     
turn_end_types   : 1                   1                   1                   1                   1                   1                   1                   1                   1                   1                   1                   1                   1                   1                   1                  
speaker_ids      : 2                   2                   2                   2                   2                   2                   2                   2                   2                   2                   2                   2                   2                   2                   2                  


A                : <emp>               <emp>               <emp>               <emp>               <emp>               <emp>               <emp>               <emp>               <emp>               <emp>               <emp>               <emp>               <emp>               <emp>               <emp>              
Timings          : (9.647, 10.022)     (10.022, 10.578)    (10.578, 11.312)    (11.312, 11.512)    (11.512, 11.712)    (11.712, 12.342)    (12.754, 12.982)    (12.982, 13.047)    (13.047, 13.112)    (13.112, 13.242)    (13.242, 13.492)    (13.492, 13.532)    (13.532, 13.572)    (13.572, 13.642)    (13.642, 13.702)   
Token Types      : 0                   0                   0                   0                   0                   0                   0                   0                   0                   0                   0                   0                   0                   0                   0                  
turn_ids         : 0                   0                   0                   0                   0                   0                   0                   0                   0                   0                   0                   0                   0                   0                   0                  
turn_end_types   : 0                   0                   0                   0                   0                   0                   0                   0                   0                   0                   0                   0                   0                   0                   0                  
speaker_ids      : 0                   0                   0                   0                   0                   0                   0                   0                   0                   0                   0                   0                   0                   0                   0                  

B                : Ġuh                 Ġsome               Ġuh                 Ġwood               working             Ġmyself             Ġuh                 Ġi                  'm                  Ġin                 Ġfact               Ġi                  'm                  Ġin                 Ġthe               
Timings          : (9.647, 10.022)     (10.022, 10.578)    (10.578, 11.312)    (11.312, 11.512)    (11.512, 11.712)    (11.712, 12.342)    (12.754, 12.982)    (12.982, 13.047)    (13.047, 13.112)    (13.112, 13.242)    (13.242, 13.492)    (13.492, 13.532)    (13.532, 13.572)    (13.572, 13.642)    (13.642, 13.702)   
Token Types      : 1                   1                   1                   1                   1                   1                   1                   1                   1                   1                   1                   1                   1                   1                   1                  
turn_ids         : 79767743234049      79767743234049      79767743234049      79767743234049      79767743234049      79767743234049      79767743234049      79767743234049      79767743234049      79767743234049      79767743234049      79767743234049      79767743234049      79767743234049      79767743234049     
turn_end_types   : 1                   1                   1                   1                   1                   1                   1                   1                   1                   1                   1                   1                   1                   1                   1                  
speaker_ids      : 2                   2                   2                   2                   2                   2                   2                   2                   2                   2                   2                   2                   2                   2                   2                  


A                : <emp>               <emp>               <emp>               <emp>               <emp>               <emp>               <emp>               <emp>               <emp>               <emp>               <emp>               <emp>               Ġh                  m                   Ġwhat              
Timings          : (13.702, 13.872)    (13.872, 13.962)    (13.962, 14.022)    (14.022, 14.352)    (14.352, 14.472)    (14.472, 14.642)    (14.642, 14.942)    (14.942, 15.022)    (15.022, 15.212)    (15.212, 15.342)    (15.342, 15.622)    (15.622, 15.987)    (16.513, 16.69)     (16.69, 16.867)     (16.867, 17.088)   
Token Types      : 0                   0                   0                   0                   0                   0                   0                   0                   0                   0                   0                   0                   1                   1                   1                  
turn_ids         : 0                   0                   0                   0                   0                   0                   0                   0                   0                   0                   0                   0                   79767206363138      79767206363138      79767206363138     
turn_end_types   : 0                   0                   0                   0                   0                   0                   0                   0                   0                   0                   0                   0                   2                   2                   2                  
speaker_ids      : 0                   0                   0                   0                   0                   0                   0                   0                   0                   0                   0                   0                   1                   1                   1                  

B                : Ġmiddle             Ġof                 Ġa                  Ġproject            Ġright              Ġnow                Ġmaking             Ġa                  Ġbed                Ġfor                Ġmy                 Ġson                <eot>               <emp>               Ġit                
Timings          : (13.702, 13.872)    (13.872, 13.962)    (13.962, 14.022)    (14.022, 14.352)    (14.352, 14.472)    (14.472, 14.642)    (14.642, 14.942)    (14.942, 15.022)    (15.022, 15.212)    (15.212, 15.342)    (15.342, 15.622)    (15.622, 15.987)    (-1.0, -1.0)        (16.69, 16.867)     (16.902, 17.052)   
Token Types      : 1                   1                   1                   1                   1                   1                   1                   1                   1                   1                   1                   1                   1                   0                   4                  
turn_ids         : 79767743234049      79767743234049      79767743234049      79767743234049      79767743234049      79767743234049      79767743234049      79767743234049      79767743234049      79767743234049      79767743234049      79767743234049      79767743234049      0                   79770964459523     
turn_end_types   : 1                   1                   1                   1                   1                   1                   1                   1                   1                   1                   1                   1                   1                   0                   2                  
speaker_ids      : 2                   2                   2                   2                   2                   2                   2                   2                   2                   2                   2                   2                   2                   0                   2                  


A                : Ġkind               Ġof                 Ġa                  Ġpine               <yield>             <emp>               <emp>               <emp>               <emp>               <emp>               <emp>               <emp>               <emp>               <emp>               <emp>              
Timings          : (17.088, 17.338)    (17.338, 17.458)    (17.458, 17.55)     (17.55, 17.919)     (-1.0, -1.0)        (18.482, 18.657)    (18.657, 19.189)    (19.294, 19.451)    (19.451, 19.607)    (19.607, 19.822)    (19.822, 20.27)     (20.27, 20.717)     (20.717, 21.366)    (21.366, 22.047)    (22.047, 22.147)   
Token Types      : 1                   1                   1                   1                   1                   0                   0                   0                   0                   0                   0                   0                   0                   0                   0                  
turn_ids         : 79767206363138      79767206363138      79767206363138      79767206363138      79767206363138      0                   0                   0                   0                   0                   0                   0                   0                   0                   0                  
turn_end_types   : 2                   2                   2                   2                   2                   0                   0                   0                   0                   0                   0                   0                   0                   0                   0                  
speaker_ids      : 1                   1                   1                   1                   1                   0                   0                   0                   0                   0                   0                   0                   0                   0                   0                  

B                : 's                  Ġuh                 <emp>               <emp>               Ġit                 's                  Ġum                 Ġit                 's                  Ġuh                 Ġply                wood                Ġum                 Ġface               Ġi                 
Timings          : (17.052, 17.202)    (17.202, 17.406)    (17.458, 17.55)     (17.55, 17.919)     (18.308, 18.482)    (18.482, 18.657)    (18.657, 19.189)    (19.294, 19.451)    (19.451, 19.607)    (19.607, 19.822)    (19.822, 20.27)     (20.27, 20.717)     (20.717, 21.366)    (21.366, 22.047)    (22.047, 22.147)   
Token Types      : 4                   4                   4                   4                   4                   4                   4                   4                   4                   4                   4                   4                   4                   4                   4                  
turn_ids         : 79770964459523      79770964459523      79770964459523      79770964459523      79770964459523      79770964459523      79770964459523      79770964459523      79770964459523      79770964459523      79770964459523      79770964459523      79770964459523      79770964459523      79770964459523     
turn_end_types   : 2                   2                   2                   2                   2                   2                   2                   2                   2                   2                   2                   2                   2                   2                   2                  
speaker_ids      : 2                   2                   2                   2                   2                   2                   2                   2                   2                   2                   2                   2                   2                   2                   2                  


A                : <emp>               <emp>               <emp>               <emp>               <emp>               <emp>               <emp>               <emp>               <emp>               <emp>               <emp>               <emp>               <emp>               <emp>               <emp>              
Timings          : (22.147, 22.475)    (22.881, 22.997)    (22.997, 23.047)    (23.047, 23.307)    (23.307, 23.417)    (23.417, 23.597)    (23.597, 23.677)    (23.677, 23.747)    (23.747, 24.057)    (24.057, 24.157)    (24.157, 24.227)    (24.227, 24.417)    (24.417, 24.607)    (24.607, 24.797)    (24.797, 25.268)   
Token Types      : 0                   0                   0                   0                   0                   0                   0                   0                   0                   0                   0                   0                   0                   0                   0                  
turn_ids         : 0                   0                   0                   0                   0                   0                   0                   0                   0                   0                   0                   0                   0                   0                   0                  
turn_end_types   : 0                   0                   0                   0                   0                   0                   0                   0                   0                   0                   0                   0                   0                   0                   0                  
speaker_ids      : 0                   0                   0                   0                   0                   0                   0                   0                   0                   0                   0                   0                   0                   0                   0                  

B                : Ġguess              Ġbut                Ġi                  Ġcut                Ġit                 Ġout                Ġin                 Ġthe                Ġshape              Ġof                 Ġa                  Ġcr                 ay                  on                  Ġbox               
Timings          : (22.147, 22.475)    (22.881, 22.997)    (22.997, 23.047)    (23.047, 23.307)    (23.307, 23.417)    (23.417, 23.597)    (23.597, 23.677)    (23.677, 23.747)    (23.747, 24.057)    (24.057, 24.157)    (24.157, 24.227)    (24.227, 24.417)    (24.417, 24.607)    (24.607, 24.797)    (24.797, 25.268)   
Token Types      : 4                   4                   4                   4                   4                   4                   4                   4                   4                   4                   4                   4                   4                   4                   4                  
turn_ids         : 79770964459523      79770964459523      79770964459523      79770964459523      79770964459523      79770964459523      79770964459523      79770964459523      79770964459523      79770964459523      79770964459523      79770964459523      79770964459523      79770964459523      79770964459523     
turn_end_types   : 2                   2                   2                   2                   2                   2                   2                   2                   2                   2                   2                   2                   2                   2                   2                  
speaker_ids      : 2                   2                   2                   2                   2                   2                   2                   2                   2                   2                   2                   2                   2                   2                   2                  


A                : <emp>               <emp>               <emp>               <emp>               <emp>               <emp>               <emp>               <emp>               <emp>               <emp>               <emp>               <emp>               <emp>               <emp>               <emp>              
Timings          : (25.739, 25.907)    (25.907, 25.997)    (25.997, 26.097)    (26.097, 26.597)    (26.597, 27.162)    (27.162, 27.487)    (27.487, 27.697)    (27.887, 28.307)    (28.307, 28.532)    (28.917, 29.441)    (29.917, 30.313)    (30.313, 30.414)    (30.414, 30.574)    (30.574, 30.704)    (30.704, 30.854)   
Token Types      : 0                   0                   0                   0                   0                   0                   0                   0                   0                   0                   0                   0                   0                   0                   0                  
turn_ids         : 0                   0                   0                   0                   0                   0                   0                   0                   0                   0                   0                   0                   0                   0                   0                  
turn_end_types   : 0                   0                   0                   0                   0                   0                   0                   0                   0                   0                   0                   0                   0                   0                   0                  
speaker_ids      : 0                   0                   0                   0                   0                   0                   0                   0                   0                   0                   0                   0                   0                   0                   0                  

B                : Ġand                Ġthen               Ġi                  Ġpainted            Ġum                 Ġabout              Ġeight              Ġdifferent          Ġuh                 Ġcolors             Ġum                 Ġyou                Ġknow               Ġthe                Ġcr                
Timings          : (25.739, 25.907)    (25.907, 25.997)    (25.997, 26.097)    (26.097, 26.597)    (26.597, 27.162)    (27.162, 27.487)    (27.487, 27.697)    (27.887, 28.307)    (28.307, 28.532)    (28.917, 29.441)    (29.917, 30.313)    (30.313, 30.414)    (30.414, 30.574)    (30.574, 30.704)    (30.704, 30.854)   
Token Types      : 4                   4                   4                   4                   4                   4                   4                   4                   4                   4                   4                   4                   4                   4                   4                  
turn_ids         : 79770964459523      79770964459523      79770964459523      79770964459523      79770964459523      79770964459523      79770964459523      79770964459523      79770964459523      79770964459523      79770964459523      79770964459523      79770964459523      79770964459523      79770964459523     
turn_end_types   : 2                   2                   2                   2                   2                   2                   2                   2                   2                   2                   2                   2                   2                   2                   2                  
speaker_ids      : 2                   2                   2                   2                   2                   2                   2                   2                   2                   2                   2                   2                   2                   2                   2                  


A                : <emp>               <emp>               <emp>               <emp>               <emp>               <emp>               <emp>               <emp>               <emp>               <emp>               <emp>               <emp>               Ġu                  hh                  uh                 
Timings          : (30.854, 31.004)    (31.004, 31.154)    (31.154, 31.254)    (31.254, 31.324)    (31.324, 31.584)    (31.584, 31.694)    (31.694, 31.804)    (31.804, 31.914)    (31.914, 32.034)    (32.034, 32.134)    (32.134, 32.498)    (32.498, 32.862)    (32.911, 33.095)    (33.095, 33.279)    (33.279, 33.463)   
Token Types      : 0                   0                   0                   0                   0                   0                   0                   0                   0                   0                   0                   0                   4                   4                   4                  
turn_ids         : 0                   0                   0                   0                   0                   0                   0                   0                   0                   0                   0                   0                   79770427588612      79770427588612      79770427588612     
turn_end_types   : 0                   0                   0                   0                   0                   0                   0                   0                   0                   0                   0                   0                   1                   1                   1                  
speaker_ids      : 0                   0                   0                   0                   0                   0                   0                   0                   0                   0                   0                   0                   1                   1                   1                  

B                : ay                  ons                 Ġthat               Ġare                Ġsticking           Ġup                 Ġit                 'll                 Ġbe                 Ġthe                Ġhead               board               <emp>               <emp>               <emp>              
Timings          : (30.854, 31.004)    (31.004, 31.154)    (31.154, 31.254)    (31.254, 31.324)    (31.324, 31.584)    (31.584, 31.694)    (31.694, 31.804)    (31.804, 31.914)    (31.914, 32.034)    (32.034, 32.134)    (32.134, 32.498)    (32.498, 32.862)    (32.911, 33.095)    (33.095, 33.279)    (33.279, 33.463)   
Token Types      : 4                   4                   4                   4                   4                   4                   4                   4                   4                   4                   4                   4                   4                   4                   4                  
turn_ids         : 79770964459523      79770964459523      79770964459523      79770964459523      79770964459523      79770964459523      79770964459523      79770964459523      79770964459523      79770964459523      79770964459523      79770964459523      79770964459523      79770964459523      79770964459523     
turn_end_types   : 2                   2                   2                   2                   2                   2                   2                   2                   2                   2                   2                   2                   2                   2                   2                  
speaker_ids      : 2                   2                   2                   2                   2                   2                   2                   2                   2                   2                   2                   2                   2                   2                   2                  


A                : Ġi                  Ġguess              Ġhe                 's                  Ġyoung              <eot>               <emp>               <emp>               <emp>               <emp>               <emp>               <emp>               <emp>               <emp>               <emp>              
Timings          : (33.463, 33.561)    (33.561, 33.706)    (33.706, 33.786)    (33.786, 33.866)    (33.866, 34.236)    (-1.0, -1.0)        (35.825, 35.93)     (35.93, 36.035)     (36.035, 36.236)    (36.236, 36.446)    (36.446, 36.646)    (36.646, 36.736)    (36.736, 36.766)    (36.766, 36.936)    (36.936, 37.146)   
Token Types      : 4                   4                   4                   4                   4                   4                   0                   0                   0                   0                   0                   0                   0                   0                   0                  
turn_ids         : 79770427588612      79770427588612      79770427588612      79770427588612      79770427588612      79770427588612      0                   0                   0                   0                   0                   0                   0                   0                   0                  
turn_end_types   : 1                   1                   1                   1                   1                   1                   0                   0                   0                   0                   0                   0                   0                   0                   0                  
speaker_ids      : 1                   1                   1                   1                   1                   1                   0                   0                   0                   0                   0                   0                   0                   0                   0                  

B                : Ġand                Ġthen               <yield>             <emp>               <emp>               Ġyes                Ġhe                 's                  Ġuh                 Ġabout              Ġfive               Ġand                Ġa                  Ġhalf               Ġyears             
Timings          : (33.489, 33.606)    (33.606, 33.76)     (-1.0, -1.0)        (33.786, 33.866)    (33.866, 34.236)    (34.505, 34.967)    (35.825, 35.93)     (35.93, 36.035)     (36.035, 36.236)    (36.236, 36.446)    (36.446, 36.646)    (36.646, 36.736)    (36.736, 36.766)    (36.766, 36.936)    (36.936, 37.146)   
Token Types      : 4                   4                   4                   0                   0                   1                   1                   1                   1                   1                   1                   1                   1                   1                   1                  
turn_ids         : 79770964459523      79770964459523      79770964459523      0                   0                   79767743234053      79767743234053      79767743234053      79767743234053      79767743234053      79767743234053      79767743234053      79767743234053      79767743234053      79767743234053     
turn_end_types   : 2                   2                   2                   0                   0                   1                   1                   1                   1                   1                   1                   1                   1                   1                   1                  
speaker_ids      : 2                   2                   2                   0                   0                   2                   2                   2                   2                   2                   2                   2                   2                   2                   2                  


A                : <emp>               Ġoh                 Ġhe                 'll                 Ġbe                 Ġdelighted          <yield>             <emp>               <emp>               <emp>               <emp>               <emp>               <emp>               <emp>               <emp>              
Timings          : (37.146, 37.474)    (37.51, 37.69)      (37.69, 37.775)     (37.775, 37.86)     (37.86, 37.96)      (37.96, 38.655)     (-1.0, -1.0)        (39.27, 39.365)     (39.365, 39.46)     (39.46, 39.555)     (39.555, 39.785)    (39.785, 39.884)    (39.884, 40.055)    (40.055, 40.174)    (40.174, 40.285)   
Token Types      : 0                   1                   1                   1                   1                   1                   1                   0                   0                   0                   0                   0                   0                   0                   0                  
turn_ids         : 0                   79767206363142      79767206363142      79767206363142      79767206363142      79767206363142      79767206363142      0                   0                   0                   0                   0                   0                   0                   0                  
turn_end_types   : 0                   2                   2                   2                   2                   2                   2                   0                   0                   0                   0                   0                   0                   0                   0                  
speaker_ids      : 0                   1                   1                   1                   1                   1                   1                   0                   0                   0                   0                   0                   0                   0                   0                  

B                : Ġold                <eot>               <emp>               <emp>               <emp>               Ġoh                 Ġyeah               Ġu                  hh                  uh                  Ġnow                Ġi                  Ġjust               Ġhave               Ġto                
Timings          : (37.146, 37.474)    (-1.0, -1.0)        (37.69, 37.775)     (37.775, 37.86)     (37.86, 37.96)      (38.429, 38.74)     (38.74, 39.093)     (39.27, 39.365)     (39.365, 39.46)     (39.46, 39.555)     (39.555, 39.785)    (39.785, 39.884)    (39.884, 40.055)    (40.055, 40.174)    (40.174, 40.285)   
Token Types      : 1                   1                   0                   0                   0                   4                   4                   4                   4                   4                   4                   4                   4                   4                   4                  
turn_ids         : 79767743234053      79767743234053      0                   0                   0                   79770964459527      79770964459527      79770964459527      79770964459527      79770964459527      79770964459527      79770964459527      79770964459527      79770964459527      79770964459527     
turn_end_types   : 1                   1                   0                   0                   0                   1                   1                   1                   1                   1                   1                   1                   1                   1                   1                  
speaker_ids      : 2                   2                   0                   0                   0                   2                   2                   2                   2                   2                   2                   2                   2                   2                   2                  


A                : <emp>               <emp>               <emp>               <emp>               <emp>               <emp>               <emp>               <emp>               <emp>               <emp>               <emp>               <emp>               <emp>               <emp>               <emp>              
Timings          : (40.285, 40.614)    (40.614, 40.724)    (40.724, 40.904)    (40.904, 40.985)    (40.985, 41.139)    (41.139, 41.43)     (41.43, 41.678)     (42.059, 42.154)    (42.154, 42.345)    (42.345, 42.724)    (42.724, 42.895)    (42.895, 42.944)    (42.944, 43.165)    (43.165, 43.379)    (43.465, 44.052)   
Token Types      : 0                   0                   0                   0                   0                   0                   0                   0                   0                   0                   0                   0                   0                   0                   0                  
turn_ids         : 0                   0                   0                   0                   0                   0                   0                   0                   0                   0                   0                   0                   0                   0                   0                  
turn_end_types   : 0                   0                   0                   0                   0                   0                   0                   0                   0                   0                   0                   0                   0                   0                   0                  
speaker_ids      : 0                   0                   0                   0                   0                   0                   0                   0                   0                   0                   0                   0                   0                   0                   0                  

B                : Ġfinish             Ġit                 Ġthough             Ġi                  Ġi                  Ġgot                Ġuh                 Ġit                 Ġgot                Ġdelayed            Ġfor                Ġa                  Ġlittle             Ġbit                Ġand               
Timings          : (40.285, 40.614)    (40.614, 40.724)    (40.724, 40.904)    (40.904, 40.985)    (40.985, 41.139)    (41.139, 41.43)     (41.43, 41.678)     (42.059, 42.154)    (42.154, 42.345)    (42.345, 42.724)    (42.724, 42.895)    (42.895, 42.944)    (42.944, 43.165)    (43.165, 43.379)    (43.465, 44.052)   
Token Types      : 4                   4                   4                   4                   4                   4                   4                   4                   4                   4                   4                   4                   4                   4                   4                  
turn_ids         : 79770964459527      79770964459527      79770964459527      79770964459527      79770964459527      79770964459527      79770964459527      79770964459527      79770964459527      79770964459527      79770964459527      79770964459527      79770964459527      79770964459527      79770964459527     
turn_end_types   : 1                   1                   1                   1                   1                   1                   1                   1                   1                   1                   1                   1                   1                   1                   1                  
speaker_ids      : 2                   2                   2                   2                   2                   2                   2                   2                   2                   2                   2                   2                   2                   2                   2                  


A                : <emp>               <emp>               <emp>               <emp>               <emp>               <emp>               <emp>               <emp>               <emp>               <emp>               <emp>               <emp>               <emp>               <emp>               <emp>              
Timings          : (44.052, 44.353)    (44.353, 44.525)    (44.525, 44.665)    (44.665, 45.18)     (45.282, 45.505)    (45.505, 46.084)    (46.084, 46.375)    (46.375, 46.465)    (46.465, 46.555)    (46.555, 46.724)    (46.724, 46.785)    (46.785, 46.965)    (46.965, 47.165)    (47.165, 47.285)    (47.285, 47.415)   
Token Types      : 0                   0                   0                   0                   0                   0                   0                   0                   0                   0                   0                   0                   0                   0                   0                  
turn_ids         : 0                   0                   0                   0                   0                   0                   0                   0                   0                   0                   0                   0                   0                   0                   0                  
turn_end_types   : 0                   0                   0                   0                   0                   0                   0                   0                   0                   0                   0                   0                   0                   0                   0                  
speaker_ids      : 0                   0                   0                   0                   0                   0                   0                   0                   0                   0                   0                   0                   0                   0                   0                  

B                : Ġuh                 Ġbecause            Ġof                 Ġwork               Ġand                Ġnow                Ġum                 Ġi                  've                 Ġgot                Ġto                 Ġjump               Ġback               Ġin                 Ġand               
Timings          : (44.052, 44.353)    (44.353, 44.525)    (44.525, 44.665)    (44.665, 45.18)     (45.282, 45.505)    (45.505, 46.084)    (46.084, 46.375)    (46.375, 46.465)    (46.465, 46.555)    (46.555, 46.724)    (46.724, 46.785)    (46.785, 46.965)    (46.965, 47.165)    (47.165, 47.285)    (47.285, 47.415)   
Token Types      : 4                   4                   4                   4                   4                   4                   4                   4                   4                   4                   4                   4                   4                   4                   4                  
turn_ids         : 79770964459527      79770964459527      79770964459527      79770964459527      79770964459527      79770964459527      79770964459527      79770964459527      79770964459527      79770964459527      79770964459527      79770964459527      79770964459527      79770964459527      79770964459527     
turn_end_types   : 1                   1                   1                   1                   1                   1                   1                   1                   1                   1                   1                   1                   1                   1                   1                  
speaker_ids      : 2                   2                   2                   2                   2                   2                   2                   2                   2                   2                   2                   2                   2                   2                   2                  


A                : <emp>               <emp>               <emp>               <emp>               <emp>               <emp>               <emp>               <emp>               <emp>               <emp>               <emp>               <emp>               <emp>               <emp>               <emp>              
Timings          : (47.415, 47.73)     (47.73, 47.956)     (48.303, 48.439)    (48.439, 48.486)    (48.486, 48.533)    (48.533, 48.663)    (48.663, 48.723)    (48.723, 48.873)    (48.873, 49.113)    (49.113, 49.313)    (49.313, 49.388)    (49.388, 49.463)    (49.463, 49.883)    (49.883, 50.204)    (50.204, 50.277)   
Token Types      : 0                   0                   0                   0                   0                   0                   0                   0                   0                   0                   0                   0                   0                   0                   0                  
turn_ids         : 0                   0                   0                   0                   0                   0                   0                   0                   0                   0                   0                   0                   0                   0                   0                  
turn_end_types   : 0                   0                   0                   0                   0                   0                   0                   0                   0                   0                   0                   0                   0                   0                   0                  
speaker_ids      : 0                   0                   0                   0                   0                   0                   0                   0                   0                   0                   0                   0                   0                   0                   0                  

B                : Ġfinish             Ġthe                Ġbecause            Ġi                  've                 Ġgot                Ġit                 Ġall                Ġcut                Ġout                Ġit                 's                  Ġall                Ġuh                 Ġi                 
Timings          : (47.415, 47.73)     (47.73, 47.956)     (48.303, 48.439)    (48.439, 48.486)    (48.486, 48.533)    (48.533, 48.663)    (48.663, 48.723)    (48.723, 48.873)    (48.873, 49.113)    (49.113, 49.313)    (49.313, 49.388)    (49.388, 49.463)    (49.463, 49.883)    (49.883, 50.204)    (50.204, 50.277)   
Token Types      : 4                   4                   4                   4                   4                   4                   4                   4                   4                   4                   4                   4                   4                   4                   4                  
turn_ids         : 79770964459527      79770964459527      79770964459527      79770964459527      79770964459527      79770964459527      79770964459527      79770964459527      79770964459527      79770964459527      79770964459527      79770964459527      79770964459527      79770964459527      79770964459527     
turn_end_types   : 1                   1                   1                   1                   1                   1                   1                   1                   1                   1                   1                   1                   1                   1                   1                  
speaker_ids      : 2                   2                   2                   2                   2                   2                   2                   2                   2                   2                   2                   2                   2                   2                   2                  


A                : <emp>               <emp>               <emp>               <emp>               <emp>               <emp>               <emp>               <emp>               <emp>               <emp>               <emp>               <emp>               <emp>               <emp>               <emp>              
Timings          : (50.277, 50.35)     (50.35, 50.747)     (50.875, 51.123)    (51.123, 51.243)    (51.243, 51.303)    (51.303, 51.633)    (51.633, 51.733)    (51.733, 51.778)    (51.778, 51.823)    (51.823, 51.933)    (51.933, 52.064)    (52.064, 52.339)    (52.339, 52.463)    (52.463, 52.883)    (52.883, 53.203)   
Token Types      : 0                   0                   0                   0                   0                   0                   0                   0                   0                   0                   0                   0                   0                   0                   0                  
turn_ids         : 0                   0                   0                   0                   0                   0                   0                   0                   0                   0                   0                   0                   0                   0                   0                  
turn_end_types   : 0                   0                   0                   0                   0                   0                   0                   0                   0                   0                   0                   0                   0                   0                   0                  
speaker_ids      : 0                   0                   0                   0                   0                   0                   0                   0                   0                   0                   0                   0                   0                   0                   0                  

B                : 've                 Ġdone               Ġmost               Ġof                 Ġthe                Ġcoloring           Ġbut                Ġi                  've                 Ġgot                Ġto                 Ġgo                 Ġa                  Ġsecond             Ġlayer             
Timings          : (50.277, 50.35)     (50.35, 50.747)     (50.875, 51.123)    (51.123, 51.243)    (51.243, 51.303)    (51.303, 51.633)    (51.633, 51.733)    (51.733, 51.778)    (51.778, 51.823)    (51.823, 51.933)    (51.933, 52.064)    (52.064, 52.339)    (52.339, 52.463)    (52.463, 52.883)    (52.883, 53.203)   
Token Types      : 4                   4                   4                   4                   4                   4                   4                   4                   4                   4                   4                   4                   4                   4                   4                  
turn_ids         : 79770964459527      79770964459527      79770964459527      79770964459527      79770964459527      79770964459527      79770964459527      79770964459527      79770964459527      79770964459527      79770964459527      79770964459527      79770964459527      79770964459527      79770964459527     
turn_end_types   : 1                   1                   1                   1                   1                   1                   1                   1                   1                   1                   1                   1                   1                   1                   1                  
speaker_ids      : 2                   2                   2                   2                   2                   2                   2                   2                   2                   2                   2                   2                   2                   2                   2                  


A                : <emp>               <emp>               <emp>               Ġdid                Ġyou                Ġdo                 Ġit                 Ġwith               Ġa                  Ġj                  igsaw               Ġor                 Ġdo                 Ġyou                Ġhave              
Timings          : (53.203, 53.343)    (53.343, 53.403)    (53.403, 53.752)    (53.993, 54.173)    (54.173, 54.253)    (54.253, 54.333)    (54.333, 54.393)    (54.393, 54.513)    (54.513, 54.583)    (54.583, 54.798)    (54.798, 55.013)    (55.013, 55.123)    (55.123, 55.213)    (55.213, 55.273)    (55.273, 55.41)    
Token Types      : 0                   0                   0                   1                   1                   1                   1                   1                   1                   1                   1                   1                   1                   1                   1                  
turn_ids         : 0                   0                   0                   79767206363144      79767206363144      79767206363144      79767206363144      79767206363144      79767206363144      79767206363144      79767206363144      79767206363144      79767206363144      79767206363144      79767206363144     
turn_end_types   : 0                   0                   0                   2                   2                   2                   2                   2                   2                   2                   2                   2                   2                   2                   2                  
speaker_ids      : 0                   0                   0                   1                   1                   1                   1                   1                   1                   1                   1                   1                   1                   1                   1                  

B                : Ġwith               Ġthe                Ġyellow             <eot>               <emp>               <emp>               <emp>               <emp>               <emp>               <emp>               <emp>               <emp>               <emp>               <emp>               <emp>              
Timings          : (53.203, 53.343)    (53.343, 53.403)    (53.403, 53.752)    (-1.0, -1.0)        (54.173, 54.253)    (54.253, 54.333)    (54.333, 54.393)    (54.393, 54.513)    (54.513, 54.583)    (54.583, 54.798)    (54.798, 55.013)    (55.013, 55.123)    (55.123, 55.213)    (55.213, 55.273)    (55.273, 55.41)    
Token Types      : 4                   4                   4                   4                   0                   0                   0                   0                   0                   0                   0                   0                   0                   0                   0                  
turn_ids         : 79770964459527      79770964459527      79770964459527      79770964459527      0                   0                   0                   0                   0                   0                   0                   0                   0                   0                   0                  
turn_end_types   : 1                   1                   1                   1                   0                   0                   0                   0                   0                   0                   0                   0                   0                   0                   0                  
speaker_ids      : 2                   2                   2                   2                   0                   0                   0                   0                   0                   0                   0                   0                   0                   0                   0                  


A                : Ġpowered            Ġyou                Ġknow               Ġa                  <yield>             <emp>               <emp>               <emp>               <emp>               <emp>               <emp>               <emp>               <emp>               <emp>               <emp>              
Timings          : (55.41, 55.786)     (55.786, 55.913)    (55.913, 56.183)    (56.183, 56.526)    (-1.0, -1.0)        (56.636, 56.773)    (56.988, 57.212)    (57.212, 57.292)    (57.292, 57.552)    (57.552, 57.792)    (57.792, 58.132)    (58.132, 58.472)    (59.342, 59.602)    (59.602, 60.006)    (60.006, 60.269)   
Token Types      : 1                   1                   1                   1                   1                   0                   0                   0                   0                   0                   0                   0                   0                   0                   0                  
turn_ids         : 79767206363144      79767206363144      79767206363144      79767206363144      79767206363144      0                   0                   0                   0                   0                   0                   0                   0                   0                   0                  
turn_end_types   : 2                   2                   2                   2                   2                   0                   0                   0                   0                   0                   0                   0                   0                   0                   0                  
speaker_ids      : 1                   1                   1                   1                   1                   0                   0                   0                   0                   0                   0                   0                   0                   0                   0                  

B                : <emp>               <emp>               <emp>               Ġuh                 Ġy                  ep                  Ġuh                 Ġi                  Ġdid                Ġthe                Ġj                  igsaw               Ġand                Ġuh                 Ġthe               
Timings          : (55.41, 55.786)     (55.786, 55.913)    (55.913, 56.183)    (56.242, 56.419)    (56.498, 56.636)    (56.636, 56.773)    (56.988, 57.212)    (57.212, 57.292)    (57.292, 57.552)    (57.552, 57.792)    (57.792, 58.132)    (58.132, 58.472)    (59.342, 59.602)    (59.602, 60.006)    (60.006, 60.269)   
Token Types      : 0                   0                   0                   4                   4                   4                   4                   4                   4                   4                   4                   4                   4                   4                   4                  
turn_ids         : 0                   0                   0                   79770964459529      79770964459529      79770964459529      79770964459529      79770964459529      79770964459529      79770964459529      79770964459529      79770964459529      79770964459529      79770964459529      79770964459529     
turn_end_types   : 0                   0                   0                   1                   1                   1                   1                   1                   1                   1                   1                   1                   1                   1                   1                  
speaker_ids      : 0                   0                   0                   2                   2                   2                   2                   2                   2                   2                   2                   2                   2                   2                   2                  


A                : <emp>               <emp>               <emp>               <emp>               <emp>               <emp>               <emp>               <emp>               <emp>               hm                  <eint>              <emp>               <emp>               <emp>               <emp>              
Timings          : (60.269, 60.507)    (60.699, 60.872)    (60.872, 61.252)    (61.252, 61.532)    (61.532, 61.742)    (61.742, 61.882)    (61.882, 62.102)    (62.102, 62.212)    (62.212, 62.352)    (62.879, 63.25)     (-1.0, -1.0)        (63.932, 64.072)    (64.072, 64.172)    (64.642, 64.832)    (64.968, 65.346)   
Token Types      : 0                   0                   0                   0                   0                   0                   0                   0                   0                   5                   5                   0                   0                   0                   0                  
turn_ids         : 0                   0                   0                   0                   0                   0                   0                   0                   0                   79771501330437      79771501330437      0                   0                   0                   0                  
turn_end_types   : 0                   0                   0                   0                   0                   0                   0                   0                   0                   0                   0                   0                   0                   0                   0                  
speaker_ids      : 0                   0                   0                   0                   0                   0                   0                   0                   0                   1                   1                   0                   0                   0                   0                  

B                : Ġuh                 Ġuh                 Ġregular            Ġstraight           Ġsaw                Ġfor                Ġsome               Ġof                 Ġit                 Ġum                 Ġso                 Ġyeah               Ġuh                 Ġfor                Ġto                
Timings          : (60.269, 60.507)    (60.699, 60.872)    (60.872, 61.252)    (61.252, 61.532)    (61.532, 61.742)    (61.742, 61.882)    (61.882, 62.102)    (62.102, 62.212)    (62.212, 62.352)    (63.012, 63.471)    (63.633, 63.932)    (63.932, 64.072)    (64.072, 64.172)    (64.642, 64.832)    (64.968, 65.346)   
Token Types      : 4                   4                   4                   4                   4                   4                   4                   4                   4                   4                   4                   4                   4                   4                   4                  
turn_ids         : 79770964459529      79770964459529      79770964459529      79770964459529      79770964459529      79770964459529      79770964459529      79770964459529      79770964459529      79770964459529      79770964459529      79770964459529      79770964459529      79770964459529      79770964459529     
turn_end_types   : 1                   1                   1                   1                   1                   1                   1                   1                   1                   1                   1                   1                   1                   1                   1                  
speaker_ids      : 2                   2                   2                   2                   2                   2                   2                   2                   2                   2                   2                   2                   2                   2                   2                  


A                : <emp>               <emp>               <emp>               <emp>               <emp>               <emp>               <emp>               <emp>               <emp>               <emp>               <emp>               <emp>               Ġwell               Ġi                  'm                 
Timings          : (65.346, 65.508)    (65.508, 65.877)    (65.877, 66.115)    (66.115, 66.382)    (66.722, 66.997)    (67.186, 67.292)    (67.292, 67.652)    (67.652, 67.907)    (69.539, 69.669)    (69.669, 69.779)    (69.779, 69.909)    (69.909, 70.369)    (70.776, 70.916)    (70.916, 71.02)     (71.02, 71.125)    
Token Types      : 0                   0                   0                   0                   0                   0                   0                   0                   0                   0                   0                   0                   1                   1                   1                  
turn_ids         : 0                   0                   0                   0                   0                   0                   0                   0                   0                   0                   0                   0                   79767206363146      79767206363146      79767206363146     
turn_end_types   : 0                   0                   0                   0                   0                   0                   0                   0                   0                   0                   0                   0                   1                   1                   1                  
speaker_ids      : 0                   0                   0                   0                   0                   0                   0                   0                   0                   0                   0                   0                   1                   1                   1                  

B                : Ġto                 Ġdo                 Ġthe                Ġum                 Ġthe                Ġthe                Ġturn               Ġcut                Ġuh                 Ġhow                Ġabout              Ġyourself           <eot>               <emp>               <emp>              
Timings          : (65.346, 65.508)    (65.508, 65.877)    (65.877, 66.115)    (66.115, 66.382)    (66.722, 66.997)    (67.186, 67.292)    (67.292, 67.652)    (67.652, 67.907)    (69.539, 69.669)    (69.669, 69.779)    (69.779, 69.909)    (69.909, 70.369)    (-1.0, -1.0)        (70.916, 71.02)     (71.02, 71.125)    
Token Types      : 4                   4                   4                   4                   4                   4                   4                   4                   4                   4                   4                   4                   4                   0                   0                  
turn_ids         : 79770964459529      79770964459529      79770964459529      79770964459529      79770964459529      79770964459529      79770964459529      79770964459529      79770964459529      79770964459529      79770964459529      79770964459529      79770964459529      0                   0                  
turn_end_types   : 1                   1                   1                   1                   1                   1                   1                   1                   1                   1                   1                   1                   1                   0                   0                  
speaker_ids      : 2                   2                   2                   2                   2                   2                   2                   2                   2                   2                   2                   2                   2                   0                   0                  


A                : Ġi                  Ġam                 Ġinterested         Ġin                 Ġwood               working             Ġi                  Ġdon                't                  Ġhave               Ġlots               Ġof                 Ġtools              Ġour                Ġlocal             
Timings          : (71.125, 71.216)    (71.216, 71.486)    (71.486, 71.926)    (71.926, 72.056)    (72.056, 72.311)    (72.311, 72.566)    (72.566, 72.706)    (72.706, 72.861)    (72.861, 73.016)    (73.016, 73.699)    (73.861, 74.156)    (74.156, 74.293)    (74.293, 74.888)    (74.888, 75.106)    (75.106, 75.426)   
Token Types      : 1                   1                   1                   1                   1                   1                   1                   1                   1                   1                   1                   1                   1                   1                   1                  
turn_ids         : 79767206363146      79767206363146      79767206363146      79767206363146      79767206363146      79767206363146      79767206363146      79767206363146      79767206363146      79767206363146      79767206363146      79767206363146      79767206363146      79767206363146      79767206363146     
turn_end_types   : 1                   1                   1                   1                   1                   1                   1                   1                   1                   1                   1                   1                   1                   1                   1                  
speaker_ids      : 1                   1                   1                   1                   1                   1                   1                   1                   1                   1                   1                   1                   1                   1                   1                  

B                : <emp>               <emp>               <emp>               <emp>               <emp>               <emp>               <emp>               <emp>               <emp>               <emp>               <emp>               <emp>               <emp>               <emp>               <emp>              
Timings          : (71.125, 71.216)    (71.216, 71.486)    (71.486, 71.926)    (71.926, 72.056)    (72.056, 72.311)    (72.311, 72.566)    (72.566, 72.706)    (72.706, 72.861)    (72.861, 73.016)    (73.016, 73.699)    (73.861, 74.156)    (74.156, 74.293)    (74.293, 74.888)    (74.888, 75.106)    (75.106, 75.426)   
Token Types      : 0                   0                   0                   0                   0                   0                   0                   0                   0                   0                   0                   0                   0                   0                   0                  
turn_ids         : 0                   0                   0                   0                   0                   0                   0                   0                   0                   0                   0                   0                   0                   0                   0                  
turn_end_types   : 0                   0                   0                   0                   0                   0                   0                   0                   0                   0                   0                   0                   0                   0                   0                  
speaker_ids      : 0                   0                   0                   0                   0                   0                   0                   0                   0                   0                   0                   0                   0                   0                   0                  


A                : Ġschools            Ġhave               Ġadult              Ġeducation          Ġin                 Ġthe                Ġevening            <emp>               Ġum                 Ġand                Ġi                  Ġuse                Ġtheir              Ġtools              Ġand               
Timings          : (75.426, 75.766)    (75.766, 76.076)    (76.076, 76.356)    (76.356, 76.856)    (76.856, 76.946)    (76.946, 77.006)    (77.006, 77.364)    (77.797, 78.249)    (78.412, 78.815)    (78.933, 79.027)    (79.027, 79.114)    (79.114, 79.352)    (79.352, 79.562)    (79.562, 79.964)    (79.964, 80.115)   
Token Types      : 1                   1                   1                   1                   1                   1                   1                   1                   1                   1                   1                   1                   1                   1                   1                  
turn_ids         : 79767206363146      79767206363146      79767206363146      79767206363146      79767206363146      79767206363146      79767206363146      79767206363146      79767206363146      79767206363146      79767206363146      79767206363146      79767206363146      79767206363146      79767206363146     
turn_end_types   : 1                   1                   1                   1                   1                   1                   1                   1                   1                   1                   1                   1                   1                   1                   1                  
speaker_ids      : 1                   1                   1                   1                   1                   1                   1                   1                   1                   1                   1                   1                   1                   1                   1                  

B                : <emp>               <emp>               <emp>               <emp>               <emp>               <emp>               <emp>               oh                  <ebc>               <emp>               <emp>               <emp>               <emp>               <emp>               <emp>              
Timings          : (75.426, 75.766)    (75.766, 76.076)    (76.076, 76.356)    (76.356, 76.856)    (76.856, 76.946)    (76.946, 77.006)    (77.006, 77.364)    (77.797, 78.249)    (-1.0, -1.0)        (78.933, 79.027)    (79.027, 79.114)    (79.114, 79.352)    (79.352, 79.562)    (79.562, 79.964)    (79.964, 80.115)   
Token Types      : 0                   0                   0                   0                   0                   0                   0                   3                   3                   0                   0                   0                   0                   0                   0                  
turn_ids         : 0                   0                   0                   0                   0                   0                   0                   79769890717701      79769890717701      0                   0                   0                   0                   0                   0                  
turn_end_types   : 0                   0                   0                   0                   0                   0                   0                   0                   0                   0                   0                   0                   0                   0                   0                  
speaker_ids      : 0                   0                   0                   0                   0                   0                   0                   2                   2                   0                   0                   0                   0                   0                   0                  


A                : Ġi                  Ġand                Ġand                Ġand                Ġsome               Ġof                 Ġtheir              Ġguidance           Ġi                  'm                  Ġan                 Ġartist             <eot>               <emp>               Ġand               
Timings          : (80.115, 80.277)    (80.277, 80.507)    (80.507, 80.778)    (80.778, 80.94)     (80.94, 81.152)     (81.152, 81.262)    (81.262, 81.425)    (81.425, 82.073)    (82.073, 82.142)    (82.142, 82.212)    (82.212, 82.282)    (82.282, 82.85)     (-1.0, -1.0)        (83.129, 83.56)     (83.489, 83.868)   
Token Types      : 1                   1                   1                   1                   1                   1                   1                   1                   1                   1                   1                   1                   1                   0                   1                  
turn_ids         : 79767206363146      79767206363146      79767206363146      79767206363146      79767206363146      79767206363146      79767206363146      79767206363146      79767206363146      79767206363146      79767206363146      79767206363146      79767206363146      0                   79767206363148     
turn_end_types   : 1                   1                   1                   1                   1                   1                   1                   1                   1                   1                   1                   1                   1                   0                   2                  
speaker_ids      : 1                   1                   1                   1                   1                   1                   1                   1                   1                   1                   1                   1                   1                   0                   1                  

B                : <emp>               <emp>               <emp>               <emp>               <emp>               <emp>               <emp>               <emp>               <emp>               <emp>               <emp>               <emp>               Ġoh                 Ġokay               <eot>              
Timings          : (80.115, 80.277)    (80.277, 80.507)    (80.507, 80.778)    (80.778, 80.94)     (80.94, 81.152)     (81.152, 81.262)    (81.262, 81.425)    (81.425, 82.073)    (82.073, 82.142)    (82.142, 82.212)    (82.212, 82.282)    (82.282, 82.85)     (82.911, 83.129)    (83.129, 83.56)     (-1.0, -1.0)       
Token Types      : 0                   0                   0                   0                   0                   0                   0                   0                   0                   0                   0                   0                   1                   1                   1                  
turn_ids         : 0                   0                   0                   0                   0                   0                   0                   0                   0                   0                   0                   0                   79767743234059      79767743234059      79767743234059     
turn_end_types   : 0                   0                   0                   0                   0                   0                   0                   0                   0                   0                   0                   0                   1                   1                   1                  
speaker_ids      : 0                   0                   0                   0                   0                   0                   0                   0                   0                   0                   0                   0                   2                   2                   2                  


A                : Ġi                  'm                  Ġvery               Ġhandy              Ġand                Ġyou                Ġknow               Ġif                 Ġi                  Ġtouch              Ġit                 Ġi                  Ġit                 Ġturns              Ġinto              
Timings          : (83.868, 83.934)    (83.934, 83.998)    (83.998, 84.239)    (84.239, 84.718)    (84.718, 85.038)    (85.038, 85.138)    (85.138, 85.209)    (85.209, 85.299)    (85.299, 85.368)    (85.368, 85.688)    (85.688, 85.828)    (85.828, 86.015)    (86.015, 86.162)    (86.162, 86.438)    (86.438, 86.739)   
Token Types      : 1                   1                   1                   1                   1                   1                   1                   1                   1                   1                   1                   1                   1                   1                   1                  
turn_ids         : 79767206363148      79767206363148      79767206363148      79767206363148      79767206363148      79767206363148      79767206363148      79767206363148      79767206363148      79767206363148      79767206363148      79767206363148      79767206363148      79767206363148      79767206363148     
turn_end_types   : 2                   2                   2                   2                   2                   2                   2                   2                   2                   2                   2                   2                   2                   2                   2                  
speaker_ids      : 1                   1                   1                   1                   1                   1                   1                   1                   1                   1                   1                   1                   1                   1                   1                  

B                : <emp>               <emp>               <emp>               <emp>               <emp>               <emp>               <emp>               <emp>               <emp>               <emp>               <emp>               <emp>               <emp>               <emp>               <emp>              
Timings          : (83.868, 83.934)    (83.934, 83.998)    (83.998, 84.239)    (84.239, 84.718)    (84.718, 85.038)    (85.038, 85.138)    (85.138, 85.209)    (85.209, 85.299)    (85.299, 85.368)    (85.368, 85.688)    (85.688, 85.828)    (85.828, 86.015)    (86.015, 86.162)    (86.162, 86.438)    (86.438, 86.739)   
Token Types      : 0                   0                   0                   0                   0                   0                   0                   0                   0                   0                   0                   0                   0                   0                   0                  
turn_ids         : 0                   0                   0                   0                   0                   0                   0                   0                   0                   0                   0                   0                   0                   0                   0                  
turn_end_types   : 0                   0                   0                   0                   0                   0                   0                   0                   0                   0                   0                   0                   0                   0                   0                  
speaker_ids      : 0                   0                   0                   0                   0                   0                   0                   0                   0                   0                   0                   0                   0                   0                   0                  


A                : Ġsomething          Ġu                  's                  ually               <emp>               Ġusually            Ġand                <yield>             <emp>               <emp>               <emp>               <emp>               <emp>               <emp>               <emp>              
Timings          : (86.739, 87.379)    (87.379, 87.465)    (87.465, 87.551)    (87.551, 87.638)    (87.695, 88.32)     (88.184, 88.907)    (89.219, 89.595)    (-1.0, -1.0)        (89.762, 89.902)    (89.902, 90.122)    (90.122, 90.212)    (90.212, 90.482)    (90.482, 90.562)    (90.562, 90.662)    (90.662, 91.052)   
Token Types      : 1                   1                   1                   1                   1                   1                   1                   1                   0                   0                   0                   0                   0                   0                   0                  
turn_ids         : 79767206363148      79767206363148      79767206363148      79767206363148      79767206363148      79767206363148      79767206363148      79767206363148      0                   0                   0                   0                   0                   0                   0                  
turn_end_types   : 2                   2                   2                   2                   2                   2                   2                   2                   0                   0                   0                   0                   0                   0                   0                  
speaker_ids      : 1                   1                   1                   1                   1                   1                   1                   1                   0                   0                   0                   0                   0                   0                   0                  

B                : <emp>               Ġthat               's                  <emp>               Ġgreat              <emp>               Ġwhat               Ġtype               Ġwhat               Ġtype               Ġof                 Ġart                Ġdo                 Ġyou                Ġfocus             
Timings          : (86.739, 87.379)    (87.316, 87.506)    (87.506, 87.695)    (87.551, 87.638)    (87.695, 88.32)     (88.184, 88.907)    (89.213, 89.505)    (89.505, 89.762)    (89.762, 89.902)    (89.902, 90.122)    (90.122, 90.212)    (90.212, 90.482)    (90.482, 90.562)    (90.562, 90.662)    (90.662, 91.052)   
Token Types      : 0                   4                   4                   4                   4                   4                   4                   4                   4                   4                   4                   4                   4                   4                   4                  
turn_ids         : 0                   79770964459533      79770964459533      79770964459533      79770964459533      79770964459533      79770964459533      79770964459533      79770964459533      79770964459533      79770964459533      79770964459533      79770964459533      79770964459533      79770964459533     
turn_end_types   : 0                   1                   1                   1                   1                   1                   1                   1                   1                   1                   1                   1                   1                   1                   1                  
speaker_ids      : 0                   2                   2                   2                   2                   2                   2                   2                   2                   2                   2                   2                   2                   2                   2                  


A                : <emp>               Ġuh                 Ġwell               Ġactually           Ġi                  'm                  Ġvery               Ġyou                Ġknow               Ġi                  Ġhave               Ġa                  Ġmaster             's                  Ġdegree            
Timings          : (91.052, 91.242)    (91.369, 91.629)    (91.629, 91.769)    (91.769, 92.259)    (92.259, 92.324)    (92.324, 92.389)    (92.389, 92.839)    (92.839, 92.929)    (92.929, 92.989)    (92.989, 93.049)    (93.049, 93.169)    (93.169, 93.239)    (93.239, 93.449)    (93.449, 93.659)    (93.659, 94.015)   
Token Types      : 0                   1                   1                   1                   1                   1                   1                   1                   1                   1                   1                   1                   1                   1                   1                  
turn_ids         : 0                   79767206363150      79767206363150      79767206363150      79767206363150      79767206363150      79767206363150      79767206363150      79767206363150      79767206363150      79767206363150      79767206363150      79767206363150      79767206363150      79767206363150     
turn_end_types   : 0                   1                   1                   1                   1                   1                   1                   1                   1                   1                   1                   1                   1                   1                   1                  
speaker_ids      : 0                   1                   1                   1                   1                   1                   1                   1                   1                   1                   1                   1                   1                   1                   1                  

B                : Ġon                 <eot>               <emp>               <emp>               <emp>               <emp>               <emp>               <emp>               <emp>               <emp>               <emp>               <emp>               <emp>               <emp>               <emp>              
Timings          : (91.052, 91.242)    (-1.0, -1.0)        (91.629, 91.769)    (91.769, 92.259)    (92.259, 92.324)    (92.324, 92.389)    (92.389, 92.839)    (92.839, 92.929)    (92.929, 92.989)    (92.989, 93.049)    (93.049, 93.169)    (93.169, 93.239)    (93.239, 93.449)    (93.449, 93.659)    (93.659, 94.015)   
Token Types      : 4                   4                   0                   0                   0                   0                   0                   0                   0                   0                   0                   0                   0                   0                   0                  
turn_ids         : 79770964459533      79770964459533      0                   0                   0                   0                   0                   0                   0                   0                   0                   0                   0                   0                   0                  
turn_end_types   : 1                   1                   0                   0                   0                   0                   0                   0                   0                   0                   0                   0                   0                   0                   0                  
speaker_ids      : 2                   2                   0                   0                   0                   0                   0                   0                   0                   0                   0                   0                   0                   0                   0                  


A                : Ġand                Ġand                Ġmy                 Ġproject            Ġhad                Ġto                 Ġdo                 Ġwith               Ġacrylic            Ġpainting           Ġbut                Ġi                  'm                  Ġreally             Ġinterested        
Timings          : (94.015, 94.169)    (94.169, 94.449)    (94.449, 94.741)    (95.076, 95.449)    (95.449, 95.599)    (95.599, 95.699)    (95.699, 95.849)    (95.849, 96.019)    (96.019, 96.489)    (96.489, 97.049)    (97.049, 97.299)    (97.299, 97.424)    (97.424, 97.549)    (97.549, 97.799)    (97.799, 98.159)   
Token Types      : 1                   1                   1                   1                   1                   1                   1                   1                   1                   1                   1                   1                   1                   1                   1                  
turn_ids         : 79767206363150      79767206363150      79767206363150      79767206363150      79767206363150      79767206363150      79767206363150      79767206363150      79767206363150      79767206363150      79767206363150      79767206363150      79767206363150      79767206363150      79767206363150     
turn_end_types   : 1                   1                   1                   1                   1                   1                   1                   1                   1                   1                   1                   1                   1                   1                   1                  
speaker_ids      : 1                   1                   1                   1                   1                   1                   1                   1                   1                   1                   1                   1                   1                   1                   1                  

B                : <emp>               <emp>               <emp>               <emp>               <emp>               <emp>               <emp>               <emp>               <emp>               <emp>               <emp>               <emp>               <emp>               <emp>               <emp>              
Timings          : (94.015, 94.169)    (94.169, 94.449)    (94.449, 94.741)    (95.076, 95.449)    (95.449, 95.599)    (95.599, 95.699)    (95.699, 95.849)    (95.849, 96.019)    (96.019, 96.489)    (96.489, 97.049)    (97.049, 97.299)    (97.299, 97.424)    (97.424, 97.549)    (97.549, 97.799)    (97.799, 98.159)   
Token Types      : 0                   0                   0                   0                   0                   0                   0                   0                   0                   0                   0                   0                   0                   0                   0                  
turn_ids         : 0                   0                   0                   0                   0                   0                   0                   0                   0                   0                   0                   0                   0                   0                   0                  
turn_end_types   : 0                   0                   0                   0                   0                   0                   0                   0                   0                   0                   0                   0                   0                   0                   0                  
speaker_ids      : 0                   0                   0                   0                   0                   0                   0                   0                   0                   0                   0                   0                   0                   0                   0                  


A                : Ġin                 Ġthe                Ġcrafts             <eot>               Ġi                  Ġmake               Ġstain              Ġglass              Ġi                  've                 Ġdone               Ġsome               Ġsilver             Ġjewelry            Ġmaking            
Timings          : (98.159, 98.219)    (98.219, 98.279)    (98.279, 98.909)    (-1.0, -1.0)        (99.421, 99.761)    (99.761, 100.001)   (100.001, 100.308)  (100.308, 101.053)  (101.053, 101.262)  (101.262, 101.471)  (101.471, 101.691)  (101.691, 101.831)  (101.831, 102.131)  (102.131, 102.571)  (102.571, 103.191) 
Token Types      : 1                   1                   1                   1                   4                   4                   4                   4                   4                   4                   4                   4                   4                   4                   4                  
turn_ids         : 79767206363150      79767206363150      79767206363150      79767206363150      79770427588624      79770427588624      79770427588624      79770427588624      79770427588624      79770427588624      79770427588624      79770427588624      79770427588624      79770427588624      79770427588624     
turn_end_types   : 1                   1                   1                   1                   2                   2                   2                   2                   2                   2                   2                   2                   2                   2                   2                  
speaker_ids      : 1                   1                   1                   1                   1                   1                   1                   1                   1                   1                   1                   1                   1                   1                   1                  

B                : <emp>               <emp>               <emp>               <emp>               Ġhuh                <yield>             <emp>               <emp>               <emp>               <emp>               <emp>               <emp>               <emp>               <emp>               <emp>              
Timings          : (98.159, 98.219)    (98.219, 98.279)    (98.279, 98.909)    (-1.0, -1.0)        (99.302, 99.673)    (-1.0, -1.0)        (100.001, 100.308)  (100.308, 101.053)  (101.053, 101.262)  (101.262, 101.471)  (101.471, 101.691)  (101.691, 101.831)  (101.831, 102.131)  (102.131, 102.571)  (102.571, 103.191) 
Token Types      : 0                   0                   0                   0                   1                   1                   0                   0                   0                   0                   0                   0                   0                   0                   0                  
turn_ids         : 0                   0                   0                   0                   79767743234063      79767743234063      0                   0                   0                   0                   0                   0                   0                   0                   0                  
turn_end_types   : 0                   0                   0                   0                   2                   2                   0                   0                   0                   0                   0                   0                   0                   0                   0                  
speaker_ids      : 0                   0                   0                   0                   2                   2                   0                   0                   0                   0                   0                   0                   0                   0                   0                  


A                : Ġand                Ġi                  Ġkind               Ġof                 Ġonce               Ġi                  Ġget                Ġsomething          Ġyou                Ġknow               Ġreally             Ġpretty             Ġgood               Ġat                 Ġsomething         
Timings          : (103.738, 104.099)  (104.099, 104.216)  (104.216, 104.451)  (104.451, 104.669)  (104.824, 104.998)  (104.998, 105.103)  (105.103, 105.227)  (105.227, 105.382)  (105.382, 105.541)  (105.541, 105.654)  (105.94, 106.341)   (106.341, 106.701)  (106.701, 106.961)  (106.961, 107.091)  (107.091, 107.521) 
Token Types      : 4                   4                   4                   4                   4                   4                   4                   4                   4                   4                   4                   4                   4                   4                   4                  
turn_ids         : 79770427588624      79770427588624      79770427588624      79770427588624      79770427588624      79770427588624      79770427588624      79770427588624      79770427588624      79770427588624      79770427588624      79770427588624      79770427588624      79770427588624      79770427588624     
turn_end_types   : 2                   2                   2                   2                   2                   2                   2                   2                   2                   2                   2                   2                   2                   2                   2                  
speaker_ids      : 1                   1                   1                   1                   1                   1                   1                   1                   1                   1                   1                   1                   1                   1                   1                  

B                : <emp>               <emp>               <emp>               <emp>               <emp>               <emp>               <emp>               <emp>               <emp>               <emp>               <emp>               <emp>               <emp>               <emp>               <emp>              
Timings          : (103.738, 104.099)  (104.099, 104.216)  (104.216, 104.451)  (104.451, 104.669)  (104.824, 104.998)  (104.998, 105.103)  (105.103, 105.227)  (105.227, 105.382)  (105.382, 105.541)  (105.541, 105.654)  (105.94, 106.341)   (106.341, 106.701)  (106.701, 106.961)  (106.961, 107.091)  (107.091, 107.521) 
Token Types      : 0                   0                   0                   0                   0                   0                   0                   0                   0                   0                   0                   0                   0                   0                   0                  
turn_ids         : 0                   0                   0                   0                   0                   0                   0                   0                   0                   0                   0                   0                   0                   0                   0                  
turn_end_types   : 0                   0                   0                   0                   0                   0                   0                   0                   0                   0                   0                   0                   0                   0                   0                  
speaker_ids      : 0                   0                   0                   0                   0                   0                   0                   0                   0                   0                   0                   0                   0                   0                   0                  


A                : Ġi                  Ġwanna              Ġtry                Ġsomething          Ġelse               <yield>             <emp>               <emp>               <emp>               <emp>               <emp>               <emp>               <emp>               <emp>               Ġyeah              
Timings          : (107.521, 107.571)  (107.571, 107.751)  (107.751, 107.961)  (107.961, 108.466)  (108.466, 109.029)  (-1.0, -1.0)        (109.671, 109.741)  (109.741, 110.001)  (110.001, 110.071)  (110.071, 110.201)  (110.201, 110.511)  (110.511, 110.881)  (110.881, 110.961)  (110.961, 111.299)  (111.275, 111.64)  
Token Types      : 4                   4                   4                   4                   4                   4                   0                   0                   0                   0                   0                   0                   0                   0                   1                  
turn_ids         : 79770427588624      79770427588624      79770427588624      79770427588624      79770427588624      79770427588624      0                   0                   0                   0                   0                   0                   0                   0                   79767206363154     
turn_end_types   : 2                   2                   2                   2                   2                   2                   0                   0                   0                   0                   0                   0                   0                   0                   1                  
speaker_ids      : 1                   1                   1                   1                   1                   1                   0                   0                   0                   0                   0                   0                   0                   0                   1                  

B                : <emp>               <emp>               <emp>               <emp>               Ġyeah               Ġkind               Ġof                 Ġjack               Ġof                 Ġall                Ġtrades             Ġmaster             Ġof                 Ġnone               <eot>              
Timings          : (107.521, 107.571)  (107.571, 107.751)  (107.751, 107.961)  (107.961, 108.466)  (108.801, 109.201)  (109.481, 109.671)  (109.671, 109.741)  (109.741, 110.001)  (110.001, 110.071)  (110.071, 110.201)  (110.201, 110.511)  (110.511, 110.881)  (110.881, 110.961)  (110.961, 111.299)  (-1.0, -1.0)       
Token Types      : 0                   0                   0                   0                   4                   4                   4                   4                   4                   4                   4                   4                   4                   4                   4                  
turn_ids         : 0                   0                   0                   0                   79770964459537      79770964459537      79770964459537      79770964459537      79770964459537      79770964459537      79770964459537      79770964459537      79770964459537      79770964459537      79770964459537     
turn_end_types   : 0                   0                   0                   0                   1                   1                   1                   1                   1                   1                   1                   1                   1                   1                   1                  
speaker_ids      : 0                   0                   0                   0                   2                   2                   2                   2                   2                   2                   2                   2                   2                   2                   2                  


A                : Ġwell               Ġwell               Ġno                 Ġactually           Ġi                  Ġget                Ġgood               Ġenough             Ġto                 Ġsell               Ġit                 Ġor                 Ġhave               Ġpeople             Ġsay               
Timings          : (111.64, 111.851)   (111.851, 112.105)  (112.105, 112.285)  (112.285, 112.615)  (112.615, 112.675)  (112.675, 112.885)  (112.885, 113.065)  (113.065, 113.285)  (113.285, 113.455)  (113.455, 113.745)  (113.745, 113.925)  (113.925, 114.145)  (114.145, 114.315)  (114.315, 114.605)  (114.605, 114.865) 
Token Types      : 1                   1                   1                   1                   1                   1                   1                   1                   1                   1                   1                   1                   1                   1                   1                  
turn_ids         : 79767206363154      79767206363154      79767206363154      79767206363154      79767206363154      79767206363154      79767206363154      79767206363154      79767206363154      79767206363154      79767206363154      79767206363154      79767206363154      79767206363154      79767206363154     
turn_end_types   : 1                   1                   1                   1                   1                   1                   1                   1                   1                   1                   1                   1                   1                   1                   1                  
speaker_ids      : 1                   1                   1                   1                   1                   1                   1                   1                   1                   1                   1                   1                   1                   1                   1                  

B                : <emp>               <emp>               <emp>               <emp>               <emp>               <emp>               <emp>               <emp>               <emp>               <emp>               <emp>               <emp>               <emp>               <emp>               <emp>              
Timings          : (111.64, 111.851)   (111.851, 112.105)  (112.105, 112.285)  (112.285, 112.615)  (112.615, 112.675)  (112.675, 112.885)  (112.885, 113.065)  (113.065, 113.285)  (113.285, 113.455)  (113.455, 113.745)  (113.745, 113.925)  (113.925, 114.145)  (114.145, 114.315)  (114.315, 114.605)  (114.605, 114.865) 
Token Types      : 0                   0                   0                   0                   0                   0                   0                   0                   0                   0                   0                   0                   0                   0                   0                  
turn_ids         : 0                   0                   0                   0                   0                   0                   0                   0                   0                   0                   0                   0                   0                   0                   0                  
turn_end_types   : 0                   0                   0                   0                   0                   0                   0                   0                   0                   0                   0                   0                   0                   0                   0                  
speaker_ids      : 0                   0                   0                   0                   0                   0                   0                   0                   0                   0                   0                   0                   0                   0                   0                  


A                : Ġoh                 Ġwow                Ġyou                Ġdidn               't                  Ġbuy                Ġit                 Ġyou                Ġmade               Ġit                 <eot>               <emp>               <emp>               Ġand                Ġthen              
Timings          : (114.865, 115.031)  (115.031, 115.4)    (115.4, 115.604)    (115.604, 115.719)  (115.719, 115.835)  (115.835, 116.005)  (116.005, 116.175)  (116.175, 116.305)  (116.305, 116.595)  (116.595, 116.885)  (-1.0, -1.0)        (117.031, 117.191)  (117.191, 117.736)  (117.659, 118.109)  (118.109, 118.27)  
Token Types      : 1                   1                   1                   1                   1                   1                   1                   1                   1                   1                   1                   0                   0                   1                   1                  
turn_ids         : 79767206363154      79767206363154      79767206363154      79767206363154      79767206363154      79767206363154      79767206363154      79767206363154      79767206363154      79767206363154      79767206363154      0                   0                   79767206363156      79767206363156     
turn_end_types   : 1                   1                   1                   1                   1                   1                   1                   1                   1                   1                   1                   0                   0                   1                   1                  
speaker_ids      : 1                   1                   1                   1                   1                   1                   1                   1                   1                   1                   1                   0                   0                   1                   1                  

B                : <emp>               <emp>               <emp>               <emp>               <emp>               <emp>               <emp>               <emp>               <emp>               <emp>               Ġthat               's                  Ġgreat              <eot>               <emp>              
Timings          : (114.865, 115.031)  (115.031, 115.4)    (115.4, 115.604)    (115.604, 115.719)  (115.719, 115.835)  (115.835, 116.005)  (116.005, 116.175)  (116.175, 116.305)  (116.305, 116.595)  (116.595, 116.885)  (116.871, 117.031)  (117.031, 117.191)  (117.191, 117.736)  (-1.0, -1.0)        (118.109, 118.27)  
Token Types      : 0                   0                   0                   0                   0                   0                   0                   0                   0                   0                   1                   1                   1                   1                   0                  
turn_ids         : 0                   0                   0                   0                   0                   0                   0                   0                   0                   0                   79767743234067      79767743234067      79767743234067      79767743234067      0                  
turn_end_types   : 0                   0                   0                   0                   0                   0                   0                   0                   0                   0                   1                   1                   1                   1                   0                  
speaker_ids      : 0                   0                   0                   0                   0                   0                   0                   0                   0                   0                   2                   2                   2                   2                   0                  


A                : Ġi                  Ġit                 's                  Ġlike               Ġwell               Ġthe                Ġthrill             Ġis                 Ġgone               Ġi                  Ġwanna              Ġdo                 Ġsomething          <eot>               <emp>              
Timings          : (118.27, 118.435)   (118.435, 118.512)  (118.512, 118.589)  (118.589, 118.789)  (118.789, 119.139)  (119.139, 119.219)  (119.219, 119.509)  (119.509, 119.619)  (119.619, 119.789)  (119.789, 119.952)  (119.952, 120.314)  (120.314, 120.584)  (120.584, 121.142)  (-1.0, -1.0)        (121.43, 121.51)   
Token Types      : 1                   1                   1                   1                   1                   1                   1                   1                   1                   1                   1                   1                   1                   1                   0                  
turn_ids         : 79767206363156      79767206363156      79767206363156      79767206363156      79767206363156      79767206363156      79767206363156      79767206363156      79767206363156      79767206363156      79767206363156      79767206363156      79767206363156      79767206363156      0                  
turn_end_types   : 1                   1                   1                   1                   1                   1                   1                   1                   1                   1                   1                   1                   1                   1                   0                  
speaker_ids      : 1                   1                   1                   1                   1                   1                   1                   1                   1                   1                   1                   1                   1                   1                   0                  

B                : <emp>               <emp>               <emp>               <emp>               <emp>               <emp>               <emp>               <emp>               <emp>               <emp>               <emp>               <emp>               Ġyeah               Ġright              Ġyou               
Timings          : (118.27, 118.435)   (118.435, 118.512)  (118.512, 118.589)  (118.589, 118.789)  (118.789, 119.139)  (119.139, 119.219)  (119.219, 119.509)  (119.509, 119.619)  (119.619, 119.789)  (119.789, 119.952)  (119.952, 120.314)  (120.314, 120.584)  (121.004, 121.169)  (121.169, 121.43)   (121.43, 121.51)   
Token Types      : 0                   0                   0                   0                   0                   0                   0                   0                   0                   0                   0                   0                   1                   1                   1                  
turn_ids         : 0                   0                   0                   0                   0                   0                   0                   0                   0                   0                   0                   0                   79767743234069      79767743234069      79767743234069     
turn_end_types   : 0                   0                   0                   0                   0                   0                   0                   0                   0                   0                   0                   0                   2                   2                   2                  
speaker_ids      : 0                   0                   0                   0                   0                   0                   0                   0                   0                   0                   0                   0                   2                   2                   2                  


A                : <emp>               <emp>               <emp>               <emp>               <emp>               Ġwell               Ġyeah               Ġi                  'm                  Ġi                  'm                  Ġsigned             Ġup                 Ġfor                Ġa                 
Timings          : (121.51, 121.79)    (121.79, 121.88)    (121.88, 122.68)    (122.68, 122.77)    (122.77, 122.95)    (123.02, 123.353)   (123.526, 123.691)  (123.691, 123.86)   (123.86, 124.03)    (124.03, 124.1)     (124.1, 124.17)     (124.17, 124.52)    (124.52, 124.65)    (124.65, 124.9)     (124.9, 125.05)    
Token Types      : 0                   0                   0                   0                   0                   4                   4                   4                   4                   4                   4                   4                   4                   4                   4                  
turn_ids         : 0                   0                   0                   0                   0                   79770427588630      79770427588630      79770427588630      79770427588630      79770427588630      79770427588630      79770427588630      79770427588630      79770427588630      79770427588630     
turn_end_types   : 0                   0                   0                   0                   0                   2                   2                   2                   2                   2                   2                   2                   2                   2                   2                  
speaker_ids      : 0                   0                   0                   0                   0                   1                   1                   1                   1                   1                   1                   1                   1                   1                   1                  

B                : Ġwanna              Ġuh                 Ġexplore            Ġa                  Ġnew                Ġfield              Ġor                 Ġor                 <yield>             <emp>               <emp>               <emp>               <emp>               <emp>               <emp>              
Timings          : (121.51, 121.79)    (121.79, 121.88)    (121.88, 122.68)    (122.68, 122.77)    (122.77, 122.95)    (122.95, 123.41)    (123.41, 123.61)    (123.61, 123.78)    (-1.0, -1.0)        (124.03, 124.1)     (124.1, 124.17)     (124.17, 124.52)    (124.52, 124.65)    (124.65, 124.9)     (124.9, 125.05)    
Token Types      : 1                   1                   1                   1                   1                   1                   1                   1                   1                   0                   0                   0                   0                   0                   0                  
turn_ids         : 79767743234069      79767743234069      79767743234069      79767743234069      79767743234069      79767743234069      79767743234069      79767743234069      79767743234069      0                   0                   0                   0                   0                   0                  
turn_end_types   : 2                   2                   2                   2                   2                   2                   2                   2                   2                   0                   0                   0                   0                   0                   0                  
speaker_ids      : 2                   2                   2                   2                   2                   2                   2                   2                   2                   0                   0                   0                   0                   0                   0                  


A                : Ġclass              Ġin                 Ġpot                tery                Ġmaking             Ġbecause            Ġi                  've                 Ġnever              Ġtried              Ġthat               Ġyet                <emp>               Ġbut                <yield>            
Timings          : (125.05, 125.53)    (125.53, 125.68)    (125.68, 125.915)   (125.915, 126.15)   (126.15, 126.55)    (126.55, 126.71)    (126.71, 126.775)   (126.775, 126.84)   (126.84, 127.06)    (127.06, 127.44)    (127.44, 127.68)    (127.68, 127.887)   (127.881, 128.287)  (128.62, 129.05)    (-1.0, -1.0)       
Token Types      : 4                   4                   4                   4                   4                   4                   4                   4                   4                   4                   4                   4                   4                   4                   4                  
turn_ids         : 79770427588630      79770427588630      79770427588630      79770427588630      79770427588630      79770427588630      79770427588630      79770427588630      79770427588630      79770427588630      79770427588630      79770427588630      79770427588630      79770427588630      79770427588630     
turn_end_types   : 2                   2                   2                   2                   2                   2                   2                   2                   2                   2                   2                   2                   2                   2                   2                  
speaker_ids      : 1                   1                   1                   1                   1                   1                   1                   1                   1                   1                   1                   1                   1                   1                   1                  

B                : <emp>               <emp>               <emp>               <emp>               <emp>               <emp>               <emp>               <emp>               <emp>               <emp>               <emp>               <emp>               Ġhuh                Ġso                 Ġyou               
Timings          : (125.05, 125.53)    (125.53, 125.68)    (125.68, 125.915)   (125.915, 126.15)   (126.15, 126.55)    (126.55, 126.71)    (126.71, 126.775)   (126.775, 126.84)   (126.84, 127.06)    (127.06, 127.44)    (127.44, 127.68)    (127.68, 127.887)   (127.881, 128.287)  (128.634, 128.785)  (128.785, 128.895) 
Token Types      : 0                   0                   0                   0                   0                   0                   0                   0                   0                   0                   0                   0                   4                   4                   4                  
turn_ids         : 0                   0                   0                   0                   0                   0                   0                   0                   0                   0                   0                   0                   79770964459543      79770964459543      79770964459543     
turn_end_types   : 0                   0                   0                   0                   0                   0                   0                   0                   0                   0                   0                   0                   2                   2                   2                  
speaker_ids      : 0                   0                   0                   0                   0                   0                   0                   0                   0                   0                   0                   0                   2                   2                   2                  


A                : <emp>               <emp>               <emp>               <emp>               <emp>               <emp>               <emp>               Ġwell               Ġi                  Ġactually           <emp>               Ġhave               Ġa                  Ġmaster             's                 
Timings          : (128.895, 129.075)  (129.075, 129.165)  (129.165, 129.555)  (129.555, 129.945)  (129.945, 130.355)  (130.355, 130.815)  (130.815, 131.035)  (131.279, 131.436)  (131.436, 131.587)  (131.587, 131.929)  (131.715, 131.867)  (131.929, 132.119)  (132.119, 132.169)  (132.169, 132.419)  (132.419, 132.669) 
Token Types      : 0                   0                   0                   0                   0                   0                   0                   4                   4                   4                   4                   4                   4                   4                   4                  
turn_ids         : 0                   0                   0                   0                   0                   0                   0                   79770427588632      79770427588632      79770427588632      79770427588632      79770427588632      79770427588632      79770427588632      79770427588632     
turn_end_types   : 0                   0                   0                   0                   0                   0                   0                   1                   1                   1                   1                   1                   1                   1                   1                  
speaker_ids      : 0                   0                   0                   0                   0                   0                   0                   1                   1                   1                   1                   1                   1                   1                   1                  

B                : Ġhave               Ġan                 Ġm                  fa                  Ġin                 Ġin                 Ġwhat               Ġdivision           <emp>               Ġof                 Ġart                <yield>             <emp>               <emp>               <emp>              
Timings          : (128.895, 129.075)  (129.075, 129.165)  (129.165, 129.555)  (129.555, 129.945)  (129.945, 130.355)  (130.355, 130.815)  (130.815, 131.035)  (131.195, 131.615)  (131.436, 131.587)  (131.615, 131.715)  (131.715, 131.867)  (-1.0, -1.0)        (132.119, 132.169)  (132.169, 132.419)  (132.419, 132.669) 
Token Types      : 4                   4                   4                   4                   4                   4                   4                   4                   4                   4                   4                   4                   0                   0                   0                  
turn_ids         : 79770964459543      79770964459543      79770964459543      79770964459543      79770964459543      79770964459543      79770964459543      79770964459543      79770964459543      79770964459543      79770964459543      79770964459543      0                   0                   0                  
turn_end_types   : 2                   2                   2                   2                   2                   2                   2                   2                   2                   2                   2                   2                   0                   0                   0                  
speaker_ids      : 2                   2                   2                   2                   2                   2                   2                   2                   2                   2                   2                   2                   0                   0                   0                  


A                : Ġof                 Ġart                Ġand                Ġit                 's                  Ġin                 Ġart                Ġeducation          <eot>               <emp>               Ġso                 Ġi                  'm                  Ġa                  Ġlicensed          
Timings          : (132.669, 132.769)  (132.769, 133.159)  (133.159, 133.579)  (133.579, 133.679)  (133.679, 133.779)  (133.779, 133.879)  (133.879, 134.089)  (134.089, 134.866)  (-1.0, -1.0)        (135.296, 135.858)  (135.896, 136.106)  (136.106, 136.196)  (136.196, 136.286)  (136.286, 136.326)  (136.326, 136.876) 
Token Types      : 4                   4                   4                   4                   4                   4                   4                   4                   4                   0                   1                   1                   1                   1                   1                  
turn_ids         : 79770427588632      79770427588632      79770427588632      79770427588632      79770427588632      79770427588632      79770427588632      79770427588632      79770427588632      0                   79767206363162      79767206363162      79767206363162      79767206363162      79767206363162     
turn_end_types   : 1                   1                   1                   1                   1                   1                   1                   1                   1                   0                   1                   1                   1                   1                   1                  
speaker_ids      : 1                   1                   1                   1                   1                   1                   1                   1                   1                   0                   1                   1                   1                   1                   1                  

B                : <emp>               <emp>               <emp>               <emp>               <emp>               <emp>               <emp>               <emp>               Ġoh                 Ġokay               <eot>               <emp>               <emp>               <emp>               <emp>              
Timings          : (132.669, 132.769)  (132.769, 133.159)  (133.159, 133.579)  (133.579, 133.679)  (133.679, 133.779)  (133.779, 133.879)  (133.879, 134.089)  (134.089, 134.866)  (135.099, 135.296)  (135.296, 135.858)  (-1.0, -1.0)        (136.106, 136.196)  (136.196, 136.286)  (136.286, 136.326)  (136.326, 136.876) 
Token Types      : 0                   0                   0                   0                   0                   0                   0                   0                   1                   1                   1                   0                   0                   0                   0                  
turn_ids         : 0                   0                   0                   0                   0                   0                   0                   0                   79767743234073      79767743234073      79767743234073      0                   0                   0                   0                  
turn_end_types   : 0                   0                   0                   0                   0                   0                   0                   0                   1                   1                   1                   0                   0                   0                   0                  
speaker_ids      : 0                   0                   0                   0                   0                   0                   0                   0                   2                   2                   2                   0                   0                   0                   0                  


A                : Ġteacher            Ġbut                Ġjobs               Ġbeing              Ġwhat               Ġthey               Ġare                Ġi                  Ġsubstitute         Ġteach              Ġand                Ġthat               Ġway                Ġi                  Ġhave              
Timings          : (136.876, 137.286)  (137.286, 137.566)  (137.566, 137.946)  (137.946, 138.136)  (138.136, 138.306)  (138.306, 138.436)  (138.436, 138.616)  (138.616, 138.676)  (138.676, 139.256)  (139.256, 139.715)  (140.213, 140.321)  (140.321, 140.456)  (140.456, 140.546)  (140.546, 140.576)  (140.576, 140.706) 
Token Types      : 1                   1                   1                   1                   1                   1                   1                   1                   1                   1                   1                   1                   1                   1                   1                  
turn_ids         : 79767206363162      79767206363162      79767206363162      79767206363162      79767206363162      79767206363162      79767206363162      79767206363162      79767206363162      79767206363162      79767206363162      79767206363162      79767206363162      79767206363162      79767206363162     
turn_end_types   : 1                   1                   1                   1                   1                   1                   1                   1                   1                   1                   1                   1                   1                   1                   1                  
speaker_ids      : 1                   1                   1                   1                   1                   1                   1                   1                   1                   1                   1                   1                   1                   1                   1                  

B                : <emp>               <emp>               <emp>               <emp>               <emp>               <emp>               <emp>               <emp>               <emp>               <emp>               Ġyeah               <ebc>               <emp>               <emp>               <emp>              
Timings          : (136.876, 137.286)  (137.286, 137.566)  (137.566, 137.946)  (137.946, 138.136)  (138.136, 138.306)  (138.306, 138.436)  (138.436, 138.616)  (138.616, 138.676)  (138.676, 139.256)  (139.256, 139.715)  (139.773, 140.302)  (-1.0, -1.0)        (140.456, 140.546)  (140.546, 140.576)  (140.576, 140.706) 
Token Types      : 0                   0                   0                   0                   0                   0                   0                   0                   0                   0                   3                   3                   0                   0                   0                  
turn_ids         : 0                   0                   0                   0                   0                   0                   0                   0                   0                   0                   79769890717710      79769890717710      0                   0                   0                  
turn_end_types   : 0                   0                   0                   0                   0                   0                   0                   0                   0                   0                   0                   0                   0                   0                   0                  
speaker_ids      : 0                   0                   0                   0                   0                   0                   0                   0                   0                   0                   2                   2                   0                   0                   0                  


A                : Ġtime               Ġfor                Ġmy                 Ġkids               Ġtoo                Ġand                Ġi                  've                 Ġbeen               Ġfortunate          Ġthat               Ġi                  Ġcan                Ġafford             Ġto                
Timings          : (140.706, 140.946)  (140.946, 141.006)  (141.006, 141.116)  (141.116, 141.486)  (141.486, 141.871)  (141.871, 142.227)  (142.777, 142.842)  (142.842, 142.906)  (142.906, 143.066)  (143.066, 143.586)  (143.586, 143.756)  (143.756, 143.816)  (143.816, 143.976)  (143.976, 144.286)  (144.286, 144.406) 
Token Types      : 1                   1                   1                   1                   1                   1                   1                   1                   1                   1                   1                   1                   1                   1                   1                  
turn_ids         : 79767206363162      79767206363162      79767206363162      79767206363162      79767206363162      79767206363162      79767206363162      79767206363162      79767206363162      79767206363162      79767206363162      79767206363162      79767206363162      79767206363162      79767206363162     
turn_end_types   : 1                   1                   1                   1                   1                   1                   1                   1                   1                   1                   1                   1                   1                   1                   1                  
speaker_ids      : 1                   1                   1                   1                   1                   1                   1                   1                   1                   1                   1                   1                   1                   1                   1                  

B                : <emp>               <emp>               <emp>               <emp>               <emp>               <emp>               <emp>               <emp>               <emp>               <emp>               <emp>               <emp>               <emp>               <emp>               <emp>              
Timings          : (140.706, 140.946)  (140.946, 141.006)  (141.006, 141.116)  (141.116, 141.486)  (141.486, 141.871)  (141.871, 142.227)  (142.777, 142.842)  (142.842, 142.906)  (142.906, 143.066)  (143.066, 143.586)  (143.586, 143.756)  (143.756, 143.816)  (143.816, 143.976)  (143.976, 144.286)  (144.286, 144.406) 
Token Types      : 0                   0                   0                   0                   0                   0                   0                   0                   0                   0                   0                   0                   0                   0                   0                  
turn_ids         : 0                   0                   0                   0                   0                   0                   0                   0                   0                   0                   0                   0                   0                   0                   0                  
turn_end_types   : 0                   0                   0                   0                   0                   0                   0                   0                   0                   0                   0                   0                   0                   0                   0                  
speaker_ids      : 0                   0                   0                   0                   0                   0                   0                   0                   0                   0                   0                   0                   0                   0                   0                  


A                : Ġwork               Ġpart               Ġtime               Ġi                  Ġdon                't                  Ġknow               Ġhow                Ġlong               Ġthat               's                  Ġgonna              Ġlast               <emp>               Ġand               
Timings          : (144.406, 144.646)  (144.646, 144.966)  (144.966, 145.226)  (145.226, 145.296)  (145.296, 145.376)  (145.376, 145.456)  (145.456, 145.526)  (145.526, 145.646)  (145.646, 145.836)  (145.836, 145.981)  (145.981, 146.126)  (146.126, 146.436)  (146.436, 146.952)  (147.032, 147.562)  (147.796, 148.336) 
Token Types      : 1                   1                   1                   1                   1                   1                   1                   1                   1                   1                   1                   1                   1                   1                   1                  
turn_ids         : 79767206363162      79767206363162      79767206363162      79767206363162      79767206363162      79767206363162      79767206363162      79767206363162      79767206363162      79767206363162      79767206363162      79767206363162      79767206363162      79767206363162      79767206363162     
turn_end_types   : 1                   1                   1                   1                   1                   1                   1                   1                   1                   1                   1                   1                   1                   1                   1                  
speaker_ids      : 1                   1                   1                   1                   1                   1                   1                   1                   1                   1                   1                   1                   1                   1                   1                  

B                : <emp>               <emp>               <emp>               <emp>               <emp>               <emp>               <emp>               <emp>               <emp>               <emp>               <emp>               <emp>               Ġoh                 Ġyeah               <ebc>              
Timings          : (144.406, 144.646)  (144.646, 144.966)  (144.966, 145.226)  (145.226, 145.296)  (145.296, 145.376)  (145.376, 145.456)  (145.456, 145.526)  (145.526, 145.646)  (145.646, 145.836)  (145.836, 145.981)  (145.981, 146.126)  (146.126, 146.436)  (146.802, 147.032)  (147.032, 147.562)  (-1.0, -1.0)       
Token Types      : 0                   0                   0                   0                   0                   0                   0                   0                   0                   0                   0                   0                   3                   3                   3                  
turn_ids         : 0                   0                   0                   0                   0                   0                   0                   0                   0                   0                   0                   0                   79769890717711      79769890717711      79769890717711     
turn_end_types   : 0                   0                   0                   0                   0                   0                   0                   0                   0                   0                   0                   0                   0                   0                   0                  
speaker_ids      : 0                   0                   0                   0                   0                   0                   0                   0                   0                   0                   0                   0                   2                   2                   2                  


A                : Ġuh                 Ġthey               're                 Ġcutting            Ġback               Ġso                 Ġi                  Ġdon                't                  Ġgo                 Ġin                 Ġall                Ġthat               Ġoften              Ġbut               
Timings          : (148.336, 148.536)  (148.536, 148.596)  (148.596, 148.656)  (148.656, 148.956)  (148.956, 149.366)  (149.366, 149.696)  (149.696, 149.806)  (149.806, 149.896)  (149.896, 149.986)  (149.986, 150.126)  (150.126, 150.246)  (150.246, 150.396)  (150.396, 150.555)  (150.555, 150.915)  (150.915, 151.188) 
Token Types      : 1                   1                   1                   1                   1                   1                   1                   1                   1                   1                   1                   1                   1                   1                   1                  
turn_ids         : 79767206363162      79767206363162      79767206363162      79767206363162      79767206363162      79767206363162      79767206363162      79767206363162      79767206363162      79767206363162      79767206363162      79767206363162      79767206363162      79767206363162      79767206363162     
turn_end_types   : 1                   1                   1                   1                   1                   1                   1                   1                   1                   1                   1                   1                   1                   1                   1                  
speaker_ids      : 1                   1                   1                   1                   1                   1                   1                   1                   1                   1                   1                   1                   1                   1                   1                  

B                : <emp>               <emp>               <emp>               <emp>               <emp>               <emp>               <emp>               <emp>               <emp>               <emp>               <emp>               <emp>               <emp>               <emp>               <emp>              
Timings          : (148.336, 148.536)  (148.536, 148.596)  (148.596, 148.656)  (148.656, 148.956)  (148.956, 149.366)  (149.366, 149.696)  (149.696, 149.806)  (149.806, 149.896)  (149.896, 149.986)  (149.986, 150.126)  (150.126, 150.246)  (150.246, 150.396)  (150.396, 150.555)  (150.555, 150.915)  (150.915, 151.188) 
Token Types      : 0                   0                   0                   0                   0                   0                   0                   0                   0                   0                   0                   0                   0                   0                   0                  
turn_ids         : 0                   0                   0                   0                   0                   0                   0                   0                   0                   0                   0                   0                   0                   0                   0                  
turn_end_types   : 0                   0                   0                   0                   0                   0                   0                   0                   0                   0                   0                   0                   0                   0                   0                  
speaker_ids      : 0                   0                   0                   0                   0                   0                   0                   0                   0                   0                   0                   0                   0                   0                   0                  


A                : <eot>               Ġi                  've                 Ġbeen               Ġreal               Ġinterested         Ġin                 Ġsome               Ġof                 Ġthose              Ġcute               Ġcountry            Ġcountry            Ġkind               Ġof                
Timings          : (-1.0, -1.0)        (151.812, 151.931)  (151.931, 152.05)   (152.108, 152.282)  (152.282, 152.462)  (152.462, 152.862)  (152.862, 152.962)  (152.962, 153.122)  (153.122, 153.182)  (153.182, 153.342)  (153.342, 153.612)  (153.612, 154.182)  (154.322, 154.642)  (154.642, 154.902)  (154.902, 155.012) 
Token Types      : 1                   1                   1                   1                   1                   1                   1                   1                   1                   1                   1                   1                   1                   1                   1                  
turn_ids         : 79767206363162      79767206363164      79767206363164      79767206363164      79767206363164      79767206363164      79767206363164      79767206363164      79767206363164      79767206363164      79767206363164      79767206363164      79767206363164      79767206363164      79767206363164     
turn_end_types   : 1                   1                   1                   1                   1                   1                   1                   1                   1                   1                   1                   1                   1                   1                   1                  
speaker_ids      : 1                   1                   1                   1                   1                   1                   1                   1                   1                   1                   1                   1                   1                   1                   1                  

B                : Ġhuh                <eot>               <emp>               <emp>               <emp>               <emp>               <emp>               <emp>               <emp>               <emp>               <emp>               <emp>               <emp>               <emp>               <emp>              
Timings          : (151.062, 151.367)  (-1.0, -1.0)        (151.931, 152.05)   (152.108, 152.282)  (152.282, 152.462)  (152.462, 152.862)  (152.862, 152.962)  (152.962, 153.122)  (153.122, 153.182)  (153.182, 153.342)  (153.342, 153.612)  (153.612, 154.182)  (154.322, 154.642)  (154.642, 154.902)  (154.902, 155.012) 
Token Types      : 1                   1                   0                   0                   0                   0                   0                   0                   0                   0                   0                   0                   0                   0                   0                  
turn_ids         : 79767743234075      79767743234075      0                   0                   0                   0                   0                   0                   0                   0                   0                   0                   0                   0                   0                  
turn_end_types   : 1                   1                   0                   0                   0                   0                   0                   0                   0                   0                   0                   0                   0                   0                   0                  
speaker_ids      : 2                   2                   0                   0                   0                   0                   0                   0                   0                   0                   0                   0                   0                   0                   0                  


A                : Ġthings             <emp>               Ġum                 Ġi                  Ġsee                Ġstuff              Ġin                 Ġcraft              Ġgalleries          Ġfor                Ġfive               Ġhundred            Ġdollars            Ġand                Ġi                 
Timings          : (155.012, 155.593)  (155.783, 156.229)  (156.119, 156.599)  (156.599, 156.803)  (156.803, 157.233)  (157.233, 157.553)  (157.553, 157.643)  (157.643, 158.023)  (158.023, 158.663)  (158.663, 159.216)  (159.566, 159.823)  (159.823, 160.063)  (160.063, 160.413)  (160.413, 160.533)  (160.533, 160.603) 
Token Types      : 1                   1                   1                   1                   1                   1                   1                   1                   1                   1                   1                   1                   1                   1                   1                  
turn_ids         : 79767206363164      79767206363164      79767206363164      79767206363164      79767206363164      79767206363164      79767206363164      79767206363164      79767206363164      79767206363164      79767206363164      79767206363164      79767206363164      79767206363164      79767206363164     
turn_end_types   : 1                   1                   1                   1                   1                   1                   1                   1                   1                   1                   1                   1                   1                   1                   1                  
speaker_ids      : 1                   1                   1                   1                   1                   1                   1                   1                   1                   1                   1                   1                   1                   1                   1                  

B                : <emp>               Ġyeah               <ebc>               <emp>               <emp>               <emp>               <emp>               <emp>               <emp>               <emp>               <emp>               <emp>               <emp>               <emp>               <emp>              
Timings          : (155.012, 155.593)  (155.783, 156.229)  (-1.0, -1.0)        (156.599, 156.803)  (156.803, 157.233)  (157.233, 157.553)  (157.553, 157.643)  (157.643, 158.023)  (158.023, 158.663)  (158.663, 159.216)  (159.566, 159.823)  (159.823, 160.063)  (160.063, 160.413)  (160.413, 160.533)  (160.533, 160.603) 
Token Types      : 0                   3                   3                   0                   0                   0                   0                   0                   0                   0                   0                   0                   0                   0                   0                  
turn_ids         : 0                   79769890717713      79769890717713      0                   0                   0                   0                   0                   0                   0                   0                   0                   0                   0                   0                  
turn_end_types   : 0                   0                   0                   0                   0                   0                   0                   0                   0                   0                   0                   0                   0                   0                   0                  
speaker_ids      : 0                   2                   2                   0                   0                   0                   0                   0                   0                   0                   0                   0                   0                   0                   0                  


A                : Ġsay                Ġoh                 Ġno                 Ġand                Ġand                Ġi                  Ġgo                 Ġand                Ġi                  Ġmake               Ġit                 <emp>               Ġuh                 Ġthat               's                 
Timings          : (160.603, 160.853)  (160.853, 161.173)  (161.173, 161.653)  (161.653, 161.833)  (161.833, 161.993)  (161.993, 162.053)  (162.053, 162.233)  (162.233, 162.323)  (162.323, 162.363)  (162.363, 162.673)  (162.673, 162.811)  (163.167, 163.596)  (163.515, 163.715)  (163.715, 163.81)   (163.81, 163.905)  
Token Types      : 1                   1                   1                   1                   1                   1                   1                   1                   1                   1                   1                   1                   1                   1                   1                  
turn_ids         : 79767206363164      79767206363164      79767206363164      79767206363164      79767206363164      79767206363164      79767206363164      79767206363164      79767206363164      79767206363164      79767206363164      79767206363164      79767206363164      79767206363164      79767206363164     
turn_end_types   : 1                   1                   1                   1                   1                   1                   1                   1                   1                   1                   1                   1                   1                   1                   1                  
speaker_ids      : 1                   1                   1                   1                   1                   1                   1                   1                   1                   1                   1                   1                   1                   1                   1                  

B                : <emp>               <emp>               <emp>               <emp>               <emp>               <emp>               <emp>               <emp>               <emp>               <emp>               <emp>               Ġyeah               <ebc>               <emp>               <emp>              
Timings          : (160.603, 160.853)  (160.853, 161.173)  (161.173, 161.653)  (161.653, 161.833)  (161.833, 161.993)  (161.993, 162.053)  (162.053, 162.233)  (162.233, 162.323)  (162.323, 162.363)  (162.363, 162.673)  (162.673, 162.811)  (163.167, 163.596)  (-1.0, -1.0)        (163.715, 163.81)   (163.81, 163.905)  
Token Types      : 0                   0                   0                   0                   0                   0                   0                   0                   0                   0                   0                   3                   3                   0                   0                  
turn_ids         : 0                   0                   0                   0                   0                   0                   0                   0                   0                   0                   0                   79769890717714      79769890717714      0                   0                  
turn_end_types   : 0                   0                   0                   0                   0                   0                   0                   0                   0                   0                   0                   0                   0                   0                   0                  
speaker_ids      : 0                   0                   0                   0                   0                   0                   0                   0                   0                   0                   0                   2                   2                   0                   0                  


A                : Ġhow                Ġi                  Ġstarted            Ġjewelry            Ġmaking             Ġi                  Ġi                  Ġlove               Ġto                 Ġcook               <eot>               <emp>               <emp>               Ġand                Ġi                 
Timings          : (163.905, 163.975)  (163.975, 164.055)  (164.055, 164.395)  (164.395, 164.805)  (164.805, 165.265)  (165.265, 165.477)  (165.477, 165.564)  (165.564, 165.755)  (165.755, 165.89)   (165.89, 166.321)   (-1.0, -1.0)        (166.634, 166.744)  (166.744, 166.854)  (166.862, 167.162)  (167.162, 167.342) 
Token Types      : 1                   1                   1                   1                   1                   1                   1                   1                   1                   1                   1                   0                   0                   4                   4                  
turn_ids         : 79767206363164      79767206363164      79767206363164      79767206363164      79767206363164      79767206363164      79767206363164      79767206363164      79767206363164      79767206363164      79767206363164      0                   0                   79770427588638      79770427588638     
turn_end_types   : 1                   1                   1                   1                   1                   1                   1                   1                   1                   1                   1                   0                   0                   2                   2                  
speaker_ids      : 1                   1                   1                   1                   1                   1                   1                   1                   1                   1                   1                   0                   0                   1                   1                  

B                : <emp>               <emp>               <emp>               <emp>               <emp>               <emp>               <emp>               <emp>               <emp>               <emp>               Ġoh                 Ġthat               's                  Ġgreat              <yield>            
Timings          : (163.905, 163.975)  (163.975, 164.055)  (164.055, 164.395)  (164.395, 164.805)  (164.805, 165.265)  (165.265, 165.477)  (165.477, 165.564)  (165.564, 165.755)  (165.755, 165.89)   (165.89, 166.321)   (166.524, 166.634)  (166.634, 166.744)  (166.744, 166.854)  (166.854, 167.2)    (-1.0, -1.0)       
Token Types      : 0                   0                   0                   0                   0                   0                   0                   0                   0                   0                   1                   1                   1                   1                   1                  
turn_ids         : 0                   0                   0                   0                   0                   0                   0                   0                   0                   0                   79767743234077      79767743234077      79767743234077      79767743234077      79767743234077     
turn_end_types   : 0                   0                   0                   0                   0                   0                   0                   0                   0                   0                   2                   2                   2                   2                   2                  
speaker_ids      : 0                   0                   0                   0                   0                   0                   0                   0                   0                   0                   2                   2                   2                   2                   2                  


A                : Ġsaw                Ġa                  Ġsilver             Ġnecklace           Ġthat               Ġhad                Ġthese              Ġlittle             Ġteen               y                   Ġwe                 eny                 Ġsilver             Ġspat               ulas               
Timings          : (167.342, 167.622)  (167.622, 167.742)  (167.742, 168.072)  (168.072, 168.482)  (168.482, 168.642)  (168.642, 168.872)  (168.872, 169.042)  (169.042, 169.222)  (169.222, 169.392)  (169.392, 169.562)  (169.562, 169.682)  (169.682, 169.802)  (169.802, 170.132)  (170.132, 170.597)  (170.597, 171.062) 
Token Types      : 4                   4                   4                   4                   4                   4                   4                   4                   4                   4                   4                   4                   4                   4                   4                  
turn_ids         : 79770427588638      79770427588638      79770427588638      79770427588638      79770427588638      79770427588638      79770427588638      79770427588638      79770427588638      79770427588638      79770427588638      79770427588638      79770427588638      79770427588638      79770427588638     
turn_end_types   : 2                   2                   2                   2                   2                   2                   2                   2                   2                   2                   2                   2                   2                   2                   2                  
speaker_ids      : 1                   1                   1                   1                   1                   1                   1                   1                   1                   1                   1                   1                   1                   1                   1                  

B                : <emp>               <emp>               <emp>               <emp>               <emp>               <emp>               <emp>               <emp>               <emp>               <emp>               <emp>               <emp>               <emp>               <emp>               <emp>              
Timings          : (167.342, 167.622)  (167.622, 167.742)  (167.742, 168.072)  (168.072, 168.482)  (168.482, 168.642)  (168.642, 168.872)  (168.872, 169.042)  (169.042, 169.222)  (169.222, 169.392)  (169.392, 169.562)  (169.562, 169.682)  (169.682, 169.802)  (169.802, 170.132)  (170.132, 170.597)  (170.597, 171.062) 
Token Types      : 0                   0                   0                   0                   0                   0                   0                   0                   0                   0                   0                   0                   0                   0                   0                  
turn_ids         : 0                   0                   0                   0                   0                   0                   0                   0                   0                   0                   0                   0                   0                   0                   0                  
turn_end_types   : 0                   0                   0                   0                   0                   0                   0                   0                   0                   0                   0                   0                   0                   0                   0                  
speaker_ids      : 0                   0                   0                   0                   0                   0                   0                   0                   0                   0                   0                   0                   0                   0                   0                  


A                : Ġand                Ġand                Ġa                  Ġknife              Ġand                Ġand                Ġa                  Ġfork               Ġand                Ġall                Ġkinds              Ġof                 Ġstuff              Ġand                Ġi                 
Timings          : (171.062, 171.402)  (171.856, 172.15)   (172.15, 172.328)   (172.328, 172.738)  (172.738, 173.261)  (173.261, 173.408)  (173.408, 173.438)  (173.438, 173.868)  (173.868, 173.958)  (173.958, 174.048)  (174.048, 174.278)  (174.278, 174.338)  (174.338, 174.738)  (174.738, 174.988)  (174.988, 175.048) 
Token Types      : 4                   4                   4                   4                   4                   4                   4                   4                   4                   4                   4                   4                   4                   4                   4                  
turn_ids         : 79770427588638      79770427588638      79770427588638      79770427588638      79770427588638      79770427588638      79770427588638      79770427588638      79770427588638      79770427588638      79770427588638      79770427588638      79770427588638      79770427588638      79770427588638     
turn_end_types   : 2                   2                   2                   2                   2                   2                   2                   2                   2                   2                   2                   2                   2                   2                   2                  
speaker_ids      : 1                   1                   1                   1                   1                   1                   1                   1                   1                   1                   1                   1                   1                   1                   1                  

B                : <emp>               <emp>               <emp>               <emp>               <emp>               <emp>               <emp>               <emp>               <emp>               <emp>               <emp>               <emp>               <emp>               h                   <emp>              
Timings          : (171.062, 171.402)  (171.856, 172.15)   (172.15, 172.328)   (172.328, 172.738)  (172.738, 173.261)  (173.261, 173.408)  (173.408, 173.438)  (173.438, 173.868)  (173.868, 173.958)  (173.958, 174.048)  (174.048, 174.278)  (174.278, 174.338)  (174.338, 174.738)  (174.925, 175.046)  (174.988, 175.048) 
Token Types      : 0                   0                   0                   0                   0                   0                   0                   0                   0                   0                   0                   0                   0                   5                   5                  
turn_ids         : 0                   0                   0                   0                   0                   0                   0                   0                   0                   0                   0                   0                   0                   79772038201364      79772038201364     
turn_end_types   : 0                   0                   0                   0                   0                   0                   0                   0                   0                   0                   0                   0                   0                   0                   0                  
speaker_ids      : 0                   0                   0                   0                   0                   0                   0                   0                   0                   0                   0                   0                   0                   2                   2                  


A                : Ġwent               Ġand                Ġi                  Ġsigned             Ġup                 Ġfor                Ġclass              Ġbecause            Ġthen               Ġagain              Ġyou                Ġget                Ġyou                Ġknow               Ġget               
Timings          : (175.048, 175.293)  (175.534, 175.848)  (175.848, 175.908)  (175.908, 176.178)  (176.178, 176.258)  (176.258, 176.378)  (176.378, 176.888)  (176.888, 177.388)  (177.388, 177.498)  (177.498, 177.748)  (177.748, 177.838)  (177.838, 178.048)  (178.048, 178.138)  (178.138, 178.403)  (178.69, 178.808)  
Token Types      : 4                   4                   4                   4                   4                   4                   4                   4                   4                   4                   4                   4                   4                   4                   4                  
turn_ids         : 79770427588638      79770427588638      79770427588638      79770427588638      79770427588638      79770427588638      79770427588638      79770427588638      79770427588638      79770427588638      79770427588638      79770427588638      79770427588638      79770427588638      79770427588638     
turn_end_types   : 2                   2                   2                   2                   2                   2                   2                   2                   2                   2                   2                   2                   2                   2                   2                  
speaker_ids      : 1                   1                   1                   1                   1                   1                   1                   1                   1                   1                   1                   1                   1                   1                   1                  

B                : uh                  <eint>              <emp>               <emp>               <emp>               <emp>               <emp>               <emp>               <emp>               <emp>               <emp>               <emp>               <emp>               <emp>               <emp>              
Timings          : (175.046, 175.167)  (-1.0, -1.0)        (175.848, 175.908)  (175.908, 176.178)  (176.178, 176.258)  (176.258, 176.378)  (176.378, 176.888)  (176.888, 177.388)  (177.388, 177.498)  (177.498, 177.748)  (177.748, 177.838)  (177.838, 178.048)  (178.048, 178.138)  (178.138, 178.403)  (178.69, 178.808)  
Token Types      : 5                   5                   0                   0                   0                   0                   0                   0                   0                   0                   0                   0                   0                   0                   0                  
turn_ids         : 79772038201364      79772038201364      0                   0                   0                   0                   0                   0                   0                   0                   0                   0                   0                   0                   0                  
turn_end_types   : 0                   0                   0                   0                   0                   0                   0                   0                   0                   0                   0                   0                   0                   0                   0                  
speaker_ids      : 2                   2                   0                   0                   0                   0                   0                   0                   0                   0                   0                   0                   0                   0                   0                  


A                : Ġsomeone            Ġto                 Ġguide              Ġyou                Ġand                Ġyou                Ġget                Ġthe                Ġtools              Ġyou                Ġdon                't                  Ġfeel               Ġlike               Ġbuying            
Timings          : (178.808, 178.988)  (178.988, 179.088)  (179.088, 179.398)  (179.398, 179.508)  (179.508, 179.598)  (179.598, 179.658)  (179.658, 179.828)  (179.828, 179.888)  (179.888, 180.228)  (180.228, 180.318)  (180.318, 180.398)  (180.398, 180.478)  (180.478, 180.608)  (180.608, 180.798)  (180.798, 181.358) 
Token Types      : 4                   4                   4                   4                   4                   4                   4                   4                   4                   4                   4                   4                   4                   4                   4                  
turn_ids         : 79770427588638      79770427588638      79770427588638      79770427588638      79770427588638      79770427588638      79770427588638      79770427588638      79770427588638      79770427588638      79770427588638      79770427588638      79770427588638      79770427588638      79770427588638     
turn_end_types   : 2                   2                   2                   2                   2                   2                   2                   2                   2                   2                   2                   2                   2                   2                   2                  
speaker_ids      : 1                   1                   1                   1                   1                   1                   1                   1                   1                   1                   1                   1                   1                   1                   1                  

B                : <emp>               <emp>               <emp>               <emp>               <emp>               <emp>               <emp>               <emp>               <emp>               <emp>               <emp>               Ġyeah               <emp>               <emp>               <emp>              
Timings          : (178.808, 178.988)  (178.988, 179.088)  (179.088, 179.398)  (179.398, 179.508)  (179.508, 179.598)  (179.598, 179.658)  (179.658, 179.828)  (179.828, 179.888)  (179.888, 180.228)  (180.228, 180.318)  (180.318, 180.398)  (180.38, 180.78)    (180.478, 180.608)  (180.608, 180.798)  (180.798, 181.358) 
Token Types      : 0                   0                   0                   0                   0                   0                   0                   0                   0                   0                   0                   4                   4                   4                   4                  
turn_ids         : 0                   0                   0                   0                   0                   0                   0                   0                   0                   0                   0                   79770964459551      79770964459551      79770964459551      79770964459551     
turn_end_types   : 0                   0                   0                   0                   0                   0                   0                   0                   0                   0                   0                   1                   1                   1                   1                  
speaker_ids      : 0                   0                   0                   0                   0                   0                   0                   0                   0                   0                   0                   2                   2                   2                   2                  


A                : <yield>             Ġand                Ġi                  Ġmade               Ġa                  Ġnecklace           Ġthat               Ġi                  Ġsaw                Ġin                 Ġa                  Ġgallery            Ġfor                Ġthree              Ġhundred           
Timings          : (-1.0, -1.0)        (182.127, 182.277)  (182.277, 182.347)  (182.347, 182.557)  (182.557, 182.607)  (182.607, 182.917)  (182.917, 183.017)  (183.017, 183.057)  (183.057, 183.217)  (183.217, 183.307)  (183.307, 183.377)  (183.377, 183.747)  (183.747, 183.827)  (183.827, 184.007)  (184.007, 184.227) 
Token Types      : 4                   1                   1                   1                   1                   1                   1                   1                   1                   1                   1                   1                   1                   1                   1                  
turn_ids         : 79770427588638      79767206363168      79767206363168      79767206363168      79767206363168      79767206363168      79767206363168      79767206363168      79767206363168      79767206363168      79767206363168      79767206363168      79767206363168      79767206363168      79767206363168     
turn_end_types   : 2                   2                   2                   2                   2                   2                   2                   2                   2                   2                   2                   2                   2                   2                   2                  
speaker_ids      : 1                   1                   1                   1                   1                   1                   1                   1                   1                   1                   1                   1                   1                   1                   1                  

B                : Ġexactly            <eot>               <emp>               <emp>               <emp>               <emp>               <emp>               <emp>               <emp>               <emp>               <emp>               <emp>               <emp>               <emp>               <emp>              
Timings          : (181.346, 182.186)  (-1.0, -1.0)        (182.277, 182.347)  (182.347, 182.557)  (182.557, 182.607)  (182.607, 182.917)  (182.917, 183.017)  (183.017, 183.057)  (183.057, 183.217)  (183.217, 183.307)  (183.307, 183.377)  (183.377, 183.747)  (183.747, 183.827)  (183.827, 184.007)  (184.007, 184.227) 
Token Types      : 4                   4                   0                   0                   0                   0                   0                   0                   0                   0                   0                   0                   0                   0                   0                  
turn_ids         : 79770964459551      79770964459551      0                   0                   0                   0                   0                   0                   0                   0                   0                   0                   0                   0                   0                  
turn_end_types   : 1                   1                   0                   0                   0                   0                   0                   0                   0                   0                   0                   0                   0                   0                   0                  
speaker_ids      : 2                   2                   0                   0                   0                   0                   0                   0                   0                   0                   0                   0                   0                   0                   0                  


A                : Ġand                Ġtwenty             Ġdollars            Ġit                 Ġtook               Ġme                 Ġa                  Ġlot                Ġof                 Ġtime               Ġbut                Ġit                 Ġdidn               't                  Ġbut               
Timings          : (184.227, 184.317)  (184.317, 184.587)  (184.587, 185.121)  (185.786, 185.926)  (185.926, 186.116)  (186.116, 186.246)  (186.246, 186.306)  (186.306, 186.496)  (186.496, 186.566)  (186.566, 187.016)  (187.016, 187.156)  (187.156, 187.236)  (187.236, 187.361)  (187.361, 187.486)  (188.136, 188.266) 
Token Types      : 1                   1                   1                   1                   1                   1                   1                   1                   1                   1                   1                   1                   1                   1                   1                  
turn_ids         : 79767206363168      79767206363168      79767206363168      79767206363168      79767206363168      79767206363168      79767206363168      79767206363168      79767206363168      79767206363168      79767206363168      79767206363168      79767206363168      79767206363168      79767206363168     
turn_end_types   : 2                   2                   2                   2                   2                   2                   2                   2                   2                   2                   2                   2                   2                   2                   2                  
speaker_ids      : 1                   1                   1                   1                   1                   1                   1                   1                   1                   1                   1                   1                   1                   1                   1                  

B                : <emp>               <emp>               <emp>               <emp>               <emp>               <emp>               <emp>               <emp>               <emp>               <emp>               Ġoh                 <emp>               <emp>               Ġyeah               <ebc>              
Timings          : (184.227, 184.317)  (184.317, 184.587)  (184.587, 185.121)  (185.786, 185.926)  (185.926, 186.116)  (186.116, 186.246)  (186.246, 186.306)  (186.306, 186.496)  (186.496, 186.566)  (186.566, 187.016)  (187.053, 187.333)  (187.156, 187.236)  (187.236, 187.361)  (187.333, 187.833)  (-1.0, -1.0)       
Token Types      : 0                   0                   0                   0                   0                   0                   0                   0                   0                   0                   3                   3                   3                   3                   3                  
turn_ids         : 0                   0                   0                   0                   0                   0                   0                   0                   0                   0                   79769890717717      79769890717717      79769890717717      79769890717717      79769890717717     
turn_end_types   : 0                   0                   0                   0                   0                   0                   0                   0                   0                   0                   0                   0                   0                   0                   0                  
speaker_ids      : 0                   0                   0                   0                   0                   0                   0                   0                   0                   0                   2                   2                   2                   2                   2                  


A                : Ġif                 Ġit                 Ġcost               Ġme                 Ġtwenty             Ġdollars            Ġyou                Ġknow               Ġand                Ġthen               Ġi                  <yield>             <emp>               <emp>               <emp>              
Timings          : (188.266, 188.376)  (188.376, 188.476)  (188.476, 188.856)  (188.856, 189.059)  (189.059, 189.45)   (189.45, 190.006)   (190.006, 190.129)  (190.129, 190.378)  (190.926, 191.026)  (191.026, 191.116)  (191.116, 191.256)  (-1.0, -1.0)        (191.793, 192.024)  (192.024, 192.169)  (192.169, 192.314) 
Token Types      : 1                   1                   1                   1                   1                   1                   1                   1                   1                   1                   1                   1                   0                   0                   0                  
turn_ids         : 79767206363168      79767206363168      79767206363168      79767206363168      79767206363168      79767206363168      79767206363168      79767206363168      79767206363168      79767206363168      79767206363168      79767206363168      0                   0                   0                  
turn_end_types   : 2                   2                   2                   2                   2                   2                   2                   2                   2                   2                   2                   2                   0                   0                   0                  
speaker_ids      : 1                   1                   1                   1                   1                   1                   1                   1                   1                   1                   1                   1                   0                   0                   0                  

B                : <emp>               <emp>               <emp>               <emp>               <emp>               <emp>               <emp>               <emp>               Ġand                <emp>               Ġyour               Ġtime               Ġthen               Ġyou                're                
Timings          : (188.266, 188.376)  (188.376, 188.476)  (188.476, 188.856)  (188.856, 189.059)  (189.059, 189.45)   (189.45, 190.006)   (190.006, 190.129)  (190.129, 190.378)  (190.964, 191.164)  (191.026, 191.116)  (191.164, 191.277)  (191.277, 191.793)  (191.793, 192.024)  (192.024, 192.169)  (192.169, 192.314) 
Token Types      : 0                   0                   0                   0                   0                   0                   0                   0                   4                   4                   4                   4                   4                   4                   4                  
turn_ids         : 0                   0                   0                   0                   0                   0                   0                   0                   79770964459553      79770964459553      79770964459553      79770964459553      79770964459553      79770964459553      79770964459553     
turn_end_types   : 0                   0                   0                   0                   0                   0                   0                   0                   1                   1                   1                   1                   1                   1                   1                  
speaker_ids      : 0                   0                   0                   0                   0                   0                   0                   0                   2                   2                   2                   2                   2                   2                   2                  


A                : <emp>               <emp>               <emp>               <emp>               Ġyeah               Ġthen               Ġi                  Ġsaw                Ġa                  Ġone                Ġof                 Ġthese              Ġcountry            Ġlooking            Ġwood              
Timings          : (192.314, 192.514)  (192.514, 192.684)  (192.684, 193.004)  (193.004, 193.394)  (193.45, 193.71)    (193.71, 193.89)    (193.89, 194.007)   (194.007, 194.407)  (194.407, 194.74)   (194.74, 194.91)    (194.91, 195.02)    (195.02, 195.27)    (195.27, 195.66)    (195.66, 196.2)     (196.2, 196.38)    
Token Types      : 0                   0                   0                   0                   1                   1                   1                   1                   1                   1                   1                   1                   1                   1                   1                  
turn_ids         : 0                   0                   0                   0                   79767206363170      79767206363170      79767206363170      79767206363170      79767206363170      79767206363170      79767206363170      79767206363170      79767206363170      79767206363170      79767206363170     
turn_end_types   : 0                   0                   0                   0                   2                   2                   2                   2                   2                   2                   2                   2                   2                   2                   2                  
speaker_ids      : 0                   0                   0                   0                   1                   1                   1                   1                   1                   1                   1                   1                   1                   1                   1                  

B                : Ġthat               Ġmuch               Ġfarther            Ġahead              <eot>               <emp>               <emp>               <emp>               <emp>               <emp>               <emp>               <emp>               <emp>               <emp>               <emp>              
Timings          : (192.314, 192.514)  (192.514, 192.684)  (192.684, 193.004)  (193.004, 193.394)  (-1.0, -1.0)        (193.71, 193.89)    (193.89, 194.007)   (194.007, 194.407)  (194.407, 194.74)   (194.74, 194.91)    (194.91, 195.02)    (195.02, 195.27)    (195.27, 195.66)    (195.66, 196.2)     (196.2, 196.38)    
Token Types      : 4                   4                   4                   4                   4                   0                   0                   0                   0                   0                   0                   0                   0                   0                   0                  
turn_ids         : 79770964459553      79770964459553      79770964459553      79770964459553      79770964459553      0                   0                   0                   0                   0                   0                   0                   0                   0                   0                  
turn_end_types   : 1                   1                   1                   1                   1                   0                   0                   0                   0                   0                   0                   0                   0                   0                   0                  
speaker_ids      : 2                   2                   2                   2                   2                   0                   0                   0                   0                   0                   0                   0                   0                   0                   0                  


A                : Ġwater              mel                 ons                 Ġit                 Ġwas                Ġa                  Ġsolid              Ġwater              melon               Ġwith               Ġa                  Ġwedge              Ġcut                Ġout                Ġof                
Timings          : (196.38, 196.643)   (196.643, 196.907)  (196.907, 197.17)   (197.17, 197.23)    (197.23, 197.34)    (197.34, 197.43)    (197.43, 197.89)    (197.89, 198.235)   (198.235, 198.58)   (199.08, 199.405)   (199.405, 199.627)  (199.627, 199.9)    (199.9, 200.14)     (200.14, 200.35)    (200.35, 200.45)   
Token Types      : 1                   1                   1                   1                   1                   1                   1                   1                   1                   1                   1                   1                   1                   1                   1                  
turn_ids         : 79767206363170      79767206363170      79767206363170      79767206363170      79767206363170      79767206363170      79767206363170      79767206363170      79767206363170      79767206363170      79767206363170      79767206363170      79767206363170      79767206363170      79767206363170     
turn_end_types   : 2                   2                   2                   2                   2                   2                   2                   2                   2                   2                   2                   2                   2                   2                   2                  
speaker_ids      : 1                   1                   1                   1                   1                   1                   1                   1                   1                   1                   1                   1                   1                   1                   1                  

B                : <emp>               <emp>               <emp>               <emp>               <emp>               <emp>               <emp>               <emp>               <emp>               <emp>               <emp>               <emp>               <emp>               <emp>               Ġright             
Timings          : (196.38, 196.643)   (196.643, 196.907)  (196.907, 197.17)   (197.17, 197.23)    (197.23, 197.34)    (197.34, 197.43)    (197.43, 197.89)    (197.89, 198.235)   (198.235, 198.58)   (199.08, 199.405)   (199.405, 199.627)  (199.627, 199.9)    (199.9, 200.14)     (200.14, 200.35)    (200.384, 200.847) 
Token Types      : 0                   0                   0                   0                   0                   0                   0                   0                   0                   0                   0                   0                   0                   0                   4                  
turn_ids         : 0                   0                   0                   0                   0                   0                   0                   0                   0                   0                   0                   0                   0                   0                   79770964459555     
turn_end_types   : 0                   0                   0                   0                   0                   0                   0                   0                   0                   0                   0                   0                   0                   0                   2                  
speaker_ids      : 0                   0                   0                   0                   0                   0                   0                   0                   0                   0                   0                   0                   0                   0                   2                  


A                : Ġit                 <yield>             <emp>               <emp>               <emp>               <emp>               <emp>               <emp>               <emp>               <emp>               <emp>               <emp>               <emp>               <emp>               <emp>              
Timings          : (200.45, 200.663)   (-1.0, -1.0)        (200.949, 201.05)   (201.05, 201.34)    (201.34, 201.46)    (201.46, 201.57)    (201.57, 201.71)    (201.71, 201.78)    (201.78, 202.1)     (202.1, 202.42)     (202.42, 202.53)    (202.53, 202.89)    (202.89, 203.04)    (203.04, 203.196)   (203.324, 203.56)  
Token Types      : 1                   1                   0                   0                   0                   0                   0                   0                   0                   0                   0                   0                   0                   0                   0                  
turn_ids         : 79767206363170      79767206363170      0                   0                   0                   0                   0                   0                   0                   0                   0                   0                   0                   0                   0                  
turn_end_types   : 2                   2                   0                   0                   0                   0                   0                   0                   0                   0                   0                   0                   0                   0                   0                  
speaker_ids      : 1                   1                   0                   0                   0                   0                   0                   0                   0                   0                   0                   0                   0                   0                   0                  

B                : <emp>               Ġi                  've                 Ġseen               Ġthem               Ġand                Ġthen               Ġthe                Ġwater              melon               Ġthe                Ġred                Ġwith               Ġthe                Ġwith              
Timings          : (200.45, 200.663)   (200.847, 200.949)  (200.949, 201.05)   (201.05, 201.34)    (201.34, 201.46)    (201.46, 201.57)    (201.57, 201.71)    (201.71, 201.78)    (201.78, 202.1)     (202.1, 202.42)     (202.42, 202.53)    (202.53, 202.89)    (202.89, 203.04)    (203.04, 203.196)   (203.324, 203.56)  
Token Types      : 4                   4                   4                   4                   4                   4                   4                   4                   4                   4                   4                   4                   4                   4                   4                  
turn_ids         : 79770964459555      79770964459555      79770964459555      79770964459555      79770964459555      79770964459555      79770964459555      79770964459555      79770964459555      79770964459555      79770964459555      79770964459555      79770964459555      79770964459555      79770964459555     
turn_end_types   : 2                   2                   2                   2                   2                   2                   2                   2                   2                   2                   2                   2                   2                   2                   2                  
speaker_ids      : 2                   2                   2                   2                   2                   2                   2                   2                   2                   2                   2                   2                   2                   2                   2                  


A                : Ġoh                 Ġyeah               <emp>               <emp>               <emp>               Ġu                  hh                  uh                  <eint>              <emp>               <emp>               <emp>               Ġi                  Ġwent               Ġthere             
Timings          : (203.573, 203.853)  (203.853, 204.528)  (204.181, 204.25)   (204.25, 204.529)   (204.529, 204.775)  (204.899, 205.039)  (205.039, 205.179)  (205.179, 205.32)   (-1.0, -1.0)        (205.71, 205.86)    (205.86, 206.01)    (206.01, 206.33)    (206.396, 206.506)  (206.506, 206.736)  (206.736, 206.886) 
Token Types      : 5                   5                   5                   5                   5                   5                   5                   5                   5                   0                   0                   0                   1                   1                   1                  
turn_ids         : 79771501330451      79771501330451      79771501330451      79771501330451      79771501330451      79771501330451      79771501330451      79771501330451      79771501330451      0                   0                   0                   79767206363172      79767206363172      79767206363172     
turn_end_types   : 0                   0                   0                   0                   0                   0                   0                   0                   0                   0                   0                   0                   2                   2                   2                  
speaker_ids      : 1                   1                   1                   1                   1                   1                   1                   1                   1                   0                   0                   0                   1                   1                   1                  

B                : Ġthe                Ġseeds              Ġjust               Ġpainted            Ġin                 Ġand                <emp>               <emp>               Ġuh                 Ġthat               's                  Ġneat               <yield>             <emp>               <emp>              
Timings          : (203.56, 203.646)   (203.646, 204.181)  (204.181, 204.25)   (204.25, 204.529)   (204.529, 204.775)  (204.775, 205.024)  (205.039, 205.179)  (205.179, 205.32)   (205.518, 205.71)   (205.71, 205.86)    (205.86, 206.01)    (206.01, 206.33)    (-1.0, -1.0)        (206.506, 206.736)  (206.736, 206.886) 
Token Types      : 4                   4                   4                   4                   4                   4                   4                   4                   4                   4                   4                   4                   4                   0                   0                  
turn_ids         : 79770964459555      79770964459555      79770964459555      79770964459555      79770964459555      79770964459555      79770964459555      79770964459555      79770964459555      79770964459555      79770964459555      79770964459555      79770964459555      0                   0                  
turn_end_types   : 2                   2                   2                   2                   2                   2                   2                   2                   2                   2                   2                   2                   2                   0                   0                  
speaker_ids      : 2                   2                   2                   2                   2                   2                   2                   2                   2                   2                   2                   2                   2                   0                   0                  


A                : Ġwe                 Ġhave               Ġhome               Ġdepot              Ġout                Ġhere               Ġi                  Ġdon                't                  Ġknow               Ġif                 Ġyou                've                 Ġheard              Ġof                
Timings          : (206.886, 206.986)  (206.986, 207.126)  (207.126, 207.416)  (207.416, 207.826)  (207.826, 208.006)  (208.006, 208.166)  (208.166, 208.196)  (208.196, 208.261)  (208.261, 208.326)  (208.326, 208.386)  (208.386, 208.486)  (208.486, 208.551)  (208.551, 208.616)  (208.616, 208.796)  (208.796, 208.916) 
Token Types      : 1                   1                   1                   1                   1                   1                   1                   1                   1                   1                   1                   1                   1                   1                   1                  
turn_ids         : 79767206363172      79767206363172      79767206363172      79767206363172      79767206363172      79767206363172      79767206363172      79767206363172      79767206363172      79767206363172      79767206363172      79767206363172      79767206363172      79767206363172      79767206363172     
turn_end_types   : 2                   2                   2                   2                   2                   2                   2                   2                   2                   2                   2                   2                   2                   2                   2                  
speaker_ids      : 1                   1                   1                   1                   1                   1                   1                   1                   1                   1                   1                   1                   1                   1                   1                  

B                : <emp>               <emp>               <emp>               <emp>               <emp>               <emp>               <emp>               <emp>               <emp>               <emp>               Ġyes                <emp>               <emp>               <emp>               <emp>              
Timings          : (206.886, 206.986)  (206.986, 207.126)  (207.126, 207.416)  (207.416, 207.826)  (207.826, 208.006)  (208.006, 208.166)  (208.166, 208.196)  (208.196, 208.261)  (208.261, 208.326)  (208.326, 208.386)  (208.38, 208.809)   (208.486, 208.551)  (208.551, 208.616)  (208.616, 208.796)  (208.796, 208.916) 
Token Types      : 0                   0                   0                   0                   0                   0                   0                   0                   0                   0                   5                   5                   5                   5                   5                  
turn_ids         : 0                   0                   0                   0                   0                   0                   0                   0                   0                   0                   79772038201369      79772038201369      79772038201369      79772038201369      79772038201369     
turn_end_types   : 0                   0                   0                   0                   0                   0                   0                   0                   0                   0                   0                   0                   0                   0                   0                  
speaker_ids      : 0                   0                   0                   0                   0                   0                   0                   0                   0                   0                   2                   2                   2                   2                   2                  


A                : Ġit                 Ġi                  Ġwent               Ġand                Ġi                  Ġgot                Ġtwo                Ġsix                Ġfoot               Ġinch               Ġthick              Ġboards             Ġturned             Ġinto               Ġwater             
Timings          : (208.916, 209.086)  (209.086, 209.136)  (209.136, 209.306)  (209.306, 209.396)  (209.396, 209.466)  (209.466, 209.715)  (210.397, 210.704)  (210.704, 211.194)  (211.194, 211.554)  (211.744, 212.135)  (212.233, 212.704)  (212.704, 213.324)  (213.324, 213.734)  (213.734, 213.974)  (213.974, 214.264) 
Token Types      : 1                   1                   1                   1                   1                   1                   1                   1                   1                   1                   1                   1                   1                   1                   1                  
turn_ids         : 79767206363172      79767206363172      79767206363172      79767206363172      79767206363172      79767206363172      79767206363172      79767206363172      79767206363172      79767206363172      79767206363172      79767206363172      79767206363172      79767206363172      79767206363172     
turn_end_types   : 2                   2                   2                   2                   2                   2                   2                   2                   2                   2                   2                   2                   2                   2                   2                  
speaker_ids      : 1                   1                   1                   1                   1                   1                   1                   1                   1                   1                   1                   1                   1                   1                   1                  

B                : <emp>               Ġwe                 <emp>               Ġhave               <emp>               Ġone                <eint>              <emp>               <emp>               <emp>               <emp>               <emp>               <emp>               <emp>               <emp>              
Timings          : (208.916, 209.086)  (209.095, 209.24)   (209.136, 209.306)  (209.24, 209.47)    (209.396, 209.466)  (209.47, 209.678)   (-1.0, -1.0)        (210.704, 211.194)  (211.194, 211.554)  (211.744, 212.135)  (212.233, 212.704)  (212.704, 213.324)  (213.324, 213.734)  (213.734, 213.974)  (213.974, 214.264) 
Token Types      : 5                   5                   5                   5                   5                   5                   5                   0                   0                   0                   0                   0                   0                   0                   0                  
turn_ids         : 79772038201369      79772038201369      79772038201369      79772038201369      79772038201369      79772038201369      79772038201369      0                   0                   0                   0                   0                   0                   0                   0                  
turn_end_types   : 0                   0                   0                   0                   0                   0                   0                   0                   0                   0                   0                   0                   0                   0                   0                  
speaker_ids      : 2                   2                   2                   2                   2                   2                   2                   0                   0                   0                   0                   0                   0                   0                   0                  


A                : melon               Ġi                  Ġhad                Ġto                 Ġcut                Ġit                 Ġinto               Ġsl                 abs                 Ġand                Ġbuild              Ġup                 Ġthis               Ġbig                Ġsquare            
Timings          : (214.264, 214.554)  (214.554, 214.594)  (214.594, 214.734)  (214.734, 214.794)  (214.794, 215.014)  (215.014, 215.114)  (215.114, 215.414)  (215.844, 216.174)  (216.174, 216.504)  (216.504, 216.774)  (216.774, 216.994)  (216.994, 217.124)  (217.124, 217.304)  (217.304, 217.504)  (217.504, 218.084) 
Token Types      : 1                   1                   1                   1                   1                   1                   1                   1                   1                   1                   1                   1                   1                   1                   1                  
turn_ids         : 79767206363172      79767206363172      79767206363172      79767206363172      79767206363172      79767206363172      79767206363172      79767206363172      79767206363172      79767206363172      79767206363172      79767206363172      79767206363172      79767206363172      79767206363172     
turn_end_types   : 2                   2                   2                   2                   2                   2                   2                   2                   2                   2                   2                   2                   2                   2                   2                  
speaker_ids      : 1                   1                   1                   1                   1                   1                   1                   1                   1                   1                   1                   1                   1                   1                   1                  

B                : <emp>               <emp>               <emp>               <emp>               <emp>               <emp>               <emp>               <emp>               <emp>               <emp>               <emp>               <emp>               <emp>               <emp>               <emp>              
Timings          : (214.264, 214.554)  (214.554, 214.594)  (214.594, 214.734)  (214.734, 214.794)  (214.794, 215.014)  (215.014, 215.114)  (215.114, 215.414)  (215.844, 216.174)  (216.174, 216.504)  (216.504, 216.774)  (216.774, 216.994)  (216.994, 217.124)  (217.124, 217.304)  (217.304, 217.504)  (217.504, 218.084) 
Token Types      : 0                   0                   0                   0                   0                   0                   0                   0                   0                   0                   0                   0                   0                   0                   0                  
turn_ids         : 0                   0                   0                   0                   0                   0                   0                   0                   0                   0                   0                   0                   0                   0                   0                  
turn_end_types   : 0                   0                   0                   0                   0                   0                   0                   0                   0                   0                   0                   0                   0                   0                   0                  
speaker_ids      : 0                   0                   0                   0                   0                   0                   0                   0                   0                   0                   0                   0                   0                   0                   0                  


A                : Ġand                Ġturn               Ġit                 Ġon                 Ġthe                Ġlat                he                  Ġand                Ġcutting            Ġthat               Ġwedge              Ġout                Ġwas                Ġno                 Ġjoke              
Timings          : (218.084, 218.224)  (218.224, 218.454)  (218.454, 218.534)  (218.534, 218.674)  (218.674, 218.774)  (218.774, 218.944)  (218.944, 219.115)  (219.299, 219.597)  (219.992, 220.304)  (220.304, 220.484)  (220.484, 220.774)  (220.774, 220.894)  (220.894, 221.054)  (221.054, 221.274)  (221.274, 221.987) 
Token Types      : 1                   1                   1                   1                   1                   1                   1                   1                   1                   1                   1                   1                   1                   1                   1                  
turn_ids         : 79767206363172      79767206363172      79767206363172      79767206363172      79767206363172      79767206363172      79767206363172      79767206363172      79767206363172      79767206363172      79767206363172      79767206363172      79767206363172      79767206363172      79767206363172     
turn_end_types   : 2                   2                   2                   2                   2                   2                   2                   2                   2                   2                   2                   2                   2                   2                   2                  
speaker_ids      : 1                   1                   1                   1                   1                   1                   1                   1                   1                   1                   1                   1                   1                   1                   1                  

B                : <emp>               <emp>               <emp>               <emp>               <emp>               <emp>               <emp>               <emp>               Ġhuh                <eint>              <emp>               <emp>               <emp>               <emp>               <emp>              
Timings          : (218.084, 218.224)  (218.224, 218.454)  (218.454, 218.534)  (218.534, 218.674)  (218.674, 218.774)  (218.774, 218.944)  (218.944, 219.115)  (219.299, 219.597)  (219.845, 220.192)  (-1.0, -1.0)        (220.484, 220.774)  (220.774, 220.894)  (220.894, 221.054)  (221.054, 221.274)  (221.274, 221.987) 
Token Types      : 0                   0                   0                   0                   0                   0                   0                   0                   5                   5                   0                   0                   0                   0                   0                  
turn_ids         : 0                   0                   0                   0                   0                   0                   0                   0                   79772038201370      79772038201370      0                   0                   0                   0                   0                  
turn_end_types   : 0                   0                   0                   0                   0                   0                   0                   0                   0                   0                   0                   0                   0                   0                   0                  
speaker_ids      : 0                   0                   0                   0                   0                   0                   0                   0                   2                   2                   0                   0                   0                   0                   0                  


A                : <yield>             <emp>               <emp>               <emp>               <emp>               <emp>               Ġwe                 Ġdid                Ġit                 Ġon                 Ġa                  Ġwe                 Ġi                  Ġhad                Ġa                 
Timings          : (-1.0, -1.0)        (222.327, 222.422)  (222.422, 222.517)  (222.517, 222.607)  (222.607, 222.697)  (222.697, 223.285)  (223.837, 224.0)    (224.0, 224.19)     (224.19, 224.27)    (224.27, 224.398)   (224.398, 224.609)  (224.609, 224.82)   (224.82, 224.92)    (224.92, 225.09)    (225.09, 225.309)  
Token Types      : 1                   0                   0                   0                   0                   0                   1                   1                   1                   1                   1                   1                   1                   1                   1                  
turn_ids         : 79767206363172      0                   0                   0                   0                   0                   79767206363174      79767206363174      79767206363174      79767206363174      79767206363174      79767206363174      79767206363174      79767206363174      79767206363174     
turn_end_types   : 2                   0                   0                   0                   0                   0                   2                   2                   2                   2                   2                   2                   2                   2                   2                  
speaker_ids      : 1                   0                   0                   0                   0                   0                   1                   1                   1                   1                   1                   1                   1                   1                   1                  

B                : Ġoh                 Ġi                  'm                  Ġi                  'm                  Ġsure               <eot>               <emp>               <emp>               <emp>               <emp>               <emp>               <emp>               <emp>               <emp>              
Timings          : (222.077, 222.327)  (222.327, 222.422)  (222.422, 222.517)  (222.517, 222.607)  (222.607, 222.697)  (222.697, 223.285)  (-1.0, -1.0)        (224.0, 224.19)     (224.19, 224.27)    (224.27, 224.398)   (224.398, 224.609)  (224.609, 224.82)   (224.82, 224.92)    (224.92, 225.09)    (225.09, 225.309)  
Token Types      : 1                   1                   1                   1                   1                   1                   1                   0                   0                   0                   0                   0                   0                   0                   0                  
turn_ids         : 79767743234085      79767743234085      79767743234085      79767743234085      79767743234085      79767743234085      79767743234085      0                   0                   0                   0                   0                   0                   0                   0                  
turn_end_types   : 1                   1                   1                   1                   1                   1                   1                   0                   0                   0                   0                   0                   0                   0                   0                  
speaker_ids      : 2                   2                   2                   2                   2                   2                   2                   0                   0                   0                   0                   0                   0                   0                   0                  


A                : Ġuh                 Ġi                  Ġdid                Ġit                 Ġthrough            Ġadult              Ġed                 Ġagain              <yield>             Ġi                  Ġdid                Ġit                 Ġthrough            Ġadult              Ġed                
Timings          : (225.309, 225.697)  (225.697, 225.864)  (225.864, 225.951)  (225.951, 226.1)    (226.1, 226.21)     (226.21, 226.59)    (226.59, 226.76)    (226.76, 227.16)    (-1.0, -1.0)        (227.935, 227.985)  (227.985, 228.155)  (228.155, 228.235)  (228.235, 228.375)  (228.375, 228.745)  (228.745, 228.915) 
Token Types      : 1                   1                   1                   1                   1                   1                   1                   1                   1                   1                   1                   1                   1                   1                   1                  
turn_ids         : 79767206363174      79767206363174      79767206363174      79767206363174      79767206363174      79767206363174      79767206363174      79767206363174      79767206363174      79767206363176      79767206363176      79767206363176      79767206363176      79767206363176      79767206363176     
turn_end_types   : 2                   2                   2                   2                   2                   2                   2                   2                   2                   1                   1                   1                   1                   1                   1                  
speaker_ids      : 1                   1                   1                   1                   1                   1                   1                   1                   1                   1                   1                   1                   1                   1                   1                  

B                : <emp>               <emp>               Ġband               <emp>               Ġsaw                <emp>               <emp>               <emp>               Ġwhat               <eot>               <emp>               <emp>               <emp>               <emp>               <emp>              
Timings          : (225.309, 225.697)  (225.697, 225.864)  (225.808, 226.118)  (225.951, 226.1)    (226.118, 226.52)   (226.21, 226.59)    (226.59, 226.76)    (226.76, 227.16)    (227.345, 227.717)  (-1.0, -1.0)        (227.985, 228.155)  (228.155, 228.235)  (228.235, 228.375)  (228.375, 228.745)  (228.745, 228.915) 
Token Types      : 0                   0                   4                   4                   4                   4                   4                   4                   4                   4                   0                   0                   0                   0                   0                  
turn_ids         : 0                   0                   79770964459559      79770964459559      79770964459559      79770964459559      79770964459559      79770964459559      79770964459559      79770964459559      0                   0                   0                   0                   0                  
turn_end_types   : 0                   0                   1                   1                   1                   1                   1                   1                   1                   1                   0                   0                   0                   0                   0                  
speaker_ids      : 0                   0                   2                   2                   2                   2                   2                   2                   2                   2                   0                   0                   0                   0                   0                  


A                : Ġagain              <emp>               <emp>               <emp>               Ġand                Ġthe                Ġteacher            Ġwas                Ġone                Ġof                 Ġthese              Ġnegative           Ġpeople             Ġoh                 Ġthat              
Timings          : (228.915, 229.364)  (229.459, 229.591)  (229.591, 229.724)  (229.724, 229.857)  (229.899, 230.369)  (230.647, 230.754)  (230.754, 231.21)   (231.21, 231.559)   (231.649, 231.839)  (231.839, 231.899)  (231.899, 232.059)  (232.169, 232.599)  (232.599, 233.026)  (233.324, 233.454)  (233.454, 233.552) 
Token Types      : 1                   1                   1                   1                   1                   1                   1                   1                   1                   1                   1                   1                   1                   1                   1                  
turn_ids         : 79767206363176      79767206363176      79767206363176      79767206363176      79767206363176      79767206363176      79767206363176      79767206363176      79767206363176      79767206363176      79767206363176      79767206363176      79767206363176      79767206363176      79767206363176     
turn_end_types   : 1                   1                   1                   1                   1                   1                   1                   1                   1                   1                   1                   1                   1                   1                   1                  
speaker_ids      : 1                   1                   1                   1                   1                   1                   1                   1                   1                   1                   1                   1                   1                   1                   1                  

B                : <emp>               Ġu                  hh                  uh                  <ebc>               <emp>               <emp>               <emp>               <emp>               <emp>               <emp>               <emp>               <emp>               <emp>               <emp>              
Timings          : (228.915, 229.364)  (229.459, 229.591)  (229.591, 229.724)  (229.724, 229.857)  (-1.0, -1.0)        (230.647, 230.754)  (230.754, 231.21)   (231.21, 231.559)   (231.649, 231.839)  (231.839, 231.899)  (231.899, 232.059)  (232.169, 232.599)  (232.599, 233.026)  (233.324, 233.454)  (233.454, 233.552) 
Token Types      : 0                   3                   3                   3                   3                   0                   0                   0                   0                   0                   0                   0                   0                   0                   0                  
turn_ids         : 0                   79769890717722      79769890717722      79769890717722      79769890717722      0                   0                   0                   0                   0                   0                   0                   0                   0                   0                  
turn_end_types   : 0                   0                   0                   0                   0                   0                   0                   0                   0                   0                   0                   0                   0                   0                   0                  
speaker_ids      : 0                   2                   2                   2                   2                   0                   0                   0                   0                   0                   0                   0                   0                   0                   0                  


A                : 's                  Ġdangerous          Ġwe                 Ġcan                't                  Ġdo                 Ġthat               Ġwe                 Ġjust               Ġcan                't                  Ġdo                 Ġthat               Ġand                Ġi                 
Timings          : (233.552, 233.649)  (233.649, 233.999)  (233.999, 234.059)  (234.059, 234.189)  (234.189, 234.319)  (234.319, 234.449)  (234.449, 234.619)  (234.619, 234.739)  (234.739, 234.929)  (234.929, 235.049)  (235.049, 235.169)  (235.169, 235.229)  (235.229, 235.329)  (235.329, 235.469)  (235.469, 235.499) 
Token Types      : 1                   1                   1                   1                   1                   1                   1                   1                   1                   1                   1                   1                   1                   1                   1                  
turn_ids         : 79767206363176      79767206363176      79767206363176      79767206363176      79767206363176      79767206363176      79767206363176      79767206363176      79767206363176      79767206363176      79767206363176      79767206363176      79767206363176      79767206363176      79767206363176     
turn_end_types   : 1                   1                   1                   1                   1                   1                   1                   1                   1                   1                   1                   1                   1                   1                   1                  
speaker_ids      : 1                   1                   1                   1                   1                   1                   1                   1                   1                   1                   1                   1                   1                   1                   1                  

B                : <emp>               <emp>               <emp>               <emp>               <emp>               <emp>               <emp>               <emp>               <emp>               <emp>               <emp>               <emp>               <emp>               <emp>               <emp>              
Timings          : (233.552, 233.649)  (233.649, 233.999)  (233.999, 234.059)  (234.059, 234.189)  (234.189, 234.319)  (234.319, 234.449)  (234.449, 234.619)  (234.619, 234.739)  (234.739, 234.929)  (234.929, 235.049)  (235.049, 235.169)  (235.169, 235.229)  (235.229, 235.329)  (235.329, 235.469)  (235.469, 235.499) 
Token Types      : 0                   0                   0                   0                   0                   0                   0                   0                   0                   0                   0                   0                   0                   0                   0                  
turn_ids         : 0                   0                   0                   0                   0                   0                   0                   0                   0                   0                   0                   0                   0                   0                   0                  
turn_end_types   : 0                   0                   0                   0                   0                   0                   0                   0                   0                   0                   0                   0                   0                   0                   0                  
speaker_ids      : 0                   0                   0                   0                   0                   0                   0                   0                   0                   0                   0                   0                   0                   0                   0                  


A                : Ġwas                Ġgoing              Ġwell               Ġhow                Ġabout              Ġthis               Ġway                Ġi                  Ġhow                Ġi                  'm                  Ġwanna              Ġdo                 Ġthat               Ġthat              
Timings          : (235.499, 235.589)  (235.589, 235.769)  (235.769, 235.899)  (235.899, 236.109)  (236.109, 236.319)  (236.319, 236.529)  (236.529, 236.742)  (236.742, 236.856)  (236.856, 237.067)  (237.067, 237.168)  (237.168, 237.269)  (237.269, 237.519)  (237.519, 237.699)  (237.699, 237.869)  (237.869, 238.029) 
Token Types      : 1                   1                   1                   1                   1                   1                   1                   1                   1                   1                   1                   1                   1                   1                   1                  
turn_ids         : 79767206363176      79767206363176      79767206363176      79767206363176      79767206363176      79767206363176      79767206363176      79767206363176      79767206363176      79767206363176      79767206363176      79767206363176      79767206363176      79767206363176      79767206363176     
turn_end_types   : 1                   1                   1                   1                   1                   1                   1                   1                   1                   1                   1                   1                   1                   1                   1                  
speaker_ids      : 1                   1                   1                   1                   1                   1                   1                   1                   1                   1                   1                   1                   1                   1                   1                  

B                : <emp>               <emp>               <emp>               <emp>               <emp>               <emp>               <emp>               <emp>               <emp>               <emp>               <emp>               <emp>               <emp>               <emp>               <emp>              
Timings          : (235.499, 235.589)  (235.589, 235.769)  (235.769, 235.899)  (235.899, 236.109)  (236.109, 236.319)  (236.319, 236.529)  (236.529, 236.742)  (236.742, 236.856)  (236.856, 237.067)  (237.067, 237.168)  (237.168, 237.269)  (237.269, 237.519)  (237.519, 237.699)  (237.699, 237.869)  (237.869, 238.029) 
Token Types      : 0                   0                   0                   0                   0                   0                   0                   0                   0                   0                   0                   0                   0                   0                   0                  
turn_ids         : 0                   0                   0                   0                   0                   0                   0                   0                   0                   0                   0                   0                   0                   0                   0                  
turn_end_types   : 0                   0                   0                   0                   0                   0                   0                   0                   0                   0                   0                   0                   0                   0                   0                  
speaker_ids      : 0                   0                   0                   0                   0                   0                   0                   0                   0                   0                   0                   0                   0                   0                   0                  


A                : Ġwas                Ġthe                Ġplan               Ġhere               <emp>               Ġso                 Ġwe                 Ġdid                Ġget                Ġthe                Ġwedge              Ġcut                Ġout                Ġby                 Ġbuilding          
Timings          : (238.029, 238.209)  (238.289, 238.402)  (238.402, 238.865)  (238.865, 239.149)  (239.33, 239.76)    (240.023, 240.22)   (240.22, 240.357)   (240.357, 240.557)  (240.557, 240.717)  (240.717, 240.797)  (240.797, 241.087)  (241.087, 241.347)  (241.347, 241.567)  (241.567, 241.727)  (241.727, 242.177) 
Token Types      : 1                   1                   1                   1                   1                   1                   1                   1                   1                   1                   1                   1                   1                   1                   1                  
turn_ids         : 79767206363176      79767206363176      79767206363176      79767206363176      79767206363176      79767206363176      79767206363176      79767206363176      79767206363176      79767206363176      79767206363176      79767206363176      79767206363176      79767206363176      79767206363176     
turn_end_types   : 1                   1                   1                   1                   1                   1                   1                   1                   1                   1                   1                   1                   1                   1                   1                  
speaker_ids      : 1                   1                   1                   1                   1                   1                   1                   1                   1                   1                   1                   1                   1                   1                   1                  

B                : <emp>               <emp>               <emp>               <emp>               Ġright              <ebc>               <emp>               <emp>               <emp>               <emp>               <emp>               <emp>               <emp>               <emp>               <emp>              
Timings          : (238.029, 238.209)  (238.289, 238.402)  (238.402, 238.865)  (238.865, 239.149)  (239.33, 239.76)    (-1.0, -1.0)        (240.22, 240.357)   (240.357, 240.557)  (240.557, 240.717)  (240.717, 240.797)  (240.797, 241.087)  (241.087, 241.347)  (241.347, 241.567)  (241.567, 241.727)  (241.727, 242.177) 
Token Types      : 0                   0                   0                   0                   3                   3                   0                   0                   0                   0                   0                   0                   0                   0                   0                  
turn_ids         : 0                   0                   0                   0                   79769890717723      79769890717723      0                   0                   0                   0                   0                   0                   0                   0                   0                  
turn_end_types   : 0                   0                   0                   0                   0                   0                   0                   0                   0                   0                   0                   0                   0                   0                   0                  
speaker_ids      : 0                   0                   0                   0                   2                   2                   0                   0                   0                   0                   0                   0                   0                   0                   0                  


A                : Ġsome               Ġkind               Ġof                 <eot>               <emp>               <emp>               <emp>               Ġa                  Ġcradle             Ġfor                <emp>               Ġit                 <eint>              <emp>               <emp>              
Timings          : (242.177, 242.367)  (242.367, 242.587)  (242.587, 242.809)  (-1.0, -1.0)        (243.267, 243.677)  (243.677, 243.917)  (243.917, 244.082)  (244.094, 244.208)  (244.208, 244.714)  (244.714, 245.124)  (244.926, 245.057)  (245.124, 245.347)  (-1.0, -1.0)        (245.567, 245.687)  (245.687, 245.807) 
Token Types      : 1                   1                   1                   1                   0                   0                   0                   5                   5                   5                   5                   5                   5                   0                   0                  
turn_ids         : 79767206363176      79767206363176      79767206363176      79767206363176      0                   0                   0                   79771501330455      79771501330455      79771501330455      79771501330455      79771501330455      79771501330455      0                   0                  
turn_end_types   : 1                   1                   1                   1                   0                   0                   0                   0                   0                   0                   0                   0                   0                   0                   0                  
speaker_ids      : 1                   1                   1                   1                   0                   0                   0                   1                   1                   1                   1                   1                   1                   0                   0                  

B                : <emp>               <emp>               <emp>               Ġa                  Ġcradle             Ġfor                Ġit                 <emp>               <emp>               Ġy                  ep                  <emp>               Ġso                 Ġyou                Ġcan               
Timings          : (242.177, 242.367)  (242.367, 242.587)  (242.587, 242.809)  (243.147, 243.267)  (243.267, 243.677)  (243.677, 243.917)  (243.917, 244.082)  (244.094, 244.208)  (244.208, 244.714)  (244.794, 244.926)  (244.926, 245.057)  (245.124, 245.347)  (245.427, 245.567)  (245.567, 245.687)  (245.687, 245.807) 
Token Types      : 0                   0                   0                   1                   1                   1                   1                   1                   1                   1                   1                   1                   1                   1                   1                  
turn_ids         : 0                   0                   0                   79767743234089      79767743234089      79767743234089      79767743234089      79767743234089      79767743234089      79767743234089      79767743234089      79767743234089      79767743234089      79767743234089      79767743234089     
turn_end_types   : 0                   0                   0                   2                   2                   2                   2                   2                   2                   2                   2                   2                   2                   2                   2                  
speaker_ids      : 0                   0                   0                   2                   2                   2                   2                   2                   2                   2                   2                   2                   2                   2                   2                  


A                : <emp>               <emp>               <emp>               <emp>               <emp>               <emp>               <emp>               <emp>               <emp>               <emp>               Ġwell               <emp>               Ġit                 Ġthe                Ġinstructions      
Timings          : (245.807, 246.137)  (246.137, 246.297)  (246.297, 246.497)  (246.497, 246.727)  (246.727, 246.817)  (246.817, 247.247)  (247.247, 247.307)  (247.307, 247.637)  (247.637, 247.967)  (247.967, 248.277)  (248.207, 248.825)  (248.397, 248.706)  (248.825, 249.062)  (249.277, 249.377)  (249.377, 250.097) 
Token Types      : 0                   0                   0                   0                   0                   0                   0                   0                   0                   0                   4                   4                   4                   4                   4                  
turn_ids         : 0                   0                   0                   0                   0                   0                   0                   0                   0                   0                   79770427588650      79770427588650      79770427588650      79770427588650      79770427588650     
turn_end_types   : 0                   0                   0                   0                   0                   0                   0                   0                   0                   0                   2                   2                   2                   2                   2                  
speaker_ids      : 0                   0                   0                   0                   0                   0                   0                   0                   0                   0                   1                   1                   1                   1                   1                  

B                : Ġsteady             Ġit                 Ġand                Ġthen               Ġyou                Ġused               Ġa                  Ġhands              aw                  Ġor                 Ġa                  Ġbacks              aw                  <yield>             <emp>              
Timings          : (245.807, 246.137)  (246.137, 246.297)  (246.297, 246.497)  (246.497, 246.727)  (246.727, 246.817)  (246.817, 247.247)  (247.247, 247.307)  (247.307, 247.637)  (247.637, 247.967)  (247.967, 248.277)  (248.277, 248.397)  (248.397, 248.706)  (248.706, 249.015)  (-1.0, -1.0)        (249.377, 250.097) 
Token Types      : 1                   1                   1                   1                   1                   1                   1                   1                   1                   1                   1                   1                   1                   1                   0                  
turn_ids         : 79767743234089      79767743234089      79767743234089      79767743234089      79767743234089      79767743234089      79767743234089      79767743234089      79767743234089      79767743234089      79767743234089      79767743234089      79767743234089      79767743234089      0                  
turn_end_types   : 2                   2                   2                   2                   2                   2                   2                   2                   2                   2                   2                   2                   2                   2                   0                  
speaker_ids      : 2                   2                   2                   2                   2                   2                   2                   2                   2                   2                   2                   2                   2                   2                   0                  


A                : Ġin                 Ġthe                Ġbook               Ġi                  Ġhad                Ġsaid               Ġuse                Ġa                  Ġcoping             Ġsaw                Ġbut                Ġthere              's                  Ġno                 Ġcoping            
Timings          : (250.097, 250.177)  (250.177, 250.276)  (250.276, 250.423)  (250.423, 250.557)  (250.557, 250.877)  (250.877, 251.217)  (251.217, 251.547)  (251.547, 251.758)  (251.758, 252.257)  (252.257, 252.693)  (252.845, 252.989)  (253.127, 253.219)  (253.219, 253.31)   (253.31, 253.47)    (253.47, 253.828)  
Token Types      : 4                   4                   4                   4                   4                   4                   4                   4                   4                   4                   4                   4                   4                   4                   4                  
turn_ids         : 79770427588650      79770427588650      79770427588650      79770427588650      79770427588650      79770427588650      79770427588650      79770427588650      79770427588650      79770427588650      79770427588650      79770427588650      79770427588650      79770427588650      79770427588650     
turn_end_types   : 2                   2                   2                   2                   2                   2                   2                   2                   2                   2                   2                   2                   2                   2                   2                  
speaker_ids      : 1                   1                   1                   1                   1                   1                   1                   1                   1                   1                   1                   1                   1                   1                   1                  

B                : <emp>               <emp>               <emp>               <emp>               <emp>               <emp>               <emp>               <emp>               <emp>               <emp>               <emp>               <emp>               <emp>               <emp>               <emp>              
Timings          : (250.097, 250.177)  (250.177, 250.276)  (250.276, 250.423)  (250.423, 250.557)  (250.557, 250.877)  (250.877, 251.217)  (251.217, 251.547)  (251.547, 251.758)  (251.758, 252.257)  (252.257, 252.693)  (252.845, 252.989)  (253.127, 253.219)  (253.219, 253.31)   (253.31, 253.47)    (253.47, 253.828)  
Token Types      : 0                   0                   0                   0                   0                   0                   0                   0                   0                   0                   0                   0                   0                   0                   0                  
turn_ids         : 0                   0                   0                   0                   0                   0                   0                   0                   0                   0                   0                   0                   0                   0                   0                  
turn_end_types   : 0                   0                   0                   0                   0                   0                   0                   0                   0                   0                   0                   0                   0                   0                   0                  
speaker_ids      : 0                   0                   0                   0                   0                   0                   0                   0                   0                   0                   0                   0                   0                   0                   0                  


A                : Ġsaw                Ġbig                Ġenough             Ġto                 Ġfor                Ġa                  Ġfourteen           Ġinch               Ġwide               Ġwater              melon               Ġthere              Ġand                Ġhe                 Ġwanted            
Timings          : (253.828, 254.043)  (254.043, 254.237)  (254.237, 254.517)  (254.517, 254.737)  (254.737, 254.933)  (254.933, 255.095)  (255.095, 255.607)  (255.607, 255.827)  (255.827, 256.213)  (256.409, 256.918)  (256.918, 257.428)  (257.428, 257.59)   (258.08, 258.177)   (258.177, 258.297)  (258.297, 258.667) 
Token Types      : 4                   4                   4                   4                   4                   4                   4                   4                   4                   4                   4                   4                   4                   4                   4                  
turn_ids         : 79770427588650      79770427588650      79770427588650      79770427588650      79770427588650      79770427588650      79770427588650      79770427588650      79770427588650      79770427588650      79770427588650      79770427588650      79770427588650      79770427588650      79770427588650     
turn_end_types   : 2                   2                   2                   2                   2                   2                   2                   2                   2                   2                   2                   2                   2                   2                   2                  
speaker_ids      : 1                   1                   1                   1                   1                   1                   1                   1                   1                   1                   1                   1                   1                   1                   1                  

B                : <emp>               <emp>               <emp>               <emp>               <emp>               <emp>               <emp>               <emp>               <emp>               <emp>               <emp>               Ġright              Ġright              <eint>              <emp>              
Timings          : (253.828, 254.043)  (254.043, 254.237)  (254.237, 254.517)  (254.517, 254.737)  (254.737, 254.933)  (254.933, 255.095)  (255.095, 255.607)  (255.607, 255.827)  (255.827, 256.213)  (256.409, 256.918)  (256.918, 257.428)  (257.194, 257.918)  (257.918, 258.361)  (-1.0, -1.0)        (258.297, 258.667) 
Token Types      : 0                   0                   0                   0                   0                   0                   0                   0                   0                   0                   0                   5                   5                   5                   0                  
turn_ids         : 0                   0                   0                   0                   0                   0                   0                   0                   0                   0                   0                   79772038201376      79772038201376      79772038201376      0                  
turn_end_types   : 0                   0                   0                   0                   0                   0                   0                   0                   0                   0                   0                   0                   0                   0                   0                  
speaker_ids      : 0                   0                   0                   0                   0                   0                   0                   0                   0                   0                   0                   2                   2                   2                   0                  


A                : Ġme                 Ġto                 Ġdo                 Ġit                 Ġby                 Ġhand               Ġwith               Ġa                  Ġregular            Ġsaw                Ġi                  Ġsaid               Ġi                  'm                  Ġnot               
Timings          : (258.667, 258.807)  (258.807, 258.907)  (258.907, 259.047)  (259.047, 259.207)  (259.207, 259.417)  (259.417, 259.737)  (259.737, 259.867)  (259.867, 259.957)  (259.957, 260.317)  (260.317, 260.377)  (260.377, 260.467)  (260.467, 260.627)  (260.627, 260.692)  (260.692, 260.757)  (260.757, 260.967) 
Token Types      : 4                   4                   4                   4                   4                   4                   4                   4                   4                   4                   4                   4                   4                   4                   4                  
turn_ids         : 79770427588650      79770427588650      79770427588650      79770427588650      79770427588650      79770427588650      79770427588650      79770427588650      79770427588650      79770427588650      79770427588650      79770427588650      79770427588650      79770427588650      79770427588650     
turn_end_types   : 2                   2                   2                   2                   2                   2                   2                   2                   2                   2                   2                   2                   2                   2                   2                  
speaker_ids      : 1                   1                   1                   1                   1                   1                   1                   1                   1                   1                   1                   1                   1                   1                   1                  

B                : <emp>               <emp>               <emp>               <emp>               <emp>               <emp>               <emp>               <emp>               <emp>               <emp>               <emp>               <emp>               <emp>               <emp>               <emp>              
Timings          : (258.667, 258.807)  (258.807, 258.907)  (258.907, 259.047)  (259.047, 259.207)  (259.207, 259.417)  (259.417, 259.737)  (259.737, 259.867)  (259.867, 259.957)  (259.957, 260.317)  (260.317, 260.377)  (260.377, 260.467)  (260.467, 260.627)  (260.627, 260.692)  (260.692, 260.757)  (260.757, 260.967) 
Token Types      : 0                   0                   0                   0                   0                   0                   0                   0                   0                   0                   0                   0                   0                   0                   0                  
turn_ids         : 0                   0                   0                   0                   0                   0                   0                   0                   0                   0                   0                   0                   0                   0                   0                  
turn_end_types   : 0                   0                   0                   0                   0                   0                   0                   0                   0                   0                   0                   0                   0                   0                   0                  
speaker_ids      : 0                   0                   0                   0                   0                   0                   0                   0                   0                   0                   0                   0                   0                   0                   0                  


A                : Ġthat               Ġsteady             Ġit                 's                  Ġnot                Ġgonna              Ġhappen             <emp>               Ġso                 Ġwe                 Ġbuilt              Ġa                  Ġcradle             Ġfor                Ġit                
Timings          : (260.967, 261.157)  (261.157, 261.567)  (261.567, 261.642)  (261.642, 261.717)  (261.717, 261.907)  (261.907, 262.077)  (262.077, 262.818)  (262.999, 263.541)  (263.622, 263.922)  (263.922, 264.122)  (264.122, 264.372)  (264.372, 264.432)  (264.432, 264.752)  (264.752, 265.052)  (265.052, 265.162) 
Token Types      : 4                   4                   4                   4                   4                   4                   4                   4                   4                   4                   4                   4                   4                   4                   4                  
turn_ids         : 79770427588650      79770427588650      79770427588650      79770427588650      79770427588650      79770427588650      79770427588650      79770427588650      79770427588650      79770427588650      79770427588650      79770427588650      79770427588650      79770427588650      79770427588650     
turn_end_types   : 2                   2                   2                   2                   2                   2                   2                   2                   2                   2                   2                   2                   2                   2                   2                  
speaker_ids      : 1                   1                   1                   1                   1                   1                   1                   1                   1                   1                   1                   1                   1                   1                   1                  

B                : <emp>               <emp>               <emp>               <emp>               <emp>               <emp>               <emp>               Ġyeah               <ebc>               <emp>               <emp>               <emp>               <emp>               <emp>               <emp>              
Timings          : (260.967, 261.157)  (261.157, 261.567)  (261.567, 261.642)  (261.642, 261.717)  (261.717, 261.907)  (261.907, 262.077)  (262.077, 262.818)  (262.999, 263.541)  (-1.0, -1.0)        (263.922, 264.122)  (264.122, 264.372)  (264.372, 264.432)  (264.432, 264.752)  (264.752, 265.052)  (265.052, 265.162) 
Token Types      : 0                   0                   0                   0                   0                   0                   0                   3                   3                   0                   0                   0                   0                   0                   0                  
turn_ids         : 0                   0                   0                   0                   0                   0                   0                   79769890717725      79769890717725      0                   0                   0                   0                   0                   0                  
turn_end_types   : 0                   0                   0                   0                   0                   0                   0                   0                   0                   0                   0                   0                   0                   0                   0                  
speaker_ids      : 0                   0                   0                   0                   0                   0                   0                   2                   2                   0                   0                   0                   0                   0                   0                  


A                : Ġand                Ġwe                 Ġgot                Ġthe                Ġonce               Ġit                 Ġwas                Ġturned             Ġwe                 Ġgot                Ġone                Ġone                Ġcut                Ġout                Ġon                
Timings          : (265.162, 265.302)  (265.302, 265.412)  (265.412, 265.652)  (265.791, 265.896)  (265.896, 266.342)  (266.342, 266.412)  (266.412, 266.594)  (266.594, 267.329)  (267.329, 267.522)  (267.522, 267.782)  (267.782, 268.092)  (268.662, 268.892)  (268.892, 269.182)  (269.182, 269.482)  (269.582, 269.742) 
Token Types      : 4                   4                   4                   4                   4                   4                   4                   4                   4                   4                   4                   4                   4                   4                   4                  
turn_ids         : 79770427588650      79770427588650      79770427588650      79770427588650      79770427588650      79770427588650      79770427588650      79770427588650      79770427588650      79770427588650      79770427588650      79770427588650      79770427588650      79770427588650      79770427588650     
turn_end_types   : 2                   2                   2                   2                   2                   2                   2                   2                   2                   2                   2                   2                   2                   2                   2                  
speaker_ids      : 1                   1                   1                   1                   1                   1                   1                   1                   1                   1                   1                   1                   1                   1                   1                  

B                : <emp>               <emp>               <emp>               <emp>               <emp>               <emp>               <emp>               <emp>               <emp>               <emp>               <emp>               <emp>               <emp>               <emp>               <emp>              
Timings          : (265.162, 265.302)  (265.302, 265.412)  (265.412, 265.652)  (265.791, 265.896)  (265.896, 266.342)  (266.342, 266.412)  (266.412, 266.594)  (266.594, 267.329)  (267.329, 267.522)  (267.522, 267.782)  (267.782, 268.092)  (268.662, 268.892)  (268.892, 269.182)  (269.182, 269.482)  (269.582, 269.742) 
Token Types      : 0                   0                   0                   0                   0                   0                   0                   0                   0                   0                   0                   0                   0                   0                   0                  
turn_ids         : 0                   0                   0                   0                   0                   0                   0                   0                   0                   0                   0                   0                   0                   0                   0                  
turn_end_types   : 0                   0                   0                   0                   0                   0                   0                   0                   0                   0                   0                   0                   0                   0                   0                  
speaker_ids      : 0                   0                   0                   0                   0                   0                   0                   0                   0                   0                   0                   0                   0                   0                   0                  


A                : Ġthe                Ġtable              Ġsaw                Ġon                 Ġthe                Ġradial             Ġsaw                Ġby                 Ġgetting            Ġthe                Ġother              Ġone                Ġout                Ġwithout            Ġthe               
Timings          : (269.742, 269.822)  (269.822, 270.212)  (270.212, 270.621)  (271.282, 271.392)  (271.392, 271.492)  (271.492, 271.832)  (271.832, 272.197)  (272.6, 272.722)    (272.722, 273.073)  (273.073, 273.224)  (273.224, 273.492)  (273.492, 273.682)  (273.682, 273.902)  (273.902, 274.231)  (274.42, 274.662)  
Token Types      : 4                   4                   4                   4                   4                   4                   4                   4                   4                   4                   4                   4                   4                   4                   4                  
turn_ids         : 79770427588650      79770427588650      79770427588650      79770427588650      79770427588650      79770427588650      79770427588650      79770427588650      79770427588650      79770427588650      79770427588650      79770427588650      79770427588650      79770427588650      79770427588650     
turn_end_types   : 2                   2                   2                   2                   2                   2                   2                   2                   2                   2                   2                   2                   2                   2                   2                  
speaker_ids      : 1                   1                   1                   1                   1                   1                   1                   1                   1                   1                   1                   1                   1                   1                   1                  

B                : <emp>               <emp>               <emp>               <emp>               <emp>               <emp>               <emp>               <emp>               <emp>               <emp>               <emp>               <emp>               <emp>               <emp>               <emp>              
Timings          : (269.742, 269.822)  (269.822, 270.212)  (270.212, 270.621)  (271.282, 271.392)  (271.392, 271.492)  (271.492, 271.832)  (271.832, 272.197)  (272.6, 272.722)    (272.722, 273.073)  (273.073, 273.224)  (273.224, 273.492)  (273.492, 273.682)  (273.682, 273.902)  (273.902, 274.231)  (274.42, 274.662)  
Token Types      : 0                   0                   0                   0                   0                   0                   0                   0                   0                   0                   0                   0                   0                   0                   0                  
turn_ids         : 0                   0                   0                   0                   0                   0                   0                   0                   0                   0                   0                   0                   0                   0                   0                  
turn_end_types   : 0                   0                   0                   0                   0                   0                   0                   0                   0                   0                   0                   0                   0                   0                   0                  
speaker_ids      : 0                   0                   0                   0                   0                   0                   0                   0                   0                   0                   0                   0                   0                   0                   0                  


A                : Ġslice              Ġnow                Ġflying             Ġin                 Ġyour               Ġface               Ġwas                Ġsomething          Ġyou                Ġhad                Ġto                 Ġthink              Ġabout              Ġso                 <yield>            
Timings          : (274.9, 275.482)    (275.482, 275.732)  (275.732, 276.232)  (276.232, 276.322)  (276.322, 276.432)  (276.432, 277.022)  (277.022, 277.302)  (277.302, 277.842)  (277.842, 277.932)  (277.932, 278.102)  (278.102, 278.216)  (278.216, 278.45)   (278.45, 279.28)    (279.793, 280.162)  (-1.0, -1.0)       
Token Types      : 4                   4                   4                   4                   4                   4                   4                   4                   4                   4                   4                   4                   4                   4                   4                  
turn_ids         : 79770427588650      79770427588650      79770427588650      79770427588650      79770427588650      79770427588650      79770427588650      79770427588650      79770427588650      79770427588650      79770427588650      79770427588650      79770427588650      79770427588650      79770427588650     
turn_end_types   : 2                   2                   2                   2                   2                   2                   2                   2                   2                   2                   2                   2                   2                   2                   2                  
speaker_ids      : 1                   1                   1                   1                   1                   1                   1                   1                   1                   1                   1                   1                   1                   1                   1                  

B                : <emp>               <emp>               <emp>               <emp>               <emp>               <emp>               <emp>               <emp>               <emp>               <emp>               <emp>               <emp>               Ġright              Ġnow                Ġdid               
Timings          : (274.9, 275.482)    (275.482, 275.732)  (275.732, 276.232)  (276.232, 276.322)  (276.322, 276.432)  (276.432, 277.022)  (277.022, 277.302)  (277.302, 277.842)  (277.842, 277.932)  (277.932, 278.102)  (278.102, 278.216)  (278.216, 278.45)   (278.92, 279.453)   (279.898, 280.12)   (280.12, 280.27)   
Token Types      : 0                   0                   0                   0                   0                   0                   0                   0                   0                   0                   0                   0                   4                   4                   4                  
turn_ids         : 0                   0                   0                   0                   0                   0                   0                   0                   0                   0                   0                   0                   79770964459563      79770964459563      79770964459563     
turn_end_types   : 0                   0                   0                   0                   0                   0                   0                   0                   0                   0                   0                   0                   1                   1                   1                  
speaker_ids      : 0                   0                   0                   0                   0                   0                   0                   0                   0                   0                   0                   0                   2                   2                   2                  


A                : <emp>               <emp>               <emp>               <emp>               <emp>               <emp>               <emp>               Ġum                 Ġi                  'd                  Ġsay                Ġit                 's                  Ġabout              Ġan                
Timings          : (280.27, 280.38)    (280.38, 280.64)    (280.64, 280.723)   (280.817, 281.3)    (281.3, 281.68)     (281.68, 281.82)    (281.82, 282.182)   (282.332, 282.737)  (282.737, 282.838)  (282.838, 282.939)  (282.939, 283.272)  (283.272, 283.478)  (283.478, 283.682)  (283.682, 284.15)   (284.301, 284.413) 
Token Types      : 0                   0                   0                   0                   0                   0                   0                   1                   1                   1                   1                   1                   1                   1                   1                  
turn_ids         : 0                   0                   0                   0                   0                   0                   0                   79767206363180      79767206363180      79767206363180      79767206363180      79767206363180      79767206363180      79767206363180      79767206363180     
turn_end_types   : 0                   0                   0                   0                   0                   0                   0                   2                   2                   2                   2                   2                   2                   2                   2                  
speaker_ids      : 0                   0                   0                   0                   0                   0                   0                   1                   1                   1                   1                   1                   1                   1                   1                  

B                : Ġyou                Ġcut                Ġa                  Ġquarter            Ġwedge              Ġin                 Ġthis               <eot>               <emp>               <emp>               <emp>               <emp>               <emp>               <emp>               <emp>              
Timings          : (280.27, 280.38)    (280.38, 280.64)    (280.64, 280.723)   (280.817, 281.3)    (281.3, 281.68)     (281.68, 281.82)    (281.82, 282.182)   (-1.0, -1.0)        (282.737, 282.838)  (282.838, 282.939)  (282.939, 283.272)  (283.272, 283.478)  (283.478, 283.682)  (283.682, 284.15)   (284.301, 284.413) 
Token Types      : 4                   4                   4                   4                   4                   4                   4                   4                   0                   0                   0                   0                   0                   0                   0                  
turn_ids         : 79770964459563      79770964459563      79770964459563      79770964459563      79770964459563      79770964459563      79770964459563      79770964459563      0                   0                   0                   0                   0                   0                   0                  
turn_end_types   : 1                   1                   1                   1                   1                   1                   1                   1                   0                   0                   0                   0                   0                   0                   0                  
speaker_ids      : 2                   2                   2                   2                   2                   2                   2                   2                   0                   0                   0                   0                   0                   0                   0                  


A                : Ġeighth             Ġyou                Ġknow               Ġjust               <yield>             <emp>               <emp>               <emp>               <emp>               <emp>               <emp>               <emp>               <emp>               <emp>               <emp>              
Timings          : (284.413, 285.082)  (285.082, 285.182)  (285.182, 285.353)  (285.353, 285.582)  (-1.0, -1.0)        (285.721, 285.936)  (285.936, 286.151)  (286.151, 286.466)  (286.466, 286.781)  (286.781, 287.252)  (287.407, 287.571)  (287.571, 287.771)  (287.771, 287.971)  (287.971, 288.101)  (288.101, 288.386) 
Token Types      : 1                   1                   1                   1                   1                   0                   0                   0                   0                   0                   0                   0                   0                   0                   0                  
turn_ids         : 79767206363180      79767206363180      79767206363180      79767206363180      79767206363180      0                   0                   0                   0                   0                   0                   0                   0                   0                   0                  
turn_end_types   : 2                   2                   2                   2                   2                   0                   0                   0                   0                   0                   0                   0                   0                   0                   0                  
speaker_ids      : 1                   1                   1                   1                   1                   0                   0                   0                   0                   0                   0                   0                   0                   0                   0                  

B                : <emp>               <emp>               Ġwell               <emp>               Ġi                  Ġi                  'm                  Ġenvision           ing                 Ġum                 Ġa                  Ġwater              melon               Ġa                  Ġwater             
Timings          : (284.413, 285.082)  (285.082, 285.182)  (285.241, 285.467)  (285.353, 285.582)  (285.6, 285.721)    (285.721, 285.936)  (285.936, 286.151)  (286.151, 286.466)  (286.466, 286.781)  (286.781, 287.252)  (287.407, 287.571)  (287.571, 287.771)  (287.771, 287.971)  (287.971, 288.101)  (288.101, 288.386) 
Token Types      : 0                   0                   4                   4                   4                   4                   4                   4                   4                   4                   4                   4                   4                   4                   4                  
turn_ids         : 0                   0                   79770964459565      79770964459565      79770964459565      79770964459565      79770964459565      79770964459565      79770964459565      79770964459565      79770964459565      79770964459565      79770964459565      79770964459565      79770964459565     
turn_end_types   : 0                   0                   1                   1                   1                   1                   1                   1                   1                   1                   1                   1                   1                   1                   1                  
speaker_ids      : 0                   0                   2                   2                   2                   2                   2                   2                   2                   2                   2                   2                   2                   2                   2                  


A                : <emp>               <emp>               <emp>               <emp>               <emp>               <emp>               <emp>               <emp>               <emp>               <emp>               <emp>               <emp>               <emp>               <emp>               <emp>              
Timings          : (288.386, 288.671)  (288.671, 288.831)  (288.831, 288.901)  (288.901, 289.53)   (290.133, 290.373)  (290.373, 290.663)  (290.663, 290.853)  (290.853, 291.023)  (291.023, 291.093)  (291.093, 291.163)  (291.163, 291.423)  (291.423, 291.573)  (291.573, 291.743)  (291.743, 292.103)  (292.103, 292.533) 
Token Types      : 0                   0                   0                   0                   0                   0                   0                   0                   0                   0                   0                   0                   0                   0                   0                  
turn_ids         : 0                   0                   0                   0                   0                   0                   0                   0                   0                   0                   0                   0                   0                   0                   0                  
turn_end_types   : 0                   0                   0                   0                   0                   0                   0                   0                   0                   0                   0                   0                   0                   0                   0                  
speaker_ids      : 0                   0                   0                   0                   0                   0                   0                   0                   0                   0                   0                   0                   0                   0                   0                  

B                : melon               Ġlike               Ġa                  Ġlog                Ġand                Ġthen               Ġuh                 Ġwhat               Ġi                  've                 Ġseen               Ġof                 Ġthis               Ġkind               Ġbefore            
Timings          : (288.386, 288.671)  (288.671, 288.831)  (288.831, 288.901)  (288.901, 289.53)   (290.133, 290.373)  (290.373, 290.663)  (290.663, 290.853)  (290.853, 291.023)  (291.023, 291.093)  (291.093, 291.163)  (291.163, 291.423)  (291.423, 291.573)  (291.573, 291.743)  (291.743, 292.103)  (292.103, 292.533) 
Token Types      : 4                   4                   4                   4                   4                   4                   4                   4                   4                   4                   4                   4                   4                   4                   4                  
turn_ids         : 79770964459565      79770964459565      79770964459565      79770964459565      79770964459565      79770964459565      79770964459565      79770964459565      79770964459565      79770964459565      79770964459565      79770964459565      79770964459565      79770964459565      79770964459565     
turn_end_types   : 1                   1                   1                   1                   1                   1                   1                   1                   1                   1                   1                   1                   1                   1                   1                  
speaker_ids      : 2                   2                   2                   2                   2                   2                   2                   2                   2                   2                   2                   2                   2                   2                   2                  


A                : <emp>               <emp>               <emp>               <emp>               <emp>               <emp>               <emp>               <emp>               <emp>               <emp>               <emp>               <emp>               <emp>               <emp>               <emp>              
Timings          : (292.533, 292.985)  (293.414, 293.603)  (293.603, 293.961)  (293.961, 294.27)   (294.27, 294.627)   (295.312, 295.509)  (295.509, 296.083)  (296.083, 296.228)  (296.228, 296.373)  (296.373, 296.503)  (296.503, 296.638)  (296.638, 296.773)  (296.773, 296.933)  (296.933, 297.018)  (297.018, 297.103) 
Token Types      : 0                   0                   0                   0                   0                   0                   0                   0                   0                   0                   0                   0                   0                   0                   0                  
turn_ids         : 0                   0                   0                   0                   0                   0                   0                   0                   0                   0                   0                   0                   0                   0                   0                  
turn_end_types   : 0                   0                   0                   0                   0                   0                   0                   0                   0                   0                   0                   0                   0                   0                   0                  
speaker_ids      : 0                   0                   0                   0                   0                   0                   0                   0                   0                   0                   0                   0                   0                   0                   0                  

B                : Ġis                 Ġyou                Ġhave               Ġthe                Ġum                 Ġthe                Ġuh                 Ġit                 's                  Ġuh                 Ġyou                're                 Ġif                 Ġyou                're                
Timings          : (292.533, 292.985)  (293.414, 293.603)  (293.603, 293.961)  (293.961, 294.27)   (294.27, 294.627)   (295.312, 295.509)  (295.509, 296.083)  (296.083, 296.228)  (296.228, 296.373)  (296.373, 296.503)  (296.503, 296.638)  (296.638, 296.773)  (296.773, 296.933)  (296.933, 297.018)  (297.018, 297.103) 
Token Types      : 4                   4                   4                   4                   4                   4                   4                   4                   4                   4                   4                   4                   4                   4                   4                  
turn_ids         : 79770964459565      79770964459565      79770964459565      79770964459565      79770964459565      79770964459565      79770964459565      79770964459565      79770964459565      79770964459565      79770964459565      79770964459565      79770964459565      79770964459565      79770964459565     
turn_end_types   : 1                   1                   1                   1                   1                   1                   1                   1                   1                   1                   1                   1                   1                   1                   1                  
speaker_ids      : 2                   2                   2                   2                   2                   2                   2                   2                   2                   2                   2                   2                   2                   2                   2                  


A                : <emp>                           <emp>                           <emp>                           <emp>                           <emp>                           <emp>                           <emp>                           <emp>                           <emp>                          
Timings          : (297.103, 297.378)              (297.378, 297.559)              (297.559, 297.837)              (297.837, 298.101)              (298.101, 298.213)              (298.213, 298.373)              (298.373, 298.503)              (298.503, 298.833)              (-1.0, -1.0)                   
Token Types      : 0                               0                               0                               0                               0                               0                               0                               0                               0                              
turn_ids         : 0                               0                               0                               0                               0                               0                               0                               0                               0                              
turn_end_types   : 0                               0                               0                               0                               0                               0                               0                               0                               0                              
speaker_ids      : 0                               0                               0                               0                               0                               0                               0                               0                               0                              

B                : Ġlooking                        Ġat                             Ġadding                         Ġon                             Ġyou                            Ġhave                           Ġa                              Ġcomplete                       <eot>                          
Timings          : (297.103, 297.378)              (297.378, 297.559)              (297.559, 297.837)              (297.837, 298.101)              (298.101, 298.213)              (298.213, 298.373)              (298.373, 298.503)              (298.503, 298.833)              (-1.0, -1.0)                   
Token Types      : 4                               4                               4                               4                               4                               4                               4                               4                               4                              
turn_ids         : 79770964459565                  79770964459565                  79770964459565                  79770964459565                  79770964459565                  79770964459565                  79770964459565                  79770964459565                  79770964459565                 
turn_end_types   : 1                               1                               1                               1                               1                               1                               1                               1                               1                              
speaker_ids      : 2                               2                               2                               2                               2                               2                               2                               2                               2                              


