A                : ok                  ay                  Ġhow                Ġdo                 Ġyou                Ġget                Ġyour               Ġnews               Ġmostly             <eot>               <emp>               <emp>               <emp>               <emp>               <emp>              
Timings          : (0.278, 0.648)      (0.648, 1.018)      (1.425, 1.608)      (1.608, 1.678)      (1.678, 1.788)      (1.788, 1.948)      (1.948, 2.268)      (2.268, 2.418)      (2.418, 2.838)      (-1.0, -1.0)        (3.626, 3.965)      (3.965, 4.108)      (4.108, 4.318)      (4.318, 4.648)      (4.648, 4.708)     
Token Types      : 1                   1                   1                   1                   1                   1                   1                   1                   1                   1                   0                   0                   0                   0                   0                  
turn_ids         : 80059264139264      80059264139264      80059264139264      80059264139264      80059264139264      80059264139264      80059264139264      80059264139264      80059264139264      80059264139264      0                   0                   0                   0                   0                  
turn_end_types   : 1                   1                   1                   1                   1                   1                   1                   1                   1                   1                   0                   0                   0                   0                   0                  
speaker_ids      : 1                   1                   1                   1                   1                   1                   1                   1                   1                   1                   0                   0                   0                   0                   0                  

B                : <emp>               <emp>               <emp>               <emp>               <emp>               <emp>               <emp>               <emp>               <emp>               gener               ally                Ġi                  Ġget                Ġmost               Ġof                
Timings          : (0.278, 0.648)      (0.648, 1.018)      (1.425, 1.608)      (1.608, 1.678)      (1.678, 1.788)      (1.788, 1.948)      (1.948, 2.268)      (2.268, 2.418)      (2.418, 2.838)      (3.288, 3.626)      (3.626, 3.965)      (3.965, 4.108)      (4.108, 4.318)      (4.318, 4.648)      (4.648, 4.708)     
Token Types      : 0                   0                   0                   0                   0                   0                   0                   0                   0                   1                   1                   1                   1                   1                   1                  
turn_ids         : 0                   0                   0                   0                   0                   0                   0                   0                   0                   80059801010177      80059801010177      80059801010177      80059801010177      80059801010177      80059801010177     
turn_end_types   : 0                   0                   0                   0                   0                   0                   0                   0                   0                   2                   2                   2                   2                   2                   2                  
speaker_ids      : 0                   0                   0                   0                   0                   0                   0                   0                   0                   2                   2                   2                   2                   2                   2                  


A                : <emp>               <emp>               <emp>               <emp>               <emp>               <emp>               <emp>               <emp>               <emp>               <emp>               <emp>               <emp>               <emp>               <emp>               <emp>              
Timings          : (4.708, 4.878)      (4.878, 5.382)      (5.469, 5.928)      (5.928, 6.317)      (6.317, 6.418)      (6.418, 7.03)       (7.625, 7.748)      (7.748, 7.868)      (7.868, 8.656)      (8.656, 9.097)      (9.899, 10.068)     (10.068, 10.138)    (10.138, 10.208)    (10.208, 10.438)    (10.438, 10.848)   
Token Types      : 0                   0                   0                   0                   0                   0                   0                   0                   0                   0                   0                   0                   0                   0                   0                  
turn_ids         : 0                   0                   0                   0                   0                   0                   0                   0                   0                   0                   0                   0                   0                   0                   0                  
turn_end_types   : 0                   0                   0                   0                   0                   0                   0                   0                   0                   0                   0                   0                   0                   0                   0                  
speaker_ids      : 0                   0                   0                   0                   0                   0                   0                   0                   0                   0                   0                   0                   0                   0                   0                  

B                : Ġmy                 Ġnews               Ġfrom               Ġuh                 Ġthe                Ġradio              Ġand                Ġthen               Ġsometimes          Ġum                 Ġif                 Ġi                  've                 Ġgot                Ġtime              
Timings          : (4.708, 4.878)      (4.878, 5.382)      (5.469, 5.928)      (5.928, 6.317)      (6.317, 6.418)      (6.418, 7.03)       (7.625, 7.748)      (7.748, 7.868)      (7.868, 8.656)      (8.656, 9.097)      (9.899, 10.068)     (10.068, 10.138)    (10.138, 10.208)    (10.208, 10.438)    (10.438, 10.848)   
Token Types      : 1                   1                   1                   1                   1                   1                   1                   1                   1                   1                   1                   1                   1                   1                   1                  
turn_ids         : 80059801010177      80059801010177      80059801010177      80059801010177      80059801010177      80059801010177      80059801010177      80059801010177      80059801010177      80059801010177      80059801010177      80059801010177      80059801010177      80059801010177      80059801010177     
turn_end_types   : 2                   2                   2                   2                   2                   2                   2                   2                   2                   2                   2                   2                   2                   2                   2                  
speaker_ids      : 2                   2                   2                   2                   2                   2                   2                   2                   2                   2                   2                   2                   2                   2                   2                  


A                : <emp>               <emp>               <emp>               <emp>               <emp>               <emp>               <emp>               <emp>               <emp>               <emp>               um                  hum                 Ġum                 hum                 Ġum                
Timings          : (10.848, 10.898)    (10.898, 10.948)    (10.948, 11.068)    (11.068, 11.318)    (11.318, 11.378)    (11.378, 11.638)    (11.638, 11.878)    (11.878, 11.938)    (11.938, 12.018)    (12.018, 12.731)    (12.704, 13.014)    (13.014, 13.325)    (13.325, 13.495)    (13.495, 13.665)    (13.665, 13.819)   
Token Types      : 0                   0                   0                   0                   0                   0                   0                   0                   0                   0                   5                   5                   5                   5                   5                  
turn_ids         : 0                   0                   0                   0                   0                   0                   0                   0                   0                   0                   80063559106561      80063559106561      80063559106561      80063559106561      80063559106561     
turn_end_types   : 0                   0                   0                   0                   0                   0                   0                   0                   0                   0                   0                   0                   0                   0                   0                  
speaker_ids      : 0                   0                   0                   0                   0                   0                   0                   0                   0                   0                   1                   1                   1                   1                   1                  

B                : Ġi                  'll                 Ġbe                 Ġreading            Ġthe                Ġfront              Ġpage               Ġof                 Ġthe                Ġnewspaper          <emp>               Ġand                Ġjust               Ġfall               <emp>              
Timings          : (10.848, 10.898)    (10.898, 10.948)    (10.948, 11.068)    (11.068, 11.318)    (11.318, 11.378)    (11.378, 11.638)    (11.638, 11.878)    (11.878, 11.938)    (11.938, 12.018)    (12.018, 12.731)    (12.704, 13.014)    (13.224, 13.388)    (13.388, 13.578)    (13.578, 13.798)    (13.665, 13.819)   
Token Types      : 1                   1                   1                   1                   1                   1                   1                   1                   1                   1                   1                   1                   1                   1                   1                  
turn_ids         : 80059801010177      80059801010177      80059801010177      80059801010177      80059801010177      80059801010177      80059801010177      80059801010177      80059801010177      80059801010177      80059801010177      80059801010177      80059801010177      80059801010177      80059801010177     
turn_end_types   : 2                   2                   2                   2                   2                   2                   2                   2                   2                   2                   2                   2                   2                   2                   2                  
speaker_ids      : 2                   2                   2                   2                   2                   2                   2                   2                   2                   2                   2                   2                   2                   2                   2                  


A                : hum                 <eint>              <emp>               <emp>               <emp>               <emp>               <emp>               um                  hum                 <ebc>               <emp>               <emp>               <emp>               <emp>               <emp>              
Timings          : (13.819, 13.973)    (-1.0, -1.0)        (14.1, 14.208)      (14.208, 14.608)    (14.608, 14.718)    (14.718, 14.847)    (14.847, 15.379)    (15.488, 15.743)    (15.743, 15.998)    (-1.0, -1.0)        (16.363, 17.11)     (17.11, 17.333)     (17.333, 17.433)    (17.433, 17.753)    (17.753, 17.973)   
Token Types      : 5                   5                   0                   0                   0                   0                   0                   3                   3                   3                   0                   0                   0                   0                   0                  
turn_ids         : 80063559106561      80063559106561      0                   0                   0                   0                   0                   80061411622913      80061411622913      80061411622913      0                   0                   0                   0                   0                  
turn_end_types   : 0                   0                   0                   0                   0                   0                   0                   0                   0                   0                   0                   0                   0                   0                   0                  
speaker_ids      : 1                   1                   0                   0                   0                   0                   0                   1                   1                   1                   0                   0                   0                   0                   0                  

B                : Ġoff                Ġon                 Ġthe                Ġarticles           Ġthat               Ġi                  Ġlike               <emp>               <emp>               Ġum                 Ġalso               Ġsince              Ġmy                 Ġwife               Ġlikes             
Timings          : (13.798, 13.953)    (13.953, 14.1)      (14.1, 14.208)      (14.208, 14.608)    (14.608, 14.718)    (14.718, 14.847)    (14.847, 15.379)    (15.488, 15.743)    (15.743, 15.998)    (16.013, 16.363)    (16.363, 17.11)     (17.11, 17.333)     (17.333, 17.433)    (17.433, 17.753)    (17.753, 17.973)   
Token Types      : 1                   1                   1                   1                   1                   1                   1                   1                   1                   1                   1                   1                   1                   1                   1                  
turn_ids         : 80059801010177      80059801010177      80059801010177      80059801010177      80059801010177      80059801010177      80059801010177      80059801010177      80059801010177      80059801010177      80059801010177      80059801010177      80059801010177      80059801010177      80059801010177     
turn_end_types   : 2                   2                   2                   2                   2                   2                   2                   2                   2                   2                   2                   2                   2                   2                   2                  
speaker_ids      : 2                   2                   2                   2                   2                   2                   2                   2                   2                   2                   2                   2                   2                   2                   2                  


A                : <emp>               <emp>               <emp>               <emp>               <emp>               <emp>               <emp>               <emp>               <emp>               <emp>               <emp>               <emp>               <emp>               <emp>               <emp>              
Timings          : (17.973, 18.113)    (18.113, 18.353)    (18.353, 18.863)    (18.863, 19.495)    (19.691, 20.13)     (20.663, 20.867)    (21.205, 21.673)    (21.673, 21.833)    (21.833, 22.063)    (22.063, 22.373)    (22.373, 22.583)    (22.583, 22.673)    (22.673, 23.008)    (23.008, 23.195)    (23.771, 23.824)   
Token Types      : 0                   0                   0                   0                   0                   0                   0                   0                   0                   0                   0                   0                   0                   0                   0                  
turn_ids         : 0                   0                   0                   0                   0                   0                   0                   0                   0                   0                   0                   0                   0                   0                   0                  
turn_end_types   : 0                   0                   0                   0                   0                   0                   0                   0                   0                   0                   0                   0                   0                   0                   0                  
speaker_ids      : 0                   0                   0                   0                   0                   0                   0                   0                   0                   0                   0                   0                   0                   0                   0                  

B                : Ġto                 Ġwatch              Ġtv                 Ġsometimes          Ġuh                 Ġjust               Ġhaving             Ġbeing              Ġjust               Ġbeing              Ġthere              Ġi                  Ġget                Ġuh                 Ġyou               
Timings          : (17.973, 18.113)    (18.113, 18.353)    (18.353, 18.863)    (18.863, 19.495)    (19.691, 20.13)     (20.663, 20.867)    (21.205, 21.673)    (21.673, 21.833)    (21.833, 22.063)    (22.063, 22.373)    (22.373, 22.583)    (22.583, 22.673)    (22.673, 23.008)    (23.008, 23.195)    (23.771, 23.824)   
Token Types      : 1                   1                   1                   1                   1                   1                   1                   1                   1                   1                   1                   1                   1                   1                   1                  
turn_ids         : 80059801010177      80059801010177      80059801010177      80059801010177      80059801010177      80059801010177      80059801010177      80059801010177      80059801010177      80059801010177      80059801010177      80059801010177      80059801010177      80059801010177      80059801010177     
turn_end_types   : 2                   2                   2                   2                   2                   2                   2                   2                   2                   2                   2                   2                   2                   2                   2                  
speaker_ids      : 2                   2                   2                   2                   2                   2                   2                   2                   2                   2                   2                   2                   2                   2                   2                  


A                : <emp>               <emp>               <emp>               <emp>               <emp>               <emp>               <emp>               <emp>               <emp>               <emp>               Ġum                 hum                 <emp>               Ġum                 hum                
Timings          : (23.824, 23.883)    (23.883, 23.933)    (23.933, 24.043)    (24.043, 24.173)    (24.173, 24.423)    (24.423, 24.483)    (24.483, 24.773)    (24.773, 24.963)    (24.963, 25.053)    (25.053, 25.403)    (25.589, 25.859)    (25.859, 26.128)    (26.093, 26.593)    (26.815, 27.083)    (27.083, 27.352)   
Token Types      : 0                   0                   0                   0                   0                   0                   0                   0                   0                   0                   4                   4                   4                   4                   4                  
turn_ids         : 0                   0                   0                   0                   0                   0                   0                   0                   0                   0                   80062485364738      80062485364738      80062485364738      80062485364738      80062485364738     
turn_end_types   : 0                   0                   0                   0                   0                   0                   0                   0                   0                   0                   1                   1                   1                   1                   1                  
speaker_ids      : 0                   0                   0                   0                   0                   0                   0                   0                   0                   0                   1                   1                   1                   1                   1                  

B                : Ġknow               Ġi                  Ġhave               Ġto                 Ġwatch              Ġthe                Ġnews               Ġlate               Ġat                 Ġnight              <emp>               Ġwith               Ġtv                 <yield>             how                
Timings          : (23.824, 23.883)    (23.883, 23.933)    (23.933, 24.043)    (24.043, 24.173)    (24.173, 24.423)    (24.423, 24.483)    (24.483, 24.773)    (24.773, 24.963)    (24.963, 25.053)    (25.053, 25.403)    (25.589, 25.859)    (25.983, 26.093)    (26.093, 26.593)    (-1.0, -1.0)        (27.207, 27.283)   
Token Types      : 1                   1                   1                   1                   1                   1                   1                   1                   1                   1                   1                   1                   1                   1                   5                  
turn_ids         : 80059801010177      80059801010177      80059801010177      80059801010177      80059801010177      80059801010177      80059801010177      80059801010177      80059801010177      80059801010177      80059801010177      80059801010177      80059801010177      80059801010177      80064095977473     
turn_end_types   : 2                   2                   2                   2                   2                   2                   2                   2                   2                   2                   2                   2                   2                   2                   0                  
speaker_ids      : 2                   2                   2                   2                   2                   2                   2                   2                   2                   2                   2                   2                   2                   2                   2                  


A                : <emp>               <emp>               Ġwell               Ġi                  Ġcan                Ġhardly             Ġwait               Ġfor                Ġmy                 Ġmorning            Ġpaper              Ġto                 Ġcome               <emp>               <emp>              
Timings          : (27.283, 27.483)    (27.483, 27.773)    (28.302, 28.732)    (28.936, 29.108)    (29.108, 29.232)    (29.232, 29.462)    (29.462, 29.662)    (29.662, 29.772)    (29.772, 29.912)    (29.912, 30.202)    (30.202, 30.512)    (30.512, 30.619)    (30.619, 30.998)    (31.135, 31.355)    (31.355, 31.575)   
Token Types      : 4                   4                   4                   4                   4                   4                   4                   4                   4                   4                   4                   4                   4                   4                   4                  
turn_ids         : 80062485364738      80062485364738      80062485364738      80062485364738      80062485364738      80062485364738      80062485364738      80062485364738      80062485364738      80062485364738      80062485364738      80062485364738      80062485364738      80062485364738      80062485364738     
turn_end_types   : 1                   1                   1                   1                   1                   1                   1                   1                   1                   1                   1                   1                   1                   1                   1                  
speaker_ids      : 1                   1                   1                   1                   1                   1                   1                   1                   1                   1                   1                   1                   1                   1                   1                  

B                : Ġabout              Ġyou                <eint>              <emp>               <emp>               <emp>               <emp>               <emp>               <emp>               <emp>               <emp>               <emp>               <emp>               um                  hum                
Timings          : (27.283, 27.483)    (27.483, 27.773)    (-1.0, -1.0)        (28.936, 29.108)    (29.108, 29.232)    (29.232, 29.462)    (29.462, 29.662)    (29.662, 29.772)    (29.772, 29.912)    (29.912, 30.202)    (30.202, 30.512)    (30.512, 30.619)    (30.619, 30.998)    (31.135, 31.355)    (31.355, 31.575)   
Token Types      : 5                   5                   5                   0                   0                   0                   0                   0                   0                   0                   0                   0                   0                   3                   3                  
turn_ids         : 80064095977473      80064095977473      80064095977473      0                   0                   0                   0                   0                   0                   0                   0                   0                   0                   80061948493825      80061948493825     
turn_end_types   : 0                   0                   0                   0                   0                   0                   0                   0                   0                   0                   0                   0                   0                   0                   0                  
speaker_ids      : 2                   2                   2                   0                   0                   0                   0                   0                   0                   0                   0                   0                   0                   2                   2                  


A                : Ġso                 Ġthat               's                  Ġthe                Ġfirst              Ġthing              Ġi                  Ġwant               Ġis                 Ġthe                Ġheadlines          Ġit                 's                  Ġreally             Ġfunny             
Timings          : (31.555, 31.685)    (31.685, 31.785)    (31.785, 31.885)    (31.885, 31.945)    (31.945, 32.205)    (32.205, 32.385)    (32.385, 32.475)    (32.475, 32.735)    (32.735, 32.875)    (32.875, 32.965)    (32.965, 33.701)    (34.337, 34.42)     (34.42, 34.503)     (34.503, 34.703)    (34.703, 34.963)   
Token Types      : 4                   4                   4                   4                   4                   4                   4                   4                   4                   4                   4                   4                   4                   4                   4                  
turn_ids         : 80062485364738      80062485364738      80062485364738      80062485364738      80062485364738      80062485364738      80062485364738      80062485364738      80062485364738      80062485364738      80062485364738      80062485364738      80062485364738      80062485364738      80062485364738     
turn_end_types   : 1                   1                   1                   1                   1                   1                   1                   1                   1                   1                   1                   1                   1                   1                   1                  
speaker_ids      : 1                   1                   1                   1                   1                   1                   1                   1                   1                   1                   1                   1                   1                   1                   1                  

B                : <ebc>               <emp>               <emp>               <emp>               <emp>               <emp>               <emp>               <emp>               <emp>               <emp>               <emp>               <emp>               <emp>               <emp>               <emp>              
Timings          : (-1.0, -1.0)        (31.685, 31.785)    (31.785, 31.885)    (31.885, 31.945)    (31.945, 32.205)    (32.205, 32.385)    (32.385, 32.475)    (32.475, 32.735)    (32.735, 32.875)    (32.875, 32.965)    (32.965, 33.701)    (34.337, 34.42)     (34.42, 34.503)     (34.503, 34.703)    (34.703, 34.963)   
Token Types      : 3                   0                   0                   0                   0                   0                   0                   0                   0                   0                   0                   0                   0                   0                   0                  
turn_ids         : 80061948493825      0                   0                   0                   0                   0                   0                   0                   0                   0                   0                   0                   0                   0                   0                  
turn_end_types   : 0                   0                   0                   0                   0                   0                   0                   0                   0                   0                   0                   0                   0                   0                   0                  
speaker_ids      : 2                   0                   0                   0                   0                   0                   0                   0                   0                   0                   0                   0                   0                   0                   0                  


A                : Ġbecause            Ġum                 Ġuh                 Ġmy                 Ġsister             Ġgrabs              Ġthe                Ġsports             Ġand                Ġi                  Ġgrab               Ġthe                Ġheadlines          <emp>               <emp>              
Timings          : (34.963, 35.173)    (35.173, 35.422)    (35.422, 35.623)    (35.623, 35.813)    (35.813, 36.163)    (36.163, 36.503)    (36.503, 36.573)    (36.573, 37.063)    (37.063, 37.223)    (37.223, 37.293)    (37.293, 37.563)    (37.563, 37.643)    (37.643, 38.264)    (38.268, 38.452)    (38.452, 38.636)   
Token Types      : 4                   4                   4                   4                   4                   4                   4                   4                   4                   4                   4                   4                   4                   4                   4                  
turn_ids         : 80062485364738      80062485364738      80062485364738      80062485364738      80062485364738      80062485364738      80062485364738      80062485364738      80062485364738      80062485364738      80062485364738      80062485364738      80062485364738      80062485364738      80062485364738     
turn_end_types   : 1                   1                   1                   1                   1                   1                   1                   1                   1                   1                   1                   1                   1                   1                   1                  
speaker_ids      : 1                   1                   1                   1                   1                   1                   1                   1                   1                   1                   1                   1                   1                   1                   1                  

B                : <emp>               <emp>               <emp>               <emp>               <emp>               <emp>               <emp>               <emp>               <emp>               <emp>               <emp>               <emp>               <emp>               Ġu                  hh                 
Timings          : (34.963, 35.173)    (35.173, 35.422)    (35.422, 35.623)    (35.623, 35.813)    (35.813, 36.163)    (36.163, 36.503)    (36.503, 36.573)    (36.573, 37.063)    (37.063, 37.223)    (37.223, 37.293)    (37.293, 37.563)    (37.563, 37.643)    (37.643, 38.264)    (38.268, 38.452)    (38.452, 38.636)   
Token Types      : 0                   0                   0                   0                   0                   0                   0                   0                   0                   0                   0                   0                   0                   3                   3                  
turn_ids         : 0                   0                   0                   0                   0                   0                   0                   0                   0                   0                   0                   0                   0                   80061948493826      80061948493826     
turn_end_types   : 0                   0                   0                   0                   0                   0                   0                   0                   0                   0                   0                   0                   0                   0                   0                  
speaker_ids      : 0                   0                   0                   0                   0                   0                   0                   0                   0                   0                   0                   0                   0                   2                   2                  


A                : <emp>               Ġbut                Ġuh                 Ġand                Ġthen               Ġwhen               Ġfive               Ġo                  '                   clock               Ġcomes              Ġaround             Ġi                  Ġjust               Ġwanna             
Timings          : (38.636, 38.819)    (40.235, 40.545)    (40.545, 40.795)    (40.795, 41.025)    (41.025, 41.322)    (41.608, 41.905)    (41.905, 42.145)    (42.145, 42.255)    (42.255, 42.365)    (42.365, 42.475)    (42.475, 42.755)    (42.755, 43.285)    (43.285, 43.475)    (43.475, 43.793)    (44.001, 44.285)   
Token Types      : 4                   4                   4                   4                   4                   4                   4                   4                   4                   4                   4                   4                   4                   4                   4                  
turn_ids         : 80062485364738      80062485364738      80062485364738      80062485364738      80062485364738      80062485364738      80062485364738      80062485364738      80062485364738      80062485364738      80062485364738      80062485364738      80062485364738      80062485364738      80062485364738     
turn_end_types   : 1                   1                   1                   1                   1                   1                   1                   1                   1                   1                   1                   1                   1                   1                   1                  
speaker_ids      : 1                   1                   1                   1                   1                   1                   1                   1                   1                   1                   1                   1                   1                   1                   1                  

B                : uh                  <ebc>               <emp>               <emp>               <emp>               <emp>               <emp>               <emp>               <emp>               <emp>               <emp>               <emp>               <emp>               <emp>               <emp>              
Timings          : (38.636, 38.819)    (-1.0, -1.0)        (40.545, 40.795)    (40.795, 41.025)    (41.025, 41.322)    (41.608, 41.905)    (41.905, 42.145)    (42.145, 42.255)    (42.255, 42.365)    (42.365, 42.475)    (42.475, 42.755)    (42.755, 43.285)    (43.285, 43.475)    (43.475, 43.793)    (44.001, 44.285)   
Token Types      : 3                   3                   0                   0                   0                   0                   0                   0                   0                   0                   0                   0                   0                   0                   0                  
turn_ids         : 80061948493826      80061948493826      0                   0                   0                   0                   0                   0                   0                   0                   0                   0                   0                   0                   0                  
turn_end_types   : 0                   0                   0                   0                   0                   0                   0                   0                   0                   0                   0                   0                   0                   0                   0                  
speaker_ids      : 2                   2                   0                   0                   0                   0                   0                   0                   0                   0                   0                   0                   0                   0                   0                  


A                : Ġget                Ġin                 Ġthe                Ġhouse              Ġand                Ġturn               Ġthe                Ġtv                 Ġon                 Ġto                 Ġwatch              Ġthe                Ġnews               <eot>               <emp>              
Timings          : (44.285, 44.435)    (44.435, 44.555)    (44.555, 44.655)    (44.655, 44.965)    (44.965, 45.065)    (45.065, 45.205)    (45.205, 45.265)    (45.265, 45.775)    (45.775, 45.895)    (45.895, 45.995)    (45.995, 46.265)    (46.265, 46.375)    (46.375, 46.959)    (-1.0, -1.0)        (47.203, 47.417)   
Token Types      : 4                   4                   4                   4                   4                   4                   4                   4                   4                   4                   4                   4                   4                   4                   0                  
turn_ids         : 80062485364738      80062485364738      80062485364738      80062485364738      80062485364738      80062485364738      80062485364738      80062485364738      80062485364738      80062485364738      80062485364738      80062485364738      80062485364738      80062485364738      0                  
turn_end_types   : 1                   1                   1                   1                   1                   1                   1                   1                   1                   1                   1                   1                   1                   1                   0                  
speaker_ids      : 1                   1                   1                   1                   1                   1                   1                   1                   1                   1                   1                   1                   1                   1                   0                  

B                : <emp>               <emp>               <emp>               <emp>               <emp>               <emp>               <emp>               <emp>               <emp>               <emp>               <emp>               <emp>               <emp>               Ġh                  m                  
Timings          : (44.285, 44.435)    (44.435, 44.555)    (44.555, 44.655)    (44.655, 44.965)    (44.965, 45.065)    (45.065, 45.205)    (45.205, 45.265)    (45.265, 45.775)    (45.775, 45.895)    (45.895, 45.995)    (45.995, 46.265)    (46.265, 46.375)    (46.375, 46.959)    (46.989, 47.203)    (47.203, 47.417)   
Token Types      : 0                   0                   0                   0                   0                   0                   0                   0                   0                   0                   0                   0                   0                   1                   1                  
turn_ids         : 0                   0                   0                   0                   0                   0                   0                   0                   0                   0                   0                   0                   0                   80059801010179      80059801010179     
turn_end_types   : 0                   0                   0                   0                   0                   0                   0                   0                   0                   0                   0                   0                   0                   1                   1                  
speaker_ids      : 0                   0                   0                   0                   0                   0                   0                   0                   0                   0                   0                   0                   0                   2                   2                  


A                : Ġit                 's                  Ġreally             Ġweird              Ġuh                 Ġi                  Ġdon                't                  Ġstay               Ġup                 Ġlate               Ġto                 Ġwatch              Ġlate               Ġnews              
Timings          : (47.646, 47.776)    (47.776, 47.905)    (47.905, 48.125)    (48.125, 48.665)    (48.665, 49.238)    (49.498, 49.634)    (49.634, 49.695)    (49.695, 49.756)    (49.756, 49.916)    (49.916, 50.046)    (50.046, 50.285)    (50.285, 50.386)    (50.386, 50.725)    (50.725, 50.986)    (50.986, 51.276)   
Token Types      : 1                   1                   1                   1                   1                   1                   1                   1                   1                   1                   1                   1                   1                   1                   1                  
turn_ids         : 80059264139268      80059264139268      80059264139268      80059264139268      80059264139268      80059264139268      80059264139268      80059264139268      80059264139268      80059264139268      80059264139268      80059264139268      80059264139268      80059264139268      80059264139268     
turn_end_types   : 1                   1                   1                   1                   1                   1                   1                   1                   1                   1                   1                   1                   1                   1                   1                  
speaker_ids      : 1                   1                   1                   1                   1                   1                   1                   1                   1                   1                   1                   1                   1                   1                   1                  

B                : <eot>               <emp>               <emp>               <emp>               <emp>               <emp>               <emp>               <emp>               <emp>               <emp>               <emp>               <emp>               <emp>               <emp>               <emp>              
Timings          : (-1.0, -1.0)        (47.776, 47.905)    (47.905, 48.125)    (48.125, 48.665)    (48.665, 49.238)    (49.498, 49.634)    (49.634, 49.695)    (49.695, 49.756)    (49.756, 49.916)    (49.916, 50.046)    (50.046, 50.285)    (50.285, 50.386)    (50.386, 50.725)    (50.725, 50.986)    (50.986, 51.276)   
Token Types      : 1                   0                   0                   0                   0                   0                   0                   0                   0                   0                   0                   0                   0                   0                   0                  
turn_ids         : 80059801010179      0                   0                   0                   0                   0                   0                   0                   0                   0                   0                   0                   0                   0                   0                  
turn_end_types   : 1                   0                   0                   0                   0                   0                   0                   0                   0                   0                   0                   0                   0                   0                   0                  
speaker_ids      : 2                   0                   0                   0                   0                   0                   0                   0                   0                   0                   0                   0                   0                   0                   0                  


A                : Ġbecause            Ġmy                 Ġeyes               Ġwon                't                  Ġstay               Ġup                 Ġthat               Ġlong               Ġbut                Ġum                 Ġi                  Ġlove               Ġto                 Ġwatch             
Timings          : (51.276, 51.495)    (51.495, 51.675)    (51.675, 51.925)    (51.925, 52.021)    (52.021, 52.116)    (52.116, 52.335)    (52.335, 52.465)    (52.465, 52.666)    (52.925, 53.296)    (54.16, 54.469)     (54.469, 54.801)    (55.23, 55.379)     (55.379, 55.579)    (55.579, 55.679)    (55.679, 55.909)   
Token Types      : 1                   1                   1                   1                   1                   1                   1                   1                   1                   1                   1                   1                   1                   1                   1                  
turn_ids         : 80059264139268      80059264139268      80059264139268      80059264139268      80059264139268      80059264139268      80059264139268      80059264139268      80059264139268      80059264139268      80059264139268      80059264139268      80059264139268      80059264139268      80059264139268     
turn_end_types   : 1                   1                   1                   1                   1                   1                   1                   1                   1                   1                   1                   1                   1                   1                   1                  
speaker_ids      : 1                   1                   1                   1                   1                   1                   1                   1                   1                   1                   1                   1                   1                   1                   1                  

B                : <emp>               <emp>               <emp>               <emp>               <emp>               <emp>               <emp>               <emp>               <emp>               <emp>               <emp>               <emp>               <emp>               <emp>               <emp>              
Timings          : (51.276, 51.495)    (51.495, 51.675)    (51.675, 51.925)    (51.925, 52.021)    (52.021, 52.116)    (52.116, 52.335)    (52.335, 52.465)    (52.465, 52.666)    (52.925, 53.296)    (54.16, 54.469)     (54.469, 54.801)    (55.23, 55.379)     (55.379, 55.579)    (55.579, 55.679)    (55.679, 55.909)   
Token Types      : 0                   0                   0                   0                   0                   0                   0                   0                   0                   0                   0                   0                   0                   0                   0                  
turn_ids         : 0                   0                   0                   0                   0                   0                   0                   0                   0                   0                   0                   0                   0                   0                   0                  
turn_end_types   : 0                   0                   0                   0                   0                   0                   0                   0                   0                   0                   0                   0                   0                   0                   0                  
speaker_ids      : 0                   0                   0                   0                   0                   0                   0                   0                   0                   0                   0                   0                   0                   0                   0                  


A                : Ġthe                Ġfive               Ġo                  '                   clock               Ġnews               Ġand                Ġi                  Ġmakes              Ġme                 Ġangry              Ġwhen               Ġmy                 Ġpaper              Ġboy               
Timings          : (55.909, 55.989)    (55.989, 56.219)    (56.219, 56.349)    (56.349, 56.479)    (56.479, 56.609)    (56.609, 56.995)    (56.995, 57.086)    (57.086, 57.312)    (57.79, 58.068)     (58.068, 58.241)    (58.241, 58.619)    (58.619, 58.789)    (58.789, 58.899)    (58.899, 59.229)    (59.229, 59.404)   
Token Types      : 1                   1                   1                   1                   1                   1                   1                   1                   1                   1                   1                   1                   1                   1                   1                  
turn_ids         : 80059264139268      80059264139268      80059264139268      80059264139268      80059264139268      80059264139268      80059264139268      80059264139268      80059264139268      80059264139268      80059264139268      80059264139268      80059264139268      80059264139268      80059264139268     
turn_end_types   : 1                   1                   1                   1                   1                   1                   1                   1                   1                   1                   1                   1                   1                   1                   1                  
speaker_ids      : 1                   1                   1                   1                   1                   1                   1                   1                   1                   1                   1                   1                   1                   1                   1                  

B                : <emp>               <emp>               <emp>               <emp>               <emp>               <emp>               <emp>               <emp>               <emp>               <emp>               <emp>               <emp>               <emp>               <emp>               <emp>              
Timings          : (55.909, 55.989)    (55.989, 56.219)    (56.219, 56.349)    (56.349, 56.479)    (56.479, 56.609)    (56.609, 56.995)    (56.995, 57.086)    (57.086, 57.312)    (57.79, 58.068)     (58.068, 58.241)    (58.241, 58.619)    (58.619, 58.789)    (58.789, 58.899)    (58.899, 59.229)    (59.229, 59.404)   
Token Types      : 0                   0                   0                   0                   0                   0                   0                   0                   0                   0                   0                   0                   0                   0                   0                  
turn_ids         : 0                   0                   0                   0                   0                   0                   0                   0                   0                   0                   0                   0                   0                   0                   0                  
turn_end_types   : 0                   0                   0                   0                   0                   0                   0                   0                   0                   0                   0                   0                   0                   0                   0                  
speaker_ids      : 0                   0                   0                   0                   0                   0                   0                   0                   0                   0                   0                   0                   0                   0                   0                  


A                : 's                  Ġnot                Ġthere              Ġon                 Ġtime               Ġso                 Ġi                  Ġcan                Ġread               Ġmy                 Ġpaper              <eot>               <emp>               Ġuh                 Ġi                 
Timings          : (59.404, 59.579)    (59.579, 59.789)    (59.789, 59.949)    (59.949, 60.119)    (60.119, 60.599)    (60.919, 61.109)    (61.109, 61.179)    (61.179, 61.36)     (61.36, 61.507)     (61.507, 61.785)    (61.785, 62.28)     (-1.0, -1.0)        (62.46, 62.631)     (64.008, 64.588)    (64.588, 64.668)   
Token Types      : 1                   1                   1                   1                   1                   1                   1                   1                   1                   1                   1                   1                   0                   1                   1                  
turn_ids         : 80059264139268      80059264139268      80059264139268      80059264139268      80059264139268      80059264139268      80059264139268      80059264139268      80059264139268      80059264139268      80059264139268      80059264139268      0                   80059264139270      80059264139270     
turn_end_types   : 1                   1                   1                   1                   1                   1                   1                   1                   1                   1                   1                   1                   0                   2                   2                  
speaker_ids      : 1                   1                   1                   1                   1                   1                   1                   1                   1                   1                   1                   1                   0                   1                   1                  

B                : <emp>               <emp>               <emp>               <emp>               <emp>               <emp>               <emp>               <emp>               <emp>               <emp>               <emp>               Ġh                  m                   <eot>               <emp>              
Timings          : (59.404, 59.579)    (59.579, 59.789)    (59.789, 59.949)    (59.949, 60.119)    (60.119, 60.599)    (60.919, 61.109)    (61.109, 61.179)    (61.179, 61.36)     (61.36, 61.507)     (61.507, 61.785)    (61.785, 62.28)     (62.29, 62.46)      (62.46, 62.631)     (-1.0, -1.0)        (64.588, 64.668)   
Token Types      : 0                   0                   0                   0                   0                   0                   0                   0                   0                   0                   0                   1                   1                   1                   0                  
turn_ids         : 0                   0                   0                   0                   0                   0                   0                   0                   0                   0                   0                   80059801010181      80059801010181      80059801010181      0                  
turn_end_types   : 0                   0                   0                   0                   0                   0                   0                   0                   0                   0                   0                   1                   1                   1                   0                  
speaker_ids      : 0                   0                   0                   0                   0                   0                   0                   0                   0                   0                   0                   2                   2                   2                   0                  


A                : Ġdo                 Ġhave               Ġmy                 Ġradio              Ġgoing              Ġmost               Ġof                 Ġthe                Ġday                Ġthough             Ġso                 Ġabout              Ġevery              Ġhour               Ġit                
Timings          : (64.668, 64.868)    (64.868, 65.018)    (65.018, 65.148)    (65.148, 65.508)    (65.508, 65.828)    (65.828, 66.098)    (66.098, 66.158)    (66.158, 66.248)    (66.248, 66.528)    (66.528, 66.768)    (66.768, 67.128)    (67.433, 67.818)    (67.818, 68.128)    (68.128, 68.368)    (68.368, 68.488)   
Token Types      : 1                   1                   1                   1                   1                   1                   1                   1                   1                   1                   1                   1                   1                   1                   1                  
turn_ids         : 80059264139270      80059264139270      80059264139270      80059264139270      80059264139270      80059264139270      80059264139270      80059264139270      80059264139270      80059264139270      80059264139270      80059264139270      80059264139270      80059264139270      80059264139270     
turn_end_types   : 2                   2                   2                   2                   2                   2                   2                   2                   2                   2                   2                   2                   2                   2                   2                  
speaker_ids      : 1                   1                   1                   1                   1                   1                   1                   1                   1                   1                   1                   1                   1                   1                   1                  

B                : <emp>               <emp>               <emp>               <emp>               <emp>               <emp>               <emp>               <emp>               <emp>               <emp>               <emp>               <emp>               <emp>               <emp>               <emp>              
Timings          : (64.668, 64.868)    (64.868, 65.018)    (65.018, 65.148)    (65.148, 65.508)    (65.508, 65.828)    (65.828, 66.098)    (66.098, 66.158)    (66.158, 66.248)    (66.248, 66.528)    (66.528, 66.768)    (66.768, 67.128)    (67.433, 67.818)    (67.818, 68.128)    (68.128, 68.368)    (68.368, 68.488)   
Token Types      : 0                   0                   0                   0                   0                   0                   0                   0                   0                   0                   0                   0                   0                   0                   0                  
turn_ids         : 0                   0                   0                   0                   0                   0                   0                   0                   0                   0                   0                   0                   0                   0                   0                  
turn_end_types   : 0                   0                   0                   0                   0                   0                   0                   0                   0                   0                   0                   0                   0                   0                   0                  
speaker_ids      : 0                   0                   0                   0                   0                   0                   0                   0                   0                   0                   0                   0                   0                   0                   0                  


A                : Ġbreaks             Ġin                 Ġand                Ġgives              Ġme                 Ġnews               Ġtoo                Ġyou                Ġknow               <emp>               <emp>               Ġbut                <yield>             <emp>               <emp>              
Timings          : (68.488, 68.848)    (68.848, 68.998)    (68.998, 69.138)    (69.138, 69.328)    (69.328, 69.468)    (69.468, 69.788)    (69.788, 70.118)    (70.118, 70.228)    (70.228, 70.472)    (70.586, 71.113)    (71.113, 71.233)    (71.274, 71.458)    (-1.0, -1.0)        (71.643, 71.903)    (71.903, 72.073)   
Token Types      : 1                   1                   1                   1                   1                   1                   1                   1                   1                   1                   1                   1                   1                   0                   0                  
turn_ids         : 80059264139270      80059264139270      80059264139270      80059264139270      80059264139270      80059264139270      80059264139270      80059264139270      80059264139270      80059264139270      80059264139270      80059264139270      80059264139270      0                   0                  
turn_end_types   : 2                   2                   2                   2                   2                   2                   2                   2                   2                   2                   2                   2                   2                   0                   0                  
speaker_ids      : 1                   1                   1                   1                   1                   1                   1                   1                   1                   1                   1                   1                   1                   0                   0                  

B                : <emp>               <emp>               <emp>               <emp>               <emp>               <emp>               <emp>               <emp>               <emp>               Ġokay               Ġdo                 Ġyou                Ġget                Ġwhat               Ġlike              
Timings          : (68.488, 68.848)    (68.848, 68.998)    (68.998, 69.138)    (69.138, 69.328)    (69.328, 69.468)    (69.468, 69.788)    (69.788, 70.118)    (70.118, 70.228)    (70.228, 70.472)    (70.586, 71.113)    (71.113, 71.233)    (71.233, 71.415)    (71.415, 71.643)    (71.643, 71.903)    (71.903, 72.073)   
Token Types      : 0                   0                   0                   0                   0                   0                   0                   0                   0                   4                   4                   4                   4                   4                   4                  
turn_ids         : 0                   0                   0                   0                   0                   0                   0                   0                   0                   80063022235655      80063022235655      80063022235655      80063022235655      80063022235655      80063022235655     
turn_end_types   : 0                   0                   0                   0                   0                   0                   0                   0                   0                   1                   1                   1                   1                   1                   1                  
speaker_ids      : 0                   0                   0                   0                   0                   0                   0                   0                   0                   2                   2                   2                   2                   2                   2                  


A                : <emp>               <emp>               <emp>               <emp>               <emp>               <emp>               <emp>               <emp>               Ġno                 Ġhuh                uh                  Ġjust               Ġi                  Ġjust               Ġhave              
Timings          : (72.073, 72.203)    (72.203, 72.303)    (72.303, 72.373)    (72.373, 72.563)    (72.563, 73.203)    (73.203, 73.263)    (73.263, 73.513)    (73.513, 74.141)    (74.312, 74.782)    (74.782, 74.962)    (74.962, 75.142)    (75.142, 75.402)    (75.402, 75.512)    (75.512, 75.742)    (75.742, 75.892)   
Token Types      : 0                   0                   0                   0                   0                   0                   0                   0                   1                   1                   1                   1                   1                   1                   1                  
turn_ids         : 0                   0                   0                   0                   0                   0                   0                   0                   80059264139272      80059264139272      80059264139272      80059264139272      80059264139272      80059264139272      80059264139272     
turn_end_types   : 0                   0                   0                   0                   0                   0                   0                   0                   1                   1                   1                   1                   1                   1                   1                  
speaker_ids      : 0                   0                   0                   0                   0                   0                   0                   0                   1                   1                   1                   1                   1                   1                   1                  

B                : Ġone                Ġof                 Ġthe                Ġtalk               Ġstations           Ġthe                Ġnews               Ġstations           <eot>               <emp>               <emp>               <emp>               <emp>               <emp>               <emp>              
Timings          : (72.073, 72.203)    (72.203, 72.303)    (72.303, 72.373)    (72.373, 72.563)    (72.563, 73.203)    (73.203, 73.263)    (73.263, 73.513)    (73.513, 74.141)    (-1.0, -1.0)        (74.782, 74.962)    (74.962, 75.142)    (75.142, 75.402)    (75.402, 75.512)    (75.512, 75.742)    (75.742, 75.892)   
Token Types      : 4                   4                   4                   4                   4                   4                   4                   4                   4                   0                   0                   0                   0                   0                   0                  
turn_ids         : 80063022235655      80063022235655      80063022235655      80063022235655      80063022235655      80063022235655      80063022235655      80063022235655      80063022235655      0                   0                   0                   0                   0                   0                  
turn_end_types   : 1                   1                   1                   1                   1                   1                   1                   1                   1                   0                   0                   0                   0                   0                   0                  
speaker_ids      : 2                   2                   2                   2                   2                   2                   2                   2                   2                   0                   0                   0                   0                   0                   0                  


A                : Ġa                  Ġchannel            Ġthat               Ġhas                Ġmusic              Ġexcept             Ġfor                Ġlike               Ġevery              Ġhour               Ġyou                Ġknow               Ġsay                Ġeight              Ġo                 
Timings          : (75.892, 75.962)    (75.962, 76.302)    (76.302, 76.412)    (76.412, 76.612)    (76.612, 77.062)    (77.062, 77.452)    (77.452, 77.859)    (78.07, 78.312)     (78.312, 78.572)    (78.572, 79.029)    (79.609, 79.762)    (79.762, 79.832)    (79.832, 80.092)    (80.092, 80.222)    (80.222, 80.326)   
Token Types      : 1                   1                   1                   1                   1                   1                   1                   1                   1                   1                   1                   1                   1                   1                   1                  
turn_ids         : 80059264139272      80059264139272      80059264139272      80059264139272      80059264139272      80059264139272      80059264139272      80059264139272      80059264139272      80059264139272      80059264139272      80059264139272      80059264139272      80059264139272      80059264139272     
turn_end_types   : 1                   1                   1                   1                   1                   1                   1                   1                   1                   1                   1                   1                   1                   1                   1                  
speaker_ids      : 1                   1                   1                   1                   1                   1                   1                   1                   1                   1                   1                   1                   1                   1                   1                  

B                : <emp>               <emp>               <emp>               <emp>               <emp>               <emp>               <emp>               <emp>               <emp>               <emp>               <emp>               <emp>               <emp>               <emp>               <emp>              
Timings          : (75.892, 75.962)    (75.962, 76.302)    (76.302, 76.412)    (76.412, 76.612)    (76.612, 77.062)    (77.062, 77.452)    (77.452, 77.859)    (78.07, 78.312)     (78.312, 78.572)    (78.572, 79.029)    (79.609, 79.762)    (79.762, 79.832)    (79.832, 80.092)    (80.092, 80.222)    (80.222, 80.326)   
Token Types      : 0                   0                   0                   0                   0                   0                   0                   0                   0                   0                   0                   0                   0                   0                   0                  
turn_ids         : 0                   0                   0                   0                   0                   0                   0                   0                   0                   0                   0                   0                   0                   0                   0                  
turn_end_types   : 0                   0                   0                   0                   0                   0                   0                   0                   0                   0                   0                   0                   0                   0                   0                  
speaker_ids      : 0                   0                   0                   0                   0                   0                   0                   0                   0                   0                   0                   0                   0                   0                   0                  


A                : '                   clock               Ġnine               Ġo                  '                   clock               Ġthey               Ġcome               Ġon                 Ġfor                Ġjust               Ġa                  Ġlittle             Ġbit                Ġof                
Timings          : (80.326, 80.429)    (80.429, 80.532)    (80.532, 80.692)    (80.692, 80.792)    (80.792, 80.892)    (80.892, 80.992)    (81.172, 81.282)    (81.282, 81.492)    (81.492, 81.632)    (81.632, 82.042)    (82.761, 82.972)    (82.972, 83.002)    (83.002, 83.212)    (83.212, 83.352)    (83.352, 83.452)   
Token Types      : 1                   1                   1                   1                   1                   1                   1                   1                   1                   1                   1                   1                   1                   1                   1                  
turn_ids         : 80059264139272      80059264139272      80059264139272      80059264139272      80059264139272      80059264139272      80059264139272      80059264139272      80059264139272      80059264139272      80059264139272      80059264139272      80059264139272      80059264139272      80059264139272     
turn_end_types   : 1                   1                   1                   1                   1                   1                   1                   1                   1                   1                   1                   1                   1                   1                   1                  
speaker_ids      : 1                   1                   1                   1                   1                   1                   1                   1                   1                   1                   1                   1                   1                   1                   1                  

B                : <emp>               <emp>               <emp>               Ġsure               <eint>              <emp>               <emp>               <emp>               <emp>               <emp>               <emp>               <emp>               <emp>               <emp>               <emp>              
Timings          : (80.326, 80.429)    (80.429, 80.532)    (80.532, 80.692)    (80.638, 80.979)    (-1.0, -1.0)        (80.892, 80.992)    (81.172, 81.282)    (81.282, 81.492)    (81.492, 81.632)    (81.632, 82.042)    (82.761, 82.972)    (82.972, 83.002)    (83.002, 83.212)    (83.212, 83.352)    (83.352, 83.452)   
Token Types      : 0                   0                   0                   5                   5                   0                   0                   0                   0                   0                   0                   0                   0                   0                   0                  
turn_ids         : 0                   0                   0                   80064095977479      80064095977479      0                   0                   0                   0                   0                   0                   0                   0                   0                   0                  
turn_end_types   : 0                   0                   0                   0                   0                   0                   0                   0                   0                   0                   0                   0                   0                   0                   0                  
speaker_ids      : 0                   0                   0                   2                   2                   0                   0                   0                   0                   0                   0                   0                   0                   0                   0                  


A                : Ġthe                Ġnews               <emp>               Ġbut                Ġas                 Ġfar                Ġas                 Ġthe                Ġactual             Ġnews               Ġi                  Ġget                Ġthat               Ġfrom               Ġfrom              
Timings          : (83.452, 83.552)    (83.552, 84.019)    (84.173, 84.611)    (84.963, 85.143)    (85.143, 85.273)    (85.273, 85.533)    (85.533, 85.763)    (85.763, 86.075)    (86.075, 86.523)    (86.523, 86.863)    (86.863, 86.963)    (86.963, 87.143)    (87.143, 87.333)    (87.333, 87.713)    (89.609, 89.859)   
Token Types      : 1                   1                   1                   1                   1                   1                   1                   1                   1                   1                   1                   1                   1                   1                   1                  
turn_ids         : 80059264139272      80059264139272      80059264139272      80059264139272      80059264139272      80059264139272      80059264139272      80059264139272      80059264139272      80059264139272      80059264139272      80059264139272      80059264139272      80059264139272      80059264139272     
turn_end_types   : 1                   1                   1                   1                   1                   1                   1                   1                   1                   1                   1                   1                   1                   1                   1                  
speaker_ids      : 1                   1                   1                   1                   1                   1                   1                   1                   1                   1                   1                   1                   1                   1                   1                  

B                : <emp>               <emp>               Ġright              <ebc>               <emp>               <emp>               <emp>               <emp>               <emp>               <emp>               <emp>               <emp>               <emp>               <emp>               <emp>              
Timings          : (83.452, 83.552)    (83.552, 84.019)    (84.173, 84.611)    (-1.0, -1.0)        (85.143, 85.273)    (85.273, 85.533)    (85.533, 85.763)    (85.763, 86.075)    (86.075, 86.523)    (86.523, 86.863)    (86.863, 86.963)    (86.963, 87.143)    (87.143, 87.333)    (87.333, 87.713)    (89.609, 89.859)   
Token Types      : 0                   0                   3                   3                   0                   0                   0                   0                   0                   0                   0                   0                   0                   0                   0                  
turn_ids         : 0                   0                   80061948493830      80061948493830      0                   0                   0                   0                   0                   0                   0                   0                   0                   0                   0                  
turn_end_types   : 0                   0                   0                   0                   0                   0                   0                   0                   0                   0                   0                   0                   0                   0                   0                  
speaker_ids      : 0                   0                   2                   2                   0                   0                   0                   0                   0                   0                   0                   0                   0                   0                   0                  


A                : Ġthe                Ġcan                Ġyou                Ġhold               Ġon                 Ġjust               Ġfor                Ġa                  Ġsecond             <emp>               Ġjust               Ġa                  Ġminute             Ġhello              Ġsir               
Timings          : (89.859, 90.092)    (90.868, 90.979)    (90.979, 91.039)    (91.039, 91.159)    (91.159, 91.289)    (91.289, 91.479)    (91.479, 91.559)    (91.559, 91.659)    (91.659, 91.969)    (92.228, 92.628)    (92.629, 92.799)    (92.799, 92.839)    (92.839, 92.989)    (131.51, 131.72)    (131.72, 131.932)  
Token Types      : 1                   1                   1                   1                   1                   1                   1                   1                   1                   1                   1                   1                   1                   1                   1                  
turn_ids         : 80059264139272      80059264139272      80059264139272      80059264139272      80059264139272      80059264139272      80059264139272      80059264139272      80059264139272      80059264139272      80059264139272      80059264139272      80059264139272      80059264139272      80059264139272     
turn_end_types   : 1                   1                   1                   1                   1                   1                   1                   1                   1                   1                   1                   1                   1                   1                   1                  
speaker_ids      : 1                   1                   1                   1                   1                   1                   1                   1                   1                   1                   1                   1                   1                   1                   1                  

B                : <emp>               <emp>               <emp>               <emp>               <emp>               <emp>               <emp>               <emp>               <emp>               Ġsure               <eint>              <emp>               <emp>               <emp>               <emp>              
Timings          : (89.859, 90.092)    (90.868, 90.979)    (90.979, 91.039)    (91.039, 91.159)    (91.159, 91.289)    (91.289, 91.479)    (91.479, 91.559)    (91.559, 91.659)    (91.659, 91.969)    (92.228, 92.628)    (-1.0, -1.0)        (92.799, 92.839)    (92.839, 92.989)    (131.51, 131.72)    (131.72, 131.932)  
Token Types      : 0                   0                   0                   0                   0                   0                   0                   0                   0                   5                   5                   0                   0                   0                   0                  
turn_ids         : 0                   0                   0                   0                   0                   0                   0                   0                   0                   80064095977481      80064095977481      0                   0                   0                   0                  
turn_end_types   : 0                   0                   0                   0                   0                   0                   0                   0                   0                   0                   0                   0                   0                   0                   0                  
speaker_ids      : 0                   0                   0                   0                   0                   0                   0                   0                   0                   2                   2                   0                   0                   0                   0                  


A                : <emp>               Ġyes                Ġi                  'm                  Ġsorry              Ġto                 Ġkeep               Ġyou                Ġwaiting            <emp>               Ġum                 Ġi                  Ġwas                Ġcalling            Ġfrom              
Timings          : (132.153, 132.383)  (132.51, 132.8)     (132.8, 132.862)    (132.862, 132.923)  (132.923, 133.2)    (133.2, 133.27)     (133.27, 133.43)    (133.43, 133.51)    (133.51, 133.98)    (133.794, 134.195)  (134.66, 135.176)   (136.137, 136.26)   (136.26, 136.4)     (136.4, 136.73)     (136.73, 136.97)   
Token Types      : 1                   1                   1                   1                   1                   1                   1                   1                   1                   1                   1                   1                   1                   1                   1                  
turn_ids         : 80059264139272      80059264139272      80059264139272      80059264139272      80059264139272      80059264139272      80059264139272      80059264139272      80059264139272      80059264139272      80059264139272      80059264139272      80059264139272      80059264139272      80059264139272     
turn_end_types   : 1                   1                   1                   1                   1                   1                   1                   1                   1                   1                   1                   1                   1                   1                   1                  
speaker_ids      : 1                   1                   1                   1                   1                   1                   1                   1                   1                   1                   1                   1                   1                   1                   1                  

B                : Ġyes                <eint>              <emp>               <emp>               <emp>               <emp>               <emp>               <emp>               <emp>               Ġokay               <eint>              <emp>               <emp>               <emp>               <emp>              
Timings          : (132.153, 132.383)  (-1.0, -1.0)        (132.8, 132.862)    (132.862, 132.923)  (132.923, 133.2)    (133.2, 133.27)     (133.27, 133.43)    (133.43, 133.51)    (133.51, 133.98)    (133.794, 134.195)  (-1.0, -1.0)        (136.137, 136.26)   (136.26, 136.4)     (136.4, 136.73)     (136.73, 136.97)   
Token Types      : 5                   5                   0                   0                   0                   0                   0                   0                   0                   5                   5                   0                   0                   0                   0                  
turn_ids         : 80064095977482      80064095977482      0                   0                   0                   0                   0                   0                   0                   80064095977483      80064095977483      0                   0                   0                   0                  
turn_end_types   : 0                   0                   0                   0                   0                   0                   0                   0                   0                   0                   0                   0                   0                   0                   0                  
speaker_ids      : 2                   2                   0                   0                   0                   0                   0                   0                   0                   2                   2                   0                   0                   0                   0                  


A                : Ġwork               Ġso                 Ġand                Ġthat               Ġwas                Ġa                  Ġcall               Ġwaiting            <eot>               <emp>               <emp>               <emp>               <emp>               <emp>               <emp>              
Timings          : (136.97, 137.27)    (137.27, 137.43)    (137.43, 137.54)    (137.54, 137.68)    (137.68, 137.87)    (137.87, 137.957)   (137.957, 138.25)   (138.25, 138.61)    (-1.0, -1.0)        (140.136, 140.35)   (140.35, 140.51)    (140.51, 140.88)    (140.88, 141.201)   (141.201, 141.281)  (141.281, 141.537) 
Token Types      : 1                   1                   1                   1                   1                   1                   1                   1                   1                   0                   0                   0                   0                   0                   0                  
turn_ids         : 80059264139272      80059264139272      80059264139272      80059264139272      80059264139272      80059264139272      80059264139272      80059264139272      80059264139272      0                   0                   0                   0                   0                   0                  
turn_end_types   : 1                   1                   1                   1                   1                   1                   1                   1                   1                   0                   0                   0                   0                   0                   0                  
speaker_ids      : 1                   1                   1                   1                   1                   1                   1                   1                   1                   0                   0                   0                   0                   0                   0                  

B                : <emp>               <emp>               <emp>               <emp>               <emp>               <emp>               <emp>               <emp>               Ġright              Ġsounds             Ġit                 Ġsounds             Ġlike               Ġyou                Ġuh                
Timings          : (136.97, 137.27)    (137.27, 137.43)    (137.43, 137.54)    (137.54, 137.68)    (137.68, 137.87)    (137.87, 137.957)   (137.957, 138.25)   (138.25, 138.61)    (139.098, 139.475)  (140.136, 140.35)   (140.35, 140.51)    (140.51, 140.88)    (140.88, 141.201)   (141.201, 141.281)  (141.281, 141.537) 
Token Types      : 0                   0                   0                   0                   0                   0                   0                   0                   1                   1                   1                   1                   1                   1                   1                  
turn_ids         : 0                   0                   0                   0                   0                   0                   0                   0                   80059801010185      80059801010185      80059801010185      80059801010185      80059801010185      80059801010185      80059801010185     
turn_end_types   : 0                   0                   0                   0                   0                   0                   0                   0                   2                   2                   2                   2                   2                   2                   2                  
speaker_ids      : 0                   0                   0                   0                   0                   0                   0                   0                   2                   2                   2                   2                   2                   2                   2                  


A                : <emp>               <emp>               <emp>               <emp>               <emp>               <emp>               <emp>               <emp>               <emp>               <emp>               <emp>               <emp>               <emp>               <emp>               <emp>              
Timings          : (141.615, 141.745)  (141.745, 141.955)  (141.955, 142.04)   (142.04, 142.281)   (142.281, 142.331)  (142.331, 142.57)   (142.57, 142.751)   (142.751, 142.951)  (142.951, 143.061)  (143.061, 143.39)   (143.993, 144.111)  (144.111, 144.18)   (144.18, 144.531)   (144.531, 144.6)    (144.6, 144.665)   
Token Types      : 0                   0                   0                   0                   0                   0                   0                   0                   0                   0                   0                   0                   0                   0                   0                  
turn_ids         : 0                   0                   0                   0                   0                   0                   0                   0                   0                   0                   0                   0                   0                   0                   0                  
turn_end_types   : 0                   0                   0                   0                   0                   0                   0                   0                   0                   0                   0                   0                   0                   0                   0                  
speaker_ids      : 0                   0                   0                   0                   0                   0                   0                   0                   0                   0                   0                   0                   0                   0                   0                  

B                : Ġyou                Ġlike               Ġthe                Ġnews               Ġa                  Ġlot                Ġmore               Ġthan               Ġi                  Ġdo                 Ġme                 Ġi                  Ġfigure             Ġif                 Ġit                
Timings          : (141.615, 141.745)  (141.745, 141.955)  (141.955, 142.04)   (142.04, 142.281)   (142.281, 142.331)  (142.331, 142.57)   (142.57, 142.751)   (142.751, 142.951)  (142.951, 143.061)  (143.061, 143.39)   (143.993, 144.111)  (144.111, 144.18)   (144.18, 144.531)   (144.531, 144.6)    (144.6, 144.665)   
Token Types      : 1                   1                   1                   1                   1                   1                   1                   1                   1                   1                   1                   1                   1                   1                   1                  
turn_ids         : 80059801010185      80059801010185      80059801010185      80059801010185      80059801010185      80059801010185      80059801010185      80059801010185      80059801010185      80059801010185      80059801010185      80059801010185      80059801010185      80059801010185      80059801010185     
turn_end_types   : 2                   2                   2                   2                   2                   2                   2                   2                   2                   2                   2                   2                   2                   2                   2                  
speaker_ids      : 2                   2                   2                   2                   2                   2                   2                   2                   2                   2                   2                   2                   2                   2                   2                  


A                : <emp>               <emp>               <emp>               <emp>               <emp>               <emp>               <emp>               <emp>               <emp>               <emp>               <emp>               <emp>               <emp>               <emp>               <emp>              
Timings          : (144.665, 144.73)   (144.73, 145.09)    (145.09, 145.361)   (145.361, 145.87)   (145.87, 146.171)   (146.171, 146.29)   (146.29, 146.52)    (146.52, 146.661)   (146.661, 146.99)   (146.99, 147.12)    (147.759, 148.049)  (148.049, 148.31)   (148.803, 148.909)  (148.909, 149.039)  (149.039, 149.157) 
Token Types      : 0                   0                   0                   0                   0                   0                   0                   0                   0                   0                   0                   0                   0                   0                   0                  
turn_ids         : 0                   0                   0                   0                   0                   0                   0                   0                   0                   0                   0                   0                   0                   0                   0                  
turn_end_types   : 0                   0                   0                   0                   0                   0                   0                   0                   0                   0                   0                   0                   0                   0                   0                  
speaker_ids      : 0                   0                   0                   0                   0                   0                   0                   0                   0                   0                   0                   0                   0                   0                   0                  

B                : 's                  Ġsomething          Ġreally             Ġimportant          Ġsomebody           Ġwill               Ġtell               Ġme                 Ġabout              Ġit                 Ġbut                Ġuh                 Ġyou                Ġknow               Ġi                 
Timings          : (144.665, 144.73)   (144.73, 145.09)    (145.09, 145.361)   (145.361, 145.87)   (145.87, 146.171)   (146.171, 146.29)   (146.29, 146.52)    (146.52, 146.661)   (146.661, 146.99)   (146.99, 147.12)    (147.759, 148.049)  (148.049, 148.31)   (148.803, 148.909)  (148.909, 149.039)  (149.039, 149.157) 
Token Types      : 1                   1                   1                   1                   1                   1                   1                   1                   1                   1                   1                   1                   1                   1                   1                  
turn_ids         : 80059801010185      80059801010185      80059801010185      80059801010185      80059801010185      80059801010185      80059801010185      80059801010185      80059801010185      80059801010185      80059801010185      80059801010185      80059801010185      80059801010185      80059801010185     
turn_end_types   : 2                   2                   2                   2                   2                   2                   2                   2                   2                   2                   2                   2                   2                   2                   2                  
speaker_ids      : 2                   2                   2                   2                   2                   2                   2                   2                   2                   2                   2                   2                   2                   2                   2                  


A                : <emp>               <emp>               <emp>               <emp>               <emp>               <emp>               <emp>               <emp>               <emp>               <emp>               <emp>               <emp>               <emp>               <emp>               <emp>              
Timings          : (149.869, 150.079)  (150.079, 150.249)  (150.249, 150.509)  (150.509, 150.649)  (150.649, 150.828)  (150.828, 151.089)  (151.089, 151.159)  (151.159, 151.509)  (151.509, 151.699)  (151.699, 151.779)  (151.779, 152.059)  (152.059, 152.129)  (152.129, 152.339)  (152.339, 152.579)  (152.579, 152.689) 
Token Types      : 0                   0                   0                   0                   0                   0                   0                   0                   0                   0                   0                   0                   0                   0                   0                  
turn_ids         : 0                   0                   0                   0                   0                   0                   0                   0                   0                   0                   0                   0                   0                   0                   0                  
turn_end_types   : 0                   0                   0                   0                   0                   0                   0                   0                   0                   0                   0                   0                   0                   0                   0                  
speaker_ids      : 0                   0                   0                   0                   0                   0                   0                   0                   0                   0                   0                   0                   0                   0                   0                  

B                : Ġthing              Ġis                 Ġif                 Ġif                 Ġi                  Ġcatch              Ġthe                Ġnews               Ġall                Ġthe                Ġtime               Ġit                 Ġjust               Ġmakes              Ġme                
Timings          : (149.869, 150.079)  (150.079, 150.249)  (150.249, 150.509)  (150.509, 150.649)  (150.649, 150.828)  (150.828, 151.089)  (151.089, 151.159)  (151.159, 151.509)  (151.509, 151.699)  (151.699, 151.779)  (151.779, 152.059)  (152.059, 152.129)  (152.129, 152.339)  (152.339, 152.579)  (152.579, 152.689) 
Token Types      : 1                   1                   1                   1                   1                   1                   1                   1                   1                   1                   1                   1                   1                   1                   1                  
turn_ids         : 80059801010185      80059801010185      80059801010185      80059801010185      80059801010185      80059801010185      80059801010185      80059801010185      80059801010185      80059801010185      80059801010185      80059801010185      80059801010185      80059801010185      80059801010185     
turn_end_types   : 2                   2                   2                   2                   2                   2                   2                   2                   2                   2                   2                   2                   2                   2                   2                  
speaker_ids      : 2                   2                   2                   2                   2                   2                   2                   2                   2                   2                   2                   2                   2                   2                   2                  


A                : <emp>               <emp>               <emp>               <emp>               <emp>               <emp>               <emp>               <emp>               <emp>               <emp>               <emp>               Ġyeah               <emp>               Ġi                  Ġget               
Timings          : (152.689, 153.229)  (153.229, 153.369)  (153.369, 153.479)  (153.479, 153.809)  (153.809, 153.879)  (153.879, 154.259)  (154.259, 154.329)  (154.329, 154.529)  (154.529, 154.669)  (154.669, 154.989)  (154.989, 155.549)  (155.517, 155.787)  (155.619, 155.734)  (155.787, 155.912)  (155.912, 156.097) 
Token Types      : 0                   0                   0                   0                   0                   0                   0                   0                   0                   0                   0                   5                   5                   5                   5                  
turn_ids         : 0                   0                   0                   0                   0                   0                   0                   0                   0                   0                   0                   80063559106567      80063559106567      80063559106567      80063559106567     
turn_end_types   : 0                   0                   0                   0                   0                   0                   0                   0                   0                   0                   0                   0                   0                   0                   0                  
speaker_ids      : 0                   0                   0                   0                   0                   0                   0                   0                   0                   0                   0                   1                   1                   1                   1                  

B                : Ġdepressed          Ġbecause            Ġthey               Ġtend               Ġto                 Ġproduce            Ġa                  Ġlot                Ġof                 Ġbad                Ġnews               Ġor                 Ġthat               's                  Ġwhat              
Timings          : (152.689, 153.229)  (153.229, 153.369)  (153.369, 153.479)  (153.479, 153.809)  (153.809, 153.879)  (153.879, 154.259)  (154.259, 154.329)  (154.329, 154.529)  (154.529, 154.669)  (154.669, 154.989)  (154.989, 155.549)  (155.549, 155.619)  (155.619, 155.734)  (155.734, 155.849)  (155.849, 155.979) 
Token Types      : 1                   1                   1                   1                   1                   1                   1                   1                   1                   1                   1                   1                   1                   1                   1                  
turn_ids         : 80059801010185      80059801010185      80059801010185      80059801010185      80059801010185      80059801010185      80059801010185      80059801010185      80059801010185      80059801010185      80059801010185      80059801010185      80059801010185      80059801010185      80059801010185     
turn_end_types   : 2                   2                   2                   2                   2                   2                   2                   2                   2                   2                   2                   2                   2                   2                   2                  
speaker_ids      : 2                   2                   2                   2                   2                   2                   2                   2                   2                   2                   2                   2                   2                   2                   2                  


A                : <eint>              <emp>               <emp>               Ġum                 Ġthat               's                  Ġtrue               Ġtoo                <eot>               <emp>               <emp>               <emp>               <emp>               <emp>               <emp>              
Timings          : (-1.0, -1.0)        (156.259, 156.429)  (156.429, 157.029)  (156.968, 157.098)  (157.098, 157.233)  (157.233, 157.368)  (157.368, 157.69)   (157.69, 158.048)   (-1.0, -1.0)        (158.518, 158.728)  (159.178, 159.258)  (159.258, 159.421)  (159.421, 159.808)  (159.808, 160.188)  (160.188, 160.418) 
Token Types      : 5                   0                   0                   1                   1                   1                   1                   1                   1                   0                   0                   0                   0                   0                   0                  
turn_ids         : 80063559106567      0                   0                   80059264139274      80059264139274      80059264139274      80059264139274      80059264139274      80059264139274      0                   0                   0                   0                   0                   0                  
turn_end_types   : 0                   0                   0                   1                   1                   1                   1                   1                   1                   0                   0                   0                   0                   0                   0                  
speaker_ids      : 1                   0                   0                   1                   1                   1                   1                   1                   1                   0                   0                   0                   0                   0                   0                  

B                : Ġcomes              Ġon                 Ġfirst              <yield>             <emp>               <emp>               <emp>               <emp>               Ġand                Ġuh                 Ġyou                Ġknow               Ġit                 Ġalso               Ġlate              
Timings          : (155.979, 156.259)  (156.259, 156.429)  (156.429, 157.029)  (-1.0, -1.0)        (157.098, 157.233)  (157.233, 157.368)  (157.368, 157.69)   (157.69, 158.048)   (158.158, 158.518)  (158.518, 158.728)  (159.178, 159.258)  (159.258, 159.421)  (159.421, 159.808)  (159.808, 160.188)  (160.188, 160.418) 
Token Types      : 1                   1                   1                   1                   0                   0                   0                   0                   1                   1                   1                   1                   1                   1                   1                  
turn_ids         : 80059801010185      80059801010185      80059801010185      80059801010185      0                   0                   0                   0                   80059801010187      80059801010187      80059801010187      80059801010187      80059801010187      80059801010187      80059801010187     
turn_end_types   : 2                   2                   2                   2                   0                   0                   0                   0                   1                   1                   1                   1                   1                   1                   1                  
speaker_ids      : 2                   2                   2                   2                   0                   0                   0                   0                   2                   2                   2                   2                   2                   2                   2                  


A                : <emp>               <emp>               <emp>               <emp>               <emp>               <emp>               <emp>               <emp>               <emp>               <emp>               <emp>               <emp>               <emp>               <emp>               <emp>              
Timings          : (160.418, 160.518)  (160.518, 160.798)  (160.798, 160.868)  (160.868, 161.048)  (161.048, 161.098)  (161.098, 161.208)  (161.208, 161.318)  (161.318, 161.438)  (161.438, 161.758)  (161.758, 162.068)  (162.068, 162.128)  (162.128, 162.358)  (162.358, 162.558)  (162.558, 162.658)  (162.658, 162.948) 
Token Types      : 0                   0                   0                   0                   0                   0                   0                   0                   0                   0                   0                   0                   0                   0                   0                  
turn_ids         : 0                   0                   0                   0                   0                   0                   0                   0                   0                   0                   0                   0                   0                   0                   0                  
turn_end_types   : 0                   0                   0                   0                   0                   0                   0                   0                   0                   0                   0                   0                   0                   0                   0                  
speaker_ids      : 0                   0                   0                   0                   0                   0                   0                   0                   0                   0                   0                   0                   0                   0                   0                  

B                : Ġat                 Ġnight              Ġyou                Ġknow               Ġi                  Ġdon                't                  Ġwant               Ġlike               Ġwatching           Ġthe                Ġnews               Ġlate               Ġat                 Ġnight             
Timings          : (160.418, 160.518)  (160.518, 160.798)  (160.798, 160.868)  (160.868, 161.048)  (161.048, 161.098)  (161.098, 161.208)  (161.208, 161.318)  (161.318, 161.438)  (161.438, 161.758)  (161.758, 162.068)  (162.068, 162.128)  (162.128, 162.358)  (162.358, 162.558)  (162.558, 162.658)  (162.658, 162.948) 
Token Types      : 1                   1                   1                   1                   1                   1                   1                   1                   1                   1                   1                   1                   1                   1                   1                  
turn_ids         : 80059801010187      80059801010187      80059801010187      80059801010187      80059801010187      80059801010187      80059801010187      80059801010187      80059801010187      80059801010187      80059801010187      80059801010187      80059801010187      80059801010187      80059801010187     
turn_end_types   : 1                   1                   1                   1                   1                   1                   1                   1                   1                   1                   1                   1                   1                   1                   1                  
speaker_ids      : 2                   2                   2                   2                   2                   2                   2                   2                   2                   2                   2                   2                   2                   2                   2                  


A                : <emp>               <emp>               <emp>               <emp>               <emp>               <emp>               <emp>               <emp>               Ġum                 hum                 <ebc>               <emp>               <emp>               <emp>               <emp>              
Timings          : (163.058, 163.188)  (163.188, 163.288)  (163.288, 163.443)  (163.443, 163.598)  (163.598, 163.968)  (163.968, 164.198)  (164.198, 164.378)  (164.378, 164.518)  (164.562, 164.782)  (164.782, 165.002)  (-1.0, -1.0)        (165.076, 165.208)  (165.208, 165.298)  (165.298, 165.443)  (165.443, 165.588) 
Token Types      : 0                   0                   0                   0                   0                   0                   0                   0                   3                   3                   3                   0                   0                   0                   0                  
turn_ids         : 0                   0                   0                   0                   0                   0                   0                   0                   80061411622919      80061411622919      80061411622919      0                   0                   0                   0                  
turn_end_types   : 0                   0                   0                   0                   0                   0                   0                   0                   0                   0                   0                   0                   0                   0                   0                  
speaker_ids      : 0                   0                   0                   0                   0                   0                   0                   0                   1                   1                   1                   0                   0                   0                   0                  

B                : Ġbut                Ġmy                 Ġwife               's                  Ġusually            Ġup                 Ġthen               Ġand                Ġso                 <emp>               Ġyou                Ġknow               Ġi                  Ġcan                't                 
Timings          : (163.058, 163.188)  (163.188, 163.288)  (163.288, 163.443)  (163.443, 163.598)  (163.598, 163.968)  (163.968, 164.198)  (164.198, 164.378)  (164.378, 164.518)  (164.518, 164.998)  (164.782, 165.002)  (164.998, 165.076)  (165.076, 165.208)  (165.208, 165.298)  (165.298, 165.443)  (165.443, 165.588) 
Token Types      : 1                   1                   1                   1                   1                   1                   1                   1                   1                   1                   1                   1                   1                   1                   1                  
turn_ids         : 80059801010187      80059801010187      80059801010187      80059801010187      80059801010187      80059801010187      80059801010187      80059801010187      80059801010187      80059801010187      80059801010187      80059801010187      80059801010187      80059801010187      80059801010187     
turn_end_types   : 1                   1                   1                   1                   1                   1                   1                   1                   1                   1                   1                   1                   1                   1                   1                  
speaker_ids      : 2                   2                   2                   2                   2                   2                   2                   2                   2                   2                   2                   2                   2                   2                   2                  


A                : <emp>               <emp>               <emp>               <emp>               <emp>               <emp>               <emp>               Ġum                 hum                 Ġum                 hum                 <eot>               <emp>               <emp>               <emp>              
Timings          : (165.588, 165.658)  (165.658, 165.758)  (165.758, 166.008)  (166.008, 166.118)  (166.118, 166.178)  (166.178, 166.578)  (166.578, 166.888)  (167.025, 167.278)  (167.278, 167.531)  (167.629, 167.847)  (167.847, 168.065)  (-1.0, -1.0)        (168.471, 168.643)  (169.717, 169.907)  (169.907, 169.997) 
Token Types      : 0                   0                   0                   0                   0                   0                   0                   1                   1                   1                   1                   1                   0                   0                   0                  
turn_ids         : 0                   0                   0                   0                   0                   0                   0                   80059264139276      80059264139276      80059264139276      80059264139276      80059264139276      0                   0                   0                  
turn_end_types   : 0                   0                   0                   0                   0                   0                   0                   1                   1                   1                   1                   1                   0                   0                   0                  
speaker_ids      : 0                   0                   0                   0                   0                   0                   0                   1                   1                   1                   1                   1                   0                   0                   0                  

B                : Ġgo                 Ġto                 Ġsleep              Ġwith               Ġthe                Ġtv                 Ġon                 <eot>               <emp>               <emp>               <emp>               Ġi                  Ġuh                 Ġbut                Ġyou               
Timings          : (165.588, 165.658)  (165.658, 165.758)  (165.758, 166.008)  (166.008, 166.118)  (166.118, 166.178)  (166.178, 166.578)  (166.578, 166.888)  (-1.0, -1.0)        (167.278, 167.531)  (167.629, 167.847)  (167.847, 168.065)  (168.181, 168.471)  (168.471, 168.643)  (169.717, 169.907)  (169.907, 169.997) 
Token Types      : 1                   1                   1                   1                   1                   1                   1                   1                   0                   0                   0                   1                   1                   1                   1                  
turn_ids         : 80059801010187      80059801010187      80059801010187      80059801010187      80059801010187      80059801010187      80059801010187      80059801010187      0                   0                   0                   80059801010189      80059801010189      80059801010189      80059801010189     
turn_end_types   : 1                   1                   1                   1                   1                   1                   1                   1                   0                   0                   0                   1                   1                   1                   1                  
speaker_ids      : 2                   2                   2                   2                   2                   2                   2                   2                   0                   0                   0                   2                   2                   2                   2                  


A                : <emp>               <emp>               <emp>               <emp>               <emp>               <emp>               <emp>               <emp>               <emp>               <emp>               <emp>               <emp>               <emp>               <emp>               <emp>              
Timings          : (169.997, 170.117)  (170.117, 170.227)  (170.367, 170.487)  (170.487, 170.767)  (170.767, 170.887)  (170.887, 171.337)  (171.337, 171.487)  (171.817, 172.047)  (172.047, 172.337)  (172.337, 172.477)  (172.477, 172.797)  (172.797, 173.117)  (173.117, 173.227)  (173.227, 173.337)  (173.337, 173.717) 
Token Types      : 0                   0                   0                   0                   0                   0                   0                   0                   0                   0                   0                   0                   0                   0                   0                  
turn_ids         : 0                   0                   0                   0                   0                   0                   0                   0                   0                   0                   0                   0                   0                   0                   0                  
turn_end_types   : 0                   0                   0                   0                   0                   0                   0                   0                   0                   0                   0                   0                   0                   0                   0                  
speaker_ids      : 0                   0                   0                   0                   0                   0                   0                   0                   0                   0                   0                   0                   0                   0                   0                  

B                : Ġknow               Ġi                  Ġi                  Ġwish               Ġi                  Ġhad                Ġuh                 Ġmore               Ġnews               Ġon                 Ġthings             Ġlike               Ġthat               Ġi                  Ġconsider          
Timings          : (169.997, 170.117)  (170.117, 170.227)  (170.367, 170.487)  (170.487, 170.767)  (170.767, 170.887)  (170.887, 171.337)  (171.337, 171.487)  (171.817, 172.047)  (172.047, 172.337)  (172.337, 172.477)  (172.477, 172.797)  (172.797, 173.117)  (173.117, 173.227)  (173.227, 173.337)  (173.337, 173.717) 
Token Types      : 1                   1                   1                   1                   1                   1                   1                   1                   1                   1                   1                   1                   1                   1                   1                  
turn_ids         : 80059801010189      80059801010189      80059801010189      80059801010189      80059801010189      80059801010189      80059801010189      80059801010189      80059801010189      80059801010189      80059801010189      80059801010189      80059801010189      80059801010189      80059801010189     
turn_end_types   : 1                   1                   1                   1                   1                   1                   1                   1                   1                   1                   1                   1                   1                   1                   1                  
speaker_ids      : 2                   2                   2                   2                   2                   2                   2                   2                   2                   2                   2                   2                   2                   2                   2                  


A                : <emp>               <emp>               <emp>               <emp>               <emp>               <emp>               <emp>               <emp>               Ġum                 hum                 <ebc>               <emp>               <emp>               <emp>               <emp>              
Timings          : (173.717, 174.067)  (174.067, 174.447)  (174.487, 174.737)  (174.737, 174.957)  (174.957, 175.457)  (175.457, 175.577)  (175.577, 176.017)  (176.017, 176.187)  (176.536, 176.766)  (176.766, 176.996)  (-1.0, -1.0)        (177.831, 177.891)  (177.891, 178.228)  (178.721, 178.801)  (178.801, 179.021) 
Token Types      : 0                   0                   0                   0                   0                   0                   0                   0                   3                   3                   3                   0                   0                   0                   0                  
turn_ids         : 0                   0                   0                   0                   0                   0                   0                   0                   80061411622921      80061411622921      80061411622921      0                   0                   0                   0                  
turn_end_types   : 0                   0                   0                   0                   0                   0                   0                   0                   0                   0                   0                   0                   0                   0                   0                  
speaker_ids      : 0                   0                   0                   0                   0                   0                   0                   0                   1                   1                   1                   0                   0                   0                   0                  

B                : Ġlong               Ġrange              Ġthings             Ġlike               Ġscience            Ġand                Ġmedicine           Ġum                 <emp>               <emp>               Ġi                  'm                  Ġmore               Ġi                  Ġguess             
Timings          : (173.717, 174.067)  (174.067, 174.447)  (174.487, 174.737)  (174.737, 174.957)  (174.957, 175.457)  (175.457, 175.577)  (175.577, 176.017)  (176.017, 176.187)  (176.536, 176.766)  (176.766, 176.996)  (177.771, 177.831)  (177.831, 177.891)  (177.891, 178.228)  (178.721, 178.801)  (178.801, 179.021) 
Token Types      : 1                   1                   1                   1                   1                   1                   1                   1                   1                   1                   1                   1                   1                   1                   1                  
turn_ids         : 80059801010189      80059801010189      80059801010189      80059801010189      80059801010189      80059801010189      80059801010189      80059801010189      80059801010189      80059801010189      80059801010189      80059801010189      80059801010189      80059801010189      80059801010189     
turn_end_types   : 1                   1                   1                   1                   1                   1                   1                   1                   1                   1                   1                   1                   1                   1                   1                  
speaker_ids      : 2                   2                   2                   2                   2                   2                   2                   2                   2                   2                   2                   2                   2                   2                   2                  


A                : <emp>               <emp>               <emp>               <emp>               <emp>               <emp>               <emp>               <emp>               <emp>               <emp>               <emp>               <emp>               <emp>               <emp>               <emp>              
Timings          : (179.021, 179.071)  (179.071, 179.121)  (179.121, 179.301)  (179.301, 179.441)  (179.441, 179.861)  (179.861, 179.961)  (179.961, 180.321)  (180.321, 180.822)  (181.274, 181.651)  (181.651, 181.997)  (181.997, 182.199)  (182.199, 182.401)  (182.401, 182.491)  (182.491, 182.601)  (182.601, 182.841) 
Token Types      : 0                   0                   0                   0                   0                   0                   0                   0                   0                   0                   0                   0                   0                   0                   0                  
turn_ids         : 0                   0                   0                   0                   0                   0                   0                   0                   0                   0                   0                   0                   0                   0                   0                  
turn_end_types   : 0                   0                   0                   0                   0                   0                   0                   0                   0                   0                   0                   0                   0                   0                   0                  
speaker_ids      : 0                   0                   0                   0                   0                   0                   0                   0                   0                   0                   0                   0                   0                   0                   0                  

B                : Ġi                  'm                  Ġmore               Ġinto               Ġscience            Ġand                Ġscience            Ġfiction            Ġand                Ġuh                 Ġthere              's                  Ġyou                Ġknow               Ġnot               
Timings          : (179.021, 179.071)  (179.071, 179.121)  (179.121, 179.301)  (179.301, 179.441)  (179.441, 179.861)  (179.861, 179.961)  (179.961, 180.321)  (180.321, 180.822)  (181.274, 181.651)  (181.651, 181.997)  (181.997, 182.199)  (182.199, 182.401)  (182.401, 182.491)  (182.491, 182.601)  (182.601, 182.841) 
Token Types      : 1                   1                   1                   1                   1                   1                   1                   1                   1                   1                   1                   1                   1                   1                   1                  
turn_ids         : 80059801010189      80059801010189      80059801010189      80059801010189      80059801010189      80059801010189      80059801010189      80059801010189      80059801010189      80059801010189      80059801010189      80059801010189      80059801010189      80059801010189      80059801010189     
turn_end_types   : 1                   1                   1                   1                   1                   1                   1                   1                   1                   1                   1                   1                   1                   1                   1                  
speaker_ids      : 2                   2                   2                   2                   2                   2                   2                   2                   2                   2                   2                   2                   2                   2                   2                  


A                : <emp>               <emp>               <emp>               <emp>               <emp>               <emp>               <emp>               <emp>               <emp>               <emp>               <emp>               <emp>               <emp>               <emp>               <emp>              
Timings          : (182.841, 182.931)  (182.931, 182.991)  (182.991, 183.181)  (183.181, 183.321)  (183.321, 183.641)  (183.641, 184.091)  (184.091, 184.381)  (184.381, 184.631)  (185.336, 185.702)  (186.156, 186.192)  (186.192, 186.228)  (186.228, 186.418)  (186.418, 186.868)  (186.868, 186.928)  (186.928, 187.128) 
Token Types      : 0                   0                   0                   0                   0                   0                   0                   0                   0                   0                   0                   0                   0                   0                   0                  
turn_ids         : 0                   0                   0                   0                   0                   0                   0                   0                   0                   0                   0                   0                   0                   0                   0                  
turn_end_types   : 0                   0                   0                   0                   0                   0                   0                   0                   0                   0                   0                   0                   0                   0                   0                  
speaker_ids      : 0                   0                   0                   0                   0                   0                   0                   0                   0                   0                   0                   0                   0                   0                   0                  

B                : Ġthat               Ġthe                Ġnews               Ġis                 Ġscience            Ġfiction            Ġbut                Ġuh                 Ġuh                 Ġi                  'm                  Ġmore               Ġinterested         Ġin                 Ġthat              
Timings          : (182.841, 182.931)  (182.931, 182.991)  (182.991, 183.181)  (183.181, 183.321)  (183.321, 183.641)  (183.641, 184.091)  (184.091, 184.381)  (184.381, 184.631)  (185.336, 185.702)  (186.156, 186.192)  (186.192, 186.228)  (186.228, 186.418)  (186.418, 186.868)  (186.868, 186.928)  (186.928, 187.128) 
Token Types      : 1                   1                   1                   1                   1                   1                   1                   1                   1                   1                   1                   1                   1                   1                   1                  
turn_ids         : 80059801010189      80059801010189      80059801010189      80059801010189      80059801010189      80059801010189      80059801010189      80059801010189      80059801010189      80059801010189      80059801010189      80059801010189      80059801010189      80059801010189      80059801010189     
turn_end_types   : 1                   1                   1                   1                   1                   1                   1                   1                   1                   1                   1                   1                   1                   1                   1                  
speaker_ids      : 2                   2                   2                   2                   2                   2                   2                   2                   2                   2                   2                   2                   2                   2                   2                  


A                : <emp>               <emp>               <emp>               <emp>               <emp>               <emp>               <emp>               <emp>               <emp>               <emp>               <emp>               <emp>               <emp>               <emp>               <emp>              
Timings          : (187.128, 187.378)  (187.378, 187.828)  (187.828, 188.17)   (188.419, 188.538)  (188.538, 188.748)  (188.748, 188.958)  (188.958, 189.158)  (189.158, 189.258)  (189.258, 189.488)  (189.488, 189.828)  (189.828, 190.205)  (190.657, 190.928)  (190.928, 191.038)  (191.038, 191.292)  (191.409, 191.628) 
Token Types      : 0                   0                   0                   0                   0                   0                   0                   0                   0                   0                   0                   0                   0                   0                   0                  
turn_ids         : 0                   0                   0                   0                   0                   0                   0                   0                   0                   0                   0                   0                   0                   0                   0                  
turn_end_types   : 0                   0                   0                   0                   0                   0                   0                   0                   0                   0                   0                   0                   0                   0                   0                  
speaker_ids      : 0                   0                   0                   0                   0                   0                   0                   0                   0                   0                   0                   0                   0                   0                   0                  

B                : Ġthings             Ġlike               Ġuh                 Ġis                 Ġn                  asa                 Ġready              Ġfor                Ġanother            Ġspace              Ġshot               Ġuh                 Ġyou                Ġknow               Ġhow               
Timings          : (187.128, 187.378)  (187.378, 187.828)  (187.828, 188.17)   (188.419, 188.538)  (188.538, 188.748)  (188.748, 188.958)  (188.958, 189.158)  (189.158, 189.258)  (189.258, 189.488)  (189.488, 189.828)  (189.828, 190.205)  (190.657, 190.928)  (190.928, 191.038)  (191.038, 191.292)  (191.409, 191.628) 
Token Types      : 1                   1                   1                   1                   1                   1                   1                   1                   1                   1                   1                   1                   1                   1                   1                  
turn_ids         : 80059801010189      80059801010189      80059801010189      80059801010189      80059801010189      80059801010189      80059801010189      80059801010189      80059801010189      80059801010189      80059801010189      80059801010189      80059801010189      80059801010189      80059801010189     
turn_end_types   : 1                   1                   1                   1                   1                   1                   1                   1                   1                   1                   1                   1                   1                   1                   1                  
speaker_ids      : 2                   2                   2                   2                   2                   2                   2                   2                   2                   2                   2                   2                   2                   2                   2                  


A                : <emp>               <emp>               <emp>               <emp>               <emp>               <emp>               <emp>               <emp>               <emp>               <emp>               <emp>               <emp>               <emp>               <emp>               Ġum                
Timings          : (191.628, 191.798)  (191.798, 191.908)  (191.908, 192.068)  (192.068, 192.178)  (192.178, 192.238)  (192.238, 192.638)  (192.638, 192.738)  (192.738, 192.858)  (192.858, 193.188)  (193.188, 193.308)  (193.308, 193.548)  (193.548, 193.638)  (193.638, 193.878)  (193.878, 194.478)  (194.725, 195.01)  
Token Types      : 0                   0                   0                   0                   0                   0                   0                   0                   0                   0                   0                   0                   0                   0                   3                  
turn_ids         : 0                   0                   0                   0                   0                   0                   0                   0                   0                   0                   0                   0                   0                   0                   80061411622922     
turn_end_types   : 0                   0                   0                   0                   0                   0                   0                   0                   0                   0                   0                   0                   0                   0                   0                  
speaker_ids      : 0                   0                   0                   0                   0                   0                   0                   0                   0                   0                   0                   0                   0                   0                   1                  

B                : Ġhot                Ġare                Ġthey               Ġon                 Ġthe                Ġtrail              Ġof                 Ġa                  Ġcure               Ġfor                Ġsuch               Ġand                Ġsuch               Ġcancer             <emp>              
Timings          : (191.628, 191.798)  (191.798, 191.908)  (191.908, 192.068)  (192.068, 192.178)  (192.178, 192.238)  (192.238, 192.638)  (192.638, 192.738)  (192.738, 192.858)  (192.858, 193.188)  (193.188, 193.308)  (193.308, 193.548)  (193.548, 193.638)  (193.638, 193.878)  (193.878, 194.478)  (194.725, 195.01)  
Token Types      : 1                   1                   1                   1                   1                   1                   1                   1                   1                   1                   1                   1                   1                   1                   1                  
turn_ids         : 80059801010189      80059801010189      80059801010189      80059801010189      80059801010189      80059801010189      80059801010189      80059801010189      80059801010189      80059801010189      80059801010189      80059801010189      80059801010189      80059801010189      80059801010189     
turn_end_types   : 1                   1                   1                   1                   1                   1                   1                   1                   1                   1                   1                   1                   1                   1                   1                  
speaker_ids      : 2                   2                   2                   2                   2                   2                   2                   2                   2                   2                   2                   2                   2                   2                   2                  


A                : hum                 <ebc>               <emp>               <emp>               <emp>               <emp>               <emp>               <emp>               <emp>               <emp>               <emp>               <emp>               <emp>               <emp>               <emp>              
Timings          : (195.01, 195.295)   (-1.0, -1.0)        (196.376, 196.724)  (197.582, 197.662)  (197.662, 197.782)  (197.782, 197.812)  (197.812, 198.032)  (198.032, 198.092)  (198.092, 198.152)  (198.152, 198.432)  (198.432, 198.562)  (198.562, 198.692)  (198.692, 198.862)  (198.862, 199.422)  (199.422, 199.522) 
Token Types      : 3                   3                   0                   0                   0                   0                   0                   0                   0                   0                   0                   0                   0                   0                   0                  
turn_ids         : 80061411622922      80061411622922      0                   0                   0                   0                   0                   0                   0                   0                   0                   0                   0                   0                   0                  
turn_end_types   : 0                   0                   0                   0                   0                   0                   0                   0                   0                   0                   0                   0                   0                   0                   0                  
speaker_ids      : 1                   1                   0                   0                   0                   0                   0                   0                   0                   0                   0                   0                   0                   0                   0                  

B                : Ġand                Ġuh                 Ġum                 Ġyou                Ġknow               Ġa                  Ġlot                Ġof                 Ġthe                Ġnews               Ġisn                't                  Ġthat               Ġinteresting        Ġto                
Timings          : (195.145, 195.508)  (195.508, 195.728)  (196.376, 196.724)  (197.582, 197.662)  (197.662, 197.782)  (197.782, 197.812)  (197.812, 198.032)  (198.032, 198.092)  (198.092, 198.152)  (198.152, 198.432)  (198.432, 198.562)  (198.562, 198.692)  (198.692, 198.862)  (198.862, 199.422)  (199.422, 199.522) 
Token Types      : 1                   1                   1                   1                   1                   1                   1                   1                   1                   1                   1                   1                   1                   1                   1                  
turn_ids         : 80059801010189      80059801010189      80059801010189      80059801010189      80059801010189      80059801010189      80059801010189      80059801010189      80059801010189      80059801010189      80059801010189      80059801010189      80059801010189      80059801010189      80059801010189     
turn_end_types   : 1                   1                   1                   1                   1                   1                   1                   1                   1                   1                   1                   1                   1                   1                   1                  
speaker_ids      : 2                   2                   2                   2                   2                   2                   2                   2                   2                   2                   2                   2                   2                   2                   2                  


A                : <emp>               Ġyeah               Ġwell               Ġyou                're                 Ġright              Ġthere              Ġis                 Ġa                  Ġlot                Ġof                 Ġit                 Ġthat               's                  Ġthat              
Timings          : (199.522, 199.762)  (200.121, 200.489)  (200.489, 200.637)  (200.637, 200.757)  (200.757, 200.876)  (200.876, 201.145)  (201.145, 201.286)  (201.286, 201.495)  (201.495, 201.555)  (201.555, 201.736)  (201.736, 201.848)  (201.848, 201.942)  (201.942, 202.158)  (202.158, 202.374)  (203.025, 203.135) 
Token Types      : 0                   1                   1                   1                   1                   1                   1                   1                   1                   1                   1                   1                   1                   1                   1                  
turn_ids         : 0                   80059264139278      80059264139278      80059264139278      80059264139278      80059264139278      80059264139278      80059264139278      80059264139278      80059264139278      80059264139278      80059264139278      80059264139278      80059264139278      80059264139278     
turn_end_types   : 0                   2                   2                   2                   2                   2                   2                   2                   2                   2                   2                   2                   2                   2                   2                  
speaker_ids      : 0                   1                   1                   1                   1                   1                   1                   1                   1                   1                   1                   1                   1                   1                   1                  

B                : Ġme                 <eot>               <emp>               <emp>               <emp>               <emp>               <emp>               <emp>               <emp>               <emp>               <emp>               <emp>               <emp>               <emp>               <emp>              
Timings          : (199.522, 199.762)  (-1.0, -1.0)        (200.489, 200.637)  (200.637, 200.757)  (200.757, 200.876)  (200.876, 201.145)  (201.145, 201.286)  (201.286, 201.495)  (201.495, 201.555)  (201.555, 201.736)  (201.736, 201.848)  (201.848, 201.942)  (201.942, 202.158)  (202.158, 202.374)  (203.025, 203.135) 
Token Types      : 1                   1                   0                   0                   0                   0                   0                   0                   0                   0                   0                   0                   0                   0                   0                  
turn_ids         : 80059801010189      80059801010189      0                   0                   0                   0                   0                   0                   0                   0                   0                   0                   0                   0                   0                  
turn_end_types   : 1                   1                   0                   0                   0                   0                   0                   0                   0                   0                   0                   0                   0                   0                   0                  
speaker_ids      : 2                   2                   0                   0                   0                   0                   0                   0                   0                   0                   0                   0                   0                   0                   0                  


A                : 's                  Ġjust               Ġgarbage            Ġas                 Ġfar                Ġas                 Ġi                  'm                  Ġconcerned          Ġyou                Ġknow               <emp>               <emp>               Ġbut                Ġi                 
Timings          : (203.135, 203.245)  (203.245, 203.686)  (203.686, 204.186)  (204.186, 204.316)  (204.316, 204.495)  (204.495, 204.626)  (204.626, 204.721)  (204.721, 204.816)  (204.816, 205.266)  (205.266, 205.376)  (205.376, 205.585)  (205.928, 206.122)  (206.122, 206.315)  (206.374, 206.524)  (206.524, 206.634) 
Token Types      : 1                   1                   1                   1                   1                   1                   1                   1                   1                   1                   1                   1                   1                   1                   1                  
turn_ids         : 80059264139278      80059264139278      80059264139278      80059264139278      80059264139278      80059264139278      80059264139278      80059264139278      80059264139278      80059264139278      80059264139278      80059264139278      80059264139278      80059264139278      80059264139278     
turn_end_types   : 2                   2                   2                   2                   2                   2                   2                   2                   2                   2                   2                   2                   2                   2                   2                  
speaker_ids      : 1                   1                   1                   1                   1                   1                   1                   1                   1                   1                   1                   1                   1                   1                   1                  

B                : <emp>               <emp>               <emp>               <emp>               <emp>               <emp>               <emp>               <emp>               <emp>               <emp>               <emp>               Ġum                 hum                 <ebc>               <emp>              
Timings          : (203.135, 203.245)  (203.245, 203.686)  (203.686, 204.186)  (204.186, 204.316)  (204.316, 204.495)  (204.495, 204.626)  (204.626, 204.721)  (204.721, 204.816)  (204.816, 205.266)  (205.266, 205.376)  (205.376, 205.585)  (205.928, 206.122)  (206.122, 206.315)  (-1.0, -1.0)        (206.524, 206.634) 
Token Types      : 0                   0                   0                   0                   0                   0                   0                   0                   0                   0                   0                   3                   3                   3                   0                  
turn_ids         : 0                   0                   0                   0                   0                   0                   0                   0                   0                   0                   0                   80061948493834      80061948493834      80061948493834      0                  
turn_end_types   : 0                   0                   0                   0                   0                   0                   0                   0                   0                   0                   0                   0                   0                   0                   0                  
speaker_ids      : 0                   0                   0                   0                   0                   0                   0                   0                   0                   0                   0                   2                   2                   2                   0                  


A                : Ġjust               Ġlike               Ġthe                Ġmore               Ġor                 Ġless               Ġthe                Ġthe                Ġdaily              Ġnews               Ġyou                Ġknow               <emp>               Ġjust               Ġuh                
Timings          : (206.634, 206.874)  (206.874, 207.094)  (207.094, 207.204)  (207.204, 207.354)  (207.354, 207.434)  (207.434, 207.684)  (207.684, 207.964)  (208.344, 208.503)  (208.503, 208.794)  (208.794, 209.154)  (209.154, 209.324)  (209.324, 209.614)  (209.755, 210.045)  (210.625, 210.955)  (210.955, 211.244) 
Token Types      : 1                   1                   1                   1                   1                   1                   1                   1                   1                   1                   1                   1                   1                   1                   1                  
turn_ids         : 80059264139278      80059264139278      80059264139278      80059264139278      80059264139278      80059264139278      80059264139278      80059264139278      80059264139278      80059264139278      80059264139278      80059264139278      80059264139278      80059264139278      80059264139278     
turn_end_types   : 2                   2                   2                   2                   2                   2                   2                   2                   2                   2                   2                   2                   2                   2                   2                  
speaker_ids      : 1                   1                   1                   1                   1                   1                   1                   1                   1                   1                   1                   1                   1                   1                   1                  

B                : <emp>               <emp>               <emp>               <emp>               <emp>               <emp>               <emp>               <emp>               <emp>               <emp>               <emp>               <emp>               Ġyeah               <ebc>               <emp>              
Timings          : (206.634, 206.874)  (206.874, 207.094)  (207.094, 207.204)  (207.204, 207.354)  (207.354, 207.434)  (207.434, 207.684)  (207.684, 207.964)  (208.344, 208.503)  (208.503, 208.794)  (208.794, 209.154)  (209.154, 209.324)  (209.324, 209.614)  (209.755, 210.045)  (-1.0, -1.0)        (210.955, 211.244) 
Token Types      : 0                   0                   0                   0                   0                   0                   0                   0                   0                   0                   0                   0                   3                   3                   0                  
turn_ids         : 0                   0                   0                   0                   0                   0                   0                   0                   0                   0                   0                   0                   80061948493835      80061948493835      0                  
turn_end_types   : 0                   0                   0                   0                   0                   0                   0                   0                   0                   0                   0                   0                   0                   0                   0                  
speaker_ids      : 0                   0                   0                   0                   0                   0                   0                   0                   0                   0                   0                   0                   2                   2                   0                  


A                : Ġespecially         Ġthe                Ġweather            Ġi                  Ġlike               Ġthat               <emp>               Ġalthough           Ġthey               're                 Ġusually            Ġwrong              <yield>             <emp>               <emp>              
Timings          : (211.244, 211.775)  (211.775, 211.865)  (211.865, 212.245)  (212.245, 212.335)  (212.335, 212.645)  (212.645, 212.958)  (213.632, 213.805)  (213.855, 214.155)  (214.155, 214.225)  (214.225, 214.295)  (214.295, 214.675)  (214.675, 215.025)  (-1.0, -1.0)        (217.508, 217.665)  (217.665, 217.821) 
Token Types      : 1                   1                   1                   1                   1                   1                   1                   1                   1                   1                   1                   1                   1                   0                   0                  
turn_ids         : 80059264139278      80059264139278      80059264139278      80059264139278      80059264139278      80059264139278      80059264139278      80059264139278      80059264139278      80059264139278      80059264139278      80059264139278      80059264139278      0                   0                  
turn_end_types   : 2                   2                   2                   2                   2                   2                   2                   2                   2                   2                   2                   2                   2                   0                   0                  
speaker_ids      : 1                   1                   1                   1                   1                   1                   1                   1                   1                   1                   1                   1                   1                   0                   0                  

B                : <emp>               <emp>               <emp>               <emp>               <emp>               <emp>               Ġme                 Ġtoo                <eint>              <emp>               <emp>               <emp>               Ġyeah               Ġge                 org                
Timings          : (211.244, 211.775)  (211.775, 211.865)  (211.865, 212.245)  (212.245, 212.335)  (212.335, 212.645)  (212.645, 212.958)  (213.632, 213.805)  (213.805, 214.198)  (-1.0, -1.0)        (214.225, 214.295)  (214.295, 214.675)  (214.675, 215.025)  (217.238, 217.508)  (217.508, 217.665)  (217.665, 217.821) 
Token Types      : 0                   0                   0                   0                   0                   0                   5                   5                   5                   0                   0                   0                   1                   1                   1                  
turn_ids         : 0                   0                   0                   0                   0                   0                   80064095977489      80064095977489      80064095977489      0                   0                   0                   80059801010191      80059801010191      80059801010191     
turn_end_types   : 0                   0                   0                   0                   0                   0                   0                   0                   0                   0                   0                   0                   1                   1                   1                  
speaker_ids      : 0                   0                   0                   0                   0                   0                   2                   2                   2                   0                   0                   0                   2                   2                   2                  


A                : <emp>               <emp>               <emp>               <emp>               <emp>               <emp>               <emp>               <emp>               <emp>               <emp>               <emp>               <emp>               Ġu                  hh                  uh                 
Timings          : (217.821, 217.978)  (217.978, 218.168)  (218.168, 218.218)  (218.218, 218.268)  (218.268, 218.648)  (218.648, 218.928)  (218.928, 219.168)  (219.168, 219.318)  (219.318, 219.448)  (219.448, 219.708)  (219.708, 219.998)  (219.998, 220.518)  (220.807, 220.95)   (220.95, 221.094)   (221.094, 221.237) 
Token Types      : 0                   0                   0                   0                   0                   0                   0                   0                   0                   0                   0                   0                   3                   3                   3                  
turn_ids         : 0                   0                   0                   0                   0                   0                   0                   0                   0                   0                   0                   0                   80061411622924      80061411622924      80061411622924     
turn_end_types   : 0                   0                   0                   0                   0                   0                   0                   0                   0                   0                   0                   0                   0                   0                   0                  
speaker_ids      : 0                   0                   0                   0                   0                   0                   0                   0                   0                   0                   0                   0                   1                   1                   1                  

B                : ia                  Ġhere               Ġthey               're                 Ġusually            Ġwrong              Ġtoo                Ġwe                 Ġhave               Ġweird              Ġweather            Ġsystems            <eot>               <emp>               <emp>              
Timings          : (217.821, 217.978)  (217.978, 218.168)  (218.168, 218.218)  (218.218, 218.268)  (218.268, 218.648)  (218.648, 218.928)  (218.928, 219.168)  (219.168, 219.318)  (219.318, 219.448)  (219.448, 219.708)  (219.708, 219.998)  (219.998, 220.518)  (-1.0, -1.0)        (220.95, 221.094)   (221.094, 221.237) 
Token Types      : 1                   1                   1                   1                   1                   1                   1                   1                   1                   1                   1                   1                   1                   0                   0                  
turn_ids         : 80059801010191      80059801010191      80059801010191      80059801010191      80059801010191      80059801010191      80059801010191      80059801010191      80059801010191      80059801010191      80059801010191      80059801010191      80059801010191      0                   0                  
turn_end_types   : 1                   1                   1                   1                   1                   1                   1                   1                   1                   1                   1                   1                   1                   0                   0                  
speaker_ids      : 2                   2                   2                   2                   2                   2                   2                   2                   2                   2                   2                   2                   2                   0                   0                  


A                : <ebc>               Ġbut                Ġuh                 Ġlike               Ġi                  Ġsay                Ġas                 Ġfar                Ġas                 Ġthat               's                  Ġactually           Ġlistening          Ġto                 Ġthe               
Timings          : (-1.0, -1.0)        (222.318, 222.694)  (222.694, 223.002)  (223.684, 223.874)  (223.874, 223.924)  (223.924, 224.214)  (224.214, 224.384)  (224.384, 224.604)  (224.604, 224.834)  (225.734, 225.935)  (225.935, 226.137)  (226.355, 226.774)  (226.774, 227.224)  (227.224, 227.374)  (227.374, 227.464) 
Token Types      : 3                   1                   1                   1                   1                   1                   1                   1                   1                   1                   1                   1                   1                   1                   1                  
turn_ids         : 80061411622924      80059264139280      80059264139280      80059264139280      80059264139280      80059264139280      80059264139280      80059264139280      80059264139280      80059264139280      80059264139280      80059264139280      80059264139280      80059264139280      80059264139280     
turn_end_types   : 0                   1                   1                   1                   1                   1                   1                   1                   1                   1                   1                   1                   1                   1                   1                  
speaker_ids      : 1                   1                   1                   1                   1                   1                   1                   1                   1                   1                   1                   1                   1                   1                   1                  

B                : <emp>               <emp>               <emp>               <emp>               <emp>               <emp>               <emp>               <emp>               <emp>               <emp>               <emp>               <emp>               <emp>               <emp>               <emp>              
Timings          : (-1.0, -1.0)        (222.318, 222.694)  (222.694, 223.002)  (223.684, 223.874)  (223.874, 223.924)  (223.924, 224.214)  (224.214, 224.384)  (224.384, 224.604)  (224.604, 224.834)  (225.734, 225.935)  (225.935, 226.137)  (226.355, 226.774)  (226.774, 227.224)  (227.224, 227.374)  (227.374, 227.464) 
Token Types      : 0                   0                   0                   0                   0                   0                   0                   0                   0                   0                   0                   0                   0                   0                   0                  
turn_ids         : 0                   0                   0                   0                   0                   0                   0                   0                   0                   0                   0                   0                   0                   0                   0                  
turn_end_types   : 0                   0                   0                   0                   0                   0                   0                   0                   0                   0                   0                   0                   0                   0                   0                  
speaker_ids      : 0                   0                   0                   0                   0                   0                   0                   0                   0                   0                   0                   0                   0                   0                   0                  


A                : Ġnews               Ġit                 's                  Ġmostly             Ġtv                 Ġfive               Ġo                  '                   clock               Ġto                 Ġsix                Ġthirty             Ġoh                 Ġthat               Ġseems             
Timings          : (227.464, 227.804)  (227.804, 227.924)  (227.924, 228.044)  (228.044, 228.535)  (229.137, 229.544)  (229.544, 229.814)  (229.814, 229.944)  (229.944, 230.074)  (230.074, 230.204)  (230.204, 230.444)  (230.444, 230.724)  (230.724, 231.204)  (232.335, 232.725)  (232.725, 232.895)  (232.895, 233.045) 
Token Types      : 1                   1                   1                   1                   1                   1                   1                   1                   1                   1                   1                   1                   1                   1                   1                  
turn_ids         : 80059264139280      80059264139280      80059264139280      80059264139280      80059264139280      80059264139280      80059264139280      80059264139280      80059264139280      80059264139280      80059264139280      80059264139280      80059264139280      80059264139280      80059264139280     
turn_end_types   : 1                   1                   1                   1                   1                   1                   1                   1                   1                   1                   1                   1                   1                   1                   1                  
speaker_ids      : 1                   1                   1                   1                   1                   1                   1                   1                   1                   1                   1                   1                   1                   1                   1                  

B                : <emp>               <emp>               <emp>               <emp>               <emp>               <emp>               <emp>               <emp>               <emp>               <emp>               <emp>               <emp>               <emp>               <emp>               <emp>              
Timings          : (227.464, 227.804)  (227.804, 227.924)  (227.924, 228.044)  (228.044, 228.535)  (229.137, 229.544)  (229.544, 229.814)  (229.814, 229.944)  (229.944, 230.074)  (230.074, 230.204)  (230.204, 230.444)  (230.444, 230.724)  (230.724, 231.204)  (232.335, 232.725)  (232.725, 232.895)  (232.895, 233.045) 
Token Types      : 0                   0                   0                   0                   0                   0                   0                   0                   0                   0                   0                   0                   0                   0                   0                  
turn_ids         : 0                   0                   0                   0                   0                   0                   0                   0                   0                   0                   0                   0                   0                   0                   0                  
turn_end_types   : 0                   0                   0                   0                   0                   0                   0                   0                   0                   0                   0                   0                   0                   0                   0                  
speaker_ids      : 0                   0                   0                   0                   0                   0                   0                   0                   0                   0                   0                   0                   0                   0                   0                  


A                : Ġlike               Ġa                  Ġlong               Ġtime               Ġfor                Ġnews               Ġbut                Ġthat               's                  Ġhow                Ġlong               Ġit                 Ġis                 <emp>               Ġand               
Timings          : (233.045, 233.205)  (233.205, 233.255)  (233.255, 233.485)  (233.485, 233.745)  (233.745, 233.875)  (233.875, 234.245)  (234.245, 234.345)  (234.345, 234.445)  (234.445, 234.545)  (234.545, 234.685)  (234.685, 234.905)  (234.905, 234.985)  (234.985, 235.483)  (235.73, 236.0)     (236.442, 236.772) 
Token Types      : 1                   1                   1                   1                   1                   1                   1                   1                   1                   1                   1                   1                   1                   1                   1                  
turn_ids         : 80059264139280      80059264139280      80059264139280      80059264139280      80059264139280      80059264139280      80059264139280      80059264139280      80059264139280      80059264139280      80059264139280      80059264139280      80059264139280      80059264139280      80059264139280     
turn_end_types   : 1                   1                   1                   1                   1                   1                   1                   1                   1                   1                   1                   1                   1                   1                   1                  
speaker_ids      : 1                   1                   1                   1                   1                   1                   1                   1                   1                   1                   1                   1                   1                   1                   1                  

B                : <emp>               <emp>               <emp>               <emp>               <emp>               <emp>               <emp>               <emp>               <emp>               <emp>               <emp>               <emp>               <emp>               Ġyeah               <ebc>              
Timings          : (233.045, 233.205)  (233.205, 233.255)  (233.255, 233.485)  (233.485, 233.745)  (233.745, 233.875)  (233.875, 234.245)  (234.245, 234.345)  (234.345, 234.445)  (234.445, 234.545)  (234.545, 234.685)  (234.685, 234.905)  (234.905, 234.985)  (234.985, 235.483)  (235.73, 236.0)     (-1.0, -1.0)       
Token Types      : 0                   0                   0                   0                   0                   0                   0                   0                   0                   0                   0                   0                   0                   3                   3                  
turn_ids         : 0                   0                   0                   0                   0                   0                   0                   0                   0                   0                   0                   0                   0                   80061948493837      80061948493837     
turn_end_types   : 0                   0                   0                   0                   0                   0                   0                   0                   0                   0                   0                   0                   0                   0                   0                  
speaker_ids      : 0                   0                   0                   0                   0                   0                   0                   0                   0                   0                   0                   0                   0                   2                   2                  


A                : Ġuh                 Ġseems              Ġlike               Ġthey               Ġhave               Ġthe                Ġlocal              Ġnews               Ġand                Ġthey               Ġhave               Ġthe                Ġworld              Ġnews               <emp>              
Timings          : (236.772, 236.918)  (236.918, 237.122)  (237.122, 237.282)  (237.282, 237.382)  (237.382, 237.542)  (237.542, 237.652)  (237.652, 237.982)  (237.982, 238.262)  (238.262, 238.392)  (238.392, 238.482)  (238.482, 238.662)  (238.662, 238.732)  (238.732, 239.102)  (239.102, 239.622)  (239.881, 240.091) 
Token Types      : 1                   1                   1                   1                   1                   1                   1                   1                   1                   1                   1                   1                   1                   1                   1                  
turn_ids         : 80059264139280      80059264139280      80059264139280      80059264139280      80059264139280      80059264139280      80059264139280      80059264139280      80059264139280      80059264139280      80059264139280      80059264139280      80059264139280      80059264139280      80059264139280     
turn_end_types   : 1                   1                   1                   1                   1                   1                   1                   1                   1                   1                   1                   1                   1                   1                   1                  
speaker_ids      : 1                   1                   1                   1                   1                   1                   1                   1                   1                   1                   1                   1                   1                   1                   1                  

B                : <emp>               <emp>               <emp>               <emp>               <emp>               <emp>               <emp>               <emp>               <emp>               <emp>               <emp>               <emp>               <emp>               <emp>               Ġum                
Timings          : (236.772, 236.918)  (236.918, 237.122)  (237.122, 237.282)  (237.282, 237.382)  (237.382, 237.542)  (237.542, 237.652)  (237.652, 237.982)  (237.982, 238.262)  (238.262, 238.392)  (238.392, 238.482)  (238.482, 238.662)  (238.662, 238.732)  (238.732, 239.102)  (239.102, 239.622)  (239.881, 240.091) 
Token Types      : 0                   0                   0                   0                   0                   0                   0                   0                   0                   0                   0                   0                   0                   0                   3                  
turn_ids         : 0                   0                   0                   0                   0                   0                   0                   0                   0                   0                   0                   0                   0                   0                   80061948493838     
turn_end_types   : 0                   0                   0                   0                   0                   0                   0                   0                   0                   0                   0                   0                   0                   0                   0                  
speaker_ids      : 0                   0                   0                   0                   0                   0                   0                   0                   0                   0                   0                   0                   0                   0                   2                  


A                : <emp>               Ġand                Ġthen               Ġuh                 Ġmy                 Ġmorning            Ġpaper              Ġi                  Ġcan                Ġhardly             Ġwait               Ġfor                Ġit                 Ġto                 Ġcome              
Timings          : (240.091, 240.301)  (240.518, 240.738)  (240.738, 240.998)  (240.998, 241.283)  (241.521, 241.718)  (241.718, 242.068)  (242.068, 242.641)  (242.641, 242.778)  (242.778, 242.928)  (242.928, 243.188)  (243.188, 243.368)  (243.368, 243.498)  (243.498, 243.708)  (243.708, 243.768)  (243.768, 244.188) 
Token Types      : 1                   1                   1                   1                   1                   1                   1                   1                   1                   1                   1                   1                   1                   1                   1                  
turn_ids         : 80059264139280      80059264139280      80059264139280      80059264139280      80059264139280      80059264139280      80059264139280      80059264139280      80059264139280      80059264139280      80059264139280      80059264139280      80059264139280      80059264139280      80059264139280     
turn_end_types   : 1                   1                   1                   1                   1                   1                   1                   1                   1                   1                   1                   1                   1                   1                   1                  
speaker_ids      : 1                   1                   1                   1                   1                   1                   1                   1                   1                   1                   1                   1                   1                   1                   1                  

B                : hum                 <ebc>               <emp>               <emp>               <emp>               <emp>               <emp>               <emp>               <emp>               <emp>               <emp>               <emp>               <emp>               <emp>               <emp>              
Timings          : (240.091, 240.301)  (-1.0, -1.0)        (240.738, 240.998)  (240.998, 241.283)  (241.521, 241.718)  (241.718, 242.068)  (242.068, 242.641)  (242.641, 242.778)  (242.778, 242.928)  (242.928, 243.188)  (243.188, 243.368)  (243.368, 243.498)  (243.498, 243.708)  (243.708, 243.768)  (243.768, 244.188) 
Token Types      : 3                   3                   0                   0                   0                   0                   0                   0                   0                   0                   0                   0                   0                   0                   0                  
turn_ids         : 80061948493838      80061948493838      0                   0                   0                   0                   0                   0                   0                   0                   0                   0                   0                   0                   0                  
turn_end_types   : 0                   0                   0                   0                   0                   0                   0                   0                   0                   0                   0                   0                   0                   0                   0                  
speaker_ids      : 2                   2                   0                   0                   0                   0                   0                   0                   0                   0                   0                   0                   0                   0                   0                  


A                : <eot>               Ġand                <emp>               Ġum                 <eint>              <emp>               <emp>               <emp>               <emp>               <emp>               <emp>               <emp>               <emp>               <emp>               <emp>              
Timings          : (-1.0, -1.0)        (245.163, 245.493)  (245.388, 245.506)  (245.493, 245.642)  (-1.0, -1.0)        (246.139, 246.238)  (246.238, 246.548)  (246.548, 246.708)  (246.708, 247.098)  (247.098, 247.338)  (248.027, 248.21)   (248.21, 248.387)   (248.876, 249.145)  (249.251, 249.529)  (249.529, 249.609) 
Token Types      : 1                   5                   5                   5                   5                   0                   0                   0                   0                   0                   0                   0                   0                   0                   0                  
turn_ids         : 80059264139280      80063559106576      80063559106576      80063559106576      80063559106576      0                   0                   0                   0                   0                   0                   0                   0                   0                   0                  
turn_end_types   : 1                   0                   0                   0                   0                   0                   0                   0                   0                   0                   0                   0                   0                   0                   0                  
speaker_ids      : 1                   1                   1                   1                   1                   0                   0                   0                   0                   0                   0                   0                   0                   0                   0                  

B                : Ġyeah               Ġi                  'm                  <emp>               Ġyou                Ġknow               Ġi                  Ġi                  Ġjust               Ġuh                 Ġi                  Ġwould              Ġi                  Ġi                  Ġi                 
Timings          : (244.637, 244.913)  (245.269, 245.388)  (245.388, 245.506)  (245.493, 245.642)  (246.034, 246.139)  (246.139, 246.238)  (246.238, 246.548)  (246.548, 246.708)  (246.708, 247.098)  (247.098, 247.338)  (248.027, 248.21)   (248.21, 248.387)   (248.876, 249.145)  (249.251, 249.529)  (249.529, 249.609) 
Token Types      : 1                   1                   1                   1                   1                   1                   1                   1                   1                   1                   1                   1                   1                   1                   1                  
turn_ids         : 80059801010193      80059801010193      80059801010193      80059801010193      80059801010193      80059801010193      80059801010193      80059801010193      80059801010193      80059801010193      80059801010193      80059801010193      80059801010193      80059801010193      80059801010193     
turn_end_types   : 1                   1                   1                   1                   1                   1                   1                   1                   1                   1                   1                   1                   1                   1                   1                  
speaker_ids      : 2                   2                   2                   2                   2                   2                   2                   2                   2                   2                   2                   2                   2                   2                   2                  


A                : <emp>               <emp>               <emp>               <emp>               <emp>               <emp>               <emp>               <emp>               <emp>               <emp>               <emp>               <emp>               <emp>               <emp>               <emp>              
Timings          : (249.609, 249.689)  (249.689, 249.859)  (249.859, 249.908)  (249.908, 250.229)  (250.229, 250.628)  (250.628, 250.987)  (251.315, 251.408)  (251.408, 251.618)  (251.618, 251.768)  (251.768, 251.919)  (251.919, 252.068)  (252.068, 252.139)  (252.139, 252.428)  (252.428, 252.529)  (252.529, 252.809) 
Token Types      : 0                   0                   0                   0                   0                   0                   0                   0                   0                   0                   0                   0                   0                   0                   0                  
turn_ids         : 0                   0                   0                   0                   0                   0                   0                   0                   0                   0                   0                   0                   0                   0                   0                  
turn_end_types   : 0                   0                   0                   0                   0                   0                   0                   0                   0                   0                   0                   0                   0                   0                   0                  
speaker_ids      : 0                   0                   0                   0                   0                   0                   0                   0                   0                   0                   0                   0                   0                   0                   0                  

B                : 'm                  Ġnot                Ġa                  Ġmorning            Ġperson             Ġso                 Ġi                  Ġwould              Ġbe                 gr                  udge                Ġthe                Ġtime               Ġit                 Ġtakes             
Timings          : (249.609, 249.689)  (249.689, 249.859)  (249.859, 249.908)  (249.908, 250.229)  (250.229, 250.628)  (250.628, 250.987)  (251.315, 251.408)  (251.408, 251.618)  (251.618, 251.768)  (251.768, 251.919)  (251.919, 252.068)  (252.068, 252.139)  (252.139, 252.428)  (252.428, 252.529)  (252.529, 252.809) 
Token Types      : 1                   1                   1                   1                   1                   1                   1                   1                   1                   1                   1                   1                   1                   1                   1                  
turn_ids         : 80059801010193      80059801010193      80059801010193      80059801010193      80059801010193      80059801010193      80059801010193      80059801010193      80059801010193      80059801010193      80059801010193      80059801010193      80059801010193      80059801010193      80059801010193     
turn_end_types   : 1                   1                   1                   1                   1                   1                   1                   1                   1                   1                   1                   1                   1                   1                   1                  
speaker_ids      : 2                   2                   2                   2                   2                   2                   2                   2                   2                   2                   2                   2                   2                   2                   2                  


A                : <emp>               <emp>               <emp>               <emp>               <emp>               <emp>               <emp>               <emp>               <emp>               <emp>               <emp>               <emp>               <emp>               <emp>               <emp>              
Timings          : (252.809, 252.908)  (252.908, 252.999)  (252.999, 253.059)  (253.059, 253.408)  (253.408, 253.469)  (253.469, 253.699)  (253.699, 253.829)  (253.829, 254.169)  (254.169, 254.638)  (255.84, 255.96)    (255.96, 256.12)    (256.12, 256.25)    (256.25, 256.55)    (256.55, 256.88)    (256.88, 256.97)   
Token Types      : 0                   0                   0                   0                   0                   0                   0                   0                   0                   0                   0                   0                   0                   0                   0                  
turn_ids         : 0                   0                   0                   0                   0                   0                   0                   0                   0                   0                   0                   0                   0                   0                   0                  
turn_end_types   : 0                   0                   0                   0                   0                   0                   0                   0                   0                   0                   0                   0                   0                   0                   0                  
speaker_ids      : 0                   0                   0                   0                   0                   0                   0                   0                   0                   0                   0                   0                   0                   0                   0                  

B                : Ġme                 Ġin                 Ġthe                Ġmorning            Ġto                 Ġcatch              Ġmy                 Ġmorning            Ġnews               Ġi                  Ġget                Ġup                 Ġjust               Ġbarely             Ġin                
Timings          : (252.809, 252.908)  (252.908, 252.999)  (252.999, 253.059)  (253.059, 253.408)  (253.408, 253.469)  (253.469, 253.699)  (253.699, 253.829)  (253.829, 254.169)  (254.169, 254.638)  (255.84, 255.96)    (255.96, 256.12)    (256.12, 256.25)    (256.25, 256.55)    (256.55, 256.88)    (256.88, 256.97)   
Token Types      : 1                   1                   1                   1                   1                   1                   1                   1                   1                   1                   1                   1                   1                   1                   1                  
turn_ids         : 80059801010193      80059801010193      80059801010193      80059801010193      80059801010193      80059801010193      80059801010193      80059801010193      80059801010193      80059801010193      80059801010193      80059801010193      80059801010193      80059801010193      80059801010193     
turn_end_types   : 1                   1                   1                   1                   1                   1                   1                   1                   1                   1                   1                   1                   1                   1                   1                  
speaker_ids      : 2                   2                   2                   2                   2                   2                   2                   2                   2                   2                   2                   2                   2                   2                   2                  


A                : <emp>               <emp>               <emp>               <emp>               <emp>               <emp>               <emp>               <emp>               <emp>               <emp>               <emp>               <emp>               Ġoh                 <ebc>               <emp>              
Timings          : (256.97, 257.23)    (257.23, 257.3)     (257.3, 257.47)     (257.47, 257.62)    (257.62, 257.82)    (257.82, 258.09)    (258.09, 258.21)    (258.21, 258.32)    (258.32, 258.49)    (258.49, 258.6)     (258.6, 258.94)     (258.94, 259.08)    (259.015, 259.485)  (-1.0, -1.0)        (259.26, 259.51)   
Token Types      : 0                   0                   0                   0                   0                   0                   0                   0                   0                   0                   0                   0                   3                   3                   0                  
turn_ids         : 0                   0                   0                   0                   0                   0                   0                   0                   0                   0                   0                   0                   80061411622926      80061411622926      0                  
turn_end_types   : 0                   0                   0                   0                   0                   0                   0                   0                   0                   0                   0                   0                   0                   0                   0                  
speaker_ids      : 0                   0                   0                   0                   0                   0                   0                   0                   0                   0                   0                   0                   1                   1                   0                  

B                : Ġtime               Ġto                 Ġget                Ġup                 Ġget                Ġready              Ġand                Ġget                Ġoff                Ġto                 Ġwork               Ġand                Ġthen               Ġat                 Ġwork              
Timings          : (256.97, 257.23)    (257.23, 257.3)     (257.3, 257.47)     (257.47, 257.62)    (257.62, 257.82)    (257.82, 258.09)    (258.09, 258.21)    (258.21, 258.32)    (258.32, 258.49)    (258.49, 258.6)     (258.6, 258.94)     (258.94, 259.08)    (259.08, 259.17)    (259.17, 259.26)    (259.26, 259.51)   
Token Types      : 1                   1                   1                   1                   1                   1                   1                   1                   1                   1                   1                   1                   1                   1                   1                  
turn_ids         : 80059801010193      80059801010193      80059801010193      80059801010193      80059801010193      80059801010193      80059801010193      80059801010193      80059801010193      80059801010193      80059801010193      80059801010193      80059801010193      80059801010193      80059801010193     
turn_end_types   : 1                   1                   1                   1                   1                   1                   1                   1                   1                   1                   1                   1                   1                   1                   1                  
speaker_ids      : 2                   2                   2                   2                   2                   2                   2                   2                   2                   2                   2                   2                   2                   2                   2                  


A                : <emp>               <emp>               <emp>               <emp>               <emp>               <emp>               <emp>               <emp>               Ġyeah               Ġright              Ġonce               Ġyou                Ġget                Ġto                 Ġwork              
Timings          : (259.51, 259.57)    (259.57, 259.73)    (259.73, 259.88)    (259.88, 260.18)    (260.18, 260.28)    (260.28, 260.44)    (260.44, 260.51)    (260.51, 260.88)    (260.911, 261.251)  (261.251, 261.511)  (261.511, 261.741)  (261.741, 261.821)  (261.821, 261.991)  (261.991, 262.091)  (262.091, 262.341) 
Token Types      : 0                   0                   0                   0                   0                   0                   0                   0                   1                   1                   1                   1                   1                   1                   1                  
turn_ids         : 0                   0                   0                   0                   0                   0                   0                   0                   80059264139282      80059264139282      80059264139282      80059264139282      80059264139282      80059264139282      80059264139282     
turn_end_types   : 0                   0                   0                   0                   0                   0                   0                   0                   1                   1                   1                   1                   1                   1                   1                  
speaker_ids      : 0                   0                   0                   0                   0                   0                   0                   0                   1                   1                   1                   1                   1                   1                   1                  

B                : Ġi                  Ġhave               Ġno                 Ġtime               Ġto                 Ġread               Ġthe                Ġnews               <eot>               <emp>               <emp>               <emp>               <emp>               <emp>               <emp>              
Timings          : (259.51, 259.57)    (259.57, 259.73)    (259.73, 259.88)    (259.88, 260.18)    (260.18, 260.28)    (260.28, 260.44)    (260.44, 260.51)    (260.51, 260.88)    (-1.0, -1.0)        (261.251, 261.511)  (261.511, 261.741)  (261.741, 261.821)  (261.821, 261.991)  (261.991, 262.091)  (262.091, 262.341) 
Token Types      : 1                   1                   1                   1                   1                   1                   1                   1                   1                   0                   0                   0                   0                   0                   0                  
turn_ids         : 80059801010193      80059801010193      80059801010193      80059801010193      80059801010193      80059801010193      80059801010193      80059801010193      80059801010193      0                   0                   0                   0                   0                   0                  
turn_end_types   : 1                   1                   1                   1                   1                   1                   1                   1                   1                   0                   0                   0                   0                   0                   0                  
speaker_ids      : 2                   2                   2                   2                   2                   2                   2                   2                   2                   0                   0                   0                   0                   0                   0                  


A                : Ġi                  Ġwouldn             't                  Ġeither             Ġhuh                uh                  Ġbut                Ġi                  've                 Ġalways             Ġbeen               Ġa                  Ġmorning            Ġperson             Ġto                
Timings          : (262.341, 262.471)  (262.471, 262.706)  (262.706, 262.941)  (262.941, 263.041)  (263.041, 263.226)  (263.226, 263.411)  (264.087, 264.199)  (264.199, 264.269)  (264.269, 264.339)  (264.339, 264.569)  (264.569, 264.719)  (264.719, 264.809)  (264.809, 265.079)  (265.079, 265.459)  (265.459, 265.539) 
Token Types      : 1                   1                   1                   1                   1                   1                   1                   1                   1                   1                   1                   1                   1                   1                   1                  
turn_ids         : 80059264139282      80059264139282      80059264139282      80059264139282      80059264139282      80059264139282      80059264139282      80059264139282      80059264139282      80059264139282      80059264139282      80059264139282      80059264139282      80059264139282      80059264139282     
turn_end_types   : 1                   1                   1                   1                   1                   1                   1                   1                   1                   1                   1                   1                   1                   1                   1                  
speaker_ids      : 1                   1                   1                   1                   1                   1                   1                   1                   1                   1                   1                   1                   1                   1                   1                  

B                : <emp>               <emp>               <emp>               <emp>               <emp>               <emp>               Ġyeah               <ebc>               <emp>               <emp>               <emp>               <emp>               <emp>               <emp>               <emp>              
Timings          : (262.341, 262.471)  (262.471, 262.706)  (262.706, 262.941)  (262.941, 263.041)  (263.041, 263.226)  (263.226, 263.411)  (263.863, 264.143)  (-1.0, -1.0)        (264.269, 264.339)  (264.339, 264.569)  (264.569, 264.719)  (264.719, 264.809)  (264.809, 265.079)  (265.079, 265.459)  (265.459, 265.539) 
Token Types      : 0                   0                   0                   0                   0                   0                   3                   3                   0                   0                   0                   0                   0                   0                   0                  
turn_ids         : 0                   0                   0                   0                   0                   0                   80061948493840      80061948493840      0                   0                   0                   0                   0                   0                   0                  
turn_end_types   : 0                   0                   0                   0                   0                   0                   0                   0                   0                   0                   0                   0                   0                   0                   0                  
speaker_ids      : 0                   0                   0                   0                   0                   0                   2                   2                   0                   0                   0                   0                   0                   0                   0                  


A                : Ġget                Ġup                 Ġyou                Ġknow               <emp>               <emp>               Ġand                Ġbut                Ġi                  Ġcan                't                  Ġstay               Ġup                 Ġlate               Ġat                
Timings          : (265.539, 265.719)  (265.719, 265.899)  (265.899, 265.999)  (265.999, 266.229)  (266.539, 266.729)  (266.729, 266.919)  (266.862, 267.132)  (267.132, 267.262)  (267.262, 267.322)  (267.322, 267.462)  (267.462, 267.602)  (267.602, 267.752)  (267.752, 267.892)  (267.892, 268.042)  (268.042, 268.122) 
Token Types      : 1                   1                   1                   1                   1                   1                   1                   1                   1                   1                   1                   1                   1                   1                   1                  
turn_ids         : 80059264139282      80059264139282      80059264139282      80059264139282      80059264139282      80059264139282      80059264139282      80059264139282      80059264139282      80059264139282      80059264139282      80059264139282      80059264139282      80059264139282      80059264139282     
turn_end_types   : 1                   1                   1                   1                   1                   1                   1                   1                   1                   1                   1                   1                   1                   1                   1                  
speaker_ids      : 1                   1                   1                   1                   1                   1                   1                   1                   1                   1                   1                   1                   1                   1                   1                  

B                : <emp>               <emp>               <emp>               <emp>               Ġum                 hum                 <ebc>               <emp>               <emp>               <emp>               <emp>               <emp>               <emp>               <emp>               <emp>              
Timings          : (265.539, 265.719)  (265.719, 265.899)  (265.899, 265.999)  (265.999, 266.229)  (266.539, 266.729)  (266.729, 266.919)  (-1.0, -1.0)        (267.132, 267.262)  (267.262, 267.322)  (267.322, 267.462)  (267.462, 267.602)  (267.602, 267.752)  (267.752, 267.892)  (267.892, 268.042)  (268.042, 268.122) 
Token Types      : 0                   0                   0                   0                   3                   3                   3                   0                   0                   0                   0                   0                   0                   0                   0                  
turn_ids         : 0                   0                   0                   0                   80061948493841      80061948493841      80061948493841      0                   0                   0                   0                   0                   0                   0                   0                  
turn_end_types   : 0                   0                   0                   0                   0                   0                   0                   0                   0                   0                   0                   0                   0                   0                   0                  
speaker_ids      : 0                   0                   0                   0                   2                   2                   2                   0                   0                   0                   0                   0                   0                   0                   0                  


A                : Ġnight              Ġto                 Ġwatch              Ġthe                Ġlate               Ġnews               Ġso                 Ġi                  Ġguess              Ġthat               's                  Ġwhy                Ġi                  Ġwatch              Ġit                
Timings          : (268.122, 268.382)  (268.382, 268.472)  (268.472, 268.762)  (268.762, 268.872)  (268.872, 269.082)  (269.082, 269.332)  (269.332, 269.662)  (271.322, 271.402)  (271.402, 271.602)  (271.602, 271.697)  (271.697, 271.792)  (271.792, 271.912)  (271.912, 271.992)  (271.992, 272.242)  (272.242, 272.322) 
Token Types      : 1                   1                   1                   1                   1                   1                   1                   1                   1                   1                   1                   1                   1                   1                   1                  
turn_ids         : 80059264139282      80059264139282      80059264139282      80059264139282      80059264139282      80059264139282      80059264139282      80059264139282      80059264139282      80059264139282      80059264139282      80059264139282      80059264139282      80059264139282      80059264139282     
turn_end_types   : 1                   1                   1                   1                   1                   1                   1                   1                   1                   1                   1                   1                   1                   1                   1                  
speaker_ids      : 1                   1                   1                   1                   1                   1                   1                   1                   1                   1                   1                   1                   1                   1                   1                  

B                : <emp>               <emp>               <emp>               <emp>               <emp>               <emp>               <emp>               <emp>               <emp>               <emp>               <emp>               <emp>               <emp>               <emp>               <emp>              
Timings          : (268.122, 268.382)  (268.382, 268.472)  (268.472, 268.762)  (268.762, 268.872)  (268.872, 269.082)  (269.082, 269.332)  (269.332, 269.662)  (271.322, 271.402)  (271.402, 271.602)  (271.602, 271.697)  (271.697, 271.792)  (271.792, 271.912)  (271.912, 271.992)  (271.992, 272.242)  (272.242, 272.322) 
Token Types      : 0                   0                   0                   0                   0                   0                   0                   0                   0                   0                   0                   0                   0                   0                   0                  
turn_ids         : 0                   0                   0                   0                   0                   0                   0                   0                   0                   0                   0                   0                   0                   0                   0                  
turn_end_types   : 0                   0                   0                   0                   0                   0                   0                   0                   0                   0                   0                   0                   0                   0                   0                  
speaker_ids      : 0                   0                   0                   0                   0                   0                   0                   0                   0                   0                   0                   0                   0                   0                   0                  


A                : Ġat                 Ġfive               Ġo                  '                   clock               <emp>               Ġbut                Ġany                how                 Ġwell               Ġlisten             Ġi                  Ġguess              Ġthat               's                 
Timings          : (272.322, 272.412)  (272.412, 272.652)  (272.652, 272.815)  (272.815, 272.978)  (272.978, 273.142)  (274.894, 275.334)  (275.762, 276.092)  (276.112, 276.412)  (276.412, 276.712)  (277.242, 277.592)  (277.592, 277.912)  (277.912, 277.992)  (277.992, 278.212)  (278.212, 278.317)  (278.317, 278.422) 
Token Types      : 1                   1                   1                   1                   1                   1                   1                   1                   1                   1                   1                   1                   1                   1                   1                  
turn_ids         : 80059264139282      80059264139282      80059264139282      80059264139282      80059264139282      80059264139282      80059264139282      80059264139282      80059264139282      80059264139282      80059264139282      80059264139282      80059264139282      80059264139282      80059264139282     
turn_end_types   : 1                   1                   1                   1                   1                   1                   1                   1                   1                   1                   1                   1                   1                   1                   1                  
speaker_ids      : 1                   1                   1                   1                   1                   1                   1                   1                   1                   1                   1                   1                   1                   1                   1                  

B                : <emp>               <emp>               <emp>               <emp>               <emp>               Ġyeah               <ebc>               <emp>               <emp>               <emp>               <emp>               <emp>               <emp>               <emp>               <emp>              
Timings          : (272.322, 272.412)  (272.412, 272.652)  (272.652, 272.815)  (272.815, 272.978)  (272.978, 273.142)  (274.894, 275.334)  (-1.0, -1.0)        (276.112, 276.412)  (276.412, 276.712)  (277.242, 277.592)  (277.592, 277.912)  (277.912, 277.992)  (277.992, 278.212)  (278.212, 278.317)  (278.317, 278.422) 
Token Types      : 0                   0                   0                   0                   0                   3                   3                   0                   0                   0                   0                   0                   0                   0                   0                  
turn_ids         : 0                   0                   0                   0                   0                   80061948493842      80061948493842      0                   0                   0                   0                   0                   0                   0                   0                  
turn_end_types   : 0                   0                   0                   0                   0                   0                   0                   0                   0                   0                   0                   0                   0                   0                   0                  
speaker_ids      : 0                   0                   0                   0                   0                   2                   2                   0                   0                   0                   0                   0                   0                   0                   0                  


A                : Ġabout              Ġit                 Ġthen               <eot>               Ġit                 's                  Ġbeen               Ġnice               Ġtalking            Ġto                 Ġyou                Ġt                  ony                 <eot>               <emp>              
Timings          : (278.422, 278.692)  (278.692, 278.902)  (278.902, 279.192)  (-1.0, -1.0)        (279.956, 280.066)  (280.066, 280.176)  (280.176, 280.316)  (280.316, 280.566)  (280.566, 280.896)  (280.896, 280.996)  (280.996, 281.136)  (281.136, 281.405)  (281.405, 281.673)  (-1.0, -1.0)        (282.06, 282.12)   
Token Types      : 1                   1                   1                   1                   1                   1                   1                   1                   1                   1                   1                   1                   1                   1                   0                  
turn_ids         : 80059264139282      80059264139282      80059264139282      80059264139282      80059264139284      80059264139284      80059264139284      80059264139284      80059264139284      80059264139284      80059264139284      80059264139284      80059264139284      80059264139284      0                  
turn_end_types   : 1                   1                   1                   1                   1                   1                   1                   1                   1                   1                   1                   1                   1                   1                   0                  
speaker_ids      : 1                   1                   1                   1                   1                   1                   1                   1                   1                   1                   1                   1                   1                   1                   0                  

B                : <emp>               <emp>               <emp>               Ġokay               <eot>               <emp>               <emp>               <emp>               <emp>               <emp>               <emp>               <emp>               Ġnice               Ġtalking            Ġto                
Timings          : (278.422, 278.692)  (278.692, 278.902)  (278.902, 279.192)  (279.341, 279.811)  (-1.0, -1.0)        (280.066, 280.176)  (280.176, 280.316)  (280.316, 280.566)  (280.566, 280.896)  (280.896, 280.996)  (280.996, 281.136)  (281.136, 281.405)  (281.565, 281.76)   (281.76, 282.06)    (282.06, 282.12)   
Token Types      : 0                   0                   0                   1                   1                   0                   0                   0                   0                   0                   0                   0                   1                   1                   1                  
turn_ids         : 0                   0                   0                   80059801010195      80059801010195      0                   0                   0                   0                   0                   0                   0                   80059801010197      80059801010197      80059801010197     
turn_end_types   : 0                   0                   0                   1                   1                   0                   0                   0                   0                   0                   0                   0                   2                   2                   2                  
speaker_ids      : 0                   0                   0                   2                   2                   0                   0                   0                   0                   0                   0                   0                   2                   2                   2                  


A                : <emp>               <emp>               <emp>               <emp>               <emp>               <emp>               <emp>               <emp>               <emp>               <emp>               <emp>               <emp>               <emp>               <emp>               <emp>              
Timings          : (282.12, 282.23)    (282.23, 282.275)   (282.275, 282.32)   (282.32, 282.7)     (282.7, 283.01)     (283.01, 283.09)    (283.09, 283.17)    (283.17, 283.56)    (283.56, 283.62)    (283.62, 283.8)     (283.8, 283.85)     (283.85, 284.16)    (284.16, 284.23)    (284.23, 284.39)    (284.39, 284.57)   
Token Types      : 0                   0                   0                   0                   0                   0                   0                   0                   0                   0                   0                   0                   0                   0                   0                  
turn_ids         : 0                   0                   0                   0                   0                   0                   0                   0                   0                   0                   0                   0                   0                   0                   0                  
turn_end_types   : 0                   0                   0                   0                   0                   0                   0                   0                   0                   0                   0                   0                   0                   0                   0                  
speaker_ids      : 0                   0                   0                   0                   0                   0                   0                   0                   0                   0                   0                   0                   0                   0                   0                  

B                : Ġyou                Ġi                  'll                 Ġprobably           Ġtalk               Ġto                 Ġyou                Ġagain              Ġi                  Ġhad                Ġa                  Ġfriend             Ġwho                Ġwas                Ġin                
Timings          : (282.12, 282.23)    (282.23, 282.275)   (282.275, 282.32)   (282.32, 282.7)     (282.7, 283.01)     (283.01, 283.09)    (283.09, 283.17)    (283.17, 283.56)    (283.56, 283.62)    (283.62, 283.8)     (283.8, 283.85)     (283.85, 284.16)    (284.16, 284.23)    (284.23, 284.39)    (284.39, 284.57)   
Token Types      : 1                   1                   1                   1                   1                   1                   1                   1                   1                   1                   1                   1                   1                   1                   1                  
turn_ids         : 80059801010197      80059801010197      80059801010197      80059801010197      80059801010197      80059801010197      80059801010197      80059801010197      80059801010197      80059801010197      80059801010197      80059801010197      80059801010197      80059801010197      80059801010197     
turn_end_types   : 2                   2                   2                   2                   2                   2                   2                   2                   2                   2                   2                   2                   2                   2                   2                  
speaker_ids      : 2                   2                   2                   2                   2                   2                   2                   2                   2                   2                   2                   2                   2                   2                   2                  


A                : <emp>               <emp>               <emp>               <emp>               <emp>               <emp>               <emp>               <emp>               <emp>               <emp>               <emp>               <emp>               <emp>               Ġoh                 Ġreally            
Timings          : (284.57, 284.79)    (284.79, 284.88)    (284.88, 285.03)    (285.03, 285.25)    (285.25, 285.34)    (285.34, 285.591)   (285.817, 285.99)   (285.99, 286.26)    (286.26, 286.39)    (286.39, 286.45)    (286.45, 286.7)     (286.7, 287.07)     (287.07, 287.657)   (287.706, 287.914)  (287.914, 288.329) 
Token Types      : 0                   0                   0                   0                   0                   0                   0                   0                   0                   0                   0                   0                   0                   5                   5                  
turn_ids         : 0                   0                   0                   0                   0                   0                   0                   0                   0                   0                   0                   0                   0                   80063559106580      80063559106580     
turn_end_types   : 0                   0                   0                   0                   0                   0                   0                   0                   0                   0                   0                   0                   0                   0                   0                  
speaker_ids      : 0                   0                   0                   0                   0                   0                   0                   0                   0                   0                   0                   0                   0                   1                   1                  

B                : Ġthis               Ġand                Ġhe                 Ġsaid               Ġthat               Ġhe                 Ġgot                Ġcalls              Ġfrom               Ġthe                Ġsame               Ġcaller             Ġsometimes          <emp>               <emp>              
Timings          : (284.57, 284.79)    (284.79, 284.88)    (284.88, 285.03)    (285.03, 285.25)    (285.25, 285.34)    (285.34, 285.591)   (285.817, 285.99)   (285.99, 286.26)    (286.26, 286.39)    (286.39, 286.45)    (286.45, 286.7)     (286.7, 287.07)     (287.07, 287.657)   (287.706, 287.914)  (287.914, 288.329) 
Token Types      : 1                   1                   1                   1                   1                   1                   1                   1                   1                   1                   1                   1                   1                   1                   1                  
turn_ids         : 80059801010197      80059801010197      80059801010197      80059801010197      80059801010197      80059801010197      80059801010197      80059801010197      80059801010197      80059801010197      80059801010197      80059801010197      80059801010197      80059801010197      80059801010197     
turn_end_types   : 2                   2                   2                   2                   2                   2                   2                   2                   2                   2                   2                   2                   2                   2                   2                  
speaker_ids      : 2                   2                   2                   2                   2                   2                   2                   2                   2                   2                   2                   2                   2                   2                   2                  


A                : <eint>              Ġoh                 Ġwell               Ġthat               Ġhasn               't                  Ġhappened           Ġto                 Ġme                 Ġyet                Ġso                 Ġyou                Ġnever              Ġknow               Ġit                
Timings          : (-1.0, -1.0)        (289.035, 289.235)  (289.235, 289.355)  (289.355, 289.495)  (289.495, 289.625)  (289.625, 289.755)  (289.755, 290.055)  (290.055, 290.145)  (290.145, 290.315)  (290.315, 290.76)   (291.329, 291.485)  (291.485, 291.595)  (291.595, 291.845)  (291.845, 292.025)  (292.025, 292.155) 
Token Types      : 5                   1                   1                   1                   1                   1                   1                   1                   1                   1                   1                   1                   1                   1                   1                  
turn_ids         : 80063559106580      80059264139286      80059264139286      80059264139286      80059264139286      80059264139286      80059264139286      80059264139286      80059264139286      80059264139286      80059264139286      80059264139286      80059264139286      80059264139286      80059264139286     
turn_end_types   : 0                   2                   2                   2                   2                   2                   2                   2                   2                   2                   2                   2                   2                   2                   2                  
speaker_ids      : 1                   1                   1                   1                   1                   1                   1                   1                   1                   1                   1                   1                   1                   1                   1                  

B                : Ġyeah               <yield>             <emp>               <emp>               <emp>               <emp>               <emp>               <emp>               <emp>               <emp>               <emp>               <emp>               <emp>               <emp>               <emp>              
Timings          : (288.275, 288.697)  (-1.0, -1.0)        (289.235, 289.355)  (289.355, 289.495)  (289.495, 289.625)  (289.625, 289.755)  (289.755, 290.055)  (290.055, 290.145)  (290.145, 290.315)  (290.315, 290.76)   (291.329, 291.485)  (291.485, 291.595)  (291.595, 291.845)  (291.845, 292.025)  (292.025, 292.155) 
Token Types      : 1                   1                   0                   0                   0                   0                   0                   0                   0                   0                   0                   0                   0                   0                   0                  
turn_ids         : 80059801010197      80059801010197      0                   0                   0                   0                   0                   0                   0                   0                   0                   0                   0                   0                   0                  
turn_end_types   : 2                   2                   0                   0                   0                   0                   0                   0                   0                   0                   0                   0                   0                   0                   0                  
speaker_ids      : 2                   2                   0                   0                   0                   0                   0                   0                   0                   0                   0                   0                   0                   0                   0                  


A                : Ġmight              Ġthis               Ġtime               <emp>               <emp>               <emp>               Ġokay               Ġt                  ony                 <emp>               <emp>               <emp>               Ġum                 hum                 Ġbye               
Timings          : (292.155, 292.405)  (292.405, 292.565)  (292.565, 292.938)  (293.001, 293.106)  (293.106, 293.211)  (293.211, 293.461)  (293.855, 294.255)  (294.255, 294.509)  (294.509, 294.764)  (294.74, 294.908)   (294.908, 295.008)  (295.008, 295.394)  (295.261, 295.528)  (295.528, 295.795)  (295.795, 296.028) 
Token Types      : 1                   1                   1                   1                   1                   1                   1                   1                   1                   1                   1                   1                   1                   1                   1                  
turn_ids         : 80059264139286      80059264139286      80059264139286      80059264139286      80059264139286      80059264139286      80059264139286      80059264139286      80059264139286      80059264139286      80059264139286      80059264139286      80059264139286      80059264139286      80059264139286     
turn_end_types   : 2                   2                   2                   2                   2                   2                   2                   2                   2                   2                   2                   2                   2                   2                   2                  
speaker_ids      : 1                   1                   1                   1                   1                   1                   1                   1                   1                   1                   1                   1                   1                   1                   1                  

B                : <emp>               <emp>               <emp>               Ġthat               's                  Ġright              <eint>              <emp>               <emp>               Ġtake               Ġit                 Ġeasy               <emp>               <emp>               <emp>              
Timings          : (292.155, 292.405)  (292.405, 292.565)  (292.565, 292.938)  (293.001, 293.106)  (293.106, 293.211)  (293.211, 293.461)  (-1.0, -1.0)        (294.255, 294.509)  (294.509, 294.764)  (294.74, 294.908)   (294.908, 295.008)  (295.008, 295.394)  (295.261, 295.528)  (295.528, 295.795)  (295.795, 296.028) 
Token Types      : 0                   0                   0                   5                   5                   5                   5                   0                   0                   4                   4                   4                   4                   4                   4                  
turn_ids         : 0                   0                   0                   80064095977499      80064095977499      80064095977499      80064095977499      0                   0                   80063022235671      80063022235671      80063022235671      80063022235671      80063022235671      80063022235671     
turn_end_types   : 0                   0                   0                   0                   0                   0                   0                   0                   0                   1                   1                   1                   1                   1                   1                  
speaker_ids      : 0                   0                   0                   2                   2                   2                   2                   0                   0                   2                   2                   2                   2                   2                   2                  


A                : bye                                                                           <yield>                                                                       <emp>                                                                        
Timings          : (296.028, 296.262)                                                            (-1.0, -1.0)                                                                  (-1.0, -1.0)                                                                 
Token Types      : 1                                                                             1                                                                             0                                                                            
turn_ids         : 80059264139286                                                                80059264139286                                                                0                                                                            
turn_end_types   : 2                                                                             2                                                                             0                                                                            
speaker_ids      : 1                                                                             1                                                                             0                                                                            

B                : Ġbye                                                                          bye                                                                           <eot>                                                                        
Timings          : (296.087, 296.277)                                                            (296.277, 296.468)                                                            (-1.0, -1.0)                                                                 
Token Types      : 4                                                                             4                                                                             4                                                                            
turn_ids         : 80063022235671                                                                80063022235671                                                                80063022235671                                                               
turn_end_types   : 1                                                                             1                                                                             1                                                                            
speaker_ids      : 2                                                                             2                                                                             2                                                                            


