A                : um                  Ġwell               Ġyou                Ġknow               Ġi                  Ġi                  Ġthink              Ġit                 Ġit                 Ġreally             Ġdepends            Ġyou                Ġknow               Ġi                  Ġthink             
Timings          : (0.223, 0.689)      (1.25, 1.381)       (1.381, 1.471)      (1.471, 1.631)      (1.631, 1.812)      (1.812, 1.971)      (1.971, 2.261)      (2.261, 2.301)      (2.301, 2.721)      (2.721, 2.941)      (2.941, 3.69)       (4.206, 4.271)      (4.271, 4.351)      (4.351, 4.459)      (4.459, 4.719)     
Token Types      : 1                   1                   1                   1                   1                   1                   1                   1                   1                   1                   1                   1                   1                   1                   1                  
turn_ids         : 79715666755584      79715666755584      79715666755584      79715666755584      79715666755584      79715666755584      79715666755584      79715666755584      79715666755584      79715666755584      79715666755584      79715666755584      79715666755584      79715666755584      79715666755584     
turn_end_types   : 1                   1                   1                   1                   1                   1                   1                   1                   1                   1                   1                   1                   1                   1                   1                  
speaker_ids      : 1                   1                   1                   1                   1                   1                   1                   1                   1                   1                   1                   1                   1                   1                   1                  

B                : <emp>               <emp>               <emp>               <emp>               <emp>               <emp>               <emp>               <emp>               <emp>               <emp>               <emp>               <emp>               <emp>               <emp>               <emp>              
Timings          : (0.223, 0.689)      (1.25, 1.381)       (1.381, 1.471)      (1.471, 1.631)      (1.631, 1.812)      (1.812, 1.971)      (1.971, 2.261)      (2.261, 2.301)      (2.301, 2.721)      (2.721, 2.941)      (2.941, 3.69)       (4.206, 4.271)      (4.271, 4.351)      (4.351, 4.459)      (4.459, 4.719)     
Token Types      : 0                   0                   0                   0                   0                   0                   0                   0                   0                   0                   0                   0                   0                   0                   0                  
turn_ids         : 0                   0                   0                   0                   0                   0                   0                   0                   0                   0                   0                   0                   0                   0                   0                  
turn_end_types   : 0                   0                   0                   0                   0                   0                   0                   0                   0                   0                   0                   0                   0                   0                   0                  
speaker_ids      : 0                   0                   0                   0                   0                   0                   0                   0                   0                   0                   0                   0                   0                   0                   0                  


A                : Ġyou                Ġknow               Ġif                 Ġif                 Ġyou                Ġknow               Ġtaking             Ġthe                Ġcurrent            Ġbatch              Ġwe                 've                 Ġgot                Ġyou                Ġlike              
Timings          : (4.719, 4.831)      (4.831, 4.991)      (4.991, 5.231)      (5.231, 5.377)      (5.377, 5.621)      (5.621, 5.721)      (5.721, 5.981)      (5.981, 6.041)      (6.041, 6.371)      (6.371, 6.721)      (6.721, 6.786)      (6.786, 6.851)      (6.851, 7.011)      (7.011, 7.091)      (7.091, 7.31)      
Token Types      : 1                   1                   1                   1                   1                   1                   1                   1                   1                   1                   1                   1                   1                   1                   1                  
turn_ids         : 79715666755584      79715666755584      79715666755584      79715666755584      79715666755584      79715666755584      79715666755584      79715666755584      79715666755584      79715666755584      79715666755584      79715666755584      79715666755584      79715666755584      79715666755584     
turn_end_types   : 1                   1                   1                   1                   1                   1                   1                   1                   1                   1                   1                   1                   1                   1                   1                  
speaker_ids      : 1                   1                   1                   1                   1                   1                   1                   1                   1                   1                   1                   1                   1                   1                   1                  

B                : <emp>               <emp>               <emp>               <emp>               <emp>               <emp>               <emp>               <emp>               <emp>               <emp>               <emp>               <emp>               <emp>               <emp>               <emp>              
Timings          : (4.719, 4.831)      (4.831, 4.991)      (4.991, 5.231)      (5.231, 5.377)      (5.377, 5.621)      (5.621, 5.721)      (5.721, 5.981)      (5.981, 6.041)      (6.041, 6.371)      (6.371, 6.721)      (6.721, 6.786)      (6.786, 6.851)      (6.851, 7.011)      (7.011, 7.091)      (7.091, 7.31)      
Token Types      : 0                   0                   0                   0                   0                   0                   0                   0                   0                   0                   0                   0                   0                   0                   0                  
turn_ids         : 0                   0                   0                   0                   0                   0                   0                   0                   0                   0                   0                   0                   0                   0                   0                  
turn_end_types   : 0                   0                   0                   0                   0                   0                   0                   0                   0                   0                   0                   0                   0                   0                   0                  
speaker_ids      : 0                   0                   0                   0                   0                   0                   0                   0                   0                   0                   0                   0                   0                   0                   0                  


A                : Ġi                  Ġthink              Ġp                  aul                 Ġt                  song                as                  Ġprobably           Ġisn                't                  Ġin                 Ġit                 Ġfor                Ġlike               Ġhis               
Timings          : (7.31, 7.419)       (7.419, 7.561)      (7.561, 7.651)      (7.651, 7.741)      (7.741, 7.921)      (7.921, 8.101)      (8.101, 8.281)      (8.281, 8.837)      (9.232, 9.396)      (9.396, 9.561)      (9.561, 9.651)      (9.651, 9.831)      (9.831, 10.051)     (10.051, 10.291)    (10.291, 10.441)   
Token Types      : 1                   1                   1                   1                   1                   1                   1                   1                   1                   1                   1                   1                   1                   1                   1                  
turn_ids         : 79715666755584      79715666755584      79715666755584      79715666755584      79715666755584      79715666755584      79715666755584      79715666755584      79715666755584      79715666755584      79715666755584      79715666755584      79715666755584      79715666755584      79715666755584     
turn_end_types   : 1                   1                   1                   1                   1                   1                   1                   1                   1                   1                   1                   1                   1                   1                   1                  
speaker_ids      : 1                   1                   1                   1                   1                   1                   1                   1                   1                   1                   1                   1                   1                   1                   1                  

B                : <emp>               <emp>               <emp>               <emp>               <emp>               <emp>               <emp>               <emp>               <emp>               <emp>               <emp>               <emp>               <emp>               <emp>               <emp>              
Timings          : (7.31, 7.419)       (7.419, 7.561)      (7.561, 7.651)      (7.651, 7.741)      (7.741, 7.921)      (7.921, 8.101)      (8.101, 8.281)      (8.281, 8.837)      (9.232, 9.396)      (9.396, 9.561)      (9.561, 9.651)      (9.651, 9.831)      (9.831, 10.051)     (10.051, 10.291)    (10.291, 10.441)   
Token Types      : 0                   0                   0                   0                   0                   0                   0                   0                   0                   0                   0                   0                   0                   0                   0                  
turn_ids         : 0                   0                   0                   0                   0                   0                   0                   0                   0                   0                   0                   0                   0                   0                   0                  
turn_end_types   : 0                   0                   0                   0                   0                   0                   0                   0                   0                   0                   0                   0                   0                   0                   0                  
speaker_ids      : 0                   0                   0                   0                   0                   0                   0                   0                   0                   0                   0                   0                   0                   0                   0                  


A                : Ġown                Ġgain               Ġi                  Ġi                  Ġdon                't                  Ġsee                Ġhim                Ġas                 Ġthat               Ġkind               Ġof                 Ġa                  Ġguy                Ġi                 
Timings          : (10.441, 10.671)    (10.671, 11.096)    (11.898, 12.058)    (12.058, 12.208)    (12.208, 12.303)    (12.303, 12.398)    (12.398, 12.458)    (12.458, 12.578)    (12.578, 12.688)    (12.688, 12.848)    (12.848, 13.028)    (13.028, 13.088)    (13.088, 13.138)    (13.138, 13.468)    (13.468, 13.608)   
Token Types      : 1                   1                   1                   1                   1                   1                   1                   1                   1                   1                   1                   1                   1                   1                   1                  
turn_ids         : 79715666755584      79715666755584      79715666755584      79715666755584      79715666755584      79715666755584      79715666755584      79715666755584      79715666755584      79715666755584      79715666755584      79715666755584      79715666755584      79715666755584      79715666755584     
turn_end_types   : 1                   1                   1                   1                   1                   1                   1                   1                   1                   1                   1                   1                   1                   1                   1                  
speaker_ids      : 1                   1                   1                   1                   1                   1                   1                   1                   1                   1                   1                   1                   1                   1                   1                  

B                : <emp>               <emp>               <emp>               <emp>               <emp>               <emp>               <emp>               <emp>               <emp>               <emp>               <emp>               <emp>               <emp>               <emp>               <emp>              
Timings          : (10.441, 10.671)    (10.671, 11.096)    (11.898, 12.058)    (12.058, 12.208)    (12.208, 12.303)    (12.303, 12.398)    (12.398, 12.458)    (12.458, 12.578)    (12.578, 12.688)    (12.688, 12.848)    (12.848, 13.028)    (13.028, 13.088)    (13.088, 13.138)    (13.138, 13.468)    (13.468, 13.608)   
Token Types      : 0                   0                   0                   0                   0                   0                   0                   0                   0                   0                   0                   0                   0                   0                   0                  
turn_ids         : 0                   0                   0                   0                   0                   0                   0                   0                   0                   0                   0                   0                   0                   0                   0                  
turn_end_types   : 0                   0                   0                   0                   0                   0                   0                   0                   0                   0                   0                   0                   0                   0                   0                  
speaker_ids      : 0                   0                   0                   0                   0                   0                   0                   0                   0                   0                   0                   0                   0                   0                   0                  


A                : Ġcan                Ġbelieve            Ġlike               Ġthat               Ġbill               Ġcl                 inton               Ġmight              Ġbe                 Ġum                 Ġi                  Ġcertainly          Ġthink              Ġa                  Ġlot               
Timings          : (13.608, 13.798)    (13.798, 14.068)    (14.068, 14.464)    (15.149, 15.428)    (15.428, 15.598)    (15.598, 15.843)    (15.843, 16.088)    (16.088, 16.368)    (16.368, 16.66)     (17.783, 18.053)    (18.053, 18.133)    (18.133, 18.523)    (18.523, 18.793)    (18.793, 18.853)    (18.853, 19.013)   
Token Types      : 1                   1                   1                   1                   1                   1                   1                   1                   1                   1                   1                   1                   1                   1                   1                  
turn_ids         : 79715666755584      79715666755584      79715666755584      79715666755584      79715666755584      79715666755584      79715666755584      79715666755584      79715666755584      79715666755584      79715666755584      79715666755584      79715666755584      79715666755584      79715666755584     
turn_end_types   : 1                   1                   1                   1                   1                   1                   1                   1                   1                   1                   1                   1                   1                   1                   1                  
speaker_ids      : 1                   1                   1                   1                   1                   1                   1                   1                   1                   1                   1                   1                   1                   1                   1                  

B                : <emp>               <emp>               <emp>               <emp>               <emp>               <emp>               <emp>               <emp>               <emp>               <emp>               <emp>               <emp>               <emp>               <emp>               <emp>              
Timings          : (13.608, 13.798)    (13.798, 14.068)    (14.068, 14.464)    (15.149, 15.428)    (15.428, 15.598)    (15.598, 15.843)    (15.843, 16.088)    (16.088, 16.368)    (16.368, 16.66)     (17.783, 18.053)    (18.053, 18.133)    (18.133, 18.523)    (18.523, 18.793)    (18.793, 18.853)    (18.853, 19.013)   
Token Types      : 0                   0                   0                   0                   0                   0                   0                   0                   0                   0                   0                   0                   0                   0                   0                  
turn_ids         : 0                   0                   0                   0                   0                   0                   0                   0                   0                   0                   0                   0                   0                   0                   0                  
turn_end_types   : 0                   0                   0                   0                   0                   0                   0                   0                   0                   0                   0                   0                   0                   0                   0                  
speaker_ids      : 0                   0                   0                   0                   0                   0                   0                   0                   0                   0                   0                   0                   0                   0                   0                  


A                : Ġof                 Ġpeople             Ġin                 Ġcongress           Ġare                <eot>               <emp>               <emp>               <emp>               <emp>               <emp>               <emp>               <emp>               <emp>               <emp>              
Timings          : (19.013, 19.093)    (19.093, 19.303)    (19.303, 19.373)    (19.373, 19.903)    (19.903, 20.201)    (-1.0, -1.0)        (24.038, 24.282)    (24.282, 24.525)    (24.661, 24.819)    (24.819, 24.999)    (24.999, 25.088)    (25.088, 25.178)    (25.178, 25.348)    (25.348, 25.428)    (25.428, 25.719)   
Token Types      : 1                   1                   1                   1                   1                   1                   0                   0                   0                   0                   0                   0                   0                   0                   0                  
turn_ids         : 79715666755584      79715666755584      79715666755584      79715666755584      79715666755584      79715666755584      0                   0                   0                   0                   0                   0                   0                   0                   0                  
turn_end_types   : 1                   1                   1                   1                   1                   1                   0                   0                   0                   0                   0                   0                   0                   0                   0                  
speaker_ids      : 1                   1                   1                   1                   1                   1                   0                   0                   0                   0                   0                   0                   0                   0                   0                  

B                : <emp>               <emp>               <emp>               <emp>               <emp>               well                Ġit                 's                  Ġfor                Ġme                 Ġit                 's                  Ġhard               Ġto                 Ġtalk              
Timings          : (19.013, 19.093)    (19.093, 19.303)    (19.303, 19.373)    (19.373, 19.903)    (19.903, 20.201)    (21.594, 21.994)    (24.038, 24.282)    (24.282, 24.525)    (24.661, 24.819)    (24.819, 24.999)    (24.999, 25.088)    (25.088, 25.178)    (25.178, 25.348)    (25.348, 25.428)    (25.428, 25.719)   
Token Types      : 0                   0                   0                   0                   0                   1                   1                   1                   1                   1                   1                   1                   1                   1                   1                  
turn_ids         : 0                   0                   0                   0                   0                   79716203626497      79716203626497      79716203626497      79716203626497      79716203626497      79716203626497      79716203626497      79716203626497      79716203626497      79716203626497     
turn_end_types   : 0                   0                   0                   0                   0                   1                   1                   1                   1                   1                   1                   1                   1                   1                   1                  
speaker_ids      : 0                   0                   0                   0                   0                   2                   2                   2                   2                   2                   2                   2                   2                   2                   2                  


A                : <emp>               <emp>               <emp>               <emp>               <emp>               <emp>               <emp>               <emp>               <emp>               <emp>               <emp>               <emp>               <emp>               <emp>               <emp>              
Timings          : (25.719, 26.229)    (26.229, 26.378)    (26.378, 27.41)     (27.87, 28.188)     (28.188, 28.258)    (28.258, 28.419)    (28.419, 28.579)    (28.579, 28.729)    (28.729, 28.788)    (28.788, 29.188)    (29.188, 29.428)    (29.428, 29.483)    (29.483, 29.538)    (29.538, 29.729)    (29.729, 29.989)   
Token Types      : 0                   0                   0                   0                   0                   0                   0                   0                   0                   0                   0                   0                   0                   0                   0                  
turn_ids         : 0                   0                   0                   0                   0                   0                   0                   0                   0                   0                   0                   0                   0                   0                   0                  
turn_end_types   : 0                   0                   0                   0                   0                   0                   0                   0                   0                   0                   0                   0                   0                   0                   0                  
speaker_ids      : 0                   0                   0                   0                   0                   0                   0                   0                   0                   0                   0                   0                   0                   0                   0                  

B                : Ġabout              Ġuh                 Ġspecifics          Ġbecause            Ġi                  Ġdon                't                  Ġknow               Ġthe                Ġpeople             Ġall                Ġi                  've                 Ġread               Ġis                
Timings          : (25.719, 26.229)    (26.229, 26.378)    (26.378, 27.41)     (27.87, 28.188)     (28.188, 28.258)    (28.258, 28.419)    (28.419, 28.579)    (28.579, 28.729)    (28.729, 28.788)    (28.788, 29.188)    (29.188, 29.428)    (29.428, 29.483)    (29.483, 29.538)    (29.538, 29.729)    (29.729, 29.989)   
Token Types      : 1                   1                   1                   1                   1                   1                   1                   1                   1                   1                   1                   1                   1                   1                   1                  
turn_ids         : 79716203626497      79716203626497      79716203626497      79716203626497      79716203626497      79716203626497      79716203626497      79716203626497      79716203626497      79716203626497      79716203626497      79716203626497      79716203626497      79716203626497      79716203626497     
turn_end_types   : 1                   1                   1                   1                   1                   1                   1                   1                   1                   1                   1                   1                   1                   1                   1                  
speaker_ids      : 2                   2                   2                   2                   2                   2                   2                   2                   2                   2                   2                   2                   2                   2                   2                  


A                : <emp>               um                  hum                 <ebc>               <emp>               <emp>               <emp>               <emp>               <emp>               <emp>               <emp>               <emp>               <emp>               <emp>               <emp>              
Timings          : (29.989, 30.231)    (30.578, 30.625)    (30.625, 30.673)    (-1.0, -1.0)        (31.319, 32.093)    (32.301, 32.625)    (32.625, 32.95)     (34.226, 34.336)    (34.336, 34.776)    (34.776, 35.206)    (35.206, 35.376)    (35.376, 35.536)    (35.536, 35.656)    (35.656, 35.721)    (35.721, 35.786)   
Token Types      : 0                   3                   3                   3                   0                   0                   0                   0                   0                   0                   0                   0                   0                   0                   0                  
turn_ids         : 0                   79717814239233      79717814239233      79717814239233      0                   0                   0                   0                   0                   0                   0                   0                   0                   0                   0                  
turn_end_types   : 0                   0                   0                   0                   0                   0                   0                   0                   0                   0                   0                   0                   0                   0                   0                  
speaker_ids      : 0                   1                   1                   1                   0                   0                   0                   0                   0                   0                   0                   0                   0                   0                   0                  

B                : Ġuh                 <emp>               <emp>               Ġthe                Ġheadlines          Ġthe                Ġuh                 Ġthe                Ġgeneric            Ġquestion           Ġwhich              Ġis                 Ġwhat               Ġthey               're                
Timings          : (29.989, 30.231)    (30.578, 30.625)    (30.625, 30.673)    (31.24, 31.319)     (31.319, 32.093)    (32.301, 32.625)    (32.625, 32.95)     (34.226, 34.336)    (34.336, 34.776)    (34.776, 35.206)    (35.206, 35.376)    (35.376, 35.536)    (35.536, 35.656)    (35.656, 35.721)    (35.721, 35.786)   
Token Types      : 1                   1                   1                   1                   1                   1                   1                   1                   1                   1                   1                   1                   1                   1                   1                  
turn_ids         : 79716203626497      79716203626497      79716203626497      79716203626497      79716203626497      79716203626497      79716203626497      79716203626497      79716203626497      79716203626497      79716203626497      79716203626497      79716203626497      79716203626497      79716203626497     
turn_end_types   : 1                   1                   1                   1                   1                   1                   1                   1                   1                   1                   1                   1                   1                   1                   1                  
speaker_ids      : 2                   2                   2                   2                   2                   2                   2                   2                   2                   2                   2                   2                   2                   2                   2                  


A                : <emp>               <emp>               <emp>               Ġyeah               <ebc>               <emp>               <emp>               <emp>               <emp>               <emp>               <emp>               <emp>               <emp>               <emp>               <emp>              
Timings          : (35.786, 36.176)    (36.176, 36.487)    (36.728, 36.916)    (36.881, 37.107)    (-1.0, -1.0)        (37.376, 37.596)    (38.995, 39.255)    (39.255, 39.915)    (40.335, 40.545)    (40.545, 40.975)    (40.975, 41.085)    (41.085, 41.445)    (41.445, 41.57)     (41.57, 41.674)     (41.674, 42.194)   
Token Types      : 0                   0                   0                   3                   3                   0                   0                   0                   0                   0                   0                   0                   0                   0                   0                  
turn_ids         : 0                   0                   0                   79717814239234      79717814239234      0                   0                   0                   0                   0                   0                   0                   0                   0                   0                  
turn_end_types   : 0                   0                   0                   0                   0                   0                   0                   0                   0                   0                   0                   0                   0                   0                   0                  
speaker_ids      : 0                   0                   0                   1                   1                   0                   0                   0                   0                   0                   0                   0                   0                   0                   0                  

B                : Ġtalking            Ġabout              Ġi                  Ġthink              Ġit                 's                  Ġall                Ġgovernment         Ġany                Ġgovernment         Ġis                 Ġbased              Ġon                 Ġthe                Ġhonesty           
Timings          : (35.786, 36.176)    (36.176, 36.487)    (36.728, 36.916)    (36.916, 37.156)    (37.156, 37.376)    (37.376, 37.596)    (38.995, 39.255)    (39.255, 39.915)    (40.335, 40.545)    (40.545, 40.975)    (40.975, 41.085)    (41.085, 41.445)    (41.445, 41.57)     (41.57, 41.674)     (41.674, 42.194)   
Token Types      : 1                   1                   1                   1                   1                   1                   1                   1                   1                   1                   1                   1                   1                   1                   1                  
turn_ids         : 79716203626497      79716203626497      79716203626497      79716203626497      79716203626497      79716203626497      79716203626497      79716203626497      79716203626497      79716203626497      79716203626497      79716203626497      79716203626497      79716203626497      79716203626497     
turn_end_types   : 1                   1                   1                   1                   1                   1                   1                   1                   1                   1                   1                   1                   1                   1                   1                  
speaker_ids      : 2                   2                   2                   2                   2                   2                   2                   2                   2                   2                   2                   2                   2                   2                   2                  


A                : <emp>               <emp>               <emp>               <emp>               <emp>               <emp>               Ġyeah               Ġwell               Ġyou                Ġknow               Ġi                  Ġthink              Ġi                  Ġthink              Ġif                
Timings          : (42.194, 42.315)    (42.655, 42.849)    (42.849, 42.935)    (43.299, 43.386)    (43.386, 43.819)    (44.486, 44.705)    (45.384, 45.614)    (45.614, 45.844)    (45.844, 45.964)    (45.964, 46.044)    (46.044, 46.252)    (46.252, 46.384)    (46.384, 46.523)    (46.523, 46.664)    (46.664, 46.794)   
Token Types      : 0                   0                   0                   0                   0                   0                   1                   1                   1                   1                   1                   1                   1                   1                   1                  
turn_ids         : 0                   0                   0                   0                   0                   0                   79715666755586      79715666755586      79715666755586      79715666755586      79715666755586      79715666755586      79715666755586      79715666755586      79715666755586     
turn_end_types   : 0                   0                   0                   0                   0                   0                   1                   1                   1                   1                   1                   1                   1                   1                   1                  
speaker_ids      : 0                   0                   0                   0                   0                   0                   1                   1                   1                   1                   1                   1                   1                   1                   1                  

B                : Ġof                 Ġthe                Ġof                 Ġthe                Ġindividual         Ġright              <eot>               <emp>               <emp>               <emp>               <emp>               <emp>               <emp>               <emp>               <emp>              
Timings          : (42.194, 42.315)    (42.655, 42.849)    (42.849, 42.935)    (43.299, 43.386)    (43.386, 43.819)    (44.486, 44.705)    (-1.0, -1.0)        (45.614, 45.844)    (45.844, 45.964)    (45.964, 46.044)    (46.044, 46.252)    (46.252, 46.384)    (46.384, 46.523)    (46.523, 46.664)    (46.664, 46.794)   
Token Types      : 1                   1                   1                   1                   1                   1                   1                   0                   0                   0                   0                   0                   0                   0                   0                  
turn_ids         : 79716203626497      79716203626497      79716203626497      79716203626497      79716203626497      79716203626497      79716203626497      0                   0                   0                   0                   0                   0                   0                   0                  
turn_end_types   : 1                   1                   1                   1                   1                   1                   1                   0                   0                   0                   0                   0                   0                   0                   0                  
speaker_ids      : 2                   2                   2                   2                   2                   2                   2                   0                   0                   0                   0                   0                   0                   0                   0                  


A                : Ġyou                Ġlike               Ġcompare            Ġus                 Ġto                 Ġother              Ġgovernments        Ġyou                Ġknow               Ġi                  Ġi                  Ġthink              Ġwe                 Ġtend               Ġto                
Timings          : (46.794, 47.061)    (47.061, 47.284)    (47.284, 47.634)    (47.634, 47.81)     (47.81, 47.964)     (47.964, 48.244)    (48.244, 49.434)    (49.434, 49.494)    (49.494, 49.554)    (49.554, 49.654)    (49.654, 49.804)    (49.804, 49.994)    (49.994, 50.094)    (50.094, 50.274)    (50.274, 50.334)   
Token Types      : 1                   1                   1                   1                   1                   1                   1                   1                   1                   1                   1                   1                   1                   1                   1                  
turn_ids         : 79715666755586      79715666755586      79715666755586      79715666755586      79715666755586      79715666755586      79715666755586      79715666755586      79715666755586      79715666755586      79715666755586      79715666755586      79715666755586      79715666755586      79715666755586     
turn_end_types   : 1                   1                   1                   1                   1                   1                   1                   1                   1                   1                   1                   1                   1                   1                   1                  
speaker_ids      : 1                   1                   1                   1                   1                   1                   1                   1                   1                   1                   1                   1                   1                   1                   1                  

B                : <emp>               <emp>               <emp>               <emp>               <emp>               <emp>               <emp>               <emp>               <emp>               <emp>               <emp>               <emp>               <emp>               <emp>               <emp>              
Timings          : (46.794, 47.061)    (47.061, 47.284)    (47.284, 47.634)    (47.634, 47.81)     (47.81, 47.964)     (47.964, 48.244)    (48.244, 49.434)    (49.434, 49.494)    (49.494, 49.554)    (49.554, 49.654)    (49.654, 49.804)    (49.804, 49.994)    (49.994, 50.094)    (50.094, 50.274)    (50.274, 50.334)   
Token Types      : 0                   0                   0                   0                   0                   0                   0                   0                   0                   0                   0                   0                   0                   0                   0                  
turn_ids         : 0                   0                   0                   0                   0                   0                   0                   0                   0                   0                   0                   0                   0                   0                   0                  
turn_end_types   : 0                   0                   0                   0                   0                   0                   0                   0                   0                   0                   0                   0                   0                   0                   0                  
speaker_ids      : 0                   0                   0                   0                   0                   0                   0                   0                   0                   0                   0                   0                   0                   0                   0                  


A                : Ġbe                 Ġoverly             Ġcritical           Ġof                 Ġour                Ġown                Ġgovernment         Ġi                  Ġmean               Ġyou                Ġgo                 Ġand                Ġlook               Ġlike               Ġa                 
Timings          : (50.334, 50.484)    (50.484, 50.964)    (50.964, 51.324)    (51.324, 51.414)    (51.414, 51.484)    (51.484, 51.604)    (51.604, 51.904)    (51.904, 51.944)    (51.944, 52.074)    (52.074, 52.244)    (52.244, 52.394)    (52.394, 52.484)    (52.484, 52.624)    (52.624, 52.846)    (53.102, 53.177)   
Token Types      : 1                   1                   1                   1                   1                   1                   1                   1                   1                   1                   1                   1                   1                   1                   1                  
turn_ids         : 79715666755586      79715666755586      79715666755586      79715666755586      79715666755586      79715666755586      79715666755586      79715666755586      79715666755586      79715666755586      79715666755586      79715666755586      79715666755586      79715666755586      79715666755586     
turn_end_types   : 1                   1                   1                   1                   1                   1                   1                   1                   1                   1                   1                   1                   1                   1                   1                  
speaker_ids      : 1                   1                   1                   1                   1                   1                   1                   1                   1                   1                   1                   1                   1                   1                   1                  

B                : <emp>               <emp>               <emp>               <emp>               <emp>               <emp>               <emp>               <emp>               <emp>               <emp>               <emp>               <emp>               <emp>               <emp>               <emp>              
Timings          : (50.334, 50.484)    (50.484, 50.964)    (50.964, 51.324)    (51.324, 51.414)    (51.414, 51.484)    (51.484, 51.604)    (51.604, 51.904)    (51.904, 51.944)    (51.944, 52.074)    (52.074, 52.244)    (52.244, 52.394)    (52.394, 52.484)    (52.484, 52.624)    (52.624, 52.846)    (53.102, 53.177)   
Token Types      : 0                   0                   0                   0                   0                   0                   0                   0                   0                   0                   0                   0                   0                   0                   0                  
turn_ids         : 0                   0                   0                   0                   0                   0                   0                   0                   0                   0                   0                   0                   0                   0                   0                  
turn_end_types   : 0                   0                   0                   0                   0                   0                   0                   0                   0                   0                   0                   0                   0                   0                   0                  
speaker_ids      : 0                   0                   0                   0                   0                   0                   0                   0                   0                   0                   0                   0                   0                   0                   0                  


A                : Ġlot                Ġof                 Ġthese              Ġaf                 rican               Ġcountries          Ġwhere              Ġcorruption         Ġis                 Ġright              Ġright              Ġout                Ġin                 Ġthe                Ġopen              
Timings          : (53.177, 53.264)    (53.264, 53.344)    (53.344, 53.464)    (53.564, 53.794)    (53.794, 54.024)    (54.024, 54.404)    (54.404, 54.574)    (54.574, 55.044)    (55.044, 55.164)    (55.164, 55.398)    (55.398, 55.609)    (55.609, 55.804)    (55.804, 55.914)    (55.914, 55.974)    (55.974, 56.334)   
Token Types      : 1                   1                   1                   1                   1                   1                   1                   1                   1                   1                   1                   1                   1                   1                   1                  
turn_ids         : 79715666755586      79715666755586      79715666755586      79715666755586      79715666755586      79715666755586      79715666755586      79715666755586      79715666755586      79715666755586      79715666755586      79715666755586      79715666755586      79715666755586      79715666755586     
turn_end_types   : 1                   1                   1                   1                   1                   1                   1                   1                   1                   1                   1                   1                   1                   1                   1                  
speaker_ids      : 1                   1                   1                   1                   1                   1                   1                   1                   1                   1                   1                   1                   1                   1                   1                  

B                : <emp>               <emp>               <emp>               <emp>               <emp>               <emp>               <emp>               <emp>               <emp>               <emp>               <emp>               <emp>               <emp>               <emp>               <emp>              
Timings          : (53.177, 53.264)    (53.264, 53.344)    (53.344, 53.464)    (53.564, 53.794)    (53.794, 54.024)    (54.024, 54.404)    (54.404, 54.574)    (54.574, 55.044)    (55.044, 55.164)    (55.164, 55.398)    (55.398, 55.609)    (55.609, 55.804)    (55.804, 55.914)    (55.914, 55.974)    (55.974, 56.334)   
Token Types      : 0                   0                   0                   0                   0                   0                   0                   0                   0                   0                   0                   0                   0                   0                   0                  
turn_ids         : 0                   0                   0                   0                   0                   0                   0                   0                   0                   0                   0                   0                   0                   0                   0                  
turn_end_types   : 0                   0                   0                   0                   0                   0                   0                   0                   0                   0                   0                   0                   0                   0                   0                  
speaker_ids      : 0                   0                   0                   0                   0                   0                   0                   0                   0                   0                   0                   0                   0                   0                   0                  


A                : Ġit                 's                  Ġlike               Ġyou                Ġknow               Ġyou                Ġwant               Ġto                 Ġdo                 Ġsomething          Ġyou                Ġknow               Ġyou                Ġbetter             Ġeven              
Timings          : (56.334, 56.464)    (56.464, 56.594)    (56.594, 56.904)    (57.611, 57.721)    (57.721, 57.961)    (57.961, 58.091)    (58.091, 58.281)    (58.281, 58.351)    (58.351, 58.521)    (58.521, 59.091)    (59.091, 59.231)    (59.231, 59.491)    (59.491, 59.631)    (59.631, 59.851)    (59.851, 60.081)   
Token Types      : 1                   1                   1                   1                   1                   1                   1                   1                   1                   1                   1                   1                   1                   1                   1                  
turn_ids         : 79715666755586      79715666755586      79715666755586      79715666755586      79715666755586      79715666755586      79715666755586      79715666755586      79715666755586      79715666755586      79715666755586      79715666755586      79715666755586      79715666755586      79715666755586     
turn_end_types   : 1                   1                   1                   1                   1                   1                   1                   1                   1                   1                   1                   1                   1                   1                   1                  
speaker_ids      : 1                   1                   1                   1                   1                   1                   1                   1                   1                   1                   1                   1                   1                   1                   1                  

B                : <emp>               <emp>               <emp>               <emp>               <emp>               <emp>               <emp>               <emp>               <emp>               <emp>               <emp>               <emp>               <emp>               <emp>               <emp>              
Timings          : (56.334, 56.464)    (56.464, 56.594)    (56.594, 56.904)    (57.611, 57.721)    (57.721, 57.961)    (57.961, 58.091)    (58.091, 58.281)    (58.281, 58.351)    (58.351, 58.521)    (58.521, 59.091)    (59.091, 59.231)    (59.231, 59.491)    (59.491, 59.631)    (59.631, 59.851)    (59.851, 60.081)   
Token Types      : 0                   0                   0                   0                   0                   0                   0                   0                   0                   0                   0                   0                   0                   0                   0                  
turn_ids         : 0                   0                   0                   0                   0                   0                   0                   0                   0                   0                   0                   0                   0                   0                   0                  
turn_end_types   : 0                   0                   0                   0                   0                   0                   0                   0                   0                   0                   0                   0                   0                   0                   0                  
speaker_ids      : 0                   0                   0                   0                   0                   0                   0                   0                   0                   0                   0                   0                   0                   0                   0                  


A                : Ġbe                 Ġthe                Ġpresident          's                  Ġbest               Ġfriend             Ġor                 Ġyou                Ġknow               Ġpay                Ġme                 Ġa                  Ġlot                Ġof                 Ġmoney             
Timings          : (60.081, 60.181)    (60.181, 60.251)    (60.251, 60.496)    (60.496, 60.741)    (60.741, 61.001)    (61.001, 61.381)    (61.381, 61.591)    (62.281, 62.341)    (62.341, 62.421)    (62.421, 62.611)    (62.611, 62.721)    (62.721, 62.781)    (62.781, 62.931)    (62.931, 62.991)    (62.991, 63.425)   
Token Types      : 1                   1                   1                   1                   1                   1                   1                   1                   1                   1                   1                   1                   1                   1                   1                  
turn_ids         : 79715666755586      79715666755586      79715666755586      79715666755586      79715666755586      79715666755586      79715666755586      79715666755586      79715666755586      79715666755586      79715666755586      79715666755586      79715666755586      79715666755586      79715666755586     
turn_end_types   : 1                   1                   1                   1                   1                   1                   1                   1                   1                   1                   1                   1                   1                   1                   1                  
speaker_ids      : 1                   1                   1                   1                   1                   1                   1                   1                   1                   1                   1                   1                   1                   1                   1                  

B                : <emp>               <emp>               <emp>               <emp>               <emp>               <emp>               <emp>               <emp>               <emp>               <emp>               <emp>               <emp>               <emp>               <emp>               <emp>              
Timings          : (60.081, 60.181)    (60.181, 60.251)    (60.251, 60.496)    (60.496, 60.741)    (60.741, 61.001)    (61.001, 61.381)    (61.381, 61.591)    (62.281, 62.341)    (62.341, 62.421)    (62.421, 62.611)    (62.611, 62.721)    (62.721, 62.781)    (62.781, 62.931)    (62.931, 62.991)    (62.991, 63.425)   
Token Types      : 0                   0                   0                   0                   0                   0                   0                   0                   0                   0                   0                   0                   0                   0                   0                  
turn_ids         : 0                   0                   0                   0                   0                   0                   0                   0                   0                   0                   0                   0                   0                   0                   0                  
turn_end_types   : 0                   0                   0                   0                   0                   0                   0                   0                   0                   0                   0                   0                   0                   0                   0                  
speaker_ids      : 0                   0                   0                   0                   0                   0                   0                   0                   0                   0                   0                   0                   0                   0                   0                  


A                : <eot>               <emp>               <emp>               <emp>               <emp>               <emp>               <emp>               <emp>               <emp>               <emp>               <emp>               <emp>               <emp>               <emp>               <emp>              
Timings          : (-1.0, -1.0)        (63.91, 64.109)     (64.109, 64.35)     (64.35, 64.59)      (64.59, 64.7)       (64.7, 64.81)       (64.81, 65.02)      (65.02, 65.09)      (65.09, 65.249)     (65.249, 65.359)    (65.359, 65.967)    (66.517, 66.89)     (66.89, 67.189)     (67.189, 67.49)     (67.49, 67.59)     
Token Types      : 1                   0                   0                   0                   0                   0                   0                   0                   0                   0                   0                   0                   0                   0                   0                  
turn_ids         : 79715666755586      0                   0                   0                   0                   0                   0                   0                   0                   0                   0                   0                   0                   0                   0                  
turn_end_types   : 1                   0                   0                   0                   0                   0                   0                   0                   0                   0                   0                   0                   0                   0                   0                  
speaker_ids      : 1                   0                   0                   0                   0                   0                   0                   0                   0                   0                   0                   0                   0                   0                   0                  

B                : Ġyeah               Ġwell               Ġthat               's                  Ġthat               's                  Ġpart               Ġof                 Ġit                 Ġthe                Ġtradition          Ġcertainly          Ġmod                ifies               Ġit                
Timings          : (63.7, 63.91)       (63.91, 64.109)     (64.109, 64.35)     (64.35, 64.59)      (64.59, 64.7)       (64.7, 64.81)       (64.81, 65.02)      (65.02, 65.09)      (65.09, 65.249)     (65.249, 65.359)    (65.359, 65.967)    (66.517, 66.89)     (66.89, 67.189)     (67.189, 67.49)     (67.49, 67.59)     
Token Types      : 1                   1                   1                   1                   1                   1                   1                   1                   1                   1                   1                   1                   1                   1                   1                  
turn_ids         : 79716203626499      79716203626499      79716203626499      79716203626499      79716203626499      79716203626499      79716203626499      79716203626499      79716203626499      79716203626499      79716203626499      79716203626499      79716203626499      79716203626499      79716203626499     
turn_end_types   : 2                   2                   2                   2                   2                   2                   2                   2                   2                   2                   2                   2                   2                   2                   2                  
speaker_ids      : 2                   2                   2                   2                   2                   2                   2                   2                   2                   2                   2                   2                   2                   2                   2                  


A                : <emp>               <emp>               <emp>               <emp>               <emp>               <emp>               <emp>               <emp>               Ġb                  aks                 he                  esh                 Ġor                 Ġwhatever           Ġthey              
Timings          : (67.59, 67.74)      (67.74, 67.85)      (67.85, 68.136)     (68.302, 68.729)    (68.729, 69.24)     (69.24, 69.477)     (70.302, 70.66)     (70.66, 71.021)     (71.337, 71.508)    (71.508, 71.68)     (71.68, 71.851)     (71.851, 72.022)    (72.022, 72.289)    (72.289, 72.559)    (72.559, 72.649)   
Token Types      : 0                   0                   0                   0                   0                   0                   0                   0                   4                   4                   4                   4                   4                   4                   4                  
turn_ids         : 0                   0                   0                   0                   0                   0                   0                   0                   79718887981060      79718887981060      79718887981060      79718887981060      79718887981060      79718887981060      79718887981060     
turn_end_types   : 0                   0                   0                   0                   0                   0                   0                   0                   2                   2                   2                   2                   2                   2                   2                  
speaker_ids      : 0                   0                   0                   0                   0                   0                   0                   0                   1                   1                   1                   1                   1                   1                   1                  

B                : Ġif                 Ġyou                Ġhave               Ġuh                 Ġtradition          Ġof                 Ġof                 Ġum                 <emp>               Ġlike               <yield>             <emp>               <emp>               <emp>               <emp>              
Timings          : (67.59, 67.74)      (67.74, 67.85)      (67.85, 68.136)     (68.302, 68.729)    (68.729, 69.24)     (69.24, 69.477)     (70.302, 70.66)     (70.66, 71.021)     (71.337, 71.508)    (71.531, 71.689)    (-1.0, -1.0)        (71.851, 72.022)    (72.022, 72.289)    (72.289, 72.559)    (72.559, 72.649)   
Token Types      : 1                   1                   1                   1                   1                   1                   1                   1                   1                   1                   1                   0                   0                   0                   0                  
turn_ids         : 79716203626499      79716203626499      79716203626499      79716203626499      79716203626499      79716203626499      79716203626499      79716203626499      79716203626499      79716203626499      79716203626499      0                   0                   0                   0                  
turn_end_types   : 2                   2                   2                   2                   2                   2                   2                   2                   2                   2                   2                   0                   0                   0                   0                  
speaker_ids      : 2                   2                   2                   2                   2                   2                   2                   2                   2                   2                   2                   0                   0                   0                   0                  


A                : Ġcall               Ġit                 <yield>             <emp>               <emp>               <emp>               <emp>               Ġright              <emp>               Ġor                 Ġbucks              Ġmake               Ġright              <eot>               <emp>              
Timings          : (72.649, 72.959)    (72.959, 73.049)    (-1.0, -1.0)        (73.258, 73.538)    (73.538, 73.783)    (73.896, 74.068)    (74.068, 74.4)      (74.758, 75.098)    (75.008, 75.138)    (75.098, 75.308)    (75.308, 75.598)    (75.598, 75.788)    (75.788, 76.048)    (-1.0, -1.0)        (77.14, 77.4)      
Token Types      : 4                   4                   4                   0                   0                   0                   0                   4                   4                   4                   4                   4                   4                   4                   0                  
turn_ids         : 79718887981060      79718887981060      79718887981060      0                   0                   0                   0                   79718887981062      79718887981062      79718887981062      79718887981062      79718887981062      79718887981062      79718887981062      0                  
turn_end_types   : 2                   2                   2                   0                   0                   0                   0                   1                   1                   1                   1                   1                   1                   1                   0                  
speaker_ids      : 1                   1                   1                   0                   0                   0                   0                   1                   1                   1                   1                   1                   1                   1                   0                  

B                : Ġyeah               Ġor                 Ġmight              Ġmakes              Ġright              Ġor                 Ġmoney              Ġand                Ġwhich              Ġis                 Ġmight              <yield>             <emp>               Ġso                 Ġuh                
Timings          : (72.712, 72.798)    (72.798, 73.016)    (73.016, 73.258)    (73.258, 73.538)    (73.538, 73.783)    (73.896, 74.068)    (74.068, 74.4)      (74.649, 74.868)    (75.008, 75.138)    (75.138, 75.268)    (75.268, 75.737)    (-1.0, -1.0)        (75.788, 76.048)    (76.77, 77.14)      (77.14, 77.4)      
Token Types      : 4                   4                   4                   4                   4                   4                   4                   4                   4                   4                   4                   4                   0                   1                   1                  
turn_ids         : 79719424851973      79719424851973      79719424851973      79719424851973      79719424851973      79719424851973      79719424851973      79719424851973      79719424851973      79719424851973      79719424851973      79719424851973      0                   79716203626503      79716203626503     
turn_end_types   : 2                   2                   2                   2                   2                   2                   2                   2                   2                   2                   2                   2                   0                   1                   1                  
speaker_ids      : 2                   2                   2                   2                   2                   2                   2                   2                   2                   2                   2                   2                   0                   2                   2                  


A                : <emp>               <emp>               <emp>               <emp>               <emp>               <emp>               <emp>               <emp>               <emp>               <emp>               <emp>               <emp>               <emp>               <emp>               <emp>              
Timings          : (77.4, 77.592)      (78.07, 78.43)      (78.43, 78.475)     (78.475, 78.52)     (78.52, 78.69)      (78.69, 78.84)      (78.84, 78.9)       (78.9, 79.09)       (79.09, 79.16)      (79.16, 79.42)      (79.42, 79.6)       (79.6, 79.68)       (79.68, 80.19)      (80.19, 80.321)     (80.321, 80.415)   
Token Types      : 0                   0                   0                   0                   0                   0                   0                   0                   0                   0                   0                   0                   0                   0                   0                  
turn_ids         : 0                   0                   0                   0                   0                   0                   0                   0                   0                   0                   0                   0                   0                   0                   0                  
turn_end_types   : 0                   0                   0                   0                   0                   0                   0                   0                   0                   0                   0                   0                   0                   0                   0                  
speaker_ids      : 0                   0                   0                   0                   0                   0                   0                   0                   0                   0                   0                   0                   0                   0                   0                  

B                : Ġin                 Ġcertainly          Ġyou                're                 Ġnot                Ġgoing              Ġto                 Ġhave               Ġthe                Ġsame               Ġkind               Ġof                 Ġhonesty            Ġon                 Ġthe               
Timings          : (77.4, 77.592)      (78.07, 78.43)      (78.43, 78.475)     (78.475, 78.52)     (78.52, 78.69)      (78.69, 78.84)      (78.84, 78.9)       (78.9, 79.09)       (79.09, 79.16)      (79.16, 79.42)      (79.42, 79.6)       (79.6, 79.68)       (79.68, 80.19)      (80.19, 80.321)     (80.321, 80.415)   
Token Types      : 1                   1                   1                   1                   1                   1                   1                   1                   1                   1                   1                   1                   1                   1                   1                  
turn_ids         : 79716203626503      79716203626503      79716203626503      79716203626503      79716203626503      79716203626503      79716203626503      79716203626503      79716203626503      79716203626503      79716203626503      79716203626503      79716203626503      79716203626503      79716203626503     
turn_end_types   : 1                   1                   1                   1                   1                   1                   1                   1                   1                   1                   1                   1                   1                   1                   1                  
speaker_ids      : 2                   2                   2                   2                   2                   2                   2                   2                   2                   2                   2                   2                   2                   2                   2                  


A                : <emp>               <emp>               <emp>               <emp>               <emp>               <emp>               <emp>               <emp>               <emp>               <emp>               <emp>               <emp>               <emp>               <emp>               <emp>              
Timings          : (80.415, 80.59)     (80.59, 81.01)      (81.01, 81.142)     (82.55, 82.716)     (82.834, 82.89)     (82.89, 83.025)     (83.025, 83.34)     (83.34, 83.47)      (83.47, 83.75)      (83.75, 83.84)      (83.84, 84.0)       (84.0, 84.11)       (84.11, 84.24)      (84.24, 84.3)       (84.3, 84.51)      
Token Types      : 0                   0                   0                   0                   0                   0                   0                   0                   0                   0                   0                   0                   0                   0                   0                  
turn_ids         : 0                   0                   0                   0                   0                   0                   0                   0                   0                   0                   0                   0                   0                   0                   0                  
turn_end_types   : 0                   0                   0                   0                   0                   0                   0                   0                   0                   0                   0                   0                   0                   0                   0                  
speaker_ids      : 0                   0                   0                   0                   0                   0                   0                   0                   0                   0                   0                   0                   0                   0                   0                  

B                : Ġother              Ġhand               Ġuh                 Ġi                  Ġi                  Ġi                  Ġthink              Ġit                 Ġseems              Ġto                 Ġme                 Ġthat               Ġall                Ġthe                Ġbig               
Timings          : (80.415, 80.59)     (80.59, 81.01)      (81.01, 81.142)     (82.55, 82.716)     (82.834, 82.89)     (82.89, 83.025)     (83.025, 83.34)     (83.34, 83.47)      (83.47, 83.75)      (83.75, 83.84)      (83.84, 84.0)       (84.0, 84.11)       (84.11, 84.24)      (84.24, 84.3)       (84.3, 84.51)      
Token Types      : 1                   1                   1                   1                   1                   1                   1                   1                   1                   1                   1                   1                   1                   1                   1                  
turn_ids         : 79716203626503      79716203626503      79716203626503      79716203626503      79716203626503      79716203626503      79716203626503      79716203626503      79716203626503      79716203626503      79716203626503      79716203626503      79716203626503      79716203626503      79716203626503     
turn_end_types   : 1                   1                   1                   1                   1                   1                   1                   1                   1                   1                   1                   1                   1                   1                   1                  
speaker_ids      : 2                   2                   2                   2                   2                   2                   2                   2                   2                   2                   2                   2                   2                   2                   2                  


A                : <emp>               <emp>               <emp>               <emp>               <emp>               <emp>               <emp>               <emp>               <emp>               <emp>               <emp>               <emp>               <emp>               <emp>               <emp>              
Timings          : (84.51, 85.299)     (85.615, 85.75)     (85.75, 86.12)      (86.12, 86.477)     (86.713, 87.19)     (87.942, 88.472)    (88.472, 89.126)    (89.337, 89.702)    (89.702, 89.932)    (89.932, 90.312)    (90.312, 90.606)    (90.791, 91.342)    (91.342, 91.552)    (92.365, 92.738)    (92.738, 93.077)   
Token Types      : 0                   0                   0                   0                   0                   0                   0                   0                   0                   0                   0                   0                   0                   0                   0                  
turn_ids         : 0                   0                   0                   0                   0                   0                   0                   0                   0                   0                   0                   0                   0                   0                   0                  
turn_end_types   : 0                   0                   0                   0                   0                   0                   0                   0                   0                   0                   0                   0                   0                   0                   0                  
speaker_ids      : 0                   0                   0                   0                   0                   0                   0                   0                   0                   0                   0                   0                   0                   0                   0                  

B                : Ġscandals           Ġare                Ġbased              Ġon                 Ġeither             Ġindividual         Ġhonesty            Ġuh                 Ġgoing              Ġcorrupt            Ġor                 Ġfrankly            Ġuh                 Ġuh                 Ġelect             
Timings          : (84.51, 85.299)     (85.615, 85.75)     (85.75, 86.12)      (86.12, 86.477)     (86.713, 87.19)     (87.942, 88.472)    (88.472, 89.126)    (89.337, 89.702)    (89.702, 89.932)    (89.932, 90.312)    (90.312, 90.606)    (90.791, 91.342)    (91.342, 91.552)    (92.365, 92.738)    (92.738, 93.077)   
Token Types      : 1                   1                   1                   1                   1                   1                   1                   1                   1                   1                   1                   1                   1                   1                   1                  
turn_ids         : 79716203626503      79716203626503      79716203626503      79716203626503      79716203626503      79716203626503      79716203626503      79716203626503      79716203626503      79716203626503      79716203626503      79716203626503      79716203626503      79716203626503      79716203626503     
turn_end_types   : 1                   1                   1                   1                   1                   1                   1                   1                   1                   1                   1                   1                   1                   1                   1                  
speaker_ids      : 2                   2                   2                   2                   2                   2                   2                   2                   2                   2                   2                   2                   2                   2                   2                  


A                : <emp>               <emp>               <emp>               <emp>               <emp>               <emp>               Ġwell               Ġyou                Ġknow               Ġi                  Ġi                  Ġthink              Ġyou                Ġknow               Ġto                
Timings          : (93.077, 93.417)    (93.718, 94.238)    (94.238, 94.528)    (94.528, 94.818)    (94.818, 94.958)    (94.958, 95.168)    (95.972, 96.168)    (96.168, 96.318)    (96.318, 96.448)    (96.448, 96.588)    (96.588, 96.718)    (96.718, 97.008)    (97.008, 97.248)    (97.248, 97.408)    (97.408, 97.548)   
Token Types      : 0                   0                   0                   0                   0                   0                   1                   1                   1                   1                   1                   1                   1                   1                   1                  
turn_ids         : 0                   0                   0                   0                   0                   0                   79715666755592      79715666755592      79715666755592      79715666755592      79715666755592      79715666755592      79715666755592      79715666755592      79715666755592     
turn_end_types   : 0                   0                   0                   0                   0                   0                   1                   1                   1                   1                   1                   1                   1                   1                   1                  
speaker_ids      : 0                   0                   0                   0                   0                   0                   1                   1                   1                   1                   1                   1                   1                   1                   1                  

B                : ive                 Ġhonesty            Ġgoing              Ġbad                Ġon                 Ġus                 <eot>               <emp>               <emp>               <emp>               <emp>               <emp>               <emp>               <emp>               <emp>              
Timings          : (93.077, 93.417)    (93.718, 94.238)    (94.238, 94.528)    (94.528, 94.818)    (94.818, 94.958)    (94.958, 95.168)    (-1.0, -1.0)        (96.168, 96.318)    (96.318, 96.448)    (96.448, 96.588)    (96.588, 96.718)    (96.718, 97.008)    (97.008, 97.248)    (97.248, 97.408)    (97.408, 97.548)   
Token Types      : 1                   1                   1                   1                   1                   1                   1                   0                   0                   0                   0                   0                   0                   0                   0                  
turn_ids         : 79716203626503      79716203626503      79716203626503      79716203626503      79716203626503      79716203626503      79716203626503      0                   0                   0                   0                   0                   0                   0                   0                  
turn_end_types   : 1                   1                   1                   1                   1                   1                   1                   0                   0                   0                   0                   0                   0                   0                   0                  
speaker_ids      : 2                   2                   2                   2                   2                   2                   2                   0                   0                   0                   0                   0                   0                   0                   0                  


A                : Ġsome               Ġextent             Ġyou                Ġknow               Ġpeople             Ġget                Ġthe                Ġgovernment         Ġthey               Ġdeserve            Ġis                 Ġa                  Ġcl                 iche                <emp>              
Timings          : (97.548, 97.778)    (97.778, 98.188)    (98.188, 98.308)    (98.308, 98.438)    (98.438, 98.798)    (98.798, 98.978)    (98.978, 99.048)    (99.048, 99.458)    (99.458, 99.558)    (99.558, 99.978)    (99.978, 100.088)   (100.088, 100.128)  (100.128, 100.458)  (100.458, 100.788)  (101.073, 101.337) 
Token Types      : 1                   1                   1                   1                   1                   1                   1                   1                   1                   1                   1                   1                   1                   1                   1                  
turn_ids         : 79715666755592      79715666755592      79715666755592      79715666755592      79715666755592      79715666755592      79715666755592      79715666755592      79715666755592      79715666755592      79715666755592      79715666755592      79715666755592      79715666755592      79715666755592     
turn_end_types   : 1                   1                   1                   1                   1                   1                   1                   1                   1                   1                   1                   1                   1                   1                   1                  
speaker_ids      : 1                   1                   1                   1                   1                   1                   1                   1                   1                   1                   1                   1                   1                   1                   1                  

B                : <emp>               <emp>               <emp>               <emp>               <emp>               <emp>               <emp>               <emp>               <emp>               <emp>               <emp>               <emp>               <emp>               <emp>               yeah               
Timings          : (97.548, 97.778)    (97.778, 98.188)    (98.188, 98.308)    (98.308, 98.438)    (98.438, 98.798)    (98.798, 98.978)    (98.978, 99.048)    (99.048, 99.458)    (99.458, 99.558)    (99.558, 99.978)    (99.978, 100.088)   (100.088, 100.128)  (100.128, 100.458)  (100.458, 100.788)  (101.073, 101.337) 
Token Types      : 0                   0                   0                   0                   0                   0                   0                   0                   0                   0                   0                   0                   0                   0                   3                  
turn_ids         : 0                   0                   0                   0                   0                   0                   0                   0                   0                   0                   0                   0                   0                   0                   79718351110148     
turn_end_types   : 0                   0                   0                   0                   0                   0                   0                   0                   0                   0                   0                   0                   0                   0                   0                  
speaker_ids      : 0                   0                   0                   0                   0                   0                   0                   0                   0                   0                   0                   0                   0                   0                   2                  


A                : Ġbut                Ġit                 Ġit                 's                  Ġreally             Ġtrue               Ġi                  Ġmean               Ġif                 Ġyou                Ġknow               Ġyou                Ġhear               Ġthese              Ġguy               
Timings          : (101.462, 101.737)  (101.737, 101.877)  (101.877, 101.967)  (101.967, 102.057)  (102.057, 102.227)  (102.227, 102.537)  (102.537, 102.637)  (102.637, 102.947)  (102.947, 103.201)  (103.72, 103.805)   (103.805, 103.935)  (103.935, 104.135)  (104.135, 104.315)  (104.315, 104.515)  (104.515, 104.775) 
Token Types      : 1                   1                   1                   1                   1                   1                   1                   1                   1                   1                   1                   1                   1                   1                   1                  
turn_ids         : 79715666755592      79715666755592      79715666755592      79715666755592      79715666755592      79715666755592      79715666755592      79715666755592      79715666755592      79715666755592      79715666755592      79715666755592      79715666755592      79715666755592      79715666755592     
turn_end_types   : 1                   1                   1                   1                   1                   1                   1                   1                   1                   1                   1                   1                   1                   1                   1                  
speaker_ids      : 1                   1                   1                   1                   1                   1                   1                   1                   1                   1                   1                   1                   1                   1                   1                  

B                : <ebc>               <emp>               <emp>               <emp>               <emp>               <emp>               <emp>               <emp>               <emp>               <emp>               <emp>               <emp>               <emp>               <emp>               <emp>              
Timings          : (-1.0, -1.0)        (101.737, 101.877)  (101.877, 101.967)  (101.967, 102.057)  (102.057, 102.227)  (102.227, 102.537)  (102.537, 102.637)  (102.637, 102.947)  (102.947, 103.201)  (103.72, 103.805)   (103.805, 103.935)  (103.935, 104.135)  (104.135, 104.315)  (104.315, 104.515)  (104.515, 104.775) 
Token Types      : 3                   0                   0                   0                   0                   0                   0                   0                   0                   0                   0                   0                   0                   0                   0                  
turn_ids         : 79718351110148      0                   0                   0                   0                   0                   0                   0                   0                   0                   0                   0                   0                   0                   0                  
turn_end_types   : 0                   0                   0                   0                   0                   0                   0                   0                   0                   0                   0                   0                   0                   0                   0                  
speaker_ids      : 2                   0                   0                   0                   0                   0                   0                   0                   0                   0                   0                   0                   0                   0                   0                  


A                : Ġi                  Ġthink              Ġthat               Ġthis               Ġis                 Ġthe                Ġfirst              Ġelection           Ġi                  've                 Ġheard              Ġabout              Ġwhere              Ġa                  Ġlot               
Timings          : (104.775, 104.915)  (104.915, 105.095)  (105.095, 105.325)  (105.325, 105.485)  (105.485, 105.545)  (105.545, 105.605)  (105.605, 106.035)  (106.035, 106.495)  (106.495, 106.55)   (106.55, 106.605)   (106.605, 106.785)  (106.785, 107.015)  (107.015, 107.212)  (107.509, 107.565)  (107.565, 107.845) 
Token Types      : 1                   1                   1                   1                   1                   1                   1                   1                   1                   1                   1                   1                   1                   1                   1                  
turn_ids         : 79715666755592      79715666755592      79715666755592      79715666755592      79715666755592      79715666755592      79715666755592      79715666755592      79715666755592      79715666755592      79715666755592      79715666755592      79715666755592      79715666755592      79715666755592     
turn_end_types   : 1                   1                   1                   1                   1                   1                   1                   1                   1                   1                   1                   1                   1                   1                   1                  
speaker_ids      : 1                   1                   1                   1                   1                   1                   1                   1                   1                   1                   1                   1                   1                   1                   1                  

B                : <emp>               <emp>               <emp>               <emp>               <emp>               <emp>               <emp>               <emp>               <emp>               <emp>               <emp>               <emp>               <emp>               <emp>               <emp>              
Timings          : (104.775, 104.915)  (104.915, 105.095)  (105.095, 105.325)  (105.325, 105.485)  (105.485, 105.545)  (105.545, 105.605)  (105.605, 106.035)  (106.035, 106.495)  (106.495, 106.55)   (106.55, 106.605)   (106.605, 106.785)  (106.785, 107.015)  (107.015, 107.212)  (107.509, 107.565)  (107.565, 107.845) 
Token Types      : 0                   0                   0                   0                   0                   0                   0                   0                   0                   0                   0                   0                   0                   0                   0                  
turn_ids         : 0                   0                   0                   0                   0                   0                   0                   0                   0                   0                   0                   0                   0                   0                   0                  
turn_end_types   : 0                   0                   0                   0                   0                   0                   0                   0                   0                   0                   0                   0                   0                   0                   0                  
speaker_ids      : 0                   0                   0                   0                   0                   0                   0                   0                   0                   0                   0                   0                   0                   0                   0                  


A                : Ġof                 Ġthe                Ġincumb             ents                Ġare                Ġreally             Ġfinding            Ġsaying             Ġokay               Ġwe                 're                 Ġgetting            Ġout                Ġbecause            Ġit                
Timings          : (107.845, 107.915)  (107.915, 107.985)  (107.985, 108.275)  (108.275, 108.565)  (108.565, 108.645)  (108.645, 108.985)  (109.275, 109.551)  (109.551, 109.985)  (109.985, 110.315)  (110.315, 110.39)   (110.39, 110.465)   (110.465, 110.735)  (110.735, 110.925)  (110.925, 111.205)  (111.205, 111.265) 
Token Types      : 1                   1                   1                   1                   1                   1                   1                   1                   1                   1                   1                   1                   1                   1                   1                  
turn_ids         : 79715666755592      79715666755592      79715666755592      79715666755592      79715666755592      79715666755592      79715666755592      79715666755592      79715666755592      79715666755592      79715666755592      79715666755592      79715666755592      79715666755592      79715666755592     
turn_end_types   : 1                   1                   1                   1                   1                   1                   1                   1                   1                   1                   1                   1                   1                   1                   1                  
speaker_ids      : 1                   1                   1                   1                   1                   1                   1                   1                   1                   1                   1                   1                   1                   1                   1                  

B                : <emp>               <emp>               <emp>               <emp>               <emp>               <emp>               <emp>               <emp>               <emp>               <emp>               <emp>               <emp>               <emp>               <emp>               <emp>              
Timings          : (107.845, 107.915)  (107.915, 107.985)  (107.985, 108.275)  (108.275, 108.565)  (108.565, 108.645)  (108.645, 108.985)  (109.275, 109.551)  (109.551, 109.985)  (109.985, 110.315)  (110.315, 110.39)   (110.39, 110.465)   (110.465, 110.735)  (110.735, 110.925)  (110.925, 111.205)  (111.205, 111.265) 
Token Types      : 0                   0                   0                   0                   0                   0                   0                   0                   0                   0                   0                   0                   0                   0                   0                  
turn_ids         : 0                   0                   0                   0                   0                   0                   0                   0                   0                   0                   0                   0                   0                   0                   0                  
turn_end_types   : 0                   0                   0                   0                   0                   0                   0                   0                   0                   0                   0                   0                   0                   0                   0                  
speaker_ids      : 0                   0                   0                   0                   0                   0                   0                   0                   0                   0                   0                   0                   0                   0                   0                  


A                : 's                  Ġtoo                Ġmuch               Ġheat               Ġi                  Ġmean               Ġnormally           Ġit                 's                  Ġyeah               Ġokay               Ġwhat               Ġbig                Ġscandal            Ġbut               
Timings          : (111.265, 111.325)  (111.325, 111.465)  (111.465, 111.775)  (111.775, 112.074)  (112.541, 112.591)  (112.591, 112.711)  (112.711, 113.021)  (113.021, 113.091)  (113.091, 113.161)  (113.161, 113.331)  (113.331, 113.671)  (113.671, 113.891)  (113.891, 114.041)  (114.041, 114.461)  (114.461, 114.621) 
Token Types      : 1                   1                   1                   1                   1                   1                   1                   1                   1                   1                   1                   1                   1                   1                   1                  
turn_ids         : 79715666755592      79715666755592      79715666755592      79715666755592      79715666755592      79715666755592      79715666755592      79715666755592      79715666755592      79715666755592      79715666755592      79715666755592      79715666755592      79715666755592      79715666755592     
turn_end_types   : 1                   1                   1                   1                   1                   1                   1                   1                   1                   1                   1                   1                   1                   1                   1                  
speaker_ids      : 1                   1                   1                   1                   1                   1                   1                   1                   1                   1                   1                   1                   1                   1                   1                  

B                : <emp>               <emp>               <emp>               <emp>               <emp>               <emp>               <emp>               <emp>               <emp>               <emp>               <emp>               <emp>               <emp>               <emp>               <emp>              
Timings          : (111.265, 111.325)  (111.325, 111.465)  (111.465, 111.775)  (111.775, 112.074)  (112.541, 112.591)  (112.591, 112.711)  (112.711, 113.021)  (113.021, 113.091)  (113.091, 113.161)  (113.161, 113.331)  (113.331, 113.671)  (113.671, 113.891)  (113.891, 114.041)  (114.041, 114.461)  (114.461, 114.621) 
Token Types      : 0                   0                   0                   0                   0                   0                   0                   0                   0                   0                   0                   0                   0                   0                   0                  
turn_ids         : 0                   0                   0                   0                   0                   0                   0                   0                   0                   0                   0                   0                   0                   0                   0                  
turn_end_types   : 0                   0                   0                   0                   0                   0                   0                   0                   0                   0                   0                   0                   0                   0                   0                  
speaker_ids      : 0                   0                   0                   0                   0                   0                   0                   0                   0                   0                   0                   0                   0                   0                   0                  


A                : Ġit                 Ġcomes              Ġtimes              Ġto                 Ġre                 elect               Ġthem               Ġthey               Ġsay                Ġhey                Ġthis               Ġis                 Ġthe                Ġguy                Ġthat              
Timings          : (114.991, 115.101)  (115.101, 115.331)  (115.331, 115.671)  (115.671, 115.751)  (115.751, 115.951)  (115.951, 116.151)  (116.151, 116.251)  (116.251, 116.321)  (116.321, 116.481)  (116.481, 116.736)  (117.067, 117.199)  (117.199, 117.251)  (117.251, 117.311)  (117.311, 117.461)  (117.461, 117.571) 
Token Types      : 1                   1                   1                   1                   1                   1                   1                   1                   1                   1                   1                   1                   1                   1                   1                  
turn_ids         : 79715666755592      79715666755592      79715666755592      79715666755592      79715666755592      79715666755592      79715666755592      79715666755592      79715666755592      79715666755592      79715666755592      79715666755592      79715666755592      79715666755592      79715666755592     
turn_end_types   : 1                   1                   1                   1                   1                   1                   1                   1                   1                   1                   1                   1                   1                   1                   1                  
speaker_ids      : 1                   1                   1                   1                   1                   1                   1                   1                   1                   1                   1                   1                   1                   1                   1                  

B                : <emp>               <emp>               <emp>               <emp>               <emp>               <emp>               <emp>               <emp>               <emp>               <emp>               <emp>               <emp>               <emp>               <emp>               <emp>              
Timings          : (114.991, 115.101)  (115.101, 115.331)  (115.331, 115.671)  (115.671, 115.751)  (115.751, 115.951)  (115.951, 116.151)  (116.151, 116.251)  (116.251, 116.321)  (116.321, 116.481)  (116.481, 116.736)  (117.067, 117.199)  (117.199, 117.251)  (117.251, 117.311)  (117.311, 117.461)  (117.461, 117.571) 
Token Types      : 0                   0                   0                   0                   0                   0                   0                   0                   0                   0                   0                   0                   0                   0                   0                  
turn_ids         : 0                   0                   0                   0                   0                   0                   0                   0                   0                   0                   0                   0                   0                   0                   0                  
turn_end_types   : 0                   0                   0                   0                   0                   0                   0                   0                   0                   0                   0                   0                   0                   0                   0                  
speaker_ids      : 0                   0                   0                   0                   0                   0                   0                   0                   0                   0                   0                   0                   0                   0                   0                  


A                : Ġbrings             Ġhome               Ġthe                Ġbacon              Ġfor                Ġus                 Ġyou                Ġknow               Ġhe                 's                  Ġgot                Ġsenior             ity                 Ġon                 Ġall               
Timings          : (117.571, 117.791)  (117.791, 117.951)  (117.951, 118.021)  (118.021, 118.331)  (118.331, 118.631)  (118.631, 118.911)  (119.22, 119.341)   (119.341, 119.561)  (119.561, 119.656)  (119.656, 119.751)  (119.751, 119.921)  (119.921, 120.201)  (120.201, 120.481)  (120.481, 120.561)  (120.561, 120.691) 
Token Types      : 1                   1                   1                   1                   1                   1                   1                   1                   1                   1                   1                   1                   1                   1                   1                  
turn_ids         : 79715666755592      79715666755592      79715666755592      79715666755592      79715666755592      79715666755592      79715666755592      79715666755592      79715666755592      79715666755592      79715666755592      79715666755592      79715666755592      79715666755592      79715666755592     
turn_end_types   : 1                   1                   1                   1                   1                   1                   1                   1                   1                   1                   1                   1                   1                   1                   1                  
speaker_ids      : 1                   1                   1                   1                   1                   1                   1                   1                   1                   1                   1                   1                   1                   1                   1                  

B                : <emp>               <emp>               <emp>               <emp>               <emp>               <emp>               <emp>               <emp>               <emp>               <emp>               <emp>               <emp>               <emp>               <emp>               <emp>              
Timings          : (117.571, 117.791)  (117.791, 117.951)  (117.951, 118.021)  (118.021, 118.331)  (118.331, 118.631)  (118.631, 118.911)  (119.22, 119.341)   (119.341, 119.561)  (119.561, 119.656)  (119.656, 119.751)  (119.751, 119.921)  (119.921, 120.201)  (120.201, 120.481)  (120.481, 120.561)  (120.561, 120.691) 
Token Types      : 0                   0                   0                   0                   0                   0                   0                   0                   0                   0                   0                   0                   0                   0                   0                  
turn_ids         : 0                   0                   0                   0                   0                   0                   0                   0                   0                   0                   0                   0                   0                   0                   0                  
turn_end_types   : 0                   0                   0                   0                   0                   0                   0                   0                   0                   0                   0                   0                   0                   0                   0                  
speaker_ids      : 0                   0                   0                   0                   0                   0                   0                   0                   0                   0                   0                   0                   0                   0                   0                  


A                : Ġthese              Ġcommittees         Ġwe                 're                 Ġnot                Ġgonna              Ġreplace            Ġhim                <eot>               <emp>               <emp>               <emp>               <emp>               <emp>               <emp>              
Timings          : (120.691, 120.871)  (120.871, 121.251)  (121.251, 121.301)  (121.301, 121.351)  (121.351, 121.461)  (121.461, 121.611)  (121.611, 122.011)  (122.011, 122.121)  (-1.0, -1.0)        (123.593, 123.793)  (123.793, 123.927)  (123.927, 124.062)  (124.062, 124.452)  (124.452, 124.945)  (124.945, 125.16)  
Token Types      : 1                   1                   1                   1                   1                   1                   1                   1                   1                   0                   0                   0                   0                   0                   0                  
turn_ids         : 79715666755592      79715666755592      79715666755592      79715666755592      79715666755592      79715666755592      79715666755592      79715666755592      79715666755592      0                   0                   0                   0                   0                   0                  
turn_end_types   : 1                   1                   1                   1                   1                   1                   1                   1                   1                   0                   0                   0                   0                   0                   0                  
speaker_ids      : 1                   1                   1                   1                   1                   1                   1                   1                   1                   0                   0                   0                   0                   0                   0                  

B                : <emp>               <emp>               <emp>               <emp>               <emp>               <emp>               <emp>               <emp>               Ġyes                Ġand                Ġthat               's                  Ġagain              Ġthe                Ġwhat              
Timings          : (120.691, 120.871)  (120.871, 121.251)  (121.251, 121.301)  (121.301, 121.351)  (121.351, 121.461)  (121.461, 121.611)  (121.611, 122.011)  (122.011, 122.121)  (123.152, 123.593)  (123.593, 123.793)  (123.793, 123.927)  (123.927, 124.062)  (124.062, 124.452)  (124.452, 124.945)  (124.945, 125.16)  
Token Types      : 0                   0                   0                   0                   0                   0                   0                   0                   1                   1                   1                   1                   1                   1                   1                  
turn_ids         : 0                   0                   0                   0                   0                   0                   0                   0                   79716203626505      79716203626505      79716203626505      79716203626505      79716203626505      79716203626505      79716203626505     
turn_end_types   : 0                   0                   0                   0                   0                   0                   0                   0                   1                   1                   1                   1                   1                   1                   1                  
speaker_ids      : 0                   0                   0                   0                   0                   0                   0                   0                   2                   2                   2                   2                   2                   2                   2                  


A                : <emp>               <emp>               <emp>               <emp>               <emp>               <emp>               <emp>               <emp>               <emp>               <emp>               <emp>               <emp>               <emp>               <emp>               <emp>              
Timings          : (125.16, 125.283)   (125.283, 125.503)  (125.503, 125.762)  (125.762, 125.993)  (125.993, 126.232)  (126.232, 126.372)  (126.372, 126.482)  (126.482, 126.592)  (126.592, 126.982)  (126.982, 127.073)  (127.073, 127.253)  (127.253, 127.482)  (127.482, 127.672)  (128.218, 128.447)  (128.447, 128.625) 
Token Types      : 0                   0                   0                   0                   0                   0                   0                   0                   0                   0                   0                   0                   0                   0                   0                  
turn_ids         : 0                   0                   0                   0                   0                   0                   0                   0                   0                   0                   0                   0                   0                   0                   0                  
turn_end_types   : 0                   0                   0                   0                   0                   0                   0                   0                   0                   0                   0                   0                   0                   0                   0                  
speaker_ids      : 0                   0                   0                   0                   0                   0                   0                   0                   0                   0                   0                   0                   0                   0                   0                  

B                : Ġyou                Ġsaid               Ġearlier            Ġabout              Ġpeople             Ġget                Ġwhat               Ġthey               Ġdeserve            Ġthey               Ġsay                Ġwell               Ġif                 Ġif                 Ġif                
Timings          : (125.16, 125.283)   (125.283, 125.503)  (125.503, 125.762)  (125.762, 125.993)  (125.993, 126.232)  (126.232, 126.372)  (126.372, 126.482)  (126.482, 126.592)  (126.592, 126.982)  (126.982, 127.073)  (127.073, 127.253)  (127.253, 127.482)  (127.482, 127.672)  (128.218, 128.447)  (128.447, 128.625) 
Token Types      : 1                   1                   1                   1                   1                   1                   1                   1                   1                   1                   1                   1                   1                   1                   1                  
turn_ids         : 79716203626505      79716203626505      79716203626505      79716203626505      79716203626505      79716203626505      79716203626505      79716203626505      79716203626505      79716203626505      79716203626505      79716203626505      79716203626505      79716203626505      79716203626505     
turn_end_types   : 1                   1                   1                   1                   1                   1                   1                   1                   1                   1                   1                   1                   1                   1                   1                  
speaker_ids      : 2                   2                   2                   2                   2                   2                   2                   2                   2                   2                   2                   2                   2                   2                   2                  


A                : <emp>               <emp>               <emp>               <emp>               <emp>               <emp>               <emp>               <emp>               <emp>               <emp>               <emp>               <emp>               <emp>               <emp>               Ġyeah              
Timings          : (128.625, 128.682)  (128.682, 129.253)  (129.253, 129.652)  (129.652, 129.982)  (129.982, 130.372)  (130.372, 130.562)  (130.562, 130.792)  (130.792, 130.932)  (130.932, 131.003)  (131.003, 131.072)  (131.072, 131.292)  (131.292, 131.423)  (131.423, 131.553)  (131.553, 132.062)  (132.299, 132.498) 
Token Types      : 0                   0                   0                   0                   0                   0                   0                   0                   0                   0                   0                   0                   0                   0                   1                  
turn_ids         : 0                   0                   0                   0                   0                   0                   0                   0                   0                   0                   0                   0                   0                   0                   79715666755594     
turn_end_types   : 0                   0                   0                   0                   0                   0                   0                   0                   0                   0                   0                   0                   0                   0                   1                  
speaker_ids      : 0                   0                   0                   0                   0                   0                   0                   0                   0                   0                   0                   0                   0                   0                   1                  

B                : Ġa                  Ġdishonest          Ġperson             Ġis                 Ġuh                 Ġgood               Ġfor                Ġus                 Ġwe                 'll                 Ġkeep               Ġhim                Ġin                 Ġoffice             <eot>              
Timings          : (128.625, 128.682)  (128.682, 129.253)  (129.253, 129.652)  (129.652, 129.982)  (129.982, 130.372)  (130.372, 130.562)  (130.562, 130.792)  (130.792, 130.932)  (130.932, 131.003)  (131.003, 131.072)  (131.072, 131.292)  (131.292, 131.423)  (131.423, 131.553)  (131.553, 132.062)  (-1.0, -1.0)       
Token Types      : 1                   1                   1                   1                   1                   1                   1                   1                   1                   1                   1                   1                   1                   1                   1                  
turn_ids         : 79716203626505      79716203626505      79716203626505      79716203626505      79716203626505      79716203626505      79716203626505      79716203626505      79716203626505      79716203626505      79716203626505      79716203626505      79716203626505      79716203626505      79716203626505     
turn_end_types   : 1                   1                   1                   1                   1                   1                   1                   1                   1                   1                   1                   1                   1                   1                   1                  
speaker_ids      : 2                   2                   2                   2                   2                   2                   2                   2                   2                   2                   2                   2                   2                   2                   2                  


A                : Ġand                Ġi                  Ġmean               Ġalso               Ġyou                Ġknow               Ġyou                Ġlook               Ġi                  Ġthink              Ġa                  Ġlot                Ġof                 Ġit                 Ġhas               
Timings          : (132.498, 132.779)  (132.779, 132.88)   (132.88, 133.178)   (133.178, 133.658)  (134.166, 134.26)   (134.26, 134.439)   (134.439, 134.63)   (134.63, 134.88)    (134.88, 135.04)    (135.04, 135.23)    (135.23, 135.29)    (135.29, 135.48)    (135.48, 135.559)   (135.559, 135.62)   (135.62, 135.749)  
Token Types      : 1                   1                   1                   1                   1                   1                   1                   1                   1                   1                   1                   1                   1                   1                   1                  
turn_ids         : 79715666755594      79715666755594      79715666755594      79715666755594      79715666755594      79715666755594      79715666755594      79715666755594      79715666755594      79715666755594      79715666755594      79715666755594      79715666755594      79715666755594      79715666755594     
turn_end_types   : 1                   1                   1                   1                   1                   1                   1                   1                   1                   1                   1                   1                   1                   1                   1                  
speaker_ids      : 1                   1                   1                   1                   1                   1                   1                   1                   1                   1                   1                   1                   1                   1                   1                  

B                : <emp>               <emp>               <emp>               <emp>               <emp>               <emp>               <emp>               <emp>               <emp>               <emp>               <emp>               <emp>               <emp>               <emp>               <emp>              
Timings          : (132.498, 132.779)  (132.779, 132.88)   (132.88, 133.178)   (133.178, 133.658)  (134.166, 134.26)   (134.26, 134.439)   (134.439, 134.63)   (134.63, 134.88)    (134.88, 135.04)    (135.04, 135.23)    (135.23, 135.29)    (135.29, 135.48)    (135.48, 135.559)   (135.559, 135.62)   (135.62, 135.749)  
Token Types      : 0                   0                   0                   0                   0                   0                   0                   0                   0                   0                   0                   0                   0                   0                   0                  
turn_ids         : 0                   0                   0                   0                   0                   0                   0                   0                   0                   0                   0                   0                   0                   0                   0                  
turn_end_types   : 0                   0                   0                   0                   0                   0                   0                   0                   0                   0                   0                   0                   0                   0                   0                  
speaker_ids      : 0                   0                   0                   0                   0                   0                   0                   0                   0                   0                   0                   0                   0                   0                   0                  


A                : Ġto                 Ġdo                 Ġwith               Ġreform             Ġwith               Ġwith               Ġwith               Ġthe                Ġissue              Ġof                 Ġcampaign           Ġreform             Ġwhen               Ġit                 Ġcosts             
Timings          : (135.749, 135.809)  (135.809, 135.977)  (135.977, 136.075)  (136.075, 136.529)  (136.529, 136.809)  (136.809, 137.049)  (137.049, 137.421)  (137.421, 137.694)  (137.988, 138.309)  (138.309, 138.4)    (138.4, 138.859)    (138.859, 139.16)   (139.43, 139.52)    (139.52, 139.6)     (139.6, 140.1)     
Token Types      : 1                   1                   1                   1                   1                   1                   1                   1                   1                   1                   1                   1                   1                   1                   1                  
turn_ids         : 79715666755594      79715666755594      79715666755594      79715666755594      79715666755594      79715666755594      79715666755594      79715666755594      79715666755594      79715666755594      79715666755594      79715666755594      79715666755594      79715666755594      79715666755594     
turn_end_types   : 1                   1                   1                   1                   1                   1                   1                   1                   1                   1                   1                   1                   1                   1                   1                  
speaker_ids      : 1                   1                   1                   1                   1                   1                   1                   1                   1                   1                   1                   1                   1                   1                   1                  

B                : <emp>               <emp>               <emp>               <emp>               <emp>               <emp>               <emp>               <emp>               <emp>               <emp>               <emp>               <emp>               <emp>               <emp>               <emp>              
Timings          : (135.749, 135.809)  (135.809, 135.977)  (135.977, 136.075)  (136.075, 136.529)  (136.529, 136.809)  (136.809, 137.049)  (137.049, 137.421)  (137.421, 137.694)  (137.988, 138.309)  (138.309, 138.4)    (138.4, 138.859)    (138.859, 139.16)   (139.43, 139.52)    (139.52, 139.6)     (139.6, 140.1)     
Token Types      : 0                   0                   0                   0                   0                   0                   0                   0                   0                   0                   0                   0                   0                   0                   0                  
turn_ids         : 0                   0                   0                   0                   0                   0                   0                   0                   0                   0                   0                   0                   0                   0                   0                  
turn_end_types   : 0                   0                   0                   0                   0                   0                   0                   0                   0                   0                   0                   0                   0                   0                   0                  
speaker_ids      : 0                   0                   0                   0                   0                   0                   0                   0                   0                   0                   0                   0                   0                   0                   0                  


A                : Ġyou                Ġi                  Ġmean               Ġten                Ġmillion            Ġtwenty             Ġmillion            Ġdollars            Ġsometimes          Ġi                  've                 Ġheard              Ġhorrendous         Ġfigures            Ġto                
Timings          : (140.1, 140.328)    (140.328, 140.486)  (140.486, 140.712)  (140.712, 141.23)   (141.23, 141.779)   (141.779, 142.109)  (142.109, 142.43)   (142.43, 142.896)   (143.394, 143.954)  (143.954, 144.039)  (144.039, 144.124)  (144.124, 144.444)  (144.444, 145.054)  (145.054, 145.439)  (145.702, 145.764) 
Token Types      : 1                   1                   1                   1                   1                   1                   1                   1                   1                   1                   1                   1                   1                   1                   1                  
turn_ids         : 79715666755594      79715666755594      79715666755594      79715666755594      79715666755594      79715666755594      79715666755594      79715666755594      79715666755594      79715666755594      79715666755594      79715666755594      79715666755594      79715666755594      79715666755594     
turn_end_types   : 1                   1                   1                   1                   1                   1                   1                   1                   1                   1                   1                   1                   1                   1                   1                  
speaker_ids      : 1                   1                   1                   1                   1                   1                   1                   1                   1                   1                   1                   1                   1                   1                   1                  

B                : <emp>               <emp>               <emp>               <emp>               <emp>               <emp>               <emp>               <emp>               <emp>               <emp>               <emp>               <emp>               <emp>               <emp>               <emp>              
Timings          : (140.1, 140.328)    (140.328, 140.486)  (140.486, 140.712)  (140.712, 141.23)   (141.23, 141.779)   (141.779, 142.109)  (142.109, 142.43)   (142.43, 142.896)   (143.394, 143.954)  (143.954, 144.039)  (144.039, 144.124)  (144.124, 144.444)  (144.444, 145.054)  (145.054, 145.439)  (145.702, 145.764) 
Token Types      : 0                   0                   0                   0                   0                   0                   0                   0                   0                   0                   0                   0                   0                   0                   0                  
turn_ids         : 0                   0                   0                   0                   0                   0                   0                   0                   0                   0                   0                   0                   0                   0                   0                  
turn_end_types   : 0                   0                   0                   0                   0                   0                   0                   0                   0                   0                   0                   0                   0                   0                   0                  
speaker_ids      : 0                   0                   0                   0                   0                   0                   0                   0                   0                   0                   0                   0                   0                   0                   0                  


A                : Ġrun                Ġfor                Ġa                  Ġsenate             Ġseat               Ġyou                Ġknow               Ġjob                Ġpays               Ġa                  Ġhundred            Ġthousand           Ġa                  Ġyear               Ġyou               
Timings          : (145.764, 145.874)  (145.874, 146.034)  (146.034, 146.074)  (146.074, 146.444)  (146.444, 146.864)  (147.902, 148.051)  (148.051, 148.372)  (149.012, 149.301)  (149.301, 149.492)  (149.492, 149.542)  (149.542, 149.811)  (149.811, 150.066)  (150.066, 150.248)  (150.248, 150.57)   (151.571, 151.737) 
Token Types      : 1                   1                   1                   1                   1                   1                   1                   1                   1                   1                   1                   1                   1                   1                   1                  
turn_ids         : 79715666755594      79715666755594      79715666755594      79715666755594      79715666755594      79715666755594      79715666755594      79715666755594      79715666755594      79715666755594      79715666755594      79715666755594      79715666755594      79715666755594      79715666755594     
turn_end_types   : 1                   1                   1                   1                   1                   1                   1                   1                   1                   1                   1                   1                   1                   1                   1                  
speaker_ids      : 1                   1                   1                   1                   1                   1                   1                   1                   1                   1                   1                   1                   1                   1                   1                  

B                : <emp>               <emp>               <emp>               <emp>               <emp>               <emp>               <emp>               <emp>               <emp>               <emp>               <emp>               <emp>               <emp>               <emp>               <emp>              
Timings          : (145.764, 145.874)  (145.874, 146.034)  (146.034, 146.074)  (146.074, 146.444)  (146.444, 146.864)  (147.902, 148.051)  (148.051, 148.372)  (149.012, 149.301)  (149.301, 149.492)  (149.492, 149.542)  (149.542, 149.811)  (149.811, 150.066)  (150.066, 150.248)  (150.248, 150.57)   (151.571, 151.737) 
Token Types      : 0                   0                   0                   0                   0                   0                   0                   0                   0                   0                   0                   0                   0                   0                   0                  
turn_ids         : 0                   0                   0                   0                   0                   0                   0                   0                   0                   0                   0                   0                   0                   0                   0                  
turn_end_types   : 0                   0                   0                   0                   0                   0                   0                   0                   0                   0                   0                   0                   0                   0                   0                  
speaker_ids      : 0                   0                   0                   0                   0                   0                   0                   0                   0                   0                   0                   0                   0                   0                   0                  


A                : Ġknow               Ġit                 Ġit                 Ġit                 Ġthe                Ġyou                Ġwork               Ġit                 Ġout                Ġunless             Ġsomeone            Ġis                 Ġincredibly         Ġaltru              istic              
Timings          : (151.737, 152.027)  (152.027, 152.372)  (152.372, 152.527)  (152.527, 152.717)  (152.917, 153.037)  (153.037, 153.407)  (153.407, 153.667)  (153.667, 153.757)  (153.757, 153.897)  (153.897, 154.117)  (154.117, 154.327)  (154.327, 154.417)  (154.417, 155.087)  (155.087, 155.512)  (155.512, 155.937) 
Token Types      : 1                   1                   1                   1                   1                   1                   1                   1                   1                   1                   1                   1                   1                   1                   1                  
turn_ids         : 79715666755594      79715666755594      79715666755594      79715666755594      79715666755594      79715666755594      79715666755594      79715666755594      79715666755594      79715666755594      79715666755594      79715666755594      79715666755594      79715666755594      79715666755594     
turn_end_types   : 1                   1                   1                   1                   1                   1                   1                   1                   1                   1                   1                   1                   1                   1                   1                  
speaker_ids      : 1                   1                   1                   1                   1                   1                   1                   1                   1                   1                   1                   1                   1                   1                   1                  

B                : <emp>               <emp>               <emp>               <emp>               <emp>               <emp>               <emp>               <emp>               <emp>               <emp>               <emp>               <emp>               <emp>               <emp>               <emp>              
Timings          : (151.737, 152.027)  (152.027, 152.372)  (152.372, 152.527)  (152.527, 152.717)  (152.917, 153.037)  (153.037, 153.407)  (153.407, 153.667)  (153.667, 153.757)  (153.757, 153.897)  (153.897, 154.117)  (154.117, 154.327)  (154.327, 154.417)  (154.417, 155.087)  (155.087, 155.512)  (155.512, 155.937) 
Token Types      : 0                   0                   0                   0                   0                   0                   0                   0                   0                   0                   0                   0                   0                   0                   0                  
turn_ids         : 0                   0                   0                   0                   0                   0                   0                   0                   0                   0                   0                   0                   0                   0                   0                  
turn_end_types   : 0                   0                   0                   0                   0                   0                   0                   0                   0                   0                   0                   0                   0                   0                   0                  
speaker_ids      : 0                   0                   0                   0                   0                   0                   0                   0                   0                   0                   0                   0                   0                   0                   0                  


A                : Ġyou                Ġknow               Ġthere              's                  Ġno                 Ġreason             Ġfor                Ġthem               Ġto                 Ġwant               Ġto                 Ġrun                Ġfor                Ġthat               <eot>              
Timings          : (156.931, 156.991)  (156.991, 157.121)  (157.121, 157.216)  (157.216, 157.311)  (157.311, 157.581)  (157.581, 157.931)  (157.931, 158.031)  (158.031, 158.171)  (158.171, 158.291)  (158.291, 158.451)  (158.451, 158.511)  (158.511, 158.721)  (158.721, 158.851)  (158.851, 159.182)  (-1.0, -1.0)       
Token Types      : 1                   1                   1                   1                   1                   1                   1                   1                   1                   1                   1                   1                   1                   1                   1                  
turn_ids         : 79715666755594      79715666755594      79715666755594      79715666755594      79715666755594      79715666755594      79715666755594      79715666755594      79715666755594      79715666755594      79715666755594      79715666755594      79715666755594      79715666755594      79715666755594     
turn_end_types   : 1                   1                   1                   1                   1                   1                   1                   1                   1                   1                   1                   1                   1                   1                   1                  
speaker_ids      : 1                   1                   1                   1                   1                   1                   1                   1                   1                   1                   1                   1                   1                   1                   1                  

B                : <emp>               <emp>               <emp>               <emp>               <emp>               <emp>               <emp>               <emp>               <emp>               <emp>               <emp>               <emp>               <emp>               <emp>               Ġi                 
Timings          : (156.931, 156.991)  (156.991, 157.121)  (157.121, 157.216)  (157.216, 157.311)  (157.311, 157.581)  (157.581, 157.931)  (157.931, 158.031)  (158.031, 158.171)  (158.171, 158.291)  (158.291, 158.451)  (158.451, 158.511)  (158.511, 158.721)  (158.721, 158.851)  (158.851, 159.182)  (161.062, 161.311) 
Token Types      : 0                   0                   0                   0                   0                   0                   0                   0                   0                   0                   0                   0                   0                   0                   1                  
turn_ids         : 0                   0                   0                   0                   0                   0                   0                   0                   0                   0                   0                   0                   0                   0                   79716203626507     
turn_end_types   : 0                   0                   0                   0                   0                   0                   0                   0                   0                   0                   0                   0                   0                   0                   1                  
speaker_ids      : 0                   0                   0                   0                   0                   0                   0                   0                   0                   0                   0                   0                   0                   0                   2                  


A                : <emp>               <emp>               <emp>               <emp>               <emp>               <emp>               <emp>               <emp>               <emp>               <emp>               <emp>               <emp>               <emp>               <emp>               <emp>              
Timings          : (161.311, 161.546)  (161.546, 161.772)  (161.772, 162.102)  (162.102, 162.415)  (163.459, 163.652)  (163.652, 163.732)  (163.732, 163.872)  (163.872, 164.172)  (164.172, 164.412)  (164.412, 164.882)  (165.182, 165.602)  (165.602, 165.988)  (167.993, 168.314)  (168.859, 169.508)  (169.508, 169.668) 
Token Types      : 0                   0                   0                   0                   0                   0                   0                   0                   0                   0                   0                   0                   0                   0                   0                  
turn_ids         : 0                   0                   0                   0                   0                   0                   0                   0                   0                   0                   0                   0                   0                   0                   0                  
turn_end_types   : 0                   0                   0                   0                   0                   0                   0                   0                   0                   0                   0                   0                   0                   0                   0                  
speaker_ids      : 0                   0                   0                   0                   0                   0                   0                   0                   0                   0                   0                   0                   0                   0                   0                  

B                : Ġi                  Ġthink              Ġthat               Ġuh                 Ġpart               Ġof                 Ġit                 Ġagain              Ġis                 Ġthis               Ġthis               Ġuh                 Ġwell               Ġorganizations      Ġcan               
Timings          : (161.311, 161.546)  (161.546, 161.772)  (161.772, 162.102)  (162.102, 162.415)  (163.459, 163.652)  (163.652, 163.732)  (163.732, 163.872)  (163.872, 164.172)  (164.172, 164.412)  (164.412, 164.882)  (165.182, 165.602)  (165.602, 165.988)  (167.993, 168.314)  (168.859, 169.508)  (169.508, 169.668) 
Token Types      : 1                   1                   1                   1                   1                   1                   1                   1                   1                   1                   1                   1                   1                   1                   1                  
turn_ids         : 79716203626507      79716203626507      79716203626507      79716203626507      79716203626507      79716203626507      79716203626507      79716203626507      79716203626507      79716203626507      79716203626507      79716203626507      79716203626507      79716203626507      79716203626507     
turn_end_types   : 1                   1                   1                   1                   1                   1                   1                   1                   1                   1                   1                   1                   1                   1                   1                  
speaker_ids      : 2                   2                   2                   2                   2                   2                   2                   2                   2                   2                   2                   2                   2                   2                   2                  


A                : <emp>               <emp>               <emp>               <emp>               <emp>               <emp>               <emp>               <emp>               <emp>               <emp>               <emp>               <emp>               <emp>               <emp>               <emp>              
Timings          : (169.668, 169.798)  (169.798, 170.108)  (170.108, 170.248)  (170.248, 170.358)  (170.358, 170.758)  (170.758, 171.428)  (171.428, 171.768)  (172.46, 172.828)   (173.079, 173.288)  (173.288, 173.348)  (173.348, 173.408)  (173.408, 173.808)  (173.808, 173.868)  (173.868, 173.938)  (173.938, 174.268) 
Token Types      : 0                   0                   0                   0                   0                   0                   0                   0                   0                   0                   0                   0                   0                   0                   0                  
turn_ids         : 0                   0                   0                   0                   0                   0                   0                   0                   0                   0                   0                   0                   0                   0                   0                  
turn_end_types   : 0                   0                   0                   0                   0                   0                   0                   0                   0                   0                   0                   0                   0                   0                   0                  
speaker_ids      : 0                   0                   0                   0                   0                   0                   0                   0                   0                   0                   0                   0                   0                   0                   0                  

B                : Ġgo                 Ġbad                Ġand                Ġour                Ġparticular         Ġorganization       Ġhas                Ġis                 Ġone                Ġof                 Ġthe                Ġbest               Ġin                 Ġthe                Ġworld             
Timings          : (169.668, 169.798)  (169.798, 170.108)  (170.108, 170.248)  (170.248, 170.358)  (170.358, 170.758)  (170.758, 171.428)  (171.428, 171.768)  (172.46, 172.828)   (173.079, 173.288)  (173.288, 173.348)  (173.348, 173.408)  (173.408, 173.808)  (173.808, 173.868)  (173.868, 173.938)  (173.938, 174.268) 
Token Types      : 1                   1                   1                   1                   1                   1                   1                   1                   1                   1                   1                   1                   1                   1                   1                  
turn_ids         : 79716203626507      79716203626507      79716203626507      79716203626507      79716203626507      79716203626507      79716203626507      79716203626507      79716203626507      79716203626507      79716203626507      79716203626507      79716203626507      79716203626507      79716203626507     
turn_end_types   : 1                   1                   1                   1                   1                   1                   1                   1                   1                   1                   1                   1                   1                   1                   1                  
speaker_ids      : 2                   2                   2                   2                   2                   2                   2                   2                   2                   2                   2                   2                   2                   2                   2                  


A                : <emp>               <emp>               <emp>               <emp>               <emp>               <emp>               <emp>               <emp>               <emp>               <emp>               <emp>               <emp>               <emp>               <emp>               <emp>              
Timings          : (174.268, 174.428)  (174.428, 174.508)  (174.508, 174.588)  (174.588, 175.068)  (175.068, 175.458)  (175.458, 175.628)  (175.628, 176.468)  (176.468, 176.808)  (176.808, 177.072)  (177.603, 177.738)  (177.738, 177.988)  (177.988, 178.448)  (178.448, 178.608)  (178.608, 178.678)  (178.678, 179.138) 
Token Types      : 0                   0                   0                   0                   0                   0                   0                   0                   0                   0                   0                   0                   0                   0                   0                  
turn_ids         : 0                   0                   0                   0                   0                   0                   0                   0                   0                   0                   0                   0                   0                   0                   0                  
turn_end_types   : 0                   0                   0                   0                   0                   0                   0                   0                   0                   0                   0                   0                   0                   0                   0                  
speaker_ids      : 0                   0                   0                   0                   0                   0                   0                   0                   0                   0                   0                   0                   0                   0                   0                  

B                : Ġbut                Ġit                 's                  Ġstill              Ġrelative           Ġto                 Ġitself             Ġis                 Ġuh                 Ġis                 Ġin                 Ġserious            Ġneed               Ġof                 Ġreform            
Timings          : (174.268, 174.428)  (174.428, 174.508)  (174.508, 174.588)  (174.588, 175.068)  (175.068, 175.458)  (175.458, 175.628)  (175.628, 176.468)  (176.468, 176.808)  (176.808, 177.072)  (177.603, 177.738)  (177.738, 177.988)  (177.988, 178.448)  (178.448, 178.608)  (178.608, 178.678)  (178.678, 179.138) 
Token Types      : 1                   1                   1                   1                   1                   1                   1                   1                   1                   1                   1                   1                   1                   1                   1                  
turn_ids         : 79716203626507      79716203626507      79716203626507      79716203626507      79716203626507      79716203626507      79716203626507      79716203626507      79716203626507      79716203626507      79716203626507      79716203626507      79716203626507      79716203626507      79716203626507     
turn_end_types   : 1                   1                   1                   1                   1                   1                   1                   1                   1                   1                   1                   1                   1                   1                   1                  
speaker_ids      : 2                   2                   2                   2                   2                   2                   2                   2                   2                   2                   2                   2                   2                   2                   2                  


A                : <emp>               <emp>               <emp>               <emp>               <emp>               <emp>               <emp>               <emp>               <emp>               <emp>               <emp>               <emp>               <emp>               <emp>               <emp>              
Timings          : (180.421, 180.801)  (181.77, 181.85)    (181.85, 181.93)    (181.93, 182.025)   (182.025, 182.12)   (182.12, 182.459)   (183.126, 183.87)   (183.87, 184.251)   (185.502, 185.588)  (185.588, 185.673)  (185.673, 185.743)  (185.743, 185.973)  (185.973, 186.203)  (186.203, 186.343)  (186.343, 186.433) 
Token Types      : 0                   0                   0                   0                   0                   0                   0                   0                   0                   0                   0                   0                   0                   0                   0                  
turn_ids         : 0                   0                   0                   0                   0                   0                   0                   0                   0                   0                   0                   0                   0                   0                   0                  
turn_end_types   : 0                   0                   0                   0                   0                   0                   0                   0                   0                   0                   0                   0                   0                   0                   0                  
speaker_ids      : 0                   0                   0                   0                   0                   0                   0                   0                   0                   0                   0                   0                   0                   0                   0                  

B                : Ġum                 Ġi                  've                 Ġi                  've                 Ġbeen               Ġoverseas           Ġand                Ġthere              's                  Ġa                  Ġlot                Ġof                 Ġas                 Ġyou               
Timings          : (180.421, 180.801)  (181.77, 181.85)    (181.85, 181.93)    (181.93, 182.025)   (182.025, 182.12)   (182.12, 182.459)   (183.126, 183.87)   (183.87, 184.251)   (185.502, 185.588)  (185.588, 185.673)  (185.673, 185.743)  (185.743, 185.973)  (185.973, 186.203)  (186.203, 186.343)  (186.343, 186.433) 
Token Types      : 1                   1                   1                   1                   1                   1                   1                   1                   1                   1                   1                   1                   1                   1                   1                  
turn_ids         : 79716203626507      79716203626507      79716203626507      79716203626507      79716203626507      79716203626507      79716203626507      79716203626507      79716203626507      79716203626507      79716203626507      79716203626507      79716203626507      79716203626507      79716203626507     
turn_end_types   : 1                   1                   1                   1                   1                   1                   1                   1                   1                   1                   1                   1                   1                   1                   1                  
speaker_ids      : 2                   2                   2                   2                   2                   2                   2                   2                   2                   2                   2                   2                   2                   2                   2                  


A                : <emp>               <emp>               <emp>               <emp>               <emp>               <emp>               <emp>               <emp>               <emp>               <emp>               <emp>               <emp>               <emp>               <emp>               <emp>              
Timings          : (186.433, 186.733)  (186.733, 186.883)  (186.883, 186.948)  (186.948, 187.013)  (187.013, 187.073)  (187.073, 187.193)  (187.193, 187.263)  (187.263, 187.633)  (187.901, 188.303)  (188.303, 188.373)  (188.373, 188.553)  (188.553, 189.227)  (189.378, 189.743)  (189.743, 189.903)  (189.903, 190.023) 
Token Types      : 0                   0                   0                   0                   0                   0                   0                   0                   0                   0                   0                   0                   0                   0                   0                  
turn_ids         : 0                   0                   0                   0                   0                   0                   0                   0                   0                   0                   0                   0                   0                   0                   0                  
turn_end_types   : 0                   0                   0                   0                   0                   0                   0                   0                   0                   0                   0                   0                   0                   0                   0                  
speaker_ids      : 0                   0                   0                   0                   0                   0                   0                   0                   0                   0                   0                   0                   0                   0                   0                  

B                : Ġpointed            Ġout                Ġthere              's                  Ġa                  Ġlot                Ġof                 Ġcorruption         Ġcorruption         Ġin                 Ġother              Ġcountries          Ġand                Ġso                 Ġwhen              
Timings          : (186.433, 186.733)  (186.733, 186.883)  (186.883, 186.948)  (186.948, 187.013)  (187.013, 187.073)  (187.073, 187.193)  (187.193, 187.263)  (187.263, 187.633)  (187.901, 188.303)  (188.303, 188.373)  (188.373, 188.553)  (188.553, 189.227)  (189.378, 189.743)  (189.743, 189.903)  (189.903, 190.023) 
Token Types      : 1                   1                   1                   1                   1                   1                   1                   1                   1                   1                   1                   1                   1                   1                   1                  
turn_ids         : 79716203626507      79716203626507      79716203626507      79716203626507      79716203626507      79716203626507      79716203626507      79716203626507      79716203626507      79716203626507      79716203626507      79716203626507      79716203626507      79716203626507      79716203626507     
turn_end_types   : 1                   1                   1                   1                   1                   1                   1                   1                   1                   1                   1                   1                   1                   1                   1                  
speaker_ids      : 2                   2                   2                   2                   2                   2                   2                   2                   2                   2                   2                   2                   2                   2                   2                  


A                : <emp>               <emp>               <emp>               <emp>               <emp>               <emp>               <emp>               <emp>               <emp>               <emp>               <emp>               <emp>               <emp>               <emp>               <emp>              
Timings          : (190.023, 190.093)  (190.093, 190.263)  (190.263, 190.493)  (190.493, 190.573)  (190.573, 190.653)  (190.653, 191.013)  (191.013, 191.073)  (191.073, 191.293)  (191.293, 191.563)  (191.958, 192.103)  (192.103, 192.343)  (192.343, 192.413)  (192.413, 192.623)  (192.623, 193.123)  (193.851, 193.906) 
Token Types      : 0                   0                   0                   0                   0                   0                   0                   0                   0                   0                   0                   0                   0                   0                   0                  
turn_ids         : 0                   0                   0                   0                   0                   0                   0                   0                   0                   0                   0                   0                   0                   0                   0                  
turn_end_types   : 0                   0                   0                   0                   0                   0                   0                   0                   0                   0                   0                   0                   0                   0                   0                  
speaker_ids      : 0                   0                   0                   0                   0                   0                   0                   0                   0                   0                   0                   0                   0                   0                   0                  

B                : Ġyou                Ġcome               Ġback               Ġto                 Ġthe                Ġstates             Ġyou                Ġsay                Ġwell               Ġas                 Ġbad                Ġas                 Ġthis               Ġis                 Ġi                 
Timings          : (190.023, 190.093)  (190.093, 190.263)  (190.263, 190.493)  (190.493, 190.573)  (190.573, 190.653)  (190.653, 191.013)  (191.013, 191.073)  (191.073, 191.293)  (191.293, 191.563)  (191.958, 192.103)  (192.103, 192.343)  (192.343, 192.413)  (192.413, 192.623)  (192.623, 193.123)  (193.851, 193.906) 
Token Types      : 1                   1                   1                   1                   1                   1                   1                   1                   1                   1                   1                   1                   1                   1                   1                  
turn_ids         : 79716203626507      79716203626507      79716203626507      79716203626507      79716203626507      79716203626507      79716203626507      79716203626507      79716203626507      79716203626507      79716203626507      79716203626507      79716203626507      79716203626507      79716203626507     
turn_end_types   : 1                   1                   1                   1                   1                   1                   1                   1                   1                   1                   1                   1                   1                   1                   1                  
speaker_ids      : 2                   2                   2                   2                   2                   2                   2                   2                   2                   2                   2                   2                   2                   2                   2                  


A                : Ġright              <ebc>               <emp>               <emp>               <emp>               <emp>               <emp>               <emp>               <emp>               <emp>               <emp>               <emp>               <emp>               <emp>               <emp>              
Timings          : (193.927, 194.277)  (-1.0, -1.0)        (194.223, 194.441)  (194.441, 194.681)  (194.681, 194.761)  (194.761, 194.941)  (194.941, 195.233)  (196.272, 196.817)  (196.817, 197.1)    (197.1, 197.201)    (197.201, 197.451)  (197.451, 197.651)  (197.651, 197.858)  (197.858, 198.084)  (198.261, 198.481) 
Token Types      : 3                   3                   0                   0                   0                   0                   0                   0                   0                   0                   0                   0                   0                   0                   0                  
turn_ids         : 79717814239240      79717814239240      0                   0                   0                   0                   0                   0                   0                   0                   0                   0                   0                   0                   0                  
turn_end_types   : 0                   0                   0                   0                   0                   0                   0                   0                   0                   0                   0                   0                   0                   0                   0                  
speaker_ids      : 1                   1                   0                   0                   0                   0                   0                   0                   0                   0                   0                   0                   0                   0                   0                  

B                : 'm                  Ġstill              Ġawfully            Ġglad               Ġto                 Ġbe                 Ġhere               Ġuh                 Ġso                 Ġi                  Ġguess              Ġthe                Ġyou                Ġknow               Ġthis              
Timings          : (193.906, 193.961)  (193.961, 194.223)  (194.223, 194.441)  (194.441, 194.681)  (194.681, 194.761)  (194.761, 194.941)  (194.941, 195.233)  (196.272, 196.817)  (196.817, 197.1)    (197.1, 197.201)    (197.201, 197.451)  (197.451, 197.651)  (197.651, 197.858)  (197.858, 198.084)  (198.261, 198.481) 
Token Types      : 1                   1                   1                   1                   1                   1                   1                   1                   1                   1                   1                   1                   1                   1                   1                  
turn_ids         : 79716203626507      79716203626507      79716203626507      79716203626507      79716203626507      79716203626507      79716203626507      79716203626507      79716203626507      79716203626507      79716203626507      79716203626507      79716203626507      79716203626507      79716203626507     
turn_end_types   : 1                   1                   1                   1                   1                   1                   1                   1                   1                   1                   1                   1                   1                   1                   1                  
speaker_ids      : 2                   2                   2                   2                   2                   2                   2                   2                   2                   2                   2                   2                   2                   2                   2                  


A                : <emp>               <emp>               <emp>               <emp>               <emp>               <emp>               <emp>               <emp>               <emp>               <emp>               <emp>               <emp>               <emp>               <emp>               <emp>              
Timings          : (198.605, 198.761)  (198.761, 199.181)  (199.181, 199.371)  (199.371, 199.561)  (199.561, 199.681)  (199.681, 199.901)  (199.901, 200.291)  (200.291, 200.444)  (200.444, 200.994)  (201.178, 201.572)  (201.704, 202.101)  (202.101, 202.451)  (202.451, 202.631)  (202.631, 202.681)  (202.681, 202.831) 
Token Types      : 0                   0                   0                   0                   0                   0                   0                   0                   0                   0                   0                   0                   0                   0                   0                  
turn_ids         : 0                   0                   0                   0                   0                   0                   0                   0                   0                   0                   0                   0                   0                   0                   0                  
turn_end_types   : 0                   0                   0                   0                   0                   0                   0                   0                   0                   0                   0                   0                   0                   0                   0                  
speaker_ids      : 0                   0                   0                   0                   0                   0                   0                   0                   0                   0                   0                   0                   0                   0                   0                  

B                : Ġthis               Ġquestion           Ġwas                Ġcan                Ġwe                 Ġever               Ġget                Ġuh                 Ġtotally            Ġuh                 Ġhonest             Ġgovernment         Ġand                Ġi                  Ġwould             
Timings          : (198.605, 198.761)  (198.761, 199.181)  (199.181, 199.371)  (199.371, 199.561)  (199.561, 199.681)  (199.681, 199.901)  (199.901, 200.291)  (200.291, 200.444)  (200.444, 200.994)  (201.178, 201.572)  (201.704, 202.101)  (202.101, 202.451)  (202.451, 202.631)  (202.631, 202.681)  (202.681, 202.831) 
Token Types      : 1                   1                   1                   1                   1                   1                   1                   1                   1                   1                   1                   1                   1                   1                   1                  
turn_ids         : 79716203626507      79716203626507      79716203626507      79716203626507      79716203626507      79716203626507      79716203626507      79716203626507      79716203626507      79716203626507      79716203626507      79716203626507      79716203626507      79716203626507      79716203626507     
turn_end_types   : 1                   1                   1                   1                   1                   1                   1                   1                   1                   1                   1                   1                   1                   1                   1                  
speaker_ids      : 2                   2                   2                   2                   2                   2                   2                   2                   2                   2                   2                   2                   2                   2                   2                  


A                : <emp>               <emp>               Ġit                 's                  Ġan                 Ġimperfect          Ġsystem             Ġbecause            Ġpeople             Ġare                Ġimperfect          <eot>               <emp>               <emp>               <emp>              
Timings          : (202.831, 203.224)  (204.132, 204.651)  (204.998, 205.103)  (205.103, 205.208)  (205.208, 205.288)  (205.288, 205.718)  (205.718, 205.958)  (205.958, 206.188)  (206.188, 206.498)  (206.498, 206.618)  (206.618, 207.188)  (-1.0, -1.0)        (207.444, 207.704)  (207.704, 207.834)  (207.834, 207.914) 
Token Types      : 0                   0                   1                   1                   1                   1                   1                   1                   1                   1                   1                   1                   0                   0                   0                  
turn_ids         : 0                   0                   79715666755596      79715666755596      79715666755596      79715666755596      79715666755596      79715666755596      79715666755596      79715666755596      79715666755596      79715666755596      0                   0                   0                  
turn_end_types   : 0                   0                   1                   1                   1                   1                   1                   1                   1                   1                   1                   1                   0                   0                   0                  
speaker_ids      : 0                   0                   1                   1                   1                   1                   1                   1                   1                   1                   1                   1                   0                   0                   0                  

B                : Ġsay                Ġuh                 <eot>               <emp>               <emp>               <emp>               <emp>               <emp>               <emp>               <emp>               <emp>               Ġyeah               Ġonly               Ġto                 Ġthe               
Timings          : (202.831, 203.224)  (204.132, 204.651)  (-1.0, -1.0)        (205.103, 205.208)  (205.208, 205.288)  (205.288, 205.718)  (205.718, 205.958)  (205.958, 206.188)  (206.188, 206.498)  (206.498, 206.618)  (206.618, 207.188)  (207.284, 207.444)  (207.444, 207.704)  (207.704, 207.834)  (207.834, 207.914) 
Token Types      : 1                   1                   1                   0                   0                   0                   0                   0                   0                   0                   0                   1                   1                   1                   1                  
turn_ids         : 79716203626507      79716203626507      79716203626507      0                   0                   0                   0                   0                   0                   0                   0                   79716203626509      79716203626509      79716203626509      79716203626509     
turn_end_types   : 1                   1                   1                   0                   0                   0                   0                   0                   0                   0                   0                   1                   1                   1                   1                  
speaker_ids      : 2                   2                   2                   0                   0                   0                   0                   0                   0                   0                   0                   2                   2                   2                   2                  


A                : <emp>               <emp>               <emp>               <emp>               <emp>               <emp>               <emp>               <emp>               <emp>               <emp>               <emp>               <emp>               <emp>               <emp>               <emp>              
Timings          : (207.914, 208.314)  (208.314, 208.444)  (208.444, 208.539)  (208.539, 208.634)  (208.634, 209.024)  (209.024, 209.144)  (209.144, 209.407)  (209.844, 210.074)  (210.074, 210.324)  (210.324, 210.554)  (211.622, 211.898)  (211.898, 212.262)  (212.262, 212.372)  (212.372, 212.482)  (212.482, 212.802) 
Token Types      : 0                   0                   0                   0                   0                   0                   0                   0                   0                   0                   0                   0                   0                   0                   0                  
turn_ids         : 0                   0                   0                   0                   0                   0                   0                   0                   0                   0                   0                   0                   0                   0                   0                  
turn_end_types   : 0                   0                   0                   0                   0                   0                   0                   0                   0                   0                   0                   0                   0                   0                   0                  
speaker_ids      : 0                   0                   0                   0                   0                   0                   0                   0                   0                   0                   0                   0                   0                   0                   0                  

B                : Ġextent             Ġthat               Ġi                  'm                  Ġhonest             Ġcan                Ġi                  Ġcan                Ġi                  Ġuh                 Ġuh                 Ġact                Ġas                 Ġan                 Ġhonest            
Timings          : (207.914, 208.314)  (208.314, 208.444)  (208.444, 208.539)  (208.539, 208.634)  (208.634, 209.024)  (209.024, 209.144)  (209.144, 209.407)  (209.844, 210.074)  (210.074, 210.324)  (210.324, 210.554)  (211.622, 211.898)  (211.898, 212.262)  (212.262, 212.372)  (212.372, 212.482)  (212.482, 212.802) 
Token Types      : 1                   1                   1                   1                   1                   1                   1                   1                   1                   1                   1                   1                   1                   1                   1                  
turn_ids         : 79716203626509      79716203626509      79716203626509      79716203626509      79716203626509      79716203626509      79716203626509      79716203626509      79716203626509      79716203626509      79716203626509      79716203626509      79716203626509      79716203626509      79716203626509     
turn_end_types   : 1                   1                   1                   1                   1                   1                   1                   1                   1                   1                   1                   1                   1                   1                   1                  
speaker_ids      : 2                   2                   2                   2                   2                   2                   2                   2                   2                   2                   2                   2                   2                   2                   2                  


A                : <emp>               Ġi                  Ġi                  Ġmean               Ġthe                Ġproblem            Ġis                 Ġthat               Ġyou                Ġknow               Ġyou                've                 Ġgot                Ġas                 Ġi                 
Timings          : (212.802, 213.232)  (213.813, 214.003)  (214.003, 214.153)  (214.153, 214.546)  (214.776, 214.903)  (214.903, 215.293)  (215.293, 215.533)  (215.533, 215.794)  (217.648, 217.768)  (217.768, 218.018)  (218.018, 218.138)  (218.138, 218.258)  (218.258, 218.533)  (219.23, 219.398)   (219.398, 219.428) 
Token Types      : 0                   1                   1                   1                   1                   1                   1                   1                   1                   1                   1                   1                   1                   1                   1                  
turn_ids         : 0                   79715666755598      79715666755598      79715666755598      79715666755598      79715666755598      79715666755598      79715666755598      79715666755598      79715666755598      79715666755598      79715666755598      79715666755598      79715666755598      79715666755598     
turn_end_types   : 0                   1                   1                   1                   1                   1                   1                   1                   1                   1                   1                   1                   1                   1                   1                  
speaker_ids      : 0                   1                   1                   1                   1                   1                   1                   1                   1                   1                   1                   1                   1                   1                   1                  

B                : Ġperson             <eot>               <emp>               <emp>               <emp>               <emp>               <emp>               <emp>               <emp>               <emp>               <emp>               <emp>               <emp>               <emp>               <emp>              
Timings          : (212.802, 213.232)  (-1.0, -1.0)        (214.003, 214.153)  (214.153, 214.546)  (214.776, 214.903)  (214.903, 215.293)  (215.293, 215.533)  (215.533, 215.794)  (217.648, 217.768)  (217.768, 218.018)  (218.018, 218.138)  (218.138, 218.258)  (218.258, 218.533)  (219.23, 219.398)   (219.398, 219.428) 
Token Types      : 1                   1                   0                   0                   0                   0                   0                   0                   0                   0                   0                   0                   0                   0                   0                  
turn_ids         : 79716203626509      79716203626509      0                   0                   0                   0                   0                   0                   0                   0                   0                   0                   0                   0                   0                  
turn_end_types   : 1                   1                   0                   0                   0                   0                   0                   0                   0                   0                   0                   0                   0                   0                   0                  
speaker_ids      : 2                   2                   0                   0                   0                   0                   0                   0                   0                   0                   0                   0                   0                   0                   0                  


A                : Ġsaid               Ġthere              's                  Ġno                 Ġincentive          Ġincentive          Ġto                 Ġgo                 Ġinto               Ġlook               Ġat                 Ġour                Ġstate              Ġlegislature        Ġand               
Timings          : (219.428, 219.738)  (219.738, 219.843)  (219.843, 219.948)  (219.948, 220.108)  (220.108, 220.558)  (220.558, 220.998)  (220.998, 221.128)  (221.128, 221.295)  (221.295, 221.502)  (222.263, 222.398)  (222.398, 222.458)  (222.458, 222.608)  (222.608, 223.068)  (223.348, 223.958)  (223.958, 224.048) 
Token Types      : 1                   1                   1                   1                   1                   1                   1                   1                   1                   1                   1                   1                   1                   1                   1                  
turn_ids         : 79715666755598      79715666755598      79715666755598      79715666755598      79715666755598      79715666755598      79715666755598      79715666755598      79715666755598      79715666755598      79715666755598      79715666755598      79715666755598      79715666755598      79715666755598     
turn_end_types   : 1                   1                   1                   1                   1                   1                   1                   1                   1                   1                   1                   1                   1                   1                   1                  
speaker_ids      : 1                   1                   1                   1                   1                   1                   1                   1                   1                   1                   1                   1                   1                   1                   1                  

B                : <emp>               <emp>               <emp>               <emp>               <emp>               <emp>               <emp>               <emp>               <emp>               <emp>               <emp>               <emp>               <emp>               <emp>               <emp>              
Timings          : (219.428, 219.738)  (219.738, 219.843)  (219.843, 219.948)  (219.948, 220.108)  (220.108, 220.558)  (220.558, 220.998)  (220.998, 221.128)  (221.128, 221.295)  (221.295, 221.502)  (222.263, 222.398)  (222.398, 222.458)  (222.458, 222.608)  (222.608, 223.068)  (223.348, 223.958)  (223.958, 224.048) 
Token Types      : 0                   0                   0                   0                   0                   0                   0                   0                   0                   0                   0                   0                   0                   0                   0                  
turn_ids         : 0                   0                   0                   0                   0                   0                   0                   0                   0                   0                   0                   0                   0                   0                   0                  
turn_end_types   : 0                   0                   0                   0                   0                   0                   0                   0                   0                   0                   0                   0                   0                   0                   0                  
speaker_ids      : 0                   0                   0                   0                   0                   0                   0                   0                   0                   0                   0                   0                   0                   0                   0                  


A                : Ġthings             Ġwhere              Ġvery               Ġnominal            Ġpay                Ġbut                Ġthere              's                  Ġalso               Ġnot                Ġyou                Ġknow               Ġwhat               's                  Ġthe               
Timings          : (224.048, 224.278)  (224.278, 224.535)  (224.693, 224.968)  (224.968, 225.418)  (225.418, 225.698)  (225.698, 225.888)  (225.888, 225.988)  (225.988, 226.088)  (226.088, 226.328)  (226.328, 226.698)  (226.858, 226.968)  (226.968, 227.168)  (227.677, 227.792)  (227.792, 227.907)  (227.907, 227.987) 
Token Types      : 1                   1                   1                   1                   1                   1                   1                   1                   1                   1                   1                   1                   1                   1                   1                  
turn_ids         : 79715666755598      79715666755598      79715666755598      79715666755598      79715666755598      79715666755598      79715666755598      79715666755598      79715666755598      79715666755598      79715666755598      79715666755598      79715666755598      79715666755598      79715666755598     
turn_end_types   : 1                   1                   1                   1                   1                   1                   1                   1                   1                   1                   1                   1                   1                   1                   1                  
speaker_ids      : 1                   1                   1                   1                   1                   1                   1                   1                   1                   1                   1                   1                   1                   1                   1                  

B                : <emp>               <emp>               <emp>               <emp>               <emp>               <emp>               <emp>               <emp>               <emp>               <emp>               <emp>               <emp>               <emp>               <emp>               <emp>              
Timings          : (224.048, 224.278)  (224.278, 224.535)  (224.693, 224.968)  (224.968, 225.418)  (225.418, 225.698)  (225.698, 225.888)  (225.888, 225.988)  (225.988, 226.088)  (226.088, 226.328)  (226.328, 226.698)  (226.858, 226.968)  (226.968, 227.168)  (227.677, 227.792)  (227.792, 227.907)  (227.907, 227.987) 
Token Types      : 0                   0                   0                   0                   0                   0                   0                   0                   0                   0                   0                   0                   0                   0                   0                  
turn_ids         : 0                   0                   0                   0                   0                   0                   0                   0                   0                   0                   0                   0                   0                   0                   0                  
turn_end_types   : 0                   0                   0                   0                   0                   0                   0                   0                   0                   0                   0                   0                   0                   0                   0                  
speaker_ids      : 0                   0                   0                   0                   0                   0                   0                   0                   0                   0                   0                   0                   0                   0                   0                  


A                : Ġcampaign           Ġthe                Ġcampaign           Ġis                 Ġfour               Ġguys               Ġgo                 Ġagainst            Ġeach               Ġother              Ġand                Ġyou                Ġknow               Ġthere              's                 
Timings          : (227.987, 228.387)  (228.387, 228.447)  (228.447, 228.897)  (228.897, 228.977)  (228.977, 229.197)  (229.197, 229.447)  (229.447, 229.597)  (229.597, 229.957)  (229.957, 230.157)  (230.157, 230.397)  (230.397, 230.507)  (230.507, 230.607)  (230.607, 230.837)  (230.837, 230.932)  (230.932, 231.027) 
Token Types      : 1                   1                   1                   1                   1                   1                   1                   1                   1                   1                   1                   1                   1                   1                   1                  
turn_ids         : 79715666755598      79715666755598      79715666755598      79715666755598      79715666755598      79715666755598      79715666755598      79715666755598      79715666755598      79715666755598      79715666755598      79715666755598      79715666755598      79715666755598      79715666755598     
turn_end_types   : 1                   1                   1                   1                   1                   1                   1                   1                   1                   1                   1                   1                   1                   1                   1                  
speaker_ids      : 1                   1                   1                   1                   1                   1                   1                   1                   1                   1                   1                   1                   1                   1                   1                  

B                : <emp>               <emp>               <emp>               <emp>               <emp>               <emp>               <emp>               <emp>               <emp>               <emp>               <emp>               <emp>               <emp>               <emp>               <emp>              
Timings          : (227.987, 228.387)  (228.387, 228.447)  (228.447, 228.897)  (228.897, 228.977)  (228.977, 229.197)  (229.197, 229.447)  (229.447, 229.597)  (229.597, 229.957)  (229.957, 230.157)  (230.157, 230.397)  (230.397, 230.507)  (230.507, 230.607)  (230.607, 230.837)  (230.837, 230.932)  (230.932, 231.027) 
Token Types      : 0                   0                   0                   0                   0                   0                   0                   0                   0                   0                   0                   0                   0                   0                   0                  
turn_ids         : 0                   0                   0                   0                   0                   0                   0                   0                   0                   0                   0                   0                   0                   0                   0                  
turn_end_types   : 0                   0                   0                   0                   0                   0                   0                   0                   0                   0                   0                   0                   0                   0                   0                  
speaker_ids      : 0                   0                   0                   0                   0                   0                   0                   0                   0                   0                   0                   0                   0                   0                   0                  


A                : Ġno                 Ġadvertising        Ġthose              Ġpeople             Ġi                  Ġcan                Ġbelieve            Ġare                Ġdoing              Ġit                 Ġbecause            Ġthey               Ġwant               Ġto                 Ġchange            
Timings          : (231.027, 231.237)  (231.237, 231.947)  (232.507, 232.667)  (232.667, 232.927)  (232.927, 232.967)  (232.967, 233.127)  (233.127, 233.417)  (233.417, 233.487)  (233.487, 233.717)  (233.717, 233.797)  (233.797, 234.007)  (234.007, 234.077)  (234.077, 234.267)  (234.267, 234.337)  (234.337, 234.597) 
Token Types      : 1                   1                   1                   1                   1                   1                   1                   1                   1                   1                   1                   1                   1                   1                   1                  
turn_ids         : 79715666755598      79715666755598      79715666755598      79715666755598      79715666755598      79715666755598      79715666755598      79715666755598      79715666755598      79715666755598      79715666755598      79715666755598      79715666755598      79715666755598      79715666755598     
turn_end_types   : 1                   1                   1                   1                   1                   1                   1                   1                   1                   1                   1                   1                   1                   1                   1                  
speaker_ids      : 1                   1                   1                   1                   1                   1                   1                   1                   1                   1                   1                   1                   1                   1                   1                  

B                : <emp>               <emp>               <emp>               <emp>               <emp>               <emp>               <emp>               <emp>               <emp>               <emp>               <emp>               <emp>               <emp>               <emp>               <emp>              
Timings          : (231.027, 231.237)  (231.237, 231.947)  (232.507, 232.667)  (232.667, 232.927)  (232.927, 232.967)  (232.967, 233.127)  (233.127, 233.417)  (233.417, 233.487)  (233.487, 233.717)  (233.717, 233.797)  (233.797, 234.007)  (234.007, 234.077)  (234.077, 234.267)  (234.267, 234.337)  (234.337, 234.597) 
Token Types      : 0                   0                   0                   0                   0                   0                   0                   0                   0                   0                   0                   0                   0                   0                   0                  
turn_ids         : 0                   0                   0                   0                   0                   0                   0                   0                   0                   0                   0                   0                   0                   0                   0                  
turn_end_types   : 0                   0                   0                   0                   0                   0                   0                   0                   0                   0                   0                   0                   0                   0                   0                  
speaker_ids      : 0                   0                   0                   0                   0                   0                   0                   0                   0                   0                   0                   0                   0                   0                   0                  


A                : Ġthe                Ġprocess            Ġbut                Ġwhen               Ġyou                're                 Ġtalking            Ġabout              Ġhaving             Ġto                 Ġspend              Ġtens               Ġof                 Ġmillions           Ġof                
Timings          : (234.597, 234.657)  (234.657, 235.447)  (236.334, 236.597)  (236.597, 236.796)  (236.796, 236.846)  (236.846, 236.896)  (236.896, 237.167)  (237.167, 237.357)  (237.357, 237.536)  (237.536, 237.617)  (237.617, 238.007)  (238.007, 238.327)  (238.327, 238.387)  (238.387, 238.717)  (238.717, 238.777) 
Token Types      : 1                   1                   1                   1                   1                   1                   1                   1                   1                   1                   1                   1                   1                   1                   1                  
turn_ids         : 79715666755598      79715666755598      79715666755598      79715666755598      79715666755598      79715666755598      79715666755598      79715666755598      79715666755598      79715666755598      79715666755598      79715666755598      79715666755598      79715666755598      79715666755598     
turn_end_types   : 1                   1                   1                   1                   1                   1                   1                   1                   1                   1                   1                   1                   1                   1                   1                  
speaker_ids      : 1                   1                   1                   1                   1                   1                   1                   1                   1                   1                   1                   1                   1                   1                   1                  

B                : <emp>               <emp>               <emp>               <emp>               <emp>               <emp>               <emp>               <emp>               <emp>               <emp>               <emp>               <emp>               <emp>               <emp>               <emp>              
Timings          : (234.597, 234.657)  (234.657, 235.447)  (236.334, 236.597)  (236.597, 236.796)  (236.796, 236.846)  (236.846, 236.896)  (236.896, 237.167)  (237.167, 237.357)  (237.357, 237.536)  (237.536, 237.617)  (237.617, 238.007)  (238.007, 238.327)  (238.327, 238.387)  (238.387, 238.717)  (238.717, 238.777) 
Token Types      : 0                   0                   0                   0                   0                   0                   0                   0                   0                   0                   0                   0                   0                   0                   0                  
turn_ids         : 0                   0                   0                   0                   0                   0                   0                   0                   0                   0                   0                   0                   0                   0                   0                  
turn_end_types   : 0                   0                   0                   0                   0                   0                   0                   0                   0                   0                   0                   0                   0                   0                   0                  
speaker_ids      : 0                   0                   0                   0                   0                   0                   0                   0                   0                   0                   0                   0                   0                   0                   0                  


A                : Ġdollars            Ġto                 Ġget                Ġelected            Ġand                Ġthen               Ġbeing              Ġin                 Ġthe                Ġpockets            Ġof                 Ġall                Ġthese              Ġpeople             Ġwho               
Timings          : (238.777, 239.286)  (239.804, 239.867)  (239.867, 240.051)  (240.051, 240.677)  (240.677, 240.807)  (240.807, 241.047)  (241.047, 241.277)  (241.277, 241.417)  (241.417, 241.477)  (241.477, 241.987)  (241.987, 242.077)  (242.077, 242.197)  (242.197, 242.397)  (242.397, 242.647)  (242.647, 242.707) 
Token Types      : 1                   1                   1                   1                   1                   1                   1                   1                   1                   1                   1                   1                   1                   1                   1                  
turn_ids         : 79715666755598      79715666755598      79715666755598      79715666755598      79715666755598      79715666755598      79715666755598      79715666755598      79715666755598      79715666755598      79715666755598      79715666755598      79715666755598      79715666755598      79715666755598     
turn_end_types   : 1                   1                   1                   1                   1                   1                   1                   1                   1                   1                   1                   1                   1                   1                   1                  
speaker_ids      : 1                   1                   1                   1                   1                   1                   1                   1                   1                   1                   1                   1                   1                   1                   1                  

B                : <emp>               <emp>               <emp>               <emp>               <emp>               <emp>               <emp>               <emp>               <emp>               <emp>               <emp>               <emp>               <emp>               <emp>               <emp>              
Timings          : (238.777, 239.286)  (239.804, 239.867)  (239.867, 240.051)  (240.051, 240.677)  (240.677, 240.807)  (240.807, 241.047)  (241.047, 241.277)  (241.277, 241.417)  (241.417, 241.477)  (241.477, 241.987)  (241.987, 242.077)  (242.077, 242.197)  (242.197, 242.397)  (242.397, 242.647)  (242.647, 242.707) 
Token Types      : 0                   0                   0                   0                   0                   0                   0                   0                   0                   0                   0                   0                   0                   0                   0                  
turn_ids         : 0                   0                   0                   0                   0                   0                   0                   0                   0                   0                   0                   0                   0                   0                   0                  
turn_end_types   : 0                   0                   0                   0                   0                   0                   0                   0                   0                   0                   0                   0                   0                   0                   0                  
speaker_ids      : 0                   0                   0                   0                   0                   0                   0                   0                   0                   0                   0                   0                   0                   0                   0                  


A                : Ġgave               Ġyou                Ġthe                Ġmoney              Ġand                Ġthen               Ġhaving             Ġto                 Ġregard             Ġhow                Ġto                 Ġrepay              Ġyou                Ġknow               Ġhow               
Timings          : (242.707, 242.917)  (242.917, 242.987)  (242.987, 243.067)  (243.067, 243.509)  (243.983, 244.207)  (244.207, 244.387)  (244.387, 244.677)  (244.677, 244.757)  (244.757, 245.047)  (245.047, 245.188)  (245.188, 245.312)  (245.527, 245.827)  (245.827, 245.987)  (245.987, 246.261)  (246.8, 246.987)   
Token Types      : 1                   1                   1                   1                   1                   1                   1                   1                   1                   1                   1                   1                   1                   1                   1                  
turn_ids         : 79715666755598      79715666755598      79715666755598      79715666755598      79715666755598      79715666755598      79715666755598      79715666755598      79715666755598      79715666755598      79715666755598      79715666755598      79715666755598      79715666755598      79715666755598     
turn_end_types   : 1                   1                   1                   1                   1                   1                   1                   1                   1                   1                   1                   1                   1                   1                   1                  
speaker_ids      : 1                   1                   1                   1                   1                   1                   1                   1                   1                   1                   1                   1                   1                   1                   1                  

B                : <emp>               <emp>               <emp>               <emp>               <emp>               <emp>               <emp>               <emp>               <emp>               <emp>               <emp>               <emp>               <emp>               <emp>               <emp>              
Timings          : (242.707, 242.917)  (242.917, 242.987)  (242.987, 243.067)  (243.067, 243.509)  (243.983, 244.207)  (244.207, 244.387)  (244.387, 244.677)  (244.677, 244.757)  (244.757, 245.047)  (245.047, 245.188)  (245.188, 245.312)  (245.527, 245.827)  (245.827, 245.987)  (245.987, 246.261)  (246.8, 246.987)   
Token Types      : 0                   0                   0                   0                   0                   0                   0                   0                   0                   0                   0                   0                   0                   0                   0                  
turn_ids         : 0                   0                   0                   0                   0                   0                   0                   0                   0                   0                   0                   0                   0                   0                   0                  
turn_end_types   : 0                   0                   0                   0                   0                   0                   0                   0                   0                   0                   0                   0                   0                   0                   0                  
speaker_ids      : 0                   0                   0                   0                   0                   0                   0                   0                   0                   0                   0                   0                   0                   0                   0                  


A                : Ġto                 Ġuh                 Ġkind               Ġof                 Ġdo                 Ġfor                Ġyourself           Ġi                  Ġthink              Ġi                  Ġi                  Ġreally             Ġthink              Ġthat               Ġit                
Timings          : (246.987, 247.207)  (247.207, 247.523)  (247.892, 248.157)  (248.157, 248.237)  (248.237, 248.417)  (248.417, 248.547)  (248.547, 249.367)  (250.2, 250.351)    (250.351, 250.734)  (250.734, 251.016)  (251.016, 251.191)  (251.191, 251.471)  (251.471, 251.671)  (251.671, 251.883)  (251.992, 252.152) 
Token Types      : 1                   1                   1                   1                   1                   1                   1                   1                   1                   1                   1                   1                   1                   1                   1                  
turn_ids         : 79715666755598      79715666755598      79715666755598      79715666755598      79715666755598      79715666755598      79715666755598      79715666755598      79715666755598      79715666755598      79715666755598      79715666755598      79715666755598      79715666755598      79715666755598     
turn_end_types   : 1                   1                   1                   1                   1                   1                   1                   1                   1                   1                   1                   1                   1                   1                   1                  
speaker_ids      : 1                   1                   1                   1                   1                   1                   1                   1                   1                   1                   1                   1                   1                   1                   1                  

B                : <emp>               <emp>               <emp>               <emp>               <emp>               <emp>               <emp>               <emp>               <emp>               <emp>               <emp>               <emp>               <emp>               <emp>               <emp>              
Timings          : (246.987, 247.207)  (247.207, 247.523)  (247.892, 248.157)  (248.157, 248.237)  (248.237, 248.417)  (248.417, 248.547)  (248.547, 249.367)  (250.2, 250.351)    (250.351, 250.734)  (250.734, 251.016)  (251.016, 251.191)  (251.191, 251.471)  (251.471, 251.671)  (251.671, 251.883)  (251.992, 252.152) 
Token Types      : 0                   0                   0                   0                   0                   0                   0                   0                   0                   0                   0                   0                   0                   0                   0                  
turn_ids         : 0                   0                   0                   0                   0                   0                   0                   0                   0                   0                   0                   0                   0                   0                   0                  
turn_end_types   : 0                   0                   0                   0                   0                   0                   0                   0                   0                   0                   0                   0                   0                   0                   0                  
speaker_ids      : 0                   0                   0                   0                   0                   0                   0                   0                   0                   0                   0                   0                   0                   0                   0                  


A                : 's                  Ġnot                Ġso                 Ġmuch               Ġthat               Ġcorrupt            Ġpeople             Ġgo                 Ġinto               Ġit                 Ġas                 Ġthat               Ġthe                Ġprocess            Ġcorrupt           
Timings          : (252.152, 252.311)  (252.311, 252.541)  (252.541, 252.671)  (252.671, 253.001)  (253.001, 253.322)  (253.944, 254.361)  (254.361, 254.741)  (254.741, 254.931)  (254.931, 255.171)  (255.171, 255.251)  (255.251, 255.638)  (255.638, 255.871)  (255.871, 255.931)  (255.931, 256.451)  (256.451, 256.766) 
Token Types      : 1                   1                   1                   1                   1                   1                   1                   1                   1                   1                   1                   1                   1                   1                   1                  
turn_ids         : 79715666755598      79715666755598      79715666755598      79715666755598      79715666755598      79715666755598      79715666755598      79715666755598      79715666755598      79715666755598      79715666755598      79715666755598      79715666755598      79715666755598      79715666755598     
turn_end_types   : 1                   1                   1                   1                   1                   1                   1                   1                   1                   1                   1                   1                   1                   1                   1                  
speaker_ids      : 1                   1                   1                   1                   1                   1                   1                   1                   1                   1                   1                   1                   1                   1                   1                  

B                : <emp>               <emp>               <emp>               <emp>               <emp>               <emp>               <emp>               <emp>               <emp>               <emp>               <emp>               <emp>               <emp>               <emp>               <emp>              
Timings          : (252.152, 252.311)  (252.311, 252.541)  (252.541, 252.671)  (252.671, 253.001)  (253.001, 253.322)  (253.944, 254.361)  (254.361, 254.741)  (254.741, 254.931)  (254.931, 255.171)  (255.171, 255.251)  (255.251, 255.638)  (255.638, 255.871)  (255.871, 255.931)  (255.931, 256.451)  (256.451, 256.766) 
Token Types      : 0                   0                   0                   0                   0                   0                   0                   0                   0                   0                   0                   0                   0                   0                   0                  
turn_ids         : 0                   0                   0                   0                   0                   0                   0                   0                   0                   0                   0                   0                   0                   0                   0                  
turn_end_types   : 0                   0                   0                   0                   0                   0                   0                   0                   0                   0                   0                   0                   0                   0                   0                  
speaker_ids      : 0                   0                   0                   0                   0                   0                   0                   0                   0                   0                   0                   0                   0                   0                   0                  


A                : s                   <eot>               <emp>               <emp>               <emp>               <emp>               <emp>               <emp>               <emp>               <emp>               <emp>               <emp>               <emp>               <emp>               <emp>              
Timings          : (256.766, 257.081)  (-1.0, -1.0)        (257.247, 257.606)  (257.723, 257.901)  (257.901, 258.037)  (258.037, 258.277)  (258.277, 258.397)  (258.397, 258.507)  (258.507, 258.847)  (258.847, 259.049)  (259.049, 259.167)  (259.167, 259.297)  (259.297, 259.537)  (259.537, 259.597)  (259.597, 259.668) 
Token Types      : 1                   1                   0                   0                   0                   0                   0                   0                   0                   0                   0                   0                   0                   0                   0                  
turn_ids         : 79715666755598      79715666755598      0                   0                   0                   0                   0                   0                   0                   0                   0                   0                   0                   0                   0                  
turn_end_types   : 1                   1                   0                   0                   0                   0                   0                   0                   0                   0                   0                   0                   0                   0                   0                  
speaker_ids      : 1                   1                   0                   0                   0                   0                   0                   0                   0                   0                   0                   0                   0                   0                   0                  

B                : <emp>               Ġi                  Ġi                  Ġi                  Ġwould              Ġagree              Ġwith               Ġyou                Ġthere              Ġwell               Ġthe                Ġother              Ġside               Ġof                 Ġthe               
Timings          : (256.766, 257.081)  (257.097, 257.247)  (257.247, 257.606)  (257.723, 257.901)  (257.901, 258.037)  (258.037, 258.277)  (258.277, 258.397)  (258.397, 258.507)  (258.507, 258.847)  (258.847, 259.049)  (259.049, 259.167)  (259.167, 259.297)  (259.297, 259.537)  (259.537, 259.597)  (259.597, 259.668) 
Token Types      : 0                   1                   1                   1                   1                   1                   1                   1                   1                   1                   1                   1                   1                   1                   1                  
turn_ids         : 0                   79716203626511      79716203626511      79716203626511      79716203626511      79716203626511      79716203626511      79716203626511      79716203626511      79716203626511      79716203626511      79716203626511      79716203626511      79716203626511      79716203626511     
turn_end_types   : 0                   1                   1                   1                   1                   1                   1                   1                   1                   1                   1                   1                   1                   1                   1                  
speaker_ids      : 0                   2                   2                   2                   2                   2                   2                   2                   2                   2                   2                   2                   2                   2                   2                  


A                : <emp>               <emp>               <emp>               <emp>               <emp>               <emp>               <emp>               <emp>               <emp>               <emp>               <emp>               <emp>               <emp>               <emp>               <emp>              
Timings          : (259.668, 259.907)  (259.907, 260.127)  (260.127, 260.355)  (260.355, 260.461)  (261.207, 261.317)  (261.317, 261.427)  (261.427, 261.629)  (262.337, 262.497)  (262.497, 262.577)  (262.577, 263.097)  (263.097, 263.337)  (263.337, 263.537)  (263.537, 263.627)  (263.627, 264.134)  (264.931, 265.466) 
Token Types      : 0                   0                   0                   0                   0                   0                   0                   0                   0                   0                   0                   0                   0                   0                   0                  
turn_ids         : 0                   0                   0                   0                   0                   0                   0                   0                   0                   0                   0                   0                   0                   0                   0                  
turn_end_types   : 0                   0                   0                   0                   0                   0                   0                   0                   0                   0                   0                   0                   0                   0                   0                  
speaker_ids      : 0                   0                   0                   0                   0                   0                   0                   0                   0                   0                   0                   0                   0                   0                   0                  

B                : Ġcoin               Ġtoo                Ġis                 Ġthat               Ġthat               Ġthe                Ġwhole              Ġthat               Ġthe                Ġprocess            Ġeven               Ġfrom               Ġthe                Ġbeginning          Ġuh                
Timings          : (259.668, 259.907)  (259.907, 260.127)  (260.127, 260.355)  (260.355, 260.461)  (261.207, 261.317)  (261.317, 261.427)  (261.427, 261.629)  (262.337, 262.497)  (262.497, 262.577)  (262.577, 263.097)  (263.097, 263.337)  (263.337, 263.537)  (263.537, 263.627)  (263.627, 264.134)  (264.931, 265.466) 
Token Types      : 1                   1                   1                   1                   1                   1                   1                   1                   1                   1                   1                   1                   1                   1                   1                  
turn_ids         : 79716203626511      79716203626511      79716203626511      79716203626511      79716203626511      79716203626511      79716203626511      79716203626511      79716203626511      79716203626511      79716203626511      79716203626511      79716203626511      79716203626511      79716203626511     
turn_end_types   : 1                   1                   1                   1                   1                   1                   1                   1                   1                   1                   1                   1                   1                   1                   1                  
speaker_ids      : 2                   2                   2                   2                   2                   2                   2                   2                   2                   2                   2                   2                   2                   2                   2                  


A                : <emp>               <emp>               <emp>               <emp>               <emp>               <emp>               <emp>               <emp>               <emp>               <emp>               <emp>               <emp>               <emp>               <emp>               <emp>              
Timings          : (266.22, 266.371)   (266.371, 266.72)   (266.72, 266.871)   (266.871, 267.138)  (267.138, 267.215)  (267.215, 267.29)   (267.29, 267.671)   (267.671, 268.292)  (268.292, 268.641)  (268.641, 268.974)  (268.974, 269.279)  (269.279, 269.68)   (269.68, 269.79)    (269.79, 269.891)   (269.891, 270.22)  
Token Types      : 0                   0                   0                   0                   0                   0                   0                   0                   0                   0                   0                   0                   0                   0                   0                  
turn_ids         : 0                   0                   0                   0                   0                   0                   0                   0                   0                   0                   0                   0                   0                   0                   0                  
turn_end_types   : 0                   0                   0                   0                   0                   0                   0                   0                   0                   0                   0                   0                   0                   0                   0                  
speaker_ids      : 0                   0                   0                   0                   0                   0                   0                   0                   0                   0                   0                   0                   0                   0                   0                  

B                : Ġyou                Ġscratch            Ġmy                 Ġback               Ġi                  'll                 Ġscratch            Ġyours              Ġuh                 Ġi                  Ġwould              Ġeven               Ġi                  Ġwould              Ġdisagree          
Timings          : (266.22, 266.371)   (266.371, 266.72)   (266.72, 266.871)   (266.871, 267.138)  (267.138, 267.215)  (267.215, 267.29)   (267.29, 267.671)   (267.671, 268.292)  (268.292, 268.641)  (268.641, 268.974)  (268.974, 269.279)  (269.279, 269.68)   (269.68, 269.79)    (269.79, 269.891)   (269.891, 270.22)  
Token Types      : 1                   1                   1                   1                   1                   1                   1                   1                   1                   1                   1                   1                   1                   1                   1                  
turn_ids         : 79716203626511      79716203626511      79716203626511      79716203626511      79716203626511      79716203626511      79716203626511      79716203626511      79716203626511      79716203626511      79716203626511      79716203626511      79716203626511      79716203626511      79716203626511     
turn_end_types   : 1                   1                   1                   1                   1                   1                   1                   1                   1                   1                   1                   1                   1                   1                   1                  
speaker_ids      : 2                   2                   2                   2                   2                   2                   2                   2                   2                   2                   2                   2                   2                   2                   2                  


A                : <emp>               <emp>               <emp>               <emp>               <emp>               <emp>               <emp>               <emp>               <emp>               <emp>               <emp>               <emp>               <emp>               <emp>               <emp>              
Timings          : (270.22, 270.331)   (270.331, 270.421)  (270.421, 270.461)  (270.461, 270.641)  (270.641, 270.82)   (270.82, 271.111)   (271.111, 271.277)  (271.277, 271.429)  (271.429, 271.553)  (271.553, 271.671)  (271.671, 271.73)   (271.73, 272.051)   (272.051, 272.31)   (272.69, 272.815)   (272.815, 272.94)  
Token Types      : 0                   0                   0                   0                   0                   0                   0                   0                   0                   0                   0                   0                   0                   0                   0                  
turn_ids         : 0                   0                   0                   0                   0                   0                   0                   0                   0                   0                   0                   0                   0                   0                   0                  
turn_end_types   : 0                   0                   0                   0                   0                   0                   0                   0                   0                   0                   0                   0                   0                   0                   0                  
speaker_ids      : 0                   0                   0                   0                   0                   0                   0                   0                   0                   0                   0                   0                   0                   0                   0                  

B                : Ġwith               Ġyou                Ġa                  Ġlittle             Ġbit                Ġbecause            Ġi                  Ġthink              Ġthat               Ġin                 Ġthe                Ġstate              Ġlevel              Ġthat               's                 
Timings          : (270.22, 270.331)   (270.331, 270.421)  (270.421, 270.461)  (270.461, 270.641)  (270.641, 270.82)   (270.82, 271.111)   (271.111, 271.277)  (271.277, 271.429)  (271.429, 271.553)  (271.553, 271.671)  (271.671, 271.73)   (271.73, 272.051)   (272.051, 272.31)   (272.69, 272.815)   (272.815, 272.94)  
Token Types      : 1                   1                   1                   1                   1                   1                   1                   1                   1                   1                   1                   1                   1                   1                   1                  
turn_ids         : 79716203626511      79716203626511      79716203626511      79716203626511      79716203626511      79716203626511      79716203626511      79716203626511      79716203626511      79716203626511      79716203626511      79716203626511      79716203626511      79716203626511      79716203626511     
turn_end_types   : 1                   1                   1                   1                   1                   1                   1                   1                   1                   1                   1                   1                   1                   1                   1                  
speaker_ids      : 2                   2                   2                   2                   2                   2                   2                   2                   2                   2                   2                   2                   2                   2                   2                  


A                : <emp>               <emp>               <emp>               <emp>               <emp>               <emp>               <emp>               <emp>               <emp>               <emp>               <emp>               <emp>               <emp>               <emp>               <emp>              
Timings          : (272.94, 273.121)   (273.121, 273.421)  (273.421, 273.547)  (273.547, 273.724)  (273.724, 273.983)  (274.355, 274.44)   (274.44, 275.081)   (275.081, 275.23)   (275.23, 275.331)   (275.331, 275.725)  (276.139, 276.371)  (276.371, 276.47)   (276.47, 276.57)    (276.57, 276.63)    (276.63, 276.831)  
Token Types      : 0                   0                   0                   0                   0                   0                   0                   0                   0                   0                   0                   0                   0                   0                   0                  
turn_ids         : 0                   0                   0                   0                   0                   0                   0                   0                   0                   0                   0                   0                   0                   0                   0                  
turn_end_types   : 0                   0                   0                   0                   0                   0                   0                   0                   0                   0                   0                   0                   0                   0                   0                  
speaker_ids      : 0                   0                   0                   0                   0                   0                   0                   0                   0                   0                   0                   0                   0                   0                   0                  

B                : Ġjust               Ġpart               Ġof                 Ġthe                Ġuh                 Ġthe                Ġinternship         Ġso                 Ġto                 Ġspeak              Ġand                Ġthere              's                  Ġa                  Ġlot               
Timings          : (272.94, 273.121)   (273.121, 273.421)  (273.421, 273.547)  (273.547, 273.724)  (273.724, 273.983)  (274.355, 274.44)   (274.44, 275.081)   (275.081, 275.23)   (275.23, 275.331)   (275.331, 275.725)  (276.139, 276.371)  (276.371, 276.47)   (276.47, 276.57)    (276.57, 276.63)    (276.63, 276.831)  
Token Types      : 1                   1                   1                   1                   1                   1                   1                   1                   1                   1                   1                   1                   1                   1                   1                  
turn_ids         : 79716203626511      79716203626511      79716203626511      79716203626511      79716203626511      79716203626511      79716203626511      79716203626511      79716203626511      79716203626511      79716203626511      79716203626511      79716203626511      79716203626511      79716203626511     
turn_end_types   : 1                   1                   1                   1                   1                   1                   1                   1                   1                   1                   1                   1                   1                   1                   1                  
speaker_ids      : 2                   2                   2                   2                   2                   2                   2                   2                   2                   2                   2                   2                   2                   2                   2                  


A                : <emp>               <emp>               Ġi                  Ġi                  Ġthink              Ġit                 Ġdepends            Ġa                  Ġlot                Ġon                 Ġon                 Ġthe                Ġstate              Ġi                  Ġthink             
Timings          : (276.831, 276.901)  (276.901, 277.44)   (278.741, 278.929)  (278.929, 279.091)  (279.091, 279.271)  (279.271, 279.361)  (279.361, 279.741)  (279.741, 279.801)  (279.801, 280.16)   (280.16, 280.54)    (281.357, 281.527)  (281.527, 281.587)  (281.587, 282.187)  (282.187, 282.377)  (282.377, 282.617) 
Token Types      : 0                   0                   1                   1                   1                   1                   1                   1                   1                   1                   1                   1                   1                   1                   1                  
turn_ids         : 0                   0                   79715666755600      79715666755600      79715666755600      79715666755600      79715666755600      79715666755600      79715666755600      79715666755600      79715666755600      79715666755600      79715666755600      79715666755600      79715666755600     
turn_end_types   : 0                   0                   1                   1                   1                   1                   1                   1                   1                   1                   1                   1                   1                   1                   1                  
speaker_ids      : 0                   0                   1                   1                   1                   1                   1                   1                   1                   1                   1                   1                   1                   1                   1                  

B                : Ġof                 Ġcorruption         <eot>               <emp>               <emp>               <emp>               <emp>               <emp>               <emp>               <emp>               <emp>               <emp>               <emp>               <emp>               <emp>              
Timings          : (276.831, 276.901)  (276.901, 277.44)   (-1.0, -1.0)        (278.929, 279.091)  (279.091, 279.271)  (279.271, 279.361)  (279.361, 279.741)  (279.741, 279.801)  (279.801, 280.16)   (280.16, 280.54)    (281.357, 281.527)  (281.527, 281.587)  (281.587, 282.187)  (282.187, 282.377)  (282.377, 282.617) 
Token Types      : 1                   1                   1                   0                   0                   0                   0                   0                   0                   0                   0                   0                   0                   0                   0                  
turn_ids         : 79716203626511      79716203626511      79716203626511      0                   0                   0                   0                   0                   0                   0                   0                   0                   0                   0                   0                  
turn_end_types   : 1                   1                   1                   0                   0                   0                   0                   0                   0                   0                   0                   0                   0                   0                   0                  
speaker_ids      : 2                   2                   2                   0                   0                   0                   0                   0                   0                   0                   0                   0                   0                   0                   0                  


A                : Ġthat               Ġit                 Ġvaries             Ġfrom               Ġstate              Ġto                 Ġstate              <eot>               <emp>               <emp>               <emp>               <emp>               <emp>               <emp>               <emp>              
Timings          : (282.617, 282.767)  (282.767, 282.887)  (282.887, 283.307)  (283.307, 283.467)  (283.467, 283.737)  (283.737, 283.827)  (283.827, 284.217)  (-1.0, -1.0)        (284.944, 285.053)  (285.169, 285.287)  (285.287, 285.417)  (285.417, 285.534)  (285.534, 285.717)  (285.717, 286.025)  (286.511, 286.637) 
Token Types      : 1                   1                   1                   1                   1                   1                   1                   1                   0                   0                   0                   0                   0                   0                   0                  
turn_ids         : 79715666755600      79715666755600      79715666755600      79715666755600      79715666755600      79715666755600      79715666755600      79715666755600      0                   0                   0                   0                   0                   0                   0                  
turn_end_types   : 1                   1                   1                   1                   1                   1                   1                   1                   0                   0                   0                   0                   0                   0                   0                  
speaker_ids      : 1                   1                   1                   1                   1                   1                   1                   1                   0                   0                   0                   0                   0                   0                   0                  

B                : <emp>               <emp>               <emp>               <emp>               <emp>               <emp>               Ġoh                 Ġyes                Ġbut                Ġbut                Ġwhat               Ġi                  Ġmeant              Ġwas                Ġwhy               
Timings          : (282.617, 282.767)  (282.767, 282.887)  (282.887, 283.307)  (283.307, 283.467)  (283.467, 283.737)  (283.737, 283.827)  (284.019, 284.237)  (284.237, 284.725)  (284.944, 285.053)  (285.169, 285.287)  (285.287, 285.417)  (285.417, 285.534)  (285.534, 285.717)  (285.717, 286.025)  (286.511, 286.637) 
Token Types      : 0                   0                   0                   0                   0                   0                   1                   1                   1                   1                   1                   1                   1                   1                   1                  
turn_ids         : 0                   0                   0                   0                   0                   0                   79716203626513      79716203626513      79716203626513      79716203626513      79716203626513      79716203626513      79716203626513      79716203626513      79716203626513     
turn_end_types   : 0                   0                   0                   0                   0                   0                   2                   2                   2                   2                   2                   2                   2                   2                   2                  
speaker_ids      : 0                   0                   0                   0                   0                   0                   2                   2                   2                   2                   2                   2                   2                   2                   2                  


A                : <emp>               <emp>               <emp>               <emp>               <emp>               <emp>               <emp>               <emp>               <emp>               <emp>               <emp>               <emp>               <emp>               <emp>               <emp>              
Timings          : (286.637, 286.707)  (286.707, 287.007)  (287.007, 287.431)  (287.582, 287.727)  (287.727, 287.807)  (287.807, 288.097)  (288.097, 288.257)  (288.257, 288.367)  (288.367, 288.447)  (288.447, 288.737)  (288.737, 288.987)  (289.577, 289.957)  (289.957, 290.097)  (290.097, 290.237)  (290.237, 290.617) 
Token Types      : 0                   0                   0                   0                   0                   0                   0                   0                   0                   0                   0                   0                   0                   0                   0                  
turn_ids         : 0                   0                   0                   0                   0                   0                   0                   0                   0                   0                   0                   0                   0                   0                   0                  
turn_end_types   : 0                   0                   0                   0                   0                   0                   0                   0                   0                   0                   0                   0                   0                   0                   0                  
speaker_ids      : 0                   0                   0                   0                   0                   0                   0                   0                   0                   0                   0                   0                   0                   0                   0                  

B                : Ġdo                 Ġpeople             Ġgo                 Ġwhy                Ġdo                 Ġpeople             Ġrun                Ġfor                Ġthe                Ġschool             Ġboard              Ġbecause            Ġthat               's                  Ġstep              
Timings          : (286.637, 286.707)  (286.707, 287.007)  (287.007, 287.431)  (287.582, 287.727)  (287.727, 287.807)  (287.807, 288.097)  (288.097, 288.257)  (288.257, 288.367)  (288.367, 288.447)  (288.447, 288.737)  (288.737, 288.987)  (289.577, 289.957)  (289.957, 290.097)  (290.097, 290.237)  (290.237, 290.617) 
Token Types      : 1                   1                   1                   1                   1                   1                   1                   1                   1                   1                   1                   1                   1                   1                   1                  
turn_ids         : 79716203626513      79716203626513      79716203626513      79716203626513      79716203626513      79716203626513      79716203626513      79716203626513      79716203626513      79716203626513      79716203626513      79716203626513      79716203626513      79716203626513      79716203626513     
turn_end_types   : 2                   2                   2                   2                   2                   2                   2                   2                   2                   2                   2                   2                   2                   2                   2                  
speaker_ids      : 2                   2                   2                   2                   2                   2                   2                   2                   2                   2                   2                   2                   2                   2                   2                  


A                : <emp>               <emp>               <emp>               Ġoh                 Ġoh                 Ġman                Ġi                  Ġdon                't                  Ġwant               Ġto                 Ġtalk               Ġabout              Ġthe                Ġschool            
Timings          : (290.617, 290.887)  (290.887, 291.027)  (291.027, 291.137)  (291.276, 291.577)  (291.577, 291.773)  (291.773, 292.146)  (292.146, 292.236)  (292.236, 292.306)  (292.306, 292.375)  (292.375, 292.516)  (292.516, 292.576)  (292.576, 292.755)  (292.755, 292.896)  (292.896, 292.966)  (292.966, 293.326) 
Token Types      : 0                   0                   0                   4                   4                   4                   4                   4                   4                   4                   4                   4                   4                   4                   4                  
turn_ids         : 0                   0                   0                   79718887981074      79718887981074      79718887981074      79718887981074      79718887981074      79718887981074      79718887981074      79718887981074      79718887981074      79718887981074      79718887981074      79718887981074     
turn_end_types   : 0                   0                   0                   1                   1                   1                   1                   1                   1                   1                   1                   1                   1                   1                   1                  
speaker_ids      : 0                   0                   0                   1                   1                   1                   1                   1                   1                   1                   1                   1                   1                   1                   1                  

B                : Ġone                Ġon                 Ġthe                Ġladder             <yield>             <emp>               <emp>               <emp>               <emp>               <emp>               <emp>               <emp>               <emp>               <emp>               <emp>              
Timings          : (290.617, 290.887)  (290.887, 291.027)  (291.027, 291.137)  (291.137, 291.483)  (-1.0, -1.0)        (291.773, 292.146)  (292.146, 292.236)  (292.236, 292.306)  (292.306, 292.375)  (292.375, 292.516)  (292.516, 292.576)  (292.576, 292.755)  (292.755, 292.896)  (292.896, 292.966)  (292.966, 293.326) 
Token Types      : 1                   1                   1                   1                   1                   0                   0                   0                   0                   0                   0                   0                   0                   0                   0                  
turn_ids         : 79716203626513      79716203626513      79716203626513      79716203626513      79716203626513      0                   0                   0                   0                   0                   0                   0                   0                   0                   0                  
turn_end_types   : 2                   2                   2                   2                   2                   0                   0                   0                   0                   0                   0                   0                   0                   0                   0                  
speaker_ids      : 2                   2                   2                   2                   2                   0                   0                   0                   0                   0                   0                   0                   0                   0                   0                  


A                : Ġboard              Ġwe                 've                 Ġjust               Ġwe                 've                 Ġjust               Ġbeen               Ġhaving             Ġschool             Ġboard              Ġmeetings           Ġand                Ġit                 Ġwas               
Timings          : (293.326, 293.556)  (293.556, 293.616)  (293.616, 293.676)  (293.676, 294.056)  (294.125, 294.176)  (294.176, 294.225)  (294.225, 294.385)  (294.385, 294.505)  (294.505, 294.716)  (294.716, 295.076)  (295.076, 295.336)  (295.336, 295.746)  (295.746, 295.935)  (295.935, 295.996)  (295.996, 296.185) 
Token Types      : 4                   4                   4                   4                   4                   4                   4                   4                   4                   4                   4                   4                   4                   4                   4                  
turn_ids         : 79718887981074      79718887981074      79718887981074      79718887981074      79718887981074      79718887981074      79718887981074      79718887981074      79718887981074      79718887981074      79718887981074      79718887981074      79718887981074      79718887981074      79718887981074     
turn_end_types   : 1                   1                   1                   1                   1                   1                   1                   1                   1                   1                   1                   1                   1                   1                   1                  
speaker_ids      : 1                   1                   1                   1                   1                   1                   1                   1                   1                   1                   1                   1                   1                   1                   1                  

B                : <emp>               <emp>               <emp>               <emp>               <emp>               <emp>               <emp>               <emp>               <emp>               <emp>               <emp>               <emp>               <emp>               <emp>               <emp>              
Timings          : (293.326, 293.556)  (293.556, 293.616)  (293.616, 293.676)  (293.676, 294.056)  (294.125, 294.176)  (294.176, 294.225)  (294.225, 294.385)  (294.385, 294.505)  (294.505, 294.716)  (294.716, 295.076)  (295.076, 295.336)  (295.336, 295.746)  (295.746, 295.935)  (295.935, 295.996)  (295.996, 296.185) 
Token Types      : 0                   0                   0                   0                   0                   0                   0                   0                   0                   0                   0                   0                   0                   0                   0                  
turn_ids         : 0                   0                   0                   0                   0                   0                   0                   0                   0                   0                   0                   0                   0                   0                   0                  
turn_end_types   : 0                   0                   0                   0                   0                   0                   0                   0                   0                   0                   0                   0                   0                   0                   0                  
speaker_ids      : 0                   0                   0                   0                   0                   0                   0                   0                   0                   0                   0                   0                   0                   0                   0                  


A                : Ġlike                   Ġpeople                 Ġsuing                  Ġeach                   Ġover                   /                       other                   Ġover                   Ġthings                 Ġthey                   Ġsaid                   <eot>                  
Timings          : (296.185, 296.716)      (296.716, 297.026)      (297.026, 297.516)      (297.516, 297.755)      (297.755, 297.875)      (297.875, 297.996)      (297.996, 298.116)      (298.116, 298.315)      (298.315, 298.595)      (298.595, 298.725)      (298.725, 298.992)      (-1.0, -1.0)           
Token Types      : 4                       4                       4                       4                       4                       4                       4                       4                       4                       4                       4                       4                      
turn_ids         : 79718887981074          79718887981074          79718887981074          79718887981074          79718887981074          79718887981074          79718887981074          79718887981074          79718887981074          79718887981074          79718887981074          79718887981074         
turn_end_types   : 1                       1                       1                       1                       1                       1                       1                       1                       1                       1                       1                       1                      
speaker_ids      : 1                       1                       1                       1                       1                       1                       1                       1                       1                       1                       1                       1                      

B                : <emp>                   <emp>                   <emp>                   <emp>                   <emp>                   <emp>                   <emp>                   <emp>                   <emp>                   <emp>                   <emp>                   <emp>                  
Timings          : (296.185, 296.716)      (296.716, 297.026)      (297.026, 297.516)      (297.516, 297.755)      (297.755, 297.875)      (297.875, 297.996)      (297.996, 298.116)      (298.116, 298.315)      (298.315, 298.595)      (298.595, 298.725)      (298.725, 298.992)      (-1.0, -1.0)           
Token Types      : 0                       0                       0                       0                       0                       0                       0                       0                       0                       0                       0                       0                      
turn_ids         : 0                       0                       0                       0                       0                       0                       0                       0                       0                       0                       0                       0                      
turn_end_types   : 0                       0                       0                       0                       0                       0                       0                       0                       0                       0                       0                       0                      
speaker_ids      : 0                       0                       0                       0                       0                       0                       0                       0                       0                       0                       0                       0                      


