A                : well                Ġi                  Ġthink              Ġdon                Ġthat               Ġmaybe              Ġimmigration        Ġis                 Ġmore               Ġof                 Ġan                 Ġissue              Ġin                 Ġmy                 Ġpart              
Timings          : (0.708, 0.908)      (0.908, 0.978)      (0.978, 1.258)      (1.258, 1.548)      (1.548, 1.638)      (1.638, 1.938)      (1.938, 2.568)      (2.568, 2.718)      (2.718, 2.908)      (2.908, 3.008)      (3.008, 3.108)      (3.108, 3.558)      (3.558, 3.708)      (3.708, 3.858)      (3.858, 4.178)     
Token Types      : 1                   1                   1                   1                   1                   1                   1                   1                   1                   1                   1                   1                   1                   1                   1                  
turn_ids         : 80402861522944      80402861522944      80402861522944      80402861522944      80402861522944      80402861522944      80402861522944      80402861522944      80402861522944      80402861522944      80402861522944      80402861522944      80402861522944      80402861522944      80402861522944     
turn_end_types   : 1                   1                   1                   1                   1                   1                   1                   1                   1                   1                   1                   1                   1                   1                   1                  
speaker_ids      : 1                   1                   1                   1                   1                   1                   1                   1                   1                   1                   1                   1                   1                   1                   1                  

B                : <emp>               <emp>               <emp>               <emp>               <emp>               <emp>               <emp>               <emp>               <emp>               <emp>               <emp>               <emp>               <emp>               <emp>               <emp>              
Timings          : (0.708, 0.908)      (0.908, 0.978)      (0.978, 1.258)      (1.258, 1.548)      (1.548, 1.638)      (1.638, 1.938)      (1.938, 2.568)      (2.568, 2.718)      (2.718, 2.908)      (2.908, 3.008)      (3.008, 3.108)      (3.108, 3.558)      (3.558, 3.708)      (3.708, 3.858)      (3.858, 4.178)     
Token Types      : 0                   0                   0                   0                   0                   0                   0                   0                   0                   0                   0                   0                   0                   0                   0                  
turn_ids         : 0                   0                   0                   0                   0                   0                   0                   0                   0                   0                   0                   0                   0                   0                   0                  
turn_end_types   : 0                   0                   0                   0                   0                   0                   0                   0                   0                   0                   0                   0                   0                   0                   0                  
speaker_ids      : 0                   0                   0                   0                   0                   0                   0                   0                   0                   0                   0                   0                   0                   0                   0                  


A                : Ġof                 Ġthe                Ġcountry            Ġthan               Ġit                 Ġis                 Ġin                 Ġyours              Ġdo                 Ġyou                Ġsuppose            Ġthat               's                  Ġtrue               <eot>              
Timings          : (4.178, 4.238)      (4.238, 4.298)      (4.298, 4.728)      (4.728, 4.878)      (4.878, 5.058)      (5.058, 5.258)      (5.258, 5.388)      (5.388, 5.808)      (5.808, 5.948)      (5.948, 6.008)      (6.008, 6.318)      (6.318, 6.48)       (6.48, 6.642)       (6.642, 7.05)       (-1.0, -1.0)       
Token Types      : 1                   1                   1                   1                   1                   1                   1                   1                   1                   1                   1                   1                   1                   1                   1                  
turn_ids         : 80402861522944      80402861522944      80402861522944      80402861522944      80402861522944      80402861522944      80402861522944      80402861522944      80402861522944      80402861522944      80402861522944      80402861522944      80402861522944      80402861522944      80402861522944     
turn_end_types   : 1                   1                   1                   1                   1                   1                   1                   1                   1                   1                   1                   1                   1                   1                   1                  
speaker_ids      : 1                   1                   1                   1                   1                   1                   1                   1                   1                   1                   1                   1                   1                   1                   1                  

B                : <emp>               <emp>               <emp>               <emp>               <emp>               <emp>               <emp>               <emp>               <emp>               <emp>               <emp>               <emp>               <emp>               <emp>               well               
Timings          : (4.178, 4.238)      (4.238, 4.298)      (4.298, 4.728)      (4.728, 4.878)      (4.878, 5.058)      (5.058, 5.258)      (5.258, 5.388)      (5.388, 5.808)      (5.808, 5.948)      (5.948, 6.008)      (6.008, 6.318)      (6.318, 6.48)       (6.48, 6.642)       (6.642, 7.05)       (7.31, 7.565)      
Token Types      : 0                   0                   0                   0                   0                   0                   0                   0                   0                   0                   0                   0                   0                   0                   1                  
turn_ids         : 0                   0                   0                   0                   0                   0                   0                   0                   0                   0                   0                   0                   0                   0                   80403398393857     
turn_end_types   : 0                   0                   0                   0                   0                   0                   0                   0                   0                   0                   0                   0                   0                   0                   1                  
speaker_ids      : 0                   0                   0                   0                   0                   0                   0                   0                   0                   0                   0                   0                   0                   0                   2                  


A                : <emp>               <emp>               <emp>               <emp>               but                 <eint>              <emp>               <emp>               <emp>               <emp>               <emp>               <emp>               <emp>               <emp>               <emp>              
Timings          : (7.565, 7.641)      (7.641, 7.716)      (7.716, 8.307)      (8.307, 8.656)      (8.545, 8.801)      (-1.0, -1.0)        (9.076, 9.257)      (9.257, 9.632)      (9.632, 10.007)     (10.007, 10.377)    (10.377, 10.62)     (11.916, 12.026)    (12.026, 12.161)    (12.161, 12.296)    (12.296, 12.676)   
Token Types      : 0                   0                   0                   0                   5                   5                   0                   0                   0                   0                   0                   0                   0                   0                   0                  
turn_ids         : 0                   0                   0                   0                   80407156490241      80407156490241      0                   0                   0                   0                   0                   0                   0                   0                   0                  
turn_end_types   : 0                   0                   0                   0                   0                   0                   0                   0                   0                   0                   0                   0                   0                   0                   0                  
speaker_ids      : 0                   0                   0                   0                   1                   1                   0                   0                   0                   0                   0                   0                   0                   0                   0                  

B                : Ġyou                're                 Ġprobably           Ġright              Ġup                 Ġhere               Ġin                 Ġro                 chester             Ġwe                 Ġuh                 Ġwe                 Ġdon                't                  Ġhave              
Timings          : (7.565, 7.641)      (7.641, 7.716)      (7.716, 8.307)      (8.307, 8.656)      (8.656, 8.837)      (8.837, 9.076)      (9.076, 9.257)      (9.257, 9.632)      (9.632, 10.007)     (10.007, 10.377)    (10.377, 10.62)     (11.916, 12.026)    (12.026, 12.161)    (12.161, 12.296)    (12.296, 12.676)   
Token Types      : 1                   1                   1                   1                   1                   1                   1                   1                   1                   1                   1                   1                   1                   1                   1                  
turn_ids         : 80403398393857      80403398393857      80403398393857      80403398393857      80403398393857      80403398393857      80403398393857      80403398393857      80403398393857      80403398393857      80403398393857      80403398393857      80403398393857      80403398393857      80403398393857     
turn_end_types   : 1                   1                   1                   1                   1                   1                   1                   1                   1                   1                   1                   1                   1                   1                   1                  
speaker_ids      : 2                   2                   2                   2                   2                   2                   2                   2                   2                   2                   2                   2                   2                   2                   2                  


A                : <emp>               <emp>               <emp>               <emp>               <emp>               <emp>               <emp>               <emp>               <emp>               <emp>               <emp>               <emp>               <emp>               <emp>               <emp>              
Timings          : (12.676, 12.876)    (12.876, 13.066)    (13.066, 13.846)    (13.846, 14.136)    (14.136, 14.938)    (15.254, 15.326)    (15.326, 15.506)    (15.506, 15.776)    (15.776, 15.906)    (15.906, 15.966)    (15.966, 16.261)    (16.261, 16.556)    (16.556, 16.896)    (16.896, 17.001)    (17.001, 17.106)   
Token Types      : 0                   0                   0                   0                   0                   0                   0                   0                   0                   0                   0                   0                   0                   0                   0                  
turn_ids         : 0                   0                   0                   0                   0                   0                   0                   0                   0                   0                   0                   0                   0                   0                   0                  
turn_end_types   : 0                   0                   0                   0                   0                   0                   0                   0                   0                   0                   0                   0                   0                   0                   0                  
speaker_ids      : 0                   0                   0                   0                   0                   0                   0                   0                   0                   0                   0                   0                   0                   0                   0                  

B                : Ġuh                 Ġmuch               Ġcontroversy        Ġabout              Ġimmigration        Ġyou                Ġknow               Ġbeing              Ġon                 Ġthe                Ġcan                adian               Ġborder             Ġthere              's                 
Timings          : (12.676, 12.876)    (12.876, 13.066)    (13.066, 13.846)    (13.846, 14.136)    (14.136, 14.938)    (15.254, 15.326)    (15.326, 15.506)    (15.506, 15.776)    (15.776, 15.906)    (15.906, 15.966)    (15.966, 16.261)    (16.261, 16.556)    (16.556, 16.896)    (16.896, 17.001)    (17.001, 17.106)   
Token Types      : 1                   1                   1                   1                   1                   1                   1                   1                   1                   1                   1                   1                   1                   1                   1                  
turn_ids         : 80403398393857      80403398393857      80403398393857      80403398393857      80403398393857      80403398393857      80403398393857      80403398393857      80403398393857      80403398393857      80403398393857      80403398393857      80403398393857      80403398393857      80403398393857     
turn_end_types   : 1                   1                   1                   1                   1                   1                   1                   1                   1                   1                   1                   1                   1                   1                   1                  
speaker_ids      : 2                   2                   2                   2                   2                   2                   2                   2                   2                   2                   2                   2                   2                   2                   2                  


A                : <emp>               <emp>               <emp>               <emp>               <emp>               <emp>               <emp>               <emp>               <emp>               <emp>               <emp>               <emp>               <emp>               <emp>               <emp>              
Timings          : (17.106, 17.326)    (17.326, 17.386)    (17.386, 17.646)    (17.646, 17.846)    (17.846, 17.946)    (17.946, 18.396)    (18.416, 18.476)    (18.476, 18.666)    (18.666, 19.076)    (19.076, 19.204)    (19.57, 19.816)     (19.816, 20.306)    (20.306, 20.466)    (20.466, 20.751)    (20.751, 21.078)   
Token Types      : 0                   0                   0                   0                   0                   0                   0                   0                   0                   0                   0                   0                   0                   0                   0                  
turn_ids         : 0                   0                   0                   0                   0                   0                   0                   0                   0                   0                   0                   0                   0                   0                   0                  
turn_end_types   : 0                   0                   0                   0                   0                   0                   0                   0                   0                   0                   0                   0                   0                   0                   0                  
speaker_ids      : 0                   0                   0                   0                   0                   0                   0                   0                   0                   0                   0                   0                   0                   0                   0                  

B                : Ġnot                Ġa                  Ġwhole              Ġlot                Ġof                 Ġpeople             Ġyou                Ġknow               Ġdying              Ġto                 Ġcome               Ġacross             Ġand                Ġlive               Ġhere              
Timings          : (17.106, 17.326)    (17.326, 17.386)    (17.386, 17.646)    (17.646, 17.846)    (17.846, 17.946)    (17.946, 18.396)    (18.416, 18.476)    (18.476, 18.666)    (18.666, 19.076)    (19.076, 19.204)    (19.57, 19.816)     (19.816, 20.306)    (20.306, 20.466)    (20.466, 20.751)    (20.751, 21.078)   
Token Types      : 1                   1                   1                   1                   1                   1                   1                   1                   1                   1                   1                   1                   1                   1                   1                  
turn_ids         : 80403398393857      80403398393857      80403398393857      80403398393857      80403398393857      80403398393857      80403398393857      80403398393857      80403398393857      80403398393857      80403398393857      80403398393857      80403398393857      80403398393857      80403398393857     
turn_end_types   : 1                   1                   1                   1                   1                   1                   1                   1                   1                   1                   1                   1                   1                   1                   1                  
speaker_ids      : 2                   2                   2                   2                   2                   2                   2                   2                   2                   2                   2                   2                   2                   2                   2                  


A                : Ġyeah               Ġmaybe              Ġuh                 Ġthey               Ġhave               Ġa                  Ġproblem            <eot>               <emp>               <emp>               <emp>               <emp>               <emp>               Ġyeah               Ġwell              
Timings          : (21.222, 21.644)    (22.006, 22.138)    (22.138, 22.394)    (22.394, 22.572)    (22.572, 22.782)    (22.782, 22.862)    (22.862, 23.27)     (-1.0, -1.0)        (25.087, 25.217)    (25.217, 25.467)    (25.467, 25.59)     (25.59, 25.97)      (25.97, 26.201)     (26.446, 26.848)    (27.665, 27.849)   
Token Types      : 1                   1                   1                   1                   1                   1                   1                   1                   0                   0                   0                   0                   0                   1                   1                  
turn_ids         : 80402861522946      80402861522946      80402861522946      80402861522946      80402861522946      80402861522946      80402861522946      80402861522946      0                   0                   0                   0                   0                   80402861522948      80402861522948     
turn_end_types   : 1                   1                   1                   1                   1                   1                   1                   1                   0                   0                   0                   0                   0                   2                   2                  
speaker_ids      : 1                   1                   1                   1                   1                   1                   1                   1                   0                   0                   0                   0                   0                   1                   1                  

B                : <eot>               <emp>               <emp>               <emp>               <emp>               <emp>               <emp>               Ġsometimes          Ġi                  Ġthink              Ġthey               Ġought              Ġto                 <eot>               <emp>              
Timings          : (-1.0, -1.0)        (22.006, 22.138)    (22.138, 22.394)    (22.394, 22.572)    (22.572, 22.782)    (22.782, 22.862)    (22.862, 23.27)     (24.613, 25.087)    (25.087, 25.217)    (25.217, 25.467)    (25.467, 25.59)     (25.59, 25.97)      (25.97, 26.201)     (-1.0, -1.0)        (27.665, 27.849)   
Token Types      : 1                   0                   0                   0                   0                   0                   0                   1                   1                   1                   1                   1                   1                   1                   0                  
turn_ids         : 80403398393857      0                   0                   0                   0                   0                   0                   80403398393859      80403398393859      80403398393859      80403398393859      80403398393859      80403398393859      80403398393859      0                  
turn_end_types   : 1                   0                   0                   0                   0                   0                   0                   1                   1                   1                   1                   1                   1                   1                   0                  
speaker_ids      : 2                   0                   0                   0                   0                   0                   0                   2                   2                   2                   2                   2                   2                   2                   0                  


A                : Ġof                 Ġcourse             Ġwe                 're                 Ġquite              Ġa                  Ġways               Ġfrom               Ġthe                Ġme                 x                   ican                Ġborder             Ġhere               <emp>              
Timings          : (27.849, 27.929)    (27.929, 28.239)    (28.239, 28.319)    (28.319, 28.398)    (28.556, 28.789)    (28.789, 28.849)    (28.849, 29.199)    (29.199, 29.359)    (29.359, 29.429)    (29.429, 29.612)    (29.612, 29.796)    (29.796, 29.979)    (29.979, 30.419)    (30.419, 30.969)    (30.967, 31.121)   
Token Types      : 1                   1                   1                   1                   1                   1                   1                   1                   1                   1                   1                   1                   1                   1                   1                  
turn_ids         : 80402861522948      80402861522948      80402861522948      80402861522948      80402861522948      80402861522948      80402861522948      80402861522948      80402861522948      80402861522948      80402861522948      80402861522948      80402861522948      80402861522948      80402861522948     
turn_end_types   : 2                   2                   2                   2                   2                   2                   2                   2                   2                   2                   2                   2                   2                   2                   2                  
speaker_ids      : 1                   1                   1                   1                   1                   1                   1                   1                   1                   1                   1                   1                   1                   1                   1                  

B                : <emp>               <emp>               <emp>               <emp>               <emp>               <emp>               <emp>               <emp>               <emp>               <emp>               <emp>               <emp>               <emp>               <emp>               uh                 
Timings          : (27.849, 27.929)    (27.929, 28.239)    (28.239, 28.319)    (28.319, 28.398)    (28.556, 28.789)    (28.789, 28.849)    (28.849, 29.199)    (29.199, 29.359)    (29.359, 29.429)    (29.429, 29.612)    (29.612, 29.796)    (29.796, 29.979)    (29.979, 30.419)    (30.419, 30.969)    (30.967, 31.121)   
Token Types      : 0                   0                   0                   0                   0                   0                   0                   0                   0                   0                   0                   0                   0                   0                   3                  
turn_ids         : 0                   0                   0                   0                   0                   0                   0                   0                   0                   0                   0                   0                   0                   0                   80405545877506     
turn_end_types   : 0                   0                   0                   0                   0                   0                   0                   0                   0                   0                   0                   0                   0                   0                   0                  
speaker_ids      : 0                   0                   0                   0                   0                   0                   0                   0                   0                   0                   0                   0                   0                   0                   2                  


A                : <emp>               <emp>               Ġbut                Ġuh                 Ġoh                 Ġyou                Ġhear               Ġon                 Ġthe                Ġnews               Ġand                Ġwhat               not                 Ġof                 Ġuh                
Timings          : (31.121, 31.274)    (31.274, 31.427)    (31.872, 32.392)    (32.392, 32.847)    (33.429, 33.854)    (33.854, 34.092)    (34.092, 34.292)    (34.292, 34.422)    (34.422, 34.492)    (34.492, 34.852)    (34.852, 35.022)    (35.022, 35.237)    (35.237, 35.452)    (35.452, 35.643)    (35.76, 36.092)    
Token Types      : 1                   1                   1                   1                   1                   1                   1                   1                   1                   1                   1                   1                   1                   1                   1                  
turn_ids         : 80402861522948      80402861522948      80402861522948      80402861522948      80402861522948      80402861522948      80402861522948      80402861522948      80402861522948      80402861522948      80402861522948      80402861522948      80402861522948      80402861522948      80402861522948     
turn_end_types   : 2                   2                   2                   2                   2                   2                   2                   2                   2                   2                   2                   2                   2                   2                   2                  
speaker_ids      : 1                   1                   1                   1                   1                   1                   1                   1                   1                   1                   1                   1                   1                   1                   1                  

B                : h                   uh                  <ebc>               <emp>               <emp>               <emp>               <emp>               <emp>               <emp>               <emp>               <emp>               <emp>               <emp>               <emp>               <emp>              
Timings          : (31.121, 31.274)    (31.274, 31.427)    (-1.0, -1.0)        (32.392, 32.847)    (33.429, 33.854)    (33.854, 34.092)    (34.092, 34.292)    (34.292, 34.422)    (34.422, 34.492)    (34.492, 34.852)    (34.852, 35.022)    (35.022, 35.237)    (35.237, 35.452)    (35.452, 35.643)    (35.76, 36.092)    
Token Types      : 3                   3                   3                   0                   0                   0                   0                   0                   0                   0                   0                   0                   0                   0                   0                  
turn_ids         : 80405545877506      80405545877506      80405545877506      0                   0                   0                   0                   0                   0                   0                   0                   0                   0                   0                   0                  
turn_end_types   : 0                   0                   0                   0                   0                   0                   0                   0                   0                   0                   0                   0                   0                   0                   0                  
speaker_ids      : 2                   2                   2                   0                   0                   0                   0                   0                   0                   0                   0                   0                   0                   0                   0                  


A                : Ġsome               Ġof                 Ġthe                Ġsad                Ġthings             Ġassociated         Ġwith               Ġimmigration        Ġlike               Ġuh                 Ġloading            Ġup                 Ġa                  Ġtruck              Ġfull              
Timings          : (37.294, 37.504)    (37.504, 37.574)    (37.574, 37.634)    (37.634, 38.054)    (38.054, 38.354)    (38.354, 38.934)    (38.934, 39.064)    (39.064, 39.674)    (39.674, 40.154)    (40.154, 40.334)    (40.334, 40.794)    (40.794, 40.964)    (40.964, 41.014)    (41.014, 41.414)    (41.414, 41.684)   
Token Types      : 1                   1                   1                   1                   1                   1                   1                   1                   1                   1                   1                   1                   1                   1                   1                  
turn_ids         : 80402861522948      80402861522948      80402861522948      80402861522948      80402861522948      80402861522948      80402861522948      80402861522948      80402861522948      80402861522948      80402861522948      80402861522948      80402861522948      80402861522948      80402861522948     
turn_end_types   : 2                   2                   2                   2                   2                   2                   2                   2                   2                   2                   2                   2                   2                   2                   2                  
speaker_ids      : 1                   1                   1                   1                   1                   1                   1                   1                   1                   1                   1                   1                   1                   1                   1                  

B                : <emp>               <emp>               <emp>               <emp>               <emp>               <emp>               <emp>               <emp>               <emp>               <emp>               <emp>               <emp>               <emp>               <emp>               <emp>              
Timings          : (37.294, 37.504)    (37.504, 37.574)    (37.574, 37.634)    (37.634, 38.054)    (38.054, 38.354)    (38.354, 38.934)    (38.934, 39.064)    (39.064, 39.674)    (39.674, 40.154)    (40.154, 40.334)    (40.334, 40.794)    (40.794, 40.964)    (40.964, 41.014)    (41.014, 41.414)    (41.414, 41.684)   
Token Types      : 0                   0                   0                   0                   0                   0                   0                   0                   0                   0                   0                   0                   0                   0                   0                  
turn_ids         : 0                   0                   0                   0                   0                   0                   0                   0                   0                   0                   0                   0                   0                   0                   0                  
turn_end_types   : 0                   0                   0                   0                   0                   0                   0                   0                   0                   0                   0                   0                   0                   0                   0                  
speaker_ids      : 0                   0                   0                   0                   0                   0                   0                   0                   0                   0                   0                   0                   0                   0                   0                  


A                : Ġof                 Ġimmigrants         Ġand                Ġit                 Ġruns               Ġout                Ġof                 Ġgas                Ġor                 Ġsomething          Ġand                Ġthey               Ġsit                Ġout                Ġin                
Timings          : (41.684, 41.784)    (41.784, 42.394)    (42.394, 42.524)    (42.524, 42.65)     (42.951, 43.334)    (43.334, 43.494)    (43.494, 43.564)    (43.564, 43.904)    (43.904, 44.004)    (44.004, 44.434)    (44.434, 44.554)    (44.554, 44.704)    (44.704, 44.934)    (44.934, 45.154)    (45.154, 45.467)   
Token Types      : 1                   1                   1                   1                   1                   1                   1                   1                   1                   1                   1                   1                   1                   1                   1                  
turn_ids         : 80402861522948      80402861522948      80402861522948      80402861522948      80402861522948      80402861522948      80402861522948      80402861522948      80402861522948      80402861522948      80402861522948      80402861522948      80402861522948      80402861522948      80402861522948     
turn_end_types   : 2                   2                   2                   2                   2                   2                   2                   2                   2                   2                   2                   2                   2                   2                   2                  
speaker_ids      : 1                   1                   1                   1                   1                   1                   1                   1                   1                   1                   1                   1                   1                   1                   1                  

B                : <emp>               <emp>               <emp>               <emp>               <emp>               <emp>               <emp>               <emp>               <emp>               <emp>               <emp>               <emp>               <emp>               <emp>               <emp>              
Timings          : (41.684, 41.784)    (41.784, 42.394)    (42.394, 42.524)    (42.524, 42.65)     (42.951, 43.334)    (43.334, 43.494)    (43.494, 43.564)    (43.564, 43.904)    (43.904, 44.004)    (44.004, 44.434)    (44.434, 44.554)    (44.554, 44.704)    (44.704, 44.934)    (44.934, 45.154)    (45.154, 45.467)   
Token Types      : 0                   0                   0                   0                   0                   0                   0                   0                   0                   0                   0                   0                   0                   0                   0                  
turn_ids         : 0                   0                   0                   0                   0                   0                   0                   0                   0                   0                   0                   0                   0                   0                   0                  
turn_end_types   : 0                   0                   0                   0                   0                   0                   0                   0                   0                   0                   0                   0                   0                   0                   0                  
speaker_ids      : 0                   0                   0                   0                   0                   0                   0                   0                   0                   0                   0                   0                   0                   0                   0                  


A                : Ġthe                Ġbake               Ġin                 Ġthe                Ġsun                Ġbecause            Ġthey               're                 Ġlocked             Ġin                 Ġthe                Ġback               Ġof                 Ġit                 Ġand               
Timings          : (45.467, 45.724)    (45.724, 46.004)    (46.004, 46.154)    (46.154, 46.259)    (46.259, 46.579)    (46.579, 46.734)    (46.734, 46.804)    (46.804, 46.874)    (46.874, 47.244)    (47.244, 47.334)    (47.334, 47.404)    (47.404, 47.764)    (47.764, 47.944)    (47.944, 48.084)    (48.084, 48.204)   
Token Types      : 1                   1                   1                   1                   1                   1                   1                   1                   1                   1                   1                   1                   1                   1                   1                  
turn_ids         : 80402861522948      80402861522948      80402861522948      80402861522948      80402861522948      80402861522948      80402861522948      80402861522948      80402861522948      80402861522948      80402861522948      80402861522948      80402861522948      80402861522948      80402861522948     
turn_end_types   : 2                   2                   2                   2                   2                   2                   2                   2                   2                   2                   2                   2                   2                   2                   2                  
speaker_ids      : 1                   1                   1                   1                   1                   1                   1                   1                   1                   1                   1                   1                   1                   1                   1                  

B                : <emp>               <emp>               <emp>               <emp>               <emp>               <emp>               <emp>               <emp>               <emp>               <emp>               <emp>               <emp>               <emp>               <emp>               <emp>              
Timings          : (45.467, 45.724)    (45.724, 46.004)    (46.004, 46.154)    (46.154, 46.259)    (46.259, 46.579)    (46.579, 46.734)    (46.734, 46.804)    (46.804, 46.874)    (46.874, 47.244)    (47.244, 47.334)    (47.334, 47.404)    (47.404, 47.764)    (47.764, 47.944)    (47.944, 48.084)    (48.084, 48.204)   
Token Types      : 0                   0                   0                   0                   0                   0                   0                   0                   0                   0                   0                   0                   0                   0                   0                  
turn_ids         : 0                   0                   0                   0                   0                   0                   0                   0                   0                   0                   0                   0                   0                   0                   0                  
turn_end_types   : 0                   0                   0                   0                   0                   0                   0                   0                   0                   0                   0                   0                   0                   0                   0                  
speaker_ids      : 0                   0                   0                   0                   0                   0                   0                   0                   0                   0                   0                   0                   0                   0                   0                  


A                : Ġthings             Ġlike               Ġthat               <yield>             Ġso                 Ġthere              Ġare                Ġa                  Ġlot                Ġof                 Ġtragedies          Ġi                  Ġthink              Ġassociated         Ġwith              
Timings          : (48.204, 48.444)    (48.444, 48.714)    (48.714, 49.143)    (-1.0, -1.0)        (50.457, 50.587)    (50.587, 50.747)    (50.747, 50.807)    (50.807, 50.837)    (50.837, 50.947)    (50.947, 51.027)    (51.027, 51.647)    (51.647, 51.727)    (51.727, 51.967)    (51.967, 52.637)    (52.637, 52.797)   
Token Types      : 1                   1                   1                   1                   1                   1                   1                   1                   1                   1                   1                   1                   1                   1                   1                  
turn_ids         : 80402861522948      80402861522948      80402861522948      80402861522948      80402861522950      80402861522950      80402861522950      80402861522950      80402861522950      80402861522950      80402861522950      80402861522950      80402861522950      80402861522950      80402861522950     
turn_end_types   : 2                   2                   2                   2                   1                   1                   1                   1                   1                   1                   1                   1                   1                   1                   1                  
speaker_ids      : 1                   1                   1                   1                   1                   1                   1                   1                   1                   1                   1                   1                   1                   1                   1                  

B                : <emp>               Ġum                 hum                 Ġyeah               <eot>               <emp>               <emp>               <emp>               <emp>               <emp>               <emp>               <emp>               <emp>               <emp>               <emp>              
Timings          : (48.204, 48.444)    (48.367, 48.603)    (48.603, 48.839)    (49.407, 49.899)    (-1.0, -1.0)        (50.587, 50.747)    (50.747, 50.807)    (50.807, 50.837)    (50.837, 50.947)    (50.947, 51.027)    (51.027, 51.647)    (51.647, 51.727)    (51.727, 51.967)    (51.967, 52.637)    (52.637, 52.797)   
Token Types      : 0                   4                   4                   4                   4                   0                   0                   0                   0                   0                   0                   0                   0                   0                   0                  
turn_ids         : 0                   80406619619333      80406619619333      80406619619333      80406619619333      0                   0                   0                   0                   0                   0                   0                   0                   0                   0                  
turn_end_types   : 0                   1                   1                   1                   1                   0                   0                   0                   0                   0                   0                   0                   0                   0                   0                  
speaker_ids      : 0                   2                   2                   2                   2                   0                   0                   0                   0                   0                   0                   0                   0                   0                   0                  


A                : Ġimmigration        <eot>               <emp>               <emp>               <emp>               <emp>               <emp>               <emp>               <emp>               <emp>               <emp>               <emp>               <emp>               <emp>               <emp>              
Timings          : (52.797, 53.497)    (-1.0, -1.0)        (54.057, 54.197)    (54.197, 54.487)    (54.487, 54.652)    (54.652, 54.817)    (54.817, 55.156)    (56.133, 56.253)    (56.253, 56.433)    (56.433, 56.493)    (56.493, 56.553)    (56.553, 56.643)    (56.643, 56.903)    (56.903, 57.513)    (57.513, 57.703)   
Token Types      : 1                   1                   0                   0                   0                   0                   0                   0                   0                   0                   0                   0                   0                   0                   0                  
turn_ids         : 80402861522950      80402861522950      0                   0                   0                   0                   0                   0                   0                   0                   0                   0                   0                   0                   0                  
turn_end_types   : 1                   1                   0                   0                   0                   0                   0                   0                   0                   0                   0                   0                   0                   0                   0                  
speaker_ids      : 1                   1                   0                   0                   0                   0                   0                   0                   0                   0                   0                   0                   0                   0                   0                  

B                : <emp>               Ġyeah               Ġi                  Ġthink              Ġit                 's                  Ġuh                 Ġi                  Ġthink              Ġit                 's                  Ġa                  Ġreal               Ġshame              Ġbut               
Timings          : (52.797, 53.497)    (53.837, 54.057)    (54.057, 54.197)    (54.197, 54.487)    (54.487, 54.652)    (54.652, 54.817)    (54.817, 55.156)    (56.133, 56.253)    (56.253, 56.433)    (56.433, 56.493)    (56.493, 56.553)    (56.553, 56.643)    (56.643, 56.903)    (56.903, 57.513)    (57.513, 57.703)   
Token Types      : 0                   1                   1                   1                   1                   1                   1                   1                   1                   1                   1                   1                   1                   1                   1                  
turn_ids         : 0                   80403398393863      80403398393863      80403398393863      80403398393863      80403398393863      80403398393863      80403398393863      80403398393863      80403398393863      80403398393863      80403398393863      80403398393863      80403398393863      80403398393863     
turn_end_types   : 0                   1                   1                   1                   1                   1                   1                   1                   1                   1                   1                   1                   1                   1                   1                  
speaker_ids      : 0                   2                   2                   2                   2                   2                   2                   2                   2                   2                   2                   2                   2                   2                   2                  


A                : <emp>               <emp>               <emp>               <emp>               <emp>               <emp>               <emp>               <emp>               <emp>               <emp>               <emp>               <emp>               <emp>               <emp>               <emp>              
Timings          : (57.703, 57.853)    (57.853, 57.973)    (57.973, 58.133)    (58.133, 58.393)    (58.393, 58.473)    (58.473, 58.653)    (58.653, 58.733)    (58.733, 58.973)    (58.973, 59.063)    (60.155, 60.386)    (60.386, 60.535)    (60.535, 60.686)    (60.686, 60.783)    (60.783, 61.484)    (61.484, 61.756)   
Token Types      : 0                   0                   0                   0                   0                   0                   0                   0                   0                   0                   0                   0                   0                   0                   0                  
turn_ids         : 0                   0                   0                   0                   0                   0                   0                   0                   0                   0                   0                   0                   0                   0                   0                  
turn_end_types   : 0                   0                   0                   0                   0                   0                   0                   0                   0                   0                   0                   0                   0                   0                   0                  
speaker_ids      : 0                   0                   0                   0                   0                   0                   0                   0                   0                   0                   0                   0                   0                   0                   0                  

B                : Ġon                 Ġthe                Ġother              Ġhand               Ġyou                Ġknow               Ġit                 Ġkind               Ġof                 Ġeven               Ġwith               Ġall                Ġthe                Ġtragedies          Ġif                
Timings          : (57.703, 57.853)    (57.853, 57.973)    (57.973, 58.133)    (58.133, 58.393)    (58.393, 58.473)    (58.473, 58.653)    (58.653, 58.733)    (58.733, 58.973)    (58.973, 59.063)    (60.155, 60.386)    (60.386, 60.535)    (60.535, 60.686)    (60.686, 60.783)    (60.783, 61.484)    (61.484, 61.756)   
Token Types      : 1                   1                   1                   1                   1                   1                   1                   1                   1                   1                   1                   1                   1                   1                   1                  
turn_ids         : 80403398393863      80403398393863      80403398393863      80403398393863      80403398393863      80403398393863      80403398393863      80403398393863      80403398393863      80403398393863      80403398393863      80403398393863      80403398393863      80403398393863      80403398393863     
turn_end_types   : 1                   1                   1                   1                   1                   1                   1                   1                   1                   1                   1                   1                   1                   1                   1                  
speaker_ids      : 2                   2                   2                   2                   2                   2                   2                   2                   2                   2                   2                   2                   2                   2                   2                  


A                : <emp>               <emp>               <emp>               <emp>               <emp>               <emp>               <emp>               <emp>               <emp>               <emp>               <emp>               <emp>               <emp>               <emp>               <emp>              
Timings          : (61.756, 61.855)    (61.855, 62.085)    (62.085, 62.306)    (62.306, 62.416)    (62.416, 62.706)    (62.706, 62.855)    (62.855, 62.945)    (62.945, 63.006)    (63.006, 63.276)    (63.276, 63.375)    (63.375, 63.686)    (63.686, 63.855)    (63.855, 63.916)    (63.916, 64.215)    (64.215, 64.394)   
Token Types      : 0                   0                   0                   0                   0                   0                   0                   0                   0                   0                   0                   0                   0                   0                   0                  
turn_ids         : 0                   0                   0                   0                   0                   0                   0                   0                   0                   0                   0                   0                   0                   0                   0                  
turn_end_types   : 0                   0                   0                   0                   0                   0                   0                   0                   0                   0                   0                   0                   0                   0                   0                  
speaker_ids      : 0                   0                   0                   0                   0                   0                   0                   0                   0                   0                   0                   0                   0                   0                   0                  

B                : Ġyou                Ġstep               Ġback               Ġand                Ġlook               Ġat                 Ġit                 Ġthe                Ġfact               Ġthat               Ġpeople             Ġwant               Ġto                 Ġcome               Ġhere              
Timings          : (61.756, 61.855)    (61.855, 62.085)    (62.085, 62.306)    (62.306, 62.416)    (62.416, 62.706)    (62.706, 62.855)    (62.855, 62.945)    (62.945, 63.006)    (63.006, 63.276)    (63.276, 63.375)    (63.375, 63.686)    (63.686, 63.855)    (63.855, 63.916)    (63.916, 64.215)    (64.215, 64.394)   
Token Types      : 1                   1                   1                   1                   1                   1                   1                   1                   1                   1                   1                   1                   1                   1                   1                  
turn_ids         : 80403398393863      80403398393863      80403398393863      80403398393863      80403398393863      80403398393863      80403398393863      80403398393863      80403398393863      80403398393863      80403398393863      80403398393863      80403398393863      80403398393863      80403398393863     
turn_end_types   : 1                   1                   1                   1                   1                   1                   1                   1                   1                   1                   1                   1                   1                   1                   1                  
speaker_ids      : 2                   2                   2                   2                   2                   2                   2                   2                   2                   2                   2                   2                   2                   2                   2                  


A                : <emp>               <emp>               <emp>               <emp>               <emp>               <emp>               <emp>               <emp>               <emp>               <emp>               <emp>               <emp>               <emp>               <emp>               <emp>              
Timings          : (64.394, 64.632)    (64.632, 64.836)    (64.836, 64.946)    (64.946, 65.025)    (65.025, 65.105)    (65.105, 65.476)    (65.476, 65.775)    (65.775, 66.095)    (66.095, 66.385)    (66.385, 66.446)    (66.446, 66.506)    (66.506, 66.696)    (66.696, 66.796)    (66.796, 67.035)    (67.035, 67.105)   
Token Types      : 0                   0                   0                   0                   0                   0                   0                   0                   0                   0                   0                   0                   0                   0                   0                  
turn_ids         : 0                   0                   0                   0                   0                   0                   0                   0                   0                   0                   0                   0                   0                   0                   0                  
turn_end_types   : 0                   0                   0                   0                   0                   0                   0                   0                   0                   0                   0                   0                   0                   0                   0                  
speaker_ids      : 0                   0                   0                   0                   0                   0                   0                   0                   0                   0                   0                   0                   0                   0                   0                  

B                : Ġmust               Ġbe                 Ġthat               Ġthere              's                  Ġsomething          Ġbetter             Ġhere               Ġthan               Ġor                 Ġat                 Ġleast              Ġthey               Ġthink              Ġthere             
Timings          : (64.394, 64.632)    (64.632, 64.836)    (64.836, 64.946)    (64.946, 65.025)    (65.025, 65.105)    (65.105, 65.476)    (65.476, 65.775)    (65.775, 66.095)    (66.095, 66.385)    (66.385, 66.446)    (66.446, 66.506)    (66.506, 66.696)    (66.696, 66.796)    (66.796, 67.035)    (67.035, 67.105)   
Token Types      : 1                   1                   1                   1                   1                   1                   1                   1                   1                   1                   1                   1                   1                   1                   1                  
turn_ids         : 80403398393863      80403398393863      80403398393863      80403398393863      80403398393863      80403398393863      80403398393863      80403398393863      80403398393863      80403398393863      80403398393863      80403398393863      80403398393863      80403398393863      80403398393863     
turn_end_types   : 1                   1                   1                   1                   1                   1                   1                   1                   1                   1                   1                   1                   1                   1                   1                  
speaker_ids      : 2                   2                   2                   2                   2                   2                   2                   2                   2                   2                   2                   2                   2                   2                   2                  


A                : <emp>               <emp>               <emp>               <emp>               <emp>               <emp>               <emp>               <emp>               <emp>               <emp>               <emp>               <emp>               Ġyeah               Ġoh                 Ġabsolutely        
Timings          : (67.105, 67.175)    (67.175, 67.525)    (67.525, 67.815)    (67.815, 68.055)    (68.055, 68.205)    (68.205, 68.406)    (68.406, 68.617)    (68.617, 68.858)    (68.858, 69.165)    (69.165, 69.29)     (69.29, 69.414)     (69.682, 70.025)    (70.341, 70.643)    (70.872, 71.131)    (71.244, 72.078)   
Token Types      : 0                   0                   0                   0                   0                   0                   0                   0                   0                   0                   0                   0                   1                   1                   1                  
turn_ids         : 0                   0                   0                   0                   0                   0                   0                   0                   0                   0                   0                   0                   80402861522952      80402861522952      80402861522952     
turn_end_types   : 0                   0                   0                   0                   0                   0                   0                   0                   0                   0                   0                   0                   1                   1                   1                  
speaker_ids      : 0                   0                   0                   0                   0                   0                   0                   0                   0                   0                   0                   0                   1                   1                   1                  

B                : 's                  Ġsomething          Ġbetter             Ġhere               Ġthan               Ġthere              Ġis                 Ġuh                 Ġwherever           Ġthey               're                 Ġfrom               <eot>               <emp>               <emp>              
Timings          : (67.105, 67.175)    (67.175, 67.525)    (67.525, 67.815)    (67.815, 68.055)    (68.055, 68.205)    (68.205, 68.406)    (68.406, 68.617)    (68.617, 68.858)    (68.858, 69.165)    (69.165, 69.29)     (69.29, 69.414)     (69.682, 70.025)    (-1.0, -1.0)        (70.872, 71.131)    (71.244, 72.078)   
Token Types      : 1                   1                   1                   1                   1                   1                   1                   1                   1                   1                   1                   1                   1                   0                   0                  
turn_ids         : 80403398393863      80403398393863      80403398393863      80403398393863      80403398393863      80403398393863      80403398393863      80403398393863      80403398393863      80403398393863      80403398393863      80403398393863      80403398393863      0                   0                  
turn_end_types   : 1                   1                   1                   1                   1                   1                   1                   1                   1                   1                   1                   1                   1                   0                   0                  
speaker_ids      : 2                   2                   2                   2                   2                   2                   2                   2                   2                   2                   2                   2                   2                   0                   0                  


A                : Ġabsolutely         Ġi                  Ġi                  Ġmean               Ġthat               Ġthe                Ġwhat               Ġi                  Ġsee                Ġis                 Ġme                 x                   ico                 Ġof                 Ġcourse            
Timings          : (72.657, 73.406)    (73.406, 73.597)    (73.597, 73.717)    (73.717, 73.891)    (73.891, 74.079)    (74.307, 74.511)    (75.466, 75.569)    (75.569, 75.701)    (75.701, 75.951)    (75.951, 76.091)    (76.091, 76.291)    (76.291, 76.491)    (76.491, 76.691)    (76.691, 76.793)    (76.793, 77.26)    
Token Types      : 1                   1                   1                   1                   1                   1                   1                   1                   1                   1                   1                   1                   1                   1                   1                  
turn_ids         : 80402861522952      80402861522952      80402861522952      80402861522952      80402861522952      80402861522952      80402861522952      80402861522952      80402861522952      80402861522952      80402861522952      80402861522952      80402861522952      80402861522952      80402861522952     
turn_end_types   : 1                   1                   1                   1                   1                   1                   1                   1                   1                   1                   1                   1                   1                   1                   1                  
speaker_ids      : 1                   1                   1                   1                   1                   1                   1                   1                   1                   1                   1                   1                   1                   1                   1                  

B                : <emp>               <emp>               <emp>               <emp>               <emp>               <emp>               <emp>               <emp>               <emp>               <emp>               <emp>               <emp>               <emp>               <emp>               <emp>              
Timings          : (72.657, 73.406)    (73.406, 73.597)    (73.597, 73.717)    (73.717, 73.891)    (73.891, 74.079)    (74.307, 74.511)    (75.466, 75.569)    (75.569, 75.701)    (75.701, 75.951)    (75.951, 76.091)    (76.091, 76.291)    (76.291, 76.491)    (76.491, 76.691)    (76.691, 76.793)    (76.793, 77.26)    
Token Types      : 0                   0                   0                   0                   0                   0                   0                   0                   0                   0                   0                   0                   0                   0                   0                  
turn_ids         : 0                   0                   0                   0                   0                   0                   0                   0                   0                   0                   0                   0                   0                   0                   0                  
turn_end_types   : 0                   0                   0                   0                   0                   0                   0                   0                   0                   0                   0                   0                   0                   0                   0                  
speaker_ids      : 0                   0                   0                   0                   0                   0                   0                   0                   0                   0                   0                   0                   0                   0                   0                  


A                : Ġrather             Ġsouth              Ġameric             an                  Ġcountries          <emp>               <emp>               <emp>               Ġuh                 Ġunfortunately      Ġi                  Ġthink              Ġthat               Ġthat               Ġthe               
Timings          : (77.26, 77.601)     (77.601, 77.911)    (77.911, 78.176)    (78.176, 78.441)    (78.441, 79.011)    (79.029, 79.156)    (79.156, 79.283)    (79.283, 79.409)    (79.654, 80.052)    (80.583, 81.254)    (81.254, 81.334)    (81.334, 81.684)    (81.684, 81.954)    (82.274, 82.444)    (83.333, 83.503)   
Token Types      : 1                   1                   1                   1                   1                   1                   1                   1                   1                   1                   1                   1                   1                   1                   1                  
turn_ids         : 80402861522952      80402861522952      80402861522952      80402861522952      80402861522952      80402861522952      80402861522952      80402861522952      80402861522952      80402861522952      80402861522952      80402861522952      80402861522952      80402861522952      80402861522952     
turn_end_types   : 1                   1                   1                   1                   1                   1                   1                   1                   1                   1                   1                   1                   1                   1                   1                  
speaker_ids      : 1                   1                   1                   1                   1                   1                   1                   1                   1                   1                   1                   1                   1                   1                   1                  

B                : Ġyeah               <ebc>               <emp>               <emp>               <emp>               Ġu                  hh                  uh                  <ebc>               <emp>               <emp>               <emp>               <emp>               <emp>               <emp>              
Timings          : (77.38, 77.762)     (-1.0, -1.0)        (77.911, 78.176)    (78.176, 78.441)    (78.441, 79.011)    (79.029, 79.156)    (79.156, 79.283)    (79.283, 79.409)    (-1.0, -1.0)        (80.583, 81.254)    (81.254, 81.334)    (81.334, 81.684)    (81.684, 81.954)    (82.274, 82.444)    (83.333, 83.503)   
Token Types      : 3                   3                   0                   0                   0                   3                   3                   3                   3                   0                   0                   0                   0                   0                   0                  
turn_ids         : 80405545877509      80405545877509      0                   0                   0                   80405545877510      80405545877510      80405545877510      80405545877510      0                   0                   0                   0                   0                   0                  
turn_end_types   : 0                   0                   0                   0                   0                   0                   0                   0                   0                   0                   0                   0                   0                   0                   0                  
speaker_ids      : 2                   2                   0                   0                   0                   2                   2                   2                   2                   0                   0                   0                   0                   0                   0                  


A                : Ġimmigrants         Ġtend               Ġto                 Ġreally             Ġstretch            Ġthe                Ġsocial             Ġservices           <emp>               <emp>               <emp>               Ġthat               Ġcan                Ġbe                 Ġprovided          
Timings          : (83.725, 84.404)    (84.404, 84.794)    (84.794, 84.914)    (84.914, 85.644)    (85.644, 86.465)    (86.465, 87.001)    (87.001, 87.454)    (87.454, 88.284)    (88.392, 88.542)    (88.542, 88.692)    (88.692, 88.842)    (89.139, 89.294)    (89.294, 89.464)    (89.464, 89.614)    (89.614, 90.244)   
Token Types      : 1                   1                   1                   1                   1                   1                   1                   1                   1                   1                   1                   1                   1                   1                   1                  
turn_ids         : 80402861522952      80402861522952      80402861522952      80402861522952      80402861522952      80402861522952      80402861522952      80402861522952      80402861522952      80402861522952      80402861522952      80402861522952      80402861522952      80402861522952      80402861522952     
turn_end_types   : 1                   1                   1                   1                   1                   1                   1                   1                   1                   1                   1                   1                   1                   1                   1                  
speaker_ids      : 1                   1                   1                   1                   1                   1                   1                   1                   1                   1                   1                   1                   1                   1                   1                  

B                : <emp>               <emp>               <emp>               <emp>               <emp>               <emp>               <emp>               <emp>               Ġu                  hh                  uh                  <ebc>               <emp>               <emp>               <emp>              
Timings          : (83.725, 84.404)    (84.404, 84.794)    (84.794, 84.914)    (84.914, 85.644)    (85.644, 86.465)    (86.465, 87.001)    (87.001, 87.454)    (87.454, 88.284)    (88.392, 88.542)    (88.542, 88.692)    (88.692, 88.842)    (-1.0, -1.0)        (89.294, 89.464)    (89.464, 89.614)    (89.614, 90.244)   
Token Types      : 0                   0                   0                   0                   0                   0                   0                   0                   3                   3                   3                   3                   0                   0                   0                  
turn_ids         : 0                   0                   0                   0                   0                   0                   0                   0                   80405545877511      80405545877511      80405545877511      80405545877511      0                   0                   0                  
turn_end_types   : 0                   0                   0                   0                   0                   0                   0                   0                   0                   0                   0                   0                   0                   0                   0                  
speaker_ids      : 0                   0                   0                   0                   0                   0                   0                   0                   2                   2                   2                   2                   0                   0                   0                  


A                : Ġto                 Ġthe                Ġfolks              Ġuh                 <emp>               <eot>               <emp>               <emp>               <emp>               <emp>               <emp>               <emp>               <emp>               <emp>               <emp>              
Timings          : (90.244, 90.404)    (90.404, 90.494)    (90.494, 91.115)    (91.274, 91.674)    (-1.0, -1.0)        (-1.0, -1.0)        (92.864, 92.984)    (92.984, 93.104)    (93.104, 93.264)    (93.264, 93.374)    (93.374, 93.424)    (93.424, 93.634)    (93.634, 93.734)    (93.734, 93.834)    (93.834, 94.134)   
Token Types      : 1                   1                   1                   1                   0                   1                   0                   0                   0                   0                   0                   0                   0                   0                   0                  
turn_ids         : 80402861522952      80402861522952      80402861522952      80402861522952      0                   80402861522952      0                   0                   0                   0                   0                   0                   0                   0                   0                  
turn_end_types   : 1                   1                   1                   1                   0                   1                   0                   0                   0                   0                   0                   0                   0                   0                   0                  
speaker_ids      : 1                   1                   1                   1                   0                   1                   0                   0                   0                   0                   0                   0                   0                   0                   0                  

B                : <emp>               <emp>               <emp>               Ġyeah               <ebc>               Ġyeah               Ġthat               's                  Ġtrue               Ġbut                Ġi                  Ġthink              Ġthat               's                  Ġprobably          
Timings          : (90.244, 90.404)    (90.404, 90.494)    (90.494, 91.115)    (91.229, 91.609)    (-1.0, -1.0)        (92.754, 92.864)    (92.864, 92.984)    (92.984, 93.104)    (93.104, 93.264)    (93.264, 93.374)    (93.374, 93.424)    (93.424, 93.634)    (93.634, 93.734)    (93.734, 93.834)    (93.834, 94.134)   
Token Types      : 0                   0                   0                   3                   3                   1                   1                   1                   1                   1                   1                   1                   1                   1                   1                  
turn_ids         : 0                   0                   0                   80405545877512      80405545877512      80403398393865      80403398393865      80403398393865      80403398393865      80403398393865      80403398393865      80403398393865      80403398393865      80403398393865      80403398393865     
turn_end_types   : 0                   0                   0                   0                   0                   1                   1                   1                   1                   1                   1                   1                   1                   1                   1                  
speaker_ids      : 0                   0                   0                   2                   2                   2                   2                   2                   2                   2                   2                   2                   2                   2                   2                  


A                : <emp>               <emp>               <emp>               <emp>               <emp>               <emp>               <emp>               <emp>               <emp>               <emp>               <emp>               <emp>               <emp>               <emp>               <emp>              
Timings          : (94.134, 94.454)    (94.454, 94.674)    (94.674, 95.013)    (95.013, 95.495)    (95.495, 95.913)    (96.707, 97.144)    (97.144, 97.204)    (97.204, 97.264)    (97.264, 97.664)    (97.664, 98.174)    (98.48, 98.815)     (99.046, 99.151)    (99.151, 99.374)    (99.374, 99.824)    (99.824, 99.904)   
Token Types      : 0                   0                   0                   0                   0                   0                   0                   0                   0                   0                   0                   0                   0                   0                   0                  
turn_ids         : 0                   0                   0                   0                   0                   0                   0                   0                   0                   0                   0                   0                   0                   0                   0                  
turn_end_types   : 0                   0                   0                   0                   0                   0                   0                   0                   0                   0                   0                   0                   0                   0                   0                  
speaker_ids      : 0                   0                   0                   0                   0                   0                   0                   0                   0                   0                   0                   0                   0                   0                   0                  

B                : Ġalways             Ġbeen               Ġtrue               Ġthroughout         Ġuh                 Ġhistory            Ġof                 Ġthe                Ġunited             Ġstates             Ġuh                 Ġi                  Ġthink              Ġanytime            Ġyou               
Timings          : (94.134, 94.454)    (94.454, 94.674)    (94.674, 95.013)    (95.013, 95.495)    (95.495, 95.913)    (96.707, 97.144)    (97.144, 97.204)    (97.204, 97.264)    (97.264, 97.664)    (97.664, 98.174)    (98.48, 98.815)     (99.046, 99.151)    (99.151, 99.374)    (99.374, 99.824)    (99.824, 99.904)   
Token Types      : 1                   1                   1                   1                   1                   1                   1                   1                   1                   1                   1                   1                   1                   1                   1                  
turn_ids         : 80403398393865      80403398393865      80403398393865      80403398393865      80403398393865      80403398393865      80403398393865      80403398393865      80403398393865      80403398393865      80403398393865      80403398393865      80403398393865      80403398393865      80403398393865     
turn_end_types   : 1                   1                   1                   1                   1                   1                   1                   1                   1                   1                   1                   1                   1                   1                   1                  
speaker_ids      : 2                   2                   2                   2                   2                   2                   2                   2                   2                   2                   2                   2                   2                   2                   2                  


A                : <emp>               <emp>               <emp>               <emp>               <emp>               <emp>               <emp>               <emp>               <emp>               <emp>               <emp>               <emp>               <emp>               <emp>               <emp>              
Timings          : (99.904, 100.234)   (100.234, 100.444)  (101.351, 101.431)  (101.431, 101.501)  (101.501, 102.061)  (102.061, 102.401)  (102.401, 102.571)  (102.571, 102.691)  (102.691, 103.271)  (103.271, 103.381)  (103.381, 103.541)  (103.541, 103.671)  (103.671, 103.801)  (103.801, 104.031)  (104.031, 104.121) 
Token Types      : 0                   0                   0                   0                   0                   0                   0                   0                   0                   0                   0                   0                   0                   0                   0                  
turn_ids         : 0                   0                   0                   0                   0                   0                   0                   0                   0                   0                   0                   0                   0                   0                   0                  
turn_end_types   : 0                   0                   0                   0                   0                   0                   0                   0                   0                   0                   0                   0                   0                   0                   0                  
speaker_ids      : 0                   0                   0                   0                   0                   0                   0                   0                   0                   0                   0                   0                   0                   0                   0                  

B                : Ġhave               Ġuh                 Ġyou                Ġknow               Ġimmigrants         Ġcoming             Ġin                 Ġwho                Ġperhaps            Ġyou                Ġknow               Ġdon                't                  Ġhave               Ġthe               
Timings          : (99.904, 100.234)   (100.234, 100.444)  (101.351, 101.431)  (101.431, 101.501)  (101.501, 102.061)  (102.061, 102.401)  (102.401, 102.571)  (102.571, 102.691)  (102.691, 103.271)  (103.271, 103.381)  (103.381, 103.541)  (103.541, 103.671)  (103.671, 103.801)  (103.801, 104.031)  (104.031, 104.121) 
Token Types      : 1                   1                   1                   1                   1                   1                   1                   1                   1                   1                   1                   1                   1                   1                   1                  
turn_ids         : 80403398393865      80403398393865      80403398393865      80403398393865      80403398393865      80403398393865      80403398393865      80403398393865      80403398393865      80403398393865      80403398393865      80403398393865      80403398393865      80403398393865      80403398393865     
turn_end_types   : 1                   1                   1                   1                   1                   1                   1                   1                   1                   1                   1                   1                   1                   1                   1                  
speaker_ids      : 2                   2                   2                   2                   2                   2                   2                   2                   2                   2                   2                   2                   2                   2                   2                  


A                : <emp>               <emp>               <emp>               <emp>               <emp>               <emp>               <emp>               <emp>               <emp>               <emp>               <emp>               <emp>               <emp>               <emp>               <emp>              
Timings          : (104.121, 104.521)  (104.521, 104.621)  (104.621, 105.291)  (105.291, 105.5)    (105.656, 105.915)  (106.747, 106.997)  (106.997, 107.477)  (107.477, 107.567)  (107.567, 107.637)  (107.637, 108.407)  (108.407, 108.487)  (108.487, 108.567)  (108.567, 108.907)  (108.907, 109.117)  (109.117, 109.177) 
Token Types      : 0                   0                   0                   0                   0                   0                   0                   0                   0                   0                   0                   0                   0                   0                   0                  
turn_ids         : 0                   0                   0                   0                   0                   0                   0                   0                   0                   0                   0                   0                   0                   0                   0                  
turn_end_types   : 0                   0                   0                   0                   0                   0                   0                   0                   0                   0                   0                   0                   0                   0                   0                  
speaker_ids      : 0                   0                   0                   0                   0                   0                   0                   0                   0                   0                   0                   0                   0                   0                   0                  

B                : Ġability            Ġto                 Ġcommunicate        Ġwith               Ġa                  Ġlarge              Ġpercentage         Ġof                 Ġthe                Ġpopulation         Ġthat               's                  Ġalready            Ġhere               Ġi                 
Timings          : (104.121, 104.521)  (104.521, 104.621)  (104.621, 105.291)  (105.291, 105.5)    (105.656, 105.915)  (106.747, 106.997)  (106.997, 107.477)  (107.477, 107.567)  (107.567, 107.637)  (107.637, 108.407)  (108.407, 108.487)  (108.487, 108.567)  (108.567, 108.907)  (108.907, 109.117)  (109.117, 109.177) 
Token Types      : 1                   1                   1                   1                   1                   1                   1                   1                   1                   1                   1                   1                   1                   1                   1                  
turn_ids         : 80403398393865      80403398393865      80403398393865      80403398393865      80403398393865      80403398393865      80403398393865      80403398393865      80403398393865      80403398393865      80403398393865      80403398393865      80403398393865      80403398393865      80403398393865     
turn_end_types   : 1                   1                   1                   1                   1                   1                   1                   1                   1                   1                   1                   1                   1                   1                   1                  
speaker_ids      : 2                   2                   2                   2                   2                   2                   2                   2                   2                   2                   2                   2                   2                   2                   2                  


A                : <emp>               <emp>               <emp>               <emp>               <emp>               <emp>               <emp>               <emp>               <emp>               <emp>               <emp>               <emp>               <emp>               <emp>               <emp>              
Timings          : (109.177, 109.417)  (109.417, 109.497)  (109.497, 109.577)  (109.577, 109.911)  (109.911, 110.072)  (110.38, 110.463)   (110.463, 110.717)  (110.717, 110.827)  (110.827, 111.227)  (111.227, 111.747)  (111.747, 111.807)  (111.807, 112.037)  (112.037, 112.217)  (112.404, 112.453)  (112.453, 112.517) 
Token Types      : 0                   0                   0                   0                   0                   0                   0                   0                   0                   0                   0                   0                   0                   0                   0                  
turn_ids         : 0                   0                   0                   0                   0                   0                   0                   0                   0                   0                   0                   0                   0                   0                   0                  
turn_end_types   : 0                   0                   0                   0                   0                   0                   0                   0                   0                   0                   0                   0                   0                   0                   0                  
speaker_ids      : 0                   0                   0                   0                   0                   0                   0                   0                   0                   0                   0                   0                   0                   0                   0                  

B                : Ġthink              Ġthey               're                 Ġbound              Ġto                 Ġto                 Ġpush               Ġthe                Ġsocial             Ġservices           Ġa                  Ġlittle             Ġbit                Ġdo                 Ġyou               
Timings          : (109.177, 109.417)  (109.417, 109.497)  (109.497, 109.577)  (109.577, 109.911)  (109.911, 110.072)  (110.38, 110.463)   (110.463, 110.717)  (110.717, 110.827)  (110.827, 111.227)  (111.227, 111.747)  (111.747, 111.807)  (111.807, 112.037)  (112.037, 112.217)  (112.404, 112.453)  (112.453, 112.517) 
Token Types      : 1                   1                   1                   1                   1                   1                   1                   1                   1                   1                   1                   1                   1                   1                   1                  
turn_ids         : 80403398393865      80403398393865      80403398393865      80403398393865      80403398393865      80403398393865      80403398393865      80403398393865      80403398393865      80403398393865      80403398393865      80403398393865      80403398393865      80403398393865      80403398393865     
turn_end_types   : 1                   1                   1                   1                   1                   1                   1                   1                   1                   1                   1                   1                   1                   1                   1                  
speaker_ids      : 2                   2                   2                   2                   2                   2                   2                   2                   2                   2                   2                   2                   2                   2                   2                  


A                : <emp>               <emp>               <emp>               <emp>               <emp>               <emp>               <emp>               <emp>               <emp>               <emp>               <emp>               <emp>               Ġuh                 Ġyeah               Ġi                 
Timings          : (112.517, 112.707)  (112.707, 112.777)  (112.777, 112.847)  (112.847, 113.087)  (113.087, 113.447)  (113.447, 113.587)  (113.587, 113.687)  (113.687, 113.957)  (113.957, 114.296)  (114.718, 114.987)  (114.987, 115.277)  (115.277, 115.547)  (116.769, 117.321)  (119.705, 119.955)  (119.955, 120.185) 
Token Types      : 0                   0                   0                   0                   0                   0                   0                   0                   0                   0                   0                   0                   1                   1                   1                  
turn_ids         : 0                   0                   0                   0                   0                   0                   0                   0                   0                   0                   0                   0                   80402861522954      80402861522954      80402861522954     
turn_end_types   : 0                   0                   0                   0                   0                   0                   0                   0                   0                   0                   0                   0                   1                   1                   1                  
speaker_ids      : 0                   0                   0                   0                   0                   0                   0                   0                   0                   0                   0                   0                   1                   1                   1                  

B                : Ġthink              Ġit                 's                  Ġworse              Ġtoday              Ġthan               Ġit                 Ġwas                Ġmaybe              Ġfifty              Ġyears              Ġago                <eot>               <emp>               <emp>              
Timings          : (112.517, 112.707)  (112.707, 112.777)  (112.777, 112.847)  (112.847, 113.087)  (113.087, 113.447)  (113.447, 113.587)  (113.587, 113.687)  (113.687, 113.957)  (113.957, 114.296)  (114.718, 114.987)  (114.987, 115.277)  (115.277, 115.547)  (-1.0, -1.0)        (119.705, 119.955)  (119.955, 120.185) 
Token Types      : 1                   1                   1                   1                   1                   1                   1                   1                   1                   1                   1                   1                   1                   0                   0                  
turn_ids         : 80403398393865      80403398393865      80403398393865      80403398393865      80403398393865      80403398393865      80403398393865      80403398393865      80403398393865      80403398393865      80403398393865      80403398393865      80403398393865      0                   0                  
turn_end_types   : 1                   1                   1                   1                   1                   1                   1                   1                   1                   1                   1                   1                   1                   0                   0                  
speaker_ids      : 2                   2                   2                   2                   2                   2                   2                   2                   2                   2                   2                   2                   2                   0                   0                  


A                : Ġthink              Ġmaybe              Ġit                 Ġis                 Ġi                  Ġand                Ġi                  Ġthink              Ġthat               's                  Ġnot                Ġnecessarily        Ġthe                Ġfault              Ġof                
Timings          : (120.185, 120.455)  (120.455, 120.845)  (120.845, 120.941)  (120.941, 121.474)  (121.474, 121.651)  (121.651, 121.855)  (121.855, 121.925)  (121.925, 122.185)  (122.185, 122.295)  (122.295, 122.405)  (122.405, 122.595)  (122.595, 123.145)  (123.145, 123.215)  (123.215, 123.505)  (123.505, 123.575) 
Token Types      : 1                   1                   1                   1                   1                   1                   1                   1                   1                   1                   1                   1                   1                   1                   1                  
turn_ids         : 80402861522954      80402861522954      80402861522954      80402861522954      80402861522954      80402861522954      80402861522954      80402861522954      80402861522954      80402861522954      80402861522954      80402861522954      80402861522954      80402861522954      80402861522954     
turn_end_types   : 1                   1                   1                   1                   1                   1                   1                   1                   1                   1                   1                   1                   1                   1                   1                  
speaker_ids      : 1                   1                   1                   1                   1                   1                   1                   1                   1                   1                   1                   1                   1                   1                   1                  

B                : <emp>               <emp>               <emp>               <emp>               <emp>               <emp>               <emp>               <emp>               <emp>               <emp>               <emp>               <emp>               <emp>               <emp>               <emp>              
Timings          : (120.185, 120.455)  (120.455, 120.845)  (120.845, 120.941)  (120.941, 121.474)  (121.474, 121.651)  (121.651, 121.855)  (121.855, 121.925)  (121.925, 122.185)  (122.185, 122.295)  (122.295, 122.405)  (122.405, 122.595)  (122.595, 123.145)  (123.145, 123.215)  (123.215, 123.505)  (123.505, 123.575) 
Token Types      : 0                   0                   0                   0                   0                   0                   0                   0                   0                   0                   0                   0                   0                   0                   0                  
turn_ids         : 0                   0                   0                   0                   0                   0                   0                   0                   0                   0                   0                   0                   0                   0                   0                  
turn_end_types   : 0                   0                   0                   0                   0                   0                   0                   0                   0                   0                   0                   0                   0                   0                   0                  
speaker_ids      : 0                   0                   0                   0                   0                   0                   0                   0                   0                   0                   0                   0                   0                   0                   0                  


A                : Ġimmigration        Ġbut                Ġjust               Ġthe                Ġway                Ġthe                Ġworld              Ġis                 Ġgoing              Ġto                 Ġyou                Ġknow               Ġwhat               Ġin                 Ġa                 
Timings          : (123.575, 124.145)  (124.145, 124.255)  (124.255, 124.455)  (124.455, 124.515)  (124.515, 124.865)  (125.038, 125.162)  (125.162, 125.405)  (125.405, 125.465)  (125.465, 125.785)  (125.785, 125.895)  (125.895, 126.045)  (126.045, 126.155)  (126.155, 126.335)  (126.335, 126.395)  (126.395, 126.435) 
Token Types      : 1                   1                   1                   1                   1                   1                   1                   1                   1                   1                   1                   1                   1                   1                   1                  
turn_ids         : 80402861522954      80402861522954      80402861522954      80402861522954      80402861522954      80402861522954      80402861522954      80402861522954      80402861522954      80402861522954      80402861522954      80402861522954      80402861522954      80402861522954      80402861522954     
turn_end_types   : 1                   1                   1                   1                   1                   1                   1                   1                   1                   1                   1                   1                   1                   1                   1                  
speaker_ids      : 1                   1                   1                   1                   1                   1                   1                   1                   1                   1                   1                   1                   1                   1                   1                  

B                : <emp>               <emp>               <emp>               <emp>               <emp>               <emp>               <emp>               <emp>               <emp>               <emp>               <emp>               <emp>               <emp>               <emp>               <emp>              
Timings          : (123.575, 124.145)  (124.145, 124.255)  (124.255, 124.455)  (124.455, 124.515)  (124.515, 124.865)  (125.038, 125.162)  (125.162, 125.405)  (125.405, 125.465)  (125.465, 125.785)  (125.785, 125.895)  (125.895, 126.045)  (126.045, 126.155)  (126.155, 126.335)  (126.335, 126.395)  (126.395, 126.435) 
Token Types      : 0                   0                   0                   0                   0                   0                   0                   0                   0                   0                   0                   0                   0                   0                   0                  
turn_ids         : 0                   0                   0                   0                   0                   0                   0                   0                   0                   0                   0                   0                   0                   0                   0                  
turn_end_types   : 0                   0                   0                   0                   0                   0                   0                   0                   0                   0                   0                   0                   0                   0                   0                  
speaker_ids      : 0                   0                   0                   0                   0                   0                   0                   0                   0                   0                   0                   0                   0                   0                   0                  


A                : Ġhand               Ġbasket             Ġanyway             <emp>               <emp>               <emp>               Ġi                  Ġthink              Ġthat               Ġthere              's                  Ġso                 Ġmany               Ġother              Ġproblems          
Timings          : (126.435, 126.665)  (126.665, 127.025)  (127.025, 127.405)  (127.218, 127.315)  (127.315, 127.412)  (127.828, 128.248)  (128.746, 128.943)  (128.943, 129.235)  (129.235, 129.465)  (129.465, 129.6)    (129.6, 129.735)    (129.735, 129.845)  (129.845, 130.075)  (130.075, 130.285)  (130.285, 130.964) 
Token Types      : 1                   1                   1                   1                   1                   1                   1                   1                   1                   1                   1                   1                   1                   1                   1                  
turn_ids         : 80402861522954      80402861522954      80402861522954      80402861522954      80402861522954      80402861522954      80402861522954      80402861522954      80402861522954      80402861522954      80402861522954      80402861522954      80402861522954      80402861522954      80402861522954     
turn_end_types   : 1                   1                   1                   1                   1                   1                   1                   1                   1                   1                   1                   1                   1                   1                   1                  
speaker_ids      : 1                   1                   1                   1                   1                   1                   1                   1                   1                   1                   1                   1                   1                   1                   1                  

B                : <emp>               <emp>               uh                  h                   uh                  Ġyeah               <eint>              <emp>               <emp>               <emp>               <emp>               <emp>               <emp>               <emp>               <emp>              
Timings          : (126.435, 126.665)  (126.665, 127.025)  (127.12, 127.218)   (127.218, 127.315)  (127.315, 127.412)  (127.828, 128.248)  (-1.0, -1.0)        (128.943, 129.235)  (129.235, 129.465)  (129.465, 129.6)    (129.6, 129.735)    (129.735, 129.845)  (129.845, 130.075)  (130.075, 130.285)  (130.285, 130.964) 
Token Types      : 0                   0                   5                   5                   5                   5                   5                   0                   0                   0                   0                   0                   0                   0                   0                  
turn_ids         : 0                   0                   80407693361162      80407693361162      80407693361162      80407693361162      80407693361162      0                   0                   0                   0                   0                   0                   0                   0                  
turn_end_types   : 0                   0                   0                   0                   0                   0                   0                   0                   0                   0                   0                   0                   0                   0                   0                  
speaker_ids      : 0                   0                   2                   2                   2                   2                   2                   0                   0                   0                   0                   0                   0                   0                   0                  


A                : Ġespecially         Ġin                 Ġthe                Ġcities             <eot>               <emp>               <emp>               Ġuh                 Ġcrime              Ġfor                Ġexample            Ġand                Ġi                  Ġuh                 Ġuh                
Timings          : (131.205, 131.675)  (131.675, 131.775)  (131.775, 131.845)  (131.845, 132.397)  (-1.0, -1.0)        (132.967, 133.117)  (133.117, 133.266)  (133.692, 133.892)  (133.892, 134.432)  (134.432, 134.632)  (134.632, 135.388)  (135.685, 136.165)  (137.105, 137.305)  (138.621, 139.248)  (141.348, 141.554) 
Token Types      : 1                   1                   1                   1                   1                   0                   0                   4                   4                   4                   4                   4                   4                   4                   4                  
turn_ids         : 80402861522954      80402861522954      80402861522954      80402861522954      80402861522954      0                   0                   80406082748428      80406082748428      80406082748428      80406082748428      80406082748428      80406082748428      80406082748428      80406082748428     
turn_end_types   : 1                   1                   1                   1                   1                   0                   0                   1                   1                   1                   1                   1                   1                   1                   1                  
speaker_ids      : 1                   1                   1                   1                   1                   0                   0                   1                   1                   1                   1                   1                   1                   1                   1                  

B                : <emp>               <emp>               <emp>               <emp>               Ġu                  hh                  uh                  Ġyeah               <yield>             <emp>               <emp>               <emp>               <emp>               Ġyeah               <ebc>              
Timings          : (131.205, 131.675)  (131.675, 131.775)  (131.775, 131.845)  (131.845, 132.397)  (132.818, 132.967)  (132.967, 133.117)  (133.117, 133.266)  (133.736, 134.094)  (-1.0, -1.0)        (134.432, 134.632)  (134.632, 135.388)  (135.685, 136.165)  (137.105, 137.305)  (138.735, 138.885)  (-1.0, -1.0)       
Token Types      : 0                   0                   0                   0                   1                   1                   1                   1                   1                   0                   0                   0                   0                   3                   3                  
turn_ids         : 0                   0                   0                   0                   80403398393867      80403398393867      80403398393867      80403398393867      80403398393867      0                   0                   0                   0                   80405545877515      80405545877515     
turn_end_types   : 0                   0                   0                   0                   2                   2                   2                   2                   2                   0                   0                   0                   0                   0                   0                  
speaker_ids      : 0                   0                   0                   0                   2                   2                   2                   2                   2                   0                   0                   0                   0                   2                   2                  


A                : Ġi                  Ġdon                't                  Ġknow               Ġi                  Ġthink              Ġit                 's                  Ġall                Ġtied               Ġup                 Ġtogether           <emp>               Ġi                  Ġknow              
Timings          : (141.554, 141.618)  (141.618, 141.743)  (141.743, 141.868)  (141.868, 142.108)  (142.108, 142.188)  (142.188, 142.348)  (142.348, 142.403)  (142.403, 142.458)  (142.458, 142.608)  (142.608, 142.928)  (142.928, 143.058)  (143.058, 143.651)  (144.036, 144.176)  (144.175, 144.248)  (144.248, 144.408) 
Token Types      : 4                   4                   4                   4                   4                   4                   4                   4                   4                   4                   4                   4                   4                   4                   4                  
turn_ids         : 80406082748428      80406082748428      80406082748428      80406082748428      80406082748428      80406082748428      80406082748428      80406082748428      80406082748428      80406082748428      80406082748428      80406082748428      80406082748428      80406082748428      80406082748428     
turn_end_types   : 1                   1                   1                   1                   1                   1                   1                   1                   1                   1                   1                   1                   1                   1                   1                  
speaker_ids      : 1                   1                   1                   1                   1                   1                   1                   1                   1                   1                   1                   1                   1                   1                   1                  

B                : <emp>               <emp>               <emp>               <emp>               <emp>               <emp>               <emp>               <emp>               <emp>               <emp>               <emp>               <emp>               Ġyeah               Ġyou                're                
Timings          : (141.554, 141.618)  (141.618, 141.743)  (141.743, 141.868)  (141.868, 142.108)  (142.108, 142.188)  (142.188, 142.348)  (142.348, 142.403)  (142.403, 142.458)  (142.458, 142.608)  (142.608, 142.928)  (142.928, 143.058)  (143.058, 143.651)  (144.036, 144.176)  (144.176, 144.264)  (144.264, 144.352) 
Token Types      : 0                   0                   0                   0                   0                   0                   0                   0                   0                   0                   0                   0                   5                   5                   5                  
turn_ids         : 0                   0                   0                   0                   0                   0                   0                   0                   0                   0                   0                   0                   80407693361165      80407693361165      80407693361165     
turn_end_types   : 0                   0                   0                   0                   0                   0                   0                   0                   0                   0                   0                   0                   0                   0                   0                  
speaker_ids      : 0                   0                   0                   0                   0                   0                   0                   0                   0                   0                   0                   0                   2                   2                   2                  


A                : Ġthat               Ġthe                Ġimmigrant          Ġimmigrant          Ġof                 Ġcourse             Ġnow                Ġd                  allas               Ġhas                Ġa                  Ġlot                Ġof                 Ġuh                 Ġas                
Timings          : (144.408, 144.581)  (144.581, 144.732)  (144.732, 145.288)  (145.508, 145.888)  (145.888, 146.035)  (146.035, 146.358)  (146.358, 146.658)  (146.658, 146.868)  (146.868, 147.078)  (147.078, 147.288)  (147.288, 147.386)  (147.386, 147.574)  (147.574, 147.827)  (147.939, 148.228)  (149.269, 149.454) 
Token Types      : 4                   4                   4                   4                   4                   4                   4                   4                   4                   4                   4                   4                   4                   4                   4                  
turn_ids         : 80406082748428      80406082748428      80406082748428      80406082748428      80406082748428      80406082748428      80406082748428      80406082748428      80406082748428      80406082748428      80406082748428      80406082748428      80406082748428      80406082748428      80406082748428     
turn_end_types   : 1                   1                   1                   1                   1                   1                   1                   1                   1                   1                   1                   1                   1                   1                   1                  
speaker_ids      : 1                   1                   1                   1                   1                   1                   1                   1                   1                   1                   1                   1                   1                   1                   1                  

B                : Ġprobably           Ġright              <eint>              <emp>               <emp>               <emp>               <emp>               <emp>               <emp>               <emp>               <emp>               <emp>               <emp>               <emp>               <emp>              
Timings          : (144.352, 144.598)  (144.598, 144.718)  (-1.0, -1.0)        (145.508, 145.888)  (145.888, 146.035)  (146.035, 146.358)  (146.358, 146.658)  (146.658, 146.868)  (146.868, 147.078)  (147.078, 147.288)  (147.288, 147.386)  (147.386, 147.574)  (147.574, 147.827)  (147.939, 148.228)  (149.269, 149.454) 
Token Types      : 5                   5                   5                   0                   0                   0                   0                   0                   0                   0                   0                   0                   0                   0                   0                  
turn_ids         : 80407693361165      80407693361165      80407693361165      0                   0                   0                   0                   0                   0                   0                   0                   0                   0                   0                   0                  
turn_end_types   : 0                   0                   0                   0                   0                   0                   0                   0                   0                   0                   0                   0                   0                   0                   0                  
speaker_ids      : 2                   2                   2                   0                   0                   0                   0                   0                   0                   0                   0                   0                   0                   0                   0                  


A                : ian                 Ġimmigrants         <emp>               Ġin                 Ġfact               Ġa                  Ġlarge              Ġcommunity          Ġof                 Ġthem               <eot>               Ġand                Ġuh                 Ġthey               Ġhave              
Timings          : (149.454, 149.639)  (149.639, 150.719)  (150.54, 150.68)    (150.719, 150.789)  (150.789, 151.049)  (151.049, 151.109)  (151.109, 151.449)  (151.449, 152.119)  (152.119, 152.309)  (152.309, 152.519)  (-1.0, -1.0)        (153.396, 153.936)  (153.936, 154.281)  (154.612, 154.726)  (154.726, 154.876) 
Token Types      : 4                   4                   4                   4                   4                   4                   4                   4                   4                   4                   4                   1                   1                   1                   1                  
turn_ids         : 80406082748428      80406082748428      80406082748428      80406082748428      80406082748428      80406082748428      80406082748428      80406082748428      80406082748428      80406082748428      80406082748428      80402861522958      80402861522958      80402861522958      80402861522958     
turn_end_types   : 1                   1                   1                   1                   1                   1                   1                   1                   1                   1                   1                   2                   2                   2                   2                  
speaker_ids      : 1                   1                   1                   1                   1                   1                   1                   1                   1                   1                   1                   1                   1                   1                   1                  

B                : <emp>               Ġu                  hh                  uh                  <ebc>               <emp>               <emp>               <emp>               <emp>               <emp>               Ġokay               <eot>               <emp>               <emp>               <emp>              
Timings          : (149.454, 149.639)  (150.4, 150.54)     (150.54, 150.68)    (150.68, 150.82)    (-1.0, -1.0)        (151.049, 151.109)  (151.109, 151.449)  (151.449, 152.119)  (152.119, 152.309)  (152.309, 152.519)  (152.738, 153.238)  (-1.0, -1.0)        (153.936, 154.281)  (154.612, 154.726)  (154.726, 154.876) 
Token Types      : 0                   3                   3                   3                   3                   0                   0                   0                   0                   0                   1                   1                   0                   0                   0                  
turn_ids         : 0                   80405545877516      80405545877516      80405545877516      80405545877516      0                   0                   0                   0                   0                   80403398393869      80403398393869      0                   0                   0                  
turn_end_types   : 0                   0                   0                   0                   0                   0                   0                   0                   0                   0                   1                   1                   0                   0                   0                  
speaker_ids      : 0                   2                   2                   2                   2                   0                   0                   0                   0                   0                   2                   2                   0                   0                   0                  


A                : Ġtheir              Ġspecial            Ġproblems           Ġuh                 Ġoh                 Ġfor                Ġexample            Ġcrime              Ġi                  Ġmentioned          Ġcrime              <emp>               <emp>               Ġagainst            Ġimmigrants        
Timings          : (154.876, 154.986)  (154.986, 155.446)  (155.446, 156.096)  (156.096, 156.534)  (158.718, 158.846)  (158.846, 158.996)  (158.996, 159.536)  (159.536, 159.947)  (159.947, 160.078)  (160.078, 160.59)   (160.801, 161.186)  (160.887, 161.017)  (161.017, 161.148)  (161.186, 161.586)  (161.586, 162.516) 
Token Types      : 1                   1                   1                   1                   1                   1                   1                   1                   1                   1                   1                   1                   1                   1                   1                  
turn_ids         : 80402861522958      80402861522958      80402861522958      80402861522958      80402861522958      80402861522958      80402861522958      80402861522958      80402861522958      80402861522958      80402861522958      80402861522958      80402861522958      80402861522958      80402861522958     
turn_end_types   : 2                   2                   2                   2                   2                   2                   2                   2                   2                   2                   2                   2                   2                   2                   2                  
speaker_ids      : 1                   1                   1                   1                   1                   1                   1                   1                   1                   1                   1                   1                   1                   1                   1                  

B                : <emp>               <emp>               <emp>               <emp>               <emp>               <emp>               <emp>               <emp>               <emp>               <emp>               Ġu                  hh                  uh                  <ebc>               <emp>              
Timings          : (154.876, 154.986)  (154.986, 155.446)  (155.446, 156.096)  (156.096, 156.534)  (158.718, 158.846)  (158.846, 158.996)  (158.996, 159.536)  (159.536, 159.947)  (159.947, 160.078)  (160.078, 160.59)   (160.756, 160.887)  (160.887, 161.017)  (161.017, 161.148)  (-1.0, -1.0)        (161.586, 162.516) 
Token Types      : 0                   0                   0                   0                   0                   0                   0                   0                   0                   0                   3                   3                   3                   3                   0                  
turn_ids         : 0                   0                   0                   0                   0                   0                   0                   0                   0                   0                   80405545877518      80405545877518      80405545877518      80405545877518      0                  
turn_end_types   : 0                   0                   0                   0                   0                   0                   0                   0                   0                   0                   0                   0                   0                   0                   0                  
speaker_ids      : 0                   0                   0                   0                   0                   0                   0                   0                   0                   0                   2                   2                   2                   2                   0                  


A                : Ġis                 Ġis                 Ġa                  Ġsevere             Ġproblem            Ġbecause            Ġthe                Ġpeople             Ġthat               Ġcame               Ġfrom               Ġthe                Ġsoutheast          Ġas                 ian                
Timings          : (162.516, 162.812)  (162.932, 163.116)  (163.116, 163.176)  (163.176, 163.586)  (163.586, 164.006)  (164.006, 164.266)  (164.266, 164.326)  (164.326, 164.666)  (164.666, 164.766)  (164.766, 165.006)  (165.006, 165.186)  (165.186, 165.519)  (165.662, 166.186)  (166.186, 166.341)  (166.341, 166.496) 
Token Types      : 1                   1                   1                   1                   1                   1                   1                   1                   1                   1                   1                   1                   1                   1                   1                  
turn_ids         : 80402861522958      80402861522958      80402861522958      80402861522958      80402861522958      80402861522958      80402861522958      80402861522958      80402861522958      80402861522958      80402861522958      80402861522958      80402861522958      80402861522958      80402861522958     
turn_end_types   : 2                   2                   2                   2                   2                   2                   2                   2                   2                   2                   2                   2                   2                   2                   2                  
speaker_ids      : 1                   1                   1                   1                   1                   1                   1                   1                   1                   1                   1                   1                   1                   1                   1                  

B                : <emp>               <emp>               <emp>               <emp>               <emp>               <emp>               <emp>               <emp>               <emp>               <emp>               <emp>               <emp>               <emp>               <emp>               <emp>              
Timings          : (162.516, 162.812)  (162.932, 163.116)  (163.116, 163.176)  (163.176, 163.586)  (163.586, 164.006)  (164.006, 164.266)  (164.266, 164.326)  (164.326, 164.666)  (164.666, 164.766)  (164.766, 165.006)  (165.006, 165.186)  (165.186, 165.519)  (165.662, 166.186)  (166.186, 166.341)  (166.341, 166.496) 
Token Types      : 0                   0                   0                   0                   0                   0                   0                   0                   0                   0                   0                   0                   0                   0                   0                  
turn_ids         : 0                   0                   0                   0                   0                   0                   0                   0                   0                   0                   0                   0                   0                   0                   0                  
turn_end_types   : 0                   0                   0                   0                   0                   0                   0                   0                   0                   0                   0                   0                   0                   0                   0                  
speaker_ids      : 0                   0                   0                   0                   0                   0                   0                   0                   0                   0                   0                   0                   0                   0                   0                  


A                : Ġcountries          Ġdon                't                  Ġwant               Ġto                 Ġcall               Ġthe                Ġpolice             <emp>               Ġyou                Ġknow               Ġthey               Ġthey               Ġhave               Ġfear              
Timings          : (166.496, 167.156)  (167.156, 167.301)  (167.301, 167.446)  (167.446, 167.596)  (167.596, 167.656)  (167.656, 167.916)  (167.916, 167.976)  (167.976, 168.646)  (168.83, 169.176)   (170.038, 170.148)  (170.148, 170.258)  (170.258, 170.528)  (170.528, 170.628)  (170.628, 170.788)  (170.788, 171.088) 
Token Types      : 1                   1                   1                   1                   1                   1                   1                   1                   1                   1                   1                   1                   1                   1                   1                  
turn_ids         : 80402861522958      80402861522958      80402861522958      80402861522958      80402861522958      80402861522958      80402861522958      80402861522958      80402861522958      80402861522958      80402861522958      80402861522958      80402861522958      80402861522958      80402861522958     
turn_end_types   : 2                   2                   2                   2                   2                   2                   2                   2                   2                   2                   2                   2                   2                   2                   2                  
speaker_ids      : 1                   1                   1                   1                   1                   1                   1                   1                   1                   1                   1                   1                   1                   1                   1                  

B                : <emp>               <emp>               <emp>               <emp>               <emp>               <emp>               <emp>               <emp>               Ġyeah               <ebc>               <emp>               <emp>               <emp>               <emp>               <emp>              
Timings          : (166.496, 167.156)  (167.156, 167.301)  (167.301, 167.446)  (167.446, 167.596)  (167.596, 167.656)  (167.656, 167.916)  (167.916, 167.976)  (167.976, 168.646)  (168.83, 169.176)   (-1.0, -1.0)        (170.148, 170.258)  (170.258, 170.528)  (170.528, 170.628)  (170.628, 170.788)  (170.788, 171.088) 
Token Types      : 0                   0                   0                   0                   0                   0                   0                   0                   3                   3                   0                   0                   0                   0                   0                  
turn_ids         : 0                   0                   0                   0                   0                   0                   0                   0                   80405545877519      80405545877519      0                   0                   0                   0                   0                  
turn_end_types   : 0                   0                   0                   0                   0                   0                   0                   0                   0                   0                   0                   0                   0                   0                   0                  
speaker_ids      : 0                   0                   0                   0                   0                   0                   0                   0                   2                   2                   0                   0                   0                   0                   0                  


A                : Ġof                 Ġthe                Ġpolice             Ġand                Ġwhat               not                 <yield>             <emp>               <emp>               <emp>               <emp>               <emp>               <emp>               <emp>               <emp>              
Timings          : (171.088, 171.168)  (171.168, 171.258)  (171.258, 171.778)  (171.778, 171.928)  (171.928, 172.113)  (172.113, 172.298)  (-1.0, -1.0)        (172.917, 173.032)  (173.032, 173.392)  (174.062, 174.148)  (174.148, 174.235)  (174.235, 174.523)  (174.523, 175.073)  (175.073, 175.233)  (175.233, 175.463) 
Token Types      : 1                   1                   1                   1                   1                   1                   1                   0                   0                   0                   0                   0                   0                   0                   0                  
turn_ids         : 80402861522958      80402861522958      80402861522958      80402861522958      80402861522958      80402861522958      80402861522958      0                   0                   0                   0                   0                   0                   0                   0                  
turn_end_types   : 2                   2                   2                   2                   2                   2                   2                   0                   0                   0                   0                   0                   0                   0                   0                  
speaker_ids      : 1                   1                   1                   1                   1                   1                   1                   0                   0                   0                   0                   0                   0                   0                   0                  

B                : <emp>               <emp>               <emp>               Ġthat               's                  Ġright              Ġthat               's                  Ġright              Ġit                 's                  Ġreally             Ġinteresting        Ġto                 Ġme                
Timings          : (171.088, 171.168)  (171.168, 171.258)  (171.258, 171.778)  (171.812, 171.922)  (171.922, 172.032)  (172.032, 172.382)  (172.802, 172.917)  (172.917, 173.032)  (173.032, 173.392)  (174.062, 174.148)  (174.148, 174.235)  (174.235, 174.523)  (174.523, 175.073)  (175.073, 175.233)  (175.233, 175.463) 
Token Types      : 0                   0                   0                   4                   4                   4                   4                   4                   4                   4                   4                   4                   4                   4                   4                  
turn_ids         : 0                   0                   0                   80406619619343      80406619619343      80406619619343      80406619619343      80406619619343      80406619619343      80406619619343      80406619619343      80406619619343      80406619619343      80406619619343      80406619619343     
turn_end_types   : 0                   0                   0                   1                   1                   1                   1                   1                   1                   1                   1                   1                   1                   1                   1                  
speaker_ids      : 0                   0                   0                   2                   2                   2                   2                   2                   2                   2                   2                   2                   2                   2                   2                  


A                : <emp>               <emp>               <emp>               <emp>               <emp>               <emp>               <emp>               <emp>               <emp>               <emp>               <emp>               <emp>               <emp>               <emp>               <emp>              
Timings          : (175.463, 175.823)  (175.823, 175.903)  (175.903, 175.983)  (175.983, 176.123)  (176.123, 176.363)  (176.363, 176.513)  (176.513, 176.583)  (176.583, 176.963)  (176.963, 177.113)  (177.113, 177.183)  (177.183, 177.273)  (177.273, 177.786)  (178.171, 178.333)  (178.333, 178.433)  (178.433, 178.8)   
Token Types      : 0                   0                   0                   0                   0                   0                   0                   0                   0                   0                   0                   0                   0                   0                   0                  
turn_ids         : 0                   0                   0                   0                   0                   0                   0                   0                   0                   0                   0                   0                   0                   0                   0                  
turn_end_types   : 0                   0                   0                   0                   0                   0                   0                   0                   0                   0                   0                   0                   0                   0                   0                  
speaker_ids      : 0                   0                   0                   0                   0                   0                   0                   0                   0                   0                   0                   0                   0                   0                   0                  

B                : Ġbecause            Ġas                 Ġas                 Ġyou                Ġas                 Ġas                 Ġyou                Ġpointed            Ġout                Ġat                 Ġthe                Ġbeginning          Ġhere               Ġin                 Ġro                
Timings          : (175.463, 175.823)  (175.823, 175.903)  (175.903, 175.983)  (175.983, 176.123)  (176.123, 176.363)  (176.363, 176.513)  (176.513, 176.583)  (176.583, 176.963)  (176.963, 177.113)  (177.113, 177.183)  (177.183, 177.273)  (177.273, 177.786)  (178.171, 178.333)  (178.333, 178.433)  (178.433, 178.8)   
Token Types      : 4                   4                   4                   4                   4                   4                   4                   4                   4                   4                   4                   4                   4                   4                   4                  
turn_ids         : 80406619619343      80406619619343      80406619619343      80406619619343      80406619619343      80406619619343      80406619619343      80406619619343      80406619619343      80406619619343      80406619619343      80406619619343      80406619619343      80406619619343      80406619619343     
turn_end_types   : 1                   1                   1                   1                   1                   1                   1                   1                   1                   1                   1                   1                   1                   1                   1                  
speaker_ids      : 2                   2                   2                   2                   2                   2                   2                   2                   2                   2                   2                   2                   2                   2                   2                  


A                : <emp>               <emp>               <emp>               <emp>               <emp>               <emp>               <emp>               <emp>               <emp>               <emp>               <emp>               <emp>               <emp>               <emp>               <emp>              
Timings          : (178.8, 179.168)    (179.425, 179.743)  (180.693, 180.822)  (180.822, 180.982)  (180.982, 181.098)  (181.098, 181.212)  (181.212, 181.432)  (181.432, 181.583)  (182.083, 182.932)  (183.852, 184.083)  (184.083, 184.242)  (184.242, 184.312)  (184.312, 184.383)  (184.383, 184.542)  (184.542, 184.682) 
Token Types      : 0                   0                   0                   0                   0                   0                   0                   0                   0                   0                   0                   0                   0                   0                   0                  
turn_ids         : 0                   0                   0                   0                   0                   0                   0                   0                   0                   0                   0                   0                   0                   0                   0                  
turn_end_types   : 0                   0                   0                   0                   0                   0                   0                   0                   0                   0                   0                   0                   0                   0                   0                  
speaker_ids      : 0                   0                   0                   0                   0                   0                   0                   0                   0                   0                   0                   0                   0                   0                   0                  

B                : chester             Ġuh                 Ġnow                Ġwe                 Ġdon                't                  Ġhave               Ġit                 Ġimmigration        Ġproblem            Ġwe                 Ġdon                't                  Ġeven               Ġhave              
Timings          : (178.8, 179.168)    (179.425, 179.743)  (180.693, 180.822)  (180.822, 180.982)  (180.982, 181.098)  (181.098, 181.212)  (181.212, 181.432)  (181.432, 181.583)  (182.083, 182.932)  (183.852, 184.083)  (184.083, 184.242)  (184.242, 184.312)  (184.312, 184.383)  (184.383, 184.542)  (184.542, 184.682) 
Token Types      : 4                   4                   4                   4                   4                   4                   4                   4                   4                   4                   4                   4                   4                   4                   4                  
turn_ids         : 80406619619343      80406619619343      80406619619343      80406619619343      80406619619343      80406619619343      80406619619343      80406619619343      80406619619343      80406619619343      80406619619343      80406619619343      80406619619343      80406619619343      80406619619343     
turn_end_types   : 1                   1                   1                   1                   1                   1                   1                   1                   1                   1                   1                   1                   1                   1                   1                  
speaker_ids      : 2                   2                   2                   2                   2                   2                   2                   2                   2                   2                   2                   2                   2                   2                   2                  


A                : <emp>               <emp>               <emp>               <emp>               <emp>               <emp>               <emp>               <emp>               <emp>               <emp>               <emp>               <emp>               <emp>               <emp>               <emp>              
Timings          : (184.682, 184.732)  (184.732, 184.913)  (184.913, 185.003)  (185.003, 185.622)  (185.952, 186.069)  (186.069, 186.242)  (186.242, 186.335)  (186.335, 186.621)  (186.621, 186.982)  (186.982, 187.102)  (187.102, 187.352)  (187.352, 187.518)  (187.518, 187.682)  (188.152, 188.273)  (188.273, 188.512) 
Token Types      : 0                   0                   0                   0                   0                   0                   0                   0                   0                   0                   0                   0                   0                   0                   0                  
turn_ids         : 0                   0                   0                   0                   0                   0                   0                   0                   0                   0                   0                   0                   0                   0                   0                  
turn_end_types   : 0                   0                   0                   0                   0                   0                   0                   0                   0                   0                   0                   0                   0                   0                   0                  
speaker_ids      : 0                   0                   0                   0                   0                   0                   0                   0                   0                   0                   0                   0                   0                   0                   0                  

B                : Ġa                  Ġlot                Ġof                 Ġimmigration        Ġbut                Ġon                 Ġthe                Ġother              Ġhand               Ġyou                Ġknow               Ġit                 's                  Ġwe                 Ġdo                
Timings          : (184.682, 184.732)  (184.732, 184.913)  (184.913, 185.003)  (185.003, 185.622)  (185.952, 186.069)  (186.069, 186.242)  (186.242, 186.335)  (186.335, 186.621)  (186.621, 186.982)  (186.982, 187.102)  (187.102, 187.352)  (187.352, 187.518)  (187.518, 187.682)  (188.152, 188.273)  (188.273, 188.512) 
Token Types      : 4                   4                   4                   4                   4                   4                   4                   4                   4                   4                   4                   4                   4                   4                   4                  
turn_ids         : 80406619619343      80406619619343      80406619619343      80406619619343      80406619619343      80406619619343      80406619619343      80406619619343      80406619619343      80406619619343      80406619619343      80406619619343      80406619619343      80406619619343      80406619619343     
turn_end_types   : 1                   1                   1                   1                   1                   1                   1                   1                   1                   1                   1                   1                   1                   1                   1                  
speaker_ids      : 2                   2                   2                   2                   2                   2                   2                   2                   2                   2                   2                   2                   2                   2                   2                  


A                : <emp>               <emp>               <emp>               <emp>               <emp>               <emp>               <emp>               <emp>               <emp>               <emp>               <emp>               <emp>               <emp>               <emp>               <emp>              
Timings          : (188.512, 189.072)  (189.072, 189.675)  (190.104, 190.193)  (190.193, 190.523)  (190.523, 191.092)  (191.092, 191.402)  (191.402, 191.711)  (192.212, 192.533)  (192.533, 192.833)  (192.833, 193.012)  (193.012, 193.239)  (193.239, 193.466)  (193.466, 193.693)  (194.259, 194.379)  (194.379, 194.529) 
Token Types      : 0                   0                   0                   0                   0                   0                   0                   0                   0                   0                   0                   0                   0                   0                   0                  
turn_ids         : 0                   0                   0                   0                   0                   0                   0                   0                   0                   0                   0                   0                   0                   0                   0                  
turn_end_types   : 0                   0                   0                   0                   0                   0                   0                   0                   0                   0                   0                   0                   0                   0                   0                  
speaker_ids      : 0                   0                   0                   0                   0                   0                   0                   0                   0                   0                   0                   0                   0                   0                   0                  

B                : Ġhave               Ġuh                 Ġa                  Ġlarge              Ġinflux             Ġof                 Ġuh                 Ġpeople             Ġfrom               Ġsay                Ġj                  ama                 ica                 Ġor                 Ġother             
Timings          : (188.512, 189.072)  (189.072, 189.675)  (190.104, 190.193)  (190.193, 190.523)  (190.523, 191.092)  (191.092, 191.402)  (191.402, 191.711)  (192.212, 192.533)  (192.533, 192.833)  (192.833, 193.012)  (193.012, 193.239)  (193.239, 193.466)  (193.466, 193.693)  (194.259, 194.379)  (194.379, 194.529) 
Token Types      : 4                   4                   4                   4                   4                   4                   4                   4                   4                   4                   4                   4                   4                   4                   4                  
turn_ids         : 80406619619343      80406619619343      80406619619343      80406619619343      80406619619343      80406619619343      80406619619343      80406619619343      80406619619343      80406619619343      80406619619343      80406619619343      80406619619343      80406619619343      80406619619343     
turn_end_types   : 1                   1                   1                   1                   1                   1                   1                   1                   1                   1                   1                   1                   1                   1                   1                  
speaker_ids      : 2                   2                   2                   2                   2                   2                   2                   2                   2                   2                   2                   2                   2                   2                   2                  


A                : <emp>               <emp>               <emp>               <emp>               <emp>               <emp>               <emp>               <emp>               <emp>               <emp>               <emp>               <emp>               <emp>               <emp>               <emp>              
Timings          : (194.529, 194.829)  (194.829, 194.889)  (194.889, 194.949)  (194.949, 195.145)  (195.145, 195.342)  (195.342, 195.539)  (195.539, 195.678)  (195.776, 195.887)  (195.887, 195.999)  (195.999, 196.099)  (196.099, 196.179)  (196.179, 196.289)  (196.289, 196.519)  (196.519, 196.664)  (196.664, 196.809) 
Token Types      : 0                   0                   0                   0                   0                   0                   0                   0                   0                   0                   0                   0                   0                   0                   0                  
turn_ids         : 0                   0                   0                   0                   0                   0                   0                   0                   0                   0                   0                   0                   0                   0                   0                  
turn_end_types   : 0                   0                   0                   0                   0                   0                   0                   0                   0                   0                   0                   0                   0                   0                   0                  
speaker_ids      : 0                   0                   0                   0                   0                   0                   0                   0                   0                   0                   0                   0                   0                   0                   0                  

B                : Ġparts              Ġof                 Ġthe                Ġcar                ib                  bean                Ġthat               Ġthat               's                  Ġreally             Ġyou                Ġknow               Ġand                Ġpu                 erto               
Timings          : (194.529, 194.829)  (194.829, 194.889)  (194.889, 194.949)  (194.949, 195.145)  (195.145, 195.342)  (195.342, 195.539)  (195.539, 195.678)  (195.776, 195.887)  (195.887, 195.999)  (195.999, 196.099)  (196.099, 196.179)  (196.179, 196.289)  (196.289, 196.519)  (196.519, 196.664)  (196.664, 196.809) 
Token Types      : 4                   4                   4                   4                   4                   4                   4                   4                   4                   4                   4                   4                   4                   4                   4                  
turn_ids         : 80406619619343      80406619619343      80406619619343      80406619619343      80406619619343      80406619619343      80406619619343      80406619619343      80406619619343      80406619619343      80406619619343      80406619619343      80406619619343      80406619619343      80406619619343     
turn_end_types   : 1                   1                   1                   1                   1                   1                   1                   1                   1                   1                   1                   1                   1                   1                   1                  
speaker_ids      : 2                   2                   2                   2                   2                   2                   2                   2                   2                   2                   2                   2                   2                   2                   2                  


A                : <emp>               <emp>               <emp>               <emp>               <emp>               <emp>               <emp>               <emp>               <emp>               <emp>               <emp>               <emp>               <emp>               <emp>               <emp>              
Timings          : (196.809, 196.974)  (196.974, 197.139)  (197.139, 197.299)  (197.299, 197.519)  (197.519, 197.719)  (197.719, 197.759)  (197.759, 198.229)  (198.229, 198.949)  (198.949, 199.179)  (199.179, 199.459)  (199.459, 199.839)  (199.839, 199.939)  (199.939, 200.079)  (200.079, 200.329)  (200.329, 200.639) 
Token Types      : 0                   0                   0                   0                   0                   0                   0                   0                   0                   0                   0                   0                   0                   0                   0                  
turn_ids         : 0                   0                   0                   0                   0                   0                   0                   0                   0                   0                   0                   0                   0                   0                   0                  
turn_end_types   : 0                   0                   0                   0                   0                   0                   0                   0                   0                   0                   0                   0                   0                   0                   0                  
speaker_ids      : 0                   0                   0                   0                   0                   0                   0                   0                   0                   0                   0                   0                   0                   0                   0                  

B                : Ġr                  ico                 Ġwe                 Ġhave               Ġa                  Ġa                  Ġlarge              Ġpopulation         Ġfrom               Ġthere              Ġpeople             Ġwho                Ġhave               Ġcome               Ġover              
Timings          : (196.809, 196.974)  (196.974, 197.139)  (197.139, 197.299)  (197.299, 197.519)  (197.519, 197.719)  (197.719, 197.759)  (197.759, 198.229)  (198.229, 198.949)  (198.949, 199.179)  (199.179, 199.459)  (199.459, 199.839)  (199.839, 199.939)  (199.939, 200.079)  (200.079, 200.329)  (200.329, 200.639) 
Token Types      : 4                   4                   4                   4                   4                   4                   4                   4                   4                   4                   4                   4                   4                   4                   4                  
turn_ids         : 80406619619343      80406619619343      80406619619343      80406619619343      80406619619343      80406619619343      80406619619343      80406619619343      80406619619343      80406619619343      80406619619343      80406619619343      80406619619343      80406619619343      80406619619343     
turn_end_types   : 1                   1                   1                   1                   1                   1                   1                   1                   1                   1                   1                   1                   1                   1                   1                  
speaker_ids      : 2                   2                   2                   2                   2                   2                   2                   2                   2                   2                   2                   2                   2                   2                   2                  


A                : <emp>               <emp>               <emp>               <emp>               <emp>               <emp>               <emp>               <emp>               <emp>               <emp>               <emp>               <emp>               uh                  h                   uh                 
Timings          : (200.639, 200.729)  (200.729, 200.829)  (200.829, 201.099)  (201.099, 201.179)  (201.179, 201.239)  (201.239, 202.079)  (202.079, 202.149)  (202.149, 202.209)  (202.209, 202.419)  (202.419, 202.509)  (202.509, 202.809)  (202.809, 203.269)  (203.36, 203.5)     (203.5, 203.64)     (203.64, 203.78)   
Token Types      : 0                   0                   0                   0                   0                   0                   0                   0                   0                   0                   0                   0                   3                   3                   3                  
turn_ids         : 0                   0                   0                   0                   0                   0                   0                   0                   0                   0                   0                   0                   80405009006600      80405009006600      80405009006600     
turn_end_types   : 0                   0                   0                   0                   0                   0                   0                   0                   0                   0                   0                   0                   0                   0                   0                  
speaker_ids      : 0                   0                   0                   0                   0                   0                   0                   0                   0                   0                   0                   0                   1                   1                   1                  

B                : Ġyou                Ġknow               Ġmaybe              Ġin                 Ġthe                Ġlast               Ġyou                Ġknow               Ġten                Ġor                 Ġtwenty             Ġyears              <emp>               <emp>               <emp>              
Timings          : (200.639, 200.729)  (200.729, 200.829)  (200.829, 201.099)  (201.099, 201.179)  (201.179, 201.239)  (201.239, 202.079)  (202.079, 202.149)  (202.149, 202.209)  (202.209, 202.419)  (202.419, 202.509)  (202.509, 202.809)  (202.809, 203.269)  (203.36, 203.5)     (203.5, 203.64)     (203.64, 203.78)   
Token Types      : 4                   4                   4                   4                   4                   4                   4                   4                   4                   4                   4                   4                   4                   4                   4                  
turn_ids         : 80406619619343      80406619619343      80406619619343      80406619619343      80406619619343      80406619619343      80406619619343      80406619619343      80406619619343      80406619619343      80406619619343      80406619619343      80406619619343      80406619619343      80406619619343     
turn_end_types   : 1                   1                   1                   1                   1                   1                   1                   1                   1                   1                   1                   1                   1                   1                   1                  
speaker_ids      : 2                   2                   2                   2                   2                   2                   2                   2                   2                   2                   2                   2                   2                   2                   2                  


A                : <ebc>               <emp>               <emp>               <emp>               <emp>               <emp>               <emp>               <emp>               <emp>               <emp>               <emp>               <emp>               <emp>               <emp>               <emp>              
Timings          : (-1.0, -1.0)        (203.958, 204.217)  (204.217, 204.708)  (204.708, 204.887)  (204.887, 205.197)  (205.197, 205.617)  (205.617, 205.819)  (206.15, 206.292)   (206.292, 206.435)  (206.435, 206.577)  (206.577, 206.758)  (206.758, 206.827)  (206.827, 207.087)  (207.087, 207.277)  (207.277, 207.337) 
Token Types      : 3                   0                   0                   0                   0                   0                   0                   0                   0                   0                   0                   0                   0                   0                   0                  
turn_ids         : 80405009006600      0                   0                   0                   0                   0                   0                   0                   0                   0                   0                   0                   0                   0                   0                  
turn_end_types   : 0                   0                   0                   0                   0                   0                   0                   0                   0                   0                   0                   0                   0                   0                   0                  
speaker_ids      : 1                   0                   0                   0                   0                   0                   0                   0                   0                   0                   0                   0                   0                   0                   0                  

B                : Ġhave               Ġmoved              Ġhere               Ġnow                Ġwhy                Ġsomebody           Ġfrom               Ġj                  ama                 ica                 Ġwant               Ġto                 Ġwould              Ġwant               Ġto                
Timings          : (203.798, 203.958)  (203.958, 204.217)  (204.217, 204.708)  (204.708, 204.887)  (204.887, 205.197)  (205.197, 205.617)  (205.617, 205.819)  (206.15, 206.292)   (206.292, 206.435)  (206.435, 206.577)  (206.577, 206.758)  (206.758, 206.827)  (206.827, 207.087)  (207.087, 207.277)  (207.277, 207.337) 
Token Types      : 4                   4                   4                   4                   4                   4                   4                   4                   4                   4                   4                   4                   4                   4                   4                  
turn_ids         : 80406619619343      80406619619343      80406619619343      80406619619343      80406619619343      80406619619343      80406619619343      80406619619343      80406619619343      80406619619343      80406619619343      80406619619343      80406619619343      80406619619343      80406619619343     
turn_end_types   : 1                   1                   1                   1                   1                   1                   1                   1                   1                   1                   1                   1                   1                   1                   1                  
speaker_ids      : 2                   2                   2                   2                   2                   2                   2                   2                   2                   2                   2                   2                   2                   2                   2                  


A                : <emp>               <emp>               <emp>               <emp>               <emp>               <emp>               <emp>               <emp>               <emp>               <emp>               <emp>               <emp>               <emp>               <emp>               <emp>              
Timings          : (207.337, 207.557)  (207.557, 207.637)  (207.637, 207.967)  (207.967, 208.298)  (208.298, 208.628)  (208.648, 208.717)  (208.717, 208.788)  (208.788, 208.867)  (208.867, 209.247)  (209.247, 209.528)  (209.859, 209.943)  (209.943, 210.027)  (210.027, 210.077)  (210.077, 210.348)  (210.348, 210.648) 
Token Types      : 0                   0                   0                   0                   0                   0                   0                   0                   0                   0                   0                   0                   0                   0                   0                  
turn_ids         : 0                   0                   0                   0                   0                   0                   0                   0                   0                   0                   0                   0                   0                   0                   0                  
turn_end_types   : 0                   0                   0                   0                   0                   0                   0                   0                   0                   0                   0                   0                   0                   0                   0                  
speaker_ids      : 0                   0                   0                   0                   0                   0                   0                   0                   0                   0                   0                   0                   0                   0                   0                  

B                : Ġmove               Ġto                 Ġcold               Ġro                 chester             Ġi                  'm                  Ġa                  Ġlittle             Ġuh                 Ġi                  'm                  Ġa                  Ġlittle             Ġhard              
Timings          : (207.337, 207.557)  (207.557, 207.637)  (207.637, 207.967)  (207.967, 208.298)  (208.298, 208.628)  (208.648, 208.717)  (208.717, 208.788)  (208.788, 208.867)  (208.867, 209.247)  (209.247, 209.528)  (209.859, 209.943)  (209.943, 210.027)  (210.027, 210.077)  (210.077, 210.348)  (210.348, 210.648) 
Token Types      : 4                   4                   4                   4                   4                   4                   4                   4                   4                   4                   4                   4                   4                   4                   4                  
turn_ids         : 80406619619343      80406619619343      80406619619343      80406619619343      80406619619343      80406619619343      80406619619343      80406619619343      80406619619343      80406619619343      80406619619343      80406619619343      80406619619343      80406619619343      80406619619343     
turn_end_types   : 1                   1                   1                   1                   1                   1                   1                   1                   1                   1                   1                   1                   1                   1                   1                  
speaker_ids      : 2                   2                   2                   2                   2                   2                   2                   2                   2                   2                   2                   2                   2                   2                   2                  


A                : <emp>               <emp>               <emp>               <emp>               <emp>               <emp>               <emp>               <emp>               <emp>               <emp>               <emp>               <emp>               <emp>               <emp>               <emp>              
Timings          : (210.648, 210.958)  (210.986, 211.072)  (211.072, 211.857)  (211.857, 212.038)  (212.357, 212.508)  (212.508, 212.768)  (212.768, 212.898)  (212.898, 213.299)  (213.865, 214.024)  (214.024, 214.117)  (214.117, 214.288)  (214.288, 214.357)  (214.357, 214.482)  (214.482, 214.607)  (214.607, 214.827) 
Token Types      : 0                   0                   0                   0                   0                   0                   0                   0                   0                   0                   0                   0                   0                   0                   0                  
turn_ids         : 0                   0                   0                   0                   0                   0                   0                   0                   0                   0                   0                   0                   0                   0                   0                  
turn_end_types   : 0                   0                   0                   0                   0                   0                   0                   0                   0                   0                   0                   0                   0                   0                   0                  
speaker_ids      : 0                   0                   0                   0                   0                   0                   0                   0                   0                   0                   0                   0                   0                   0                   0                  

B                : Ġpressed            Ġto                 Ġunderstand         Ġbut                Ġthey               Ġdo                 Ġit                 Ġso                 Ġso                 Ġyou                Ġknow               Ġi                  Ġdon                't                  Ġblame             
Timings          : (210.648, 210.958)  (210.986, 211.072)  (211.072, 211.857)  (211.857, 212.038)  (212.357, 212.508)  (212.508, 212.768)  (212.768, 212.898)  (212.898, 213.299)  (213.865, 214.024)  (214.024, 214.117)  (214.117, 214.288)  (214.288, 214.357)  (214.357, 214.482)  (214.482, 214.607)  (214.607, 214.827) 
Token Types      : 4                   4                   4                   4                   4                   4                   4                   4                   4                   4                   4                   4                   4                   4                   4                  
turn_ids         : 80406619619343      80406619619343      80406619619343      80406619619343      80406619619343      80406619619343      80406619619343      80406619619343      80406619619343      80406619619343      80406619619343      80406619619343      80406619619343      80406619619343      80406619619343     
turn_end_types   : 1                   1                   1                   1                   1                   1                   1                   1                   1                   1                   1                   1                   1                   1                   1                  
speaker_ids      : 2                   2                   2                   2                   2                   2                   2                   2                   2                   2                   2                   2                   2                   2                   2                  


A                : <emp>               <emp>               <emp>               <emp>               <emp>               <emp>               <emp>               <emp>               <emp>               <emp>               <emp>               <emp>               <emp>               <emp>               <emp>              
Timings          : (214.827, 215.046)  (215.145, 215.238)  (215.238, 215.467)  (215.467, 215.648)  (215.648, 215.893)  (216.262, 216.582)  (216.862, 216.942)  (216.942, 217.052)  (217.052, 217.172)  (217.172, 217.282)  (217.282, 217.522)  (217.522, 217.722)  (217.722, 217.872)  (217.872, 217.932)  (217.932, 218.242) 
Token Types      : 0                   0                   0                   0                   0                   0                   0                   0                   0                   0                   0                   0                   0                   0                   0                  
turn_ids         : 0                   0                   0                   0                   0                   0                   0                   0                   0                   0                   0                   0                   0                   0                   0                  
turn_end_types   : 0                   0                   0                   0                   0                   0                   0                   0                   0                   0                   0                   0                   0                   0                   0                  
speaker_ids      : 0                   0                   0                   0                   0                   0                   0                   0                   0                   0                   0                   0                   0                   0                   0                  

B                : Ġthem               Ġto                 Ġeach               Ġtheir              Ġown                Ġbut                Ġyou                Ġknow               Ġif                 Ġyou                Ġlook               Ġat                 Ġat                 Ġa                  Ġplace             
Timings          : (214.827, 215.046)  (215.145, 215.238)  (215.238, 215.467)  (215.467, 215.648)  (215.648, 215.893)  (216.262, 216.582)  (216.862, 216.942)  (216.942, 217.052)  (217.052, 217.172)  (217.172, 217.282)  (217.282, 217.522)  (217.522, 217.722)  (217.722, 217.872)  (217.872, 217.932)  (217.932, 218.242) 
Token Types      : 4                   4                   4                   4                   4                   4                   4                   4                   4                   4                   4                   4                   4                   4                   4                  
turn_ids         : 80406619619343      80406619619343      80406619619343      80406619619343      80406619619343      80406619619343      80406619619343      80406619619343      80406619619343      80406619619343      80406619619343      80406619619343      80406619619343      80406619619343      80406619619343     
turn_end_types   : 1                   1                   1                   1                   1                   1                   1                   1                   1                   1                   1                   1                   1                   1                   1                  
speaker_ids      : 2                   2                   2                   2                   2                   2                   2                   2                   2                   2                   2                   2                   2                   2                   2                  


A                : <emp>               <emp>               <emp>               <emp>               <emp>               <emp>               <emp>               <emp>               <emp>               <emp>               <emp>               <emp>               <emp>               <emp>               <emp>              
Timings          : (218.242, 218.442)  (218.442, 218.792)  (218.792, 219.142)  (219.142, 219.356)  (219.454, 219.572)  (219.572, 219.762)  (219.762, 220.052)  (220.052, 220.187)  (220.187, 220.704)  (222.048, 222.704)  (222.704, 222.877)  (222.877, 223.113)  (223.113, 223.523)  (223.523, 223.653)  (223.653, 223.873) 
Token Types      : 0                   0                   0                   0                   0                   0                   0                   0                   0                   0                   0                   0                   0                   0                   0                  
turn_ids         : 0                   0                   0                   0                   0                   0                   0                   0                   0                   0                   0                   0                   0                   0                   0                  
turn_end_types   : 0                   0                   0                   0                   0                   0                   0                   0                   0                   0                   0                   0                   0                   0                   0                  
speaker_ids      : 0                   0                   0                   0                   0                   0                   0                   0                   0                   0                   0                   0                   0                   0                   0                  

B                : Ġlike               Ġro                 chester             Ġnow                Ġnow                Ġwe                 Ġhave               Ġa                  Ġlarge              Ġpopulation         Ġof                 Ġlike               Ġsecond             Ġand                Ġthird             
Timings          : (218.242, 218.442)  (218.442, 218.792)  (218.792, 219.142)  (219.142, 219.356)  (219.454, 219.572)  (219.572, 219.762)  (219.762, 220.052)  (220.052, 220.187)  (220.187, 220.704)  (222.048, 222.704)  (222.704, 222.877)  (222.877, 223.113)  (223.113, 223.523)  (223.523, 223.653)  (223.653, 223.873) 
Token Types      : 4                   4                   4                   4                   4                   4                   4                   4                   4                   4                   4                   4                   4                   4                   4                  
turn_ids         : 80406619619343      80406619619343      80406619619343      80406619619343      80406619619343      80406619619343      80406619619343      80406619619343      80406619619343      80406619619343      80406619619343      80406619619343      80406619619343      80406619619343      80406619619343     
turn_end_types   : 1                   1                   1                   1                   1                   1                   1                   1                   1                   1                   1                   1                   1                   1                   1                  
speaker_ids      : 2                   2                   2                   2                   2                   2                   2                   2                   2                   2                   2                   2                   2                   2                   2                  


A                : <emp>               <emp>               <emp>               <emp>               <emp>               <emp>               <emp>               <emp>               <emp>               <emp>               <emp>               <emp>               <emp>               <emp>               <emp>              
Timings          : (223.873, 224.493)  (224.493, 224.808)  (224.808, 225.123)  (226.018, 226.118)  (226.118, 226.468)  (226.468, 226.608)  (226.608, 226.768)  (226.768, 226.998)  (226.998, 227.208)  (227.208, 227.554)  (227.995, 228.468)  (228.468, 228.618)  (228.618, 230.228)  (230.228, 230.618)  (230.618, 230.954) 
Token Types      : 0                   0                   0                   0                   0                   0                   0                   0                   0                   0                   0                   0                   0                   0                   0                  
turn_ids         : 0                   0                   0                   0                   0                   0                   0                   0                   0                   0                   0                   0                   0                   0                   0                  
turn_end_types   : 0                   0                   0                   0                   0                   0                   0                   0                   0                   0                   0                   0                   0                   0                   0                  
speaker_ids      : 0                   0                   0                   0                   0                   0                   0                   0                   0                   0                   0                   0                   0                   0                   0                  

B                : Ġgeneration         Ġameric             ans                 Ġof                 Ġpeople             Ġwho                Ġcame               Ġyou                Ġknow               Ġwhose              Ġparents            Ġor                 Ġgrandparents       Ġcame               Ġto                
Timings          : (223.873, 224.493)  (224.493, 224.808)  (224.808, 225.123)  (226.018, 226.118)  (226.118, 226.468)  (226.468, 226.608)  (226.608, 226.768)  (226.768, 226.998)  (226.998, 227.208)  (227.208, 227.554)  (227.995, 228.468)  (228.468, 228.618)  (228.618, 230.228)  (230.228, 230.618)  (230.618, 230.954) 
Token Types      : 4                   4                   4                   4                   4                   4                   4                   4                   4                   4                   4                   4                   4                   4                   4                  
turn_ids         : 80406619619343      80406619619343      80406619619343      80406619619343      80406619619343      80406619619343      80406619619343      80406619619343      80406619619343      80406619619343      80406619619343      80406619619343      80406619619343      80406619619343      80406619619343     
turn_end_types   : 1                   1                   1                   1                   1                   1                   1                   1                   1                   1                   1                   1                   1                   1                   1                  
speaker_ids      : 2                   2                   2                   2                   2                   2                   2                   2                   2                   2                   2                   2                   2                   2                   2                  


A                : <emp>               <emp>               <emp>               <emp>               <emp>               <emp>               <emp>               <emp>               <emp>               <emp>               Ġu                  hh                  uh                  <ebc>               <emp>              
Timings          : (230.954, 231.12)   (231.12, 231.275)   (231.275, 231.508)  (231.508, 231.798)  (231.798, 231.868)  (231.868, 231.958)  (231.958, 232.278)  (232.278, 232.438)  (232.438, 232.658)  (232.658, 232.878)  (233.128, 233.254)  (233.254, 233.381)  (233.381, 233.508)  (-1.0, -1.0)        (233.738, 234.008) 
Token Types      : 0                   0                   0                   0                   0                   0                   0                   0                   0                   0                   3                   3                   3                   3                   0                  
turn_ids         : 0                   0                   0                   0                   0                   0                   0                   0                   0                   0                   80405009006601      80405009006601      80405009006601      80405009006601      0                  
turn_end_types   : 0                   0                   0                   0                   0                   0                   0                   0                   0                   0                   0                   0                   0                   0                   0                  
speaker_ids      : 0                   0                   0                   0                   0                   0                   0                   0                   0                   0                   1                   1                   1                   1                   0                  

B                : Ġuh                 Ġthe                Ġunited             Ġstates             Ġyou                Ġknow               Ġpeople             Ġfrom               Ġit                 aly                 <emp>               <emp>               <emp>               Ġuh                 Ġpeople            
Timings          : (230.954, 231.12)   (231.12, 231.275)   (231.275, 231.508)  (231.508, 231.798)  (231.798, 231.868)  (231.868, 231.958)  (231.958, 232.278)  (232.278, 232.438)  (232.438, 232.658)  (232.658, 232.878)  (233.128, 233.254)  (233.254, 233.381)  (233.381, 233.508)  (233.538, 233.738)  (233.738, 234.008) 
Token Types      : 4                   4                   4                   4                   4                   4                   4                   4                   4                   4                   4                   4                   4                   4                   4                  
turn_ids         : 80406619619343      80406619619343      80406619619343      80406619619343      80406619619343      80406619619343      80406619619343      80406619619343      80406619619343      80406619619343      80406619619343      80406619619343      80406619619343      80406619619343      80406619619343     
turn_end_types   : 1                   1                   1                   1                   1                   1                   1                   1                   1                   1                   1                   1                   1                   1                   1                  
speaker_ids      : 2                   2                   2                   2                   2                   2                   2                   2                   2                   2                   2                   2                   2                   2                   2                  


A                : <emp>               <emp>               <emp>               <emp>               <emp>               <emp>               <emp>               <emp>               <emp>               <emp>               <emp>               <emp>               <emp>               <emp>               <emp>              
Timings          : (234.008, 234.208)  (234.208, 234.443)  (234.443, 234.678)  (234.678, 234.948)  (234.948, 235.138)  (235.138, 235.198)  (235.198, 235.385)  (235.385, 235.573)  (235.573, 235.76)   (236.369, 236.849)  (237.724, 237.894)  (237.894, 238.044)  (238.044, 238.124)  (238.124, 238.524)  (238.524, 238.674) 
Token Types      : 0                   0                   0                   0                   0                   0                   0                   0                   0                   0                   0                   0                   0                   0                   0                  
turn_ids         : 0                   0                   0                   0                   0                   0                   0                   0                   0                   0                   0                   0                   0                   0                   0                  
turn_end_types   : 0                   0                   0                   0                   0                   0                   0                   0                   0                   0                   0                   0                   0                   0                   0                  
speaker_ids      : 0                   0                   0                   0                   0                   0                   0                   0                   0                   0                   0                   0                   0                   0                   0                  

B                : Ġfrom               Ġpol                and                 Ġpeople             Ġfrom               Ġthe                Ġu                  k                   raine               Ġum                 Ġand                Ġand                Ġi                  Ġalways             Ġyou               
Timings          : (234.008, 234.208)  (234.208, 234.443)  (234.443, 234.678)  (234.678, 234.948)  (234.948, 235.138)  (235.138, 235.198)  (235.198, 235.385)  (235.385, 235.573)  (235.573, 235.76)   (236.369, 236.849)  (237.724, 237.894)  (237.894, 238.044)  (238.044, 238.124)  (238.124, 238.524)  (238.524, 238.674) 
Token Types      : 4                   4                   4                   4                   4                   4                   4                   4                   4                   4                   4                   4                   4                   4                   4                  
turn_ids         : 80406619619343      80406619619343      80406619619343      80406619619343      80406619619343      80406619619343      80406619619343      80406619619343      80406619619343      80406619619343      80406619619343      80406619619343      80406619619343      80406619619343      80406619619343     
turn_end_types   : 1                   1                   1                   1                   1                   1                   1                   1                   1                   1                   1                   1                   1                   1                   1                  
speaker_ids      : 2                   2                   2                   2                   2                   2                   2                   2                   2                   2                   2                   2                   2                   2                   2                  


A                : <emp>               <emp>               <emp>               <emp>               <emp>               <emp>               <emp>               <emp>               <emp>               <emp>               <emp>               <emp>               <emp>               <emp>               <emp>              
Timings          : (238.674, 238.877)  (239.476, 239.584)  (239.584, 239.844)  (239.844, 240.164)  (240.164, 240.444)  (240.444, 240.564)  (240.564, 240.654)  (240.654, 240.834)  (240.834, 240.914)  (240.914, 241.704)  (241.704, 241.924)  (241.924, 242.464)  (243.505, 243.811)  (243.901, 244.155)  (244.155, 244.225) 
Token Types      : 0                   0                   0                   0                   0                   0                   0                   0                   0                   0                   0                   0                   0                   0                   0                  
turn_ids         : 0                   0                   0                   0                   0                   0                   0                   0                   0                   0                   0                   0                   0                   0                   0                  
turn_end_types   : 0                   0                   0                   0                   0                   0                   0                   0                   0                   0                   0                   0                   0                   0                   0                  
speaker_ids      : 0                   0                   0                   0                   0                   0                   0                   0                   0                   0                   0                   0                   0                   0                   0                  

B                : Ġknow               Ġi                  Ġalways             Ġwonder             Ġwhether            Ġyou                Ġknow               Ġwas                Ġthe                Ġsituation          Ġany                Ġdifferent          Ġback               Ġthen               Ġi                 
Timings          : (238.674, 238.877)  (239.476, 239.584)  (239.584, 239.844)  (239.844, 240.164)  (240.164, 240.444)  (240.444, 240.564)  (240.564, 240.654)  (240.654, 240.834)  (240.834, 240.914)  (240.914, 241.704)  (241.704, 241.924)  (241.924, 242.464)  (243.505, 243.811)  (243.901, 244.155)  (244.155, 244.225) 
Token Types      : 4                   4                   4                   4                   4                   4                   4                   4                   4                   4                   4                   4                   4                   4                   4                  
turn_ids         : 80406619619343      80406619619343      80406619619343      80406619619343      80406619619343      80406619619343      80406619619343      80406619619343      80406619619343      80406619619343      80406619619343      80406619619343      80406619619343      80406619619343      80406619619343     
turn_end_types   : 1                   1                   1                   1                   1                   1                   1                   1                   1                   1                   1                   1                   1                   1                   1                  
speaker_ids      : 2                   2                   2                   2                   2                   2                   2                   2                   2                   2                   2                   2                   2                   2                   2                  


A                : <emp>               <emp>               <emp>               <emp>               <emp>               <emp>               <emp>               <emp>               <emp>               <emp>               <emp>               <emp>               <emp>               <emp>               <emp>              
Timings          : (244.225, 244.395)  (244.395, 244.535)  (244.535, 244.705)  (244.705, 244.765)  (244.765, 245.175)  (245.175, 245.325)  (245.325, 245.475)  (245.475, 245.885)  (245.885, 245.995)  (245.995, 246.055)  (246.055, 246.405)  (246.405, 246.785)  (246.785, 247.186)  (247.924, 248.095)  (248.095, 248.175) 
Token Types      : 0                   0                   0                   0                   0                   0                   0                   0                   0                   0                   0                   0                   0                   0                   0                  
turn_ids         : 0                   0                   0                   0                   0                   0                   0                   0                   0                   0                   0                   0                   0                   0                   0                  
turn_end_types   : 0                   0                   0                   0                   0                   0                   0                   0                   0                   0                   0                   0                   0                   0                   0                  
speaker_ids      : 0                   0                   0                   0                   0                   0                   0                   0                   0                   0                   0                   0                   0                   0                   0                  

B                : Ġmean               Ġhow                Ġdid                Ġthe                Ġpeople             Ġwho                Ġhad                Ġbeen               Ġin                 Ġthe                Ġunited             Ġstates             Ġfor                Ġfor                Ġa                 
Timings          : (244.225, 244.395)  (244.395, 244.535)  (244.535, 244.705)  (244.705, 244.765)  (244.765, 245.175)  (245.175, 245.325)  (245.325, 245.475)  (245.475, 245.885)  (245.885, 245.995)  (245.995, 246.055)  (246.055, 246.405)  (246.405, 246.785)  (246.785, 247.186)  (247.924, 248.095)  (248.095, 248.175) 
Token Types      : 4                   4                   4                   4                   4                   4                   4                   4                   4                   4                   4                   4                   4                   4                   4                  
turn_ids         : 80406619619343      80406619619343      80406619619343      80406619619343      80406619619343      80406619619343      80406619619343      80406619619343      80406619619343      80406619619343      80406619619343      80406619619343      80406619619343      80406619619343      80406619619343     
turn_end_types   : 1                   1                   1                   1                   1                   1                   1                   1                   1                   1                   1                   1                   1                   1                   1                  
speaker_ids      : 2                   2                   2                   2                   2                   2                   2                   2                   2                   2                   2                   2                   2                   2                   2                  


A                : <emp>               <emp>               <emp>               <emp>               <emp>               <emp>               <emp>               <emp>               <emp>               <emp>               <emp>               <emp>               <emp>               <emp>               <emp>              
Timings          : (248.175, 248.665)  (248.665, 249.005)  (249.005, 249.395)  (249.395, 249.595)  (249.595, 249.989)  (250.275, 250.515)  (250.515, 250.605)  (250.605, 251.281)  (252.191, 252.486)  (252.77, 252.843)   (252.843, 252.916)  (252.916, 253.232)  (253.232, 253.531)  (253.531, 253.902)  (253.902, 254.031) 
Token Types      : 0                   0                   0                   0                   0                   0                   0                   0                   0                   0                   0                   0                   0                   0                   0                  
turn_ids         : 0                   0                   0                   0                   0                   0                   0                   0                   0                   0                   0                   0                   0                   0                   0                  
turn_end_types   : 0                   0                   0                   0                   0                   0                   0                   0                   0                   0                   0                   0                   0                   0                   0                  
speaker_ids      : 0                   0                   0                   0                   0                   0                   0                   0                   0                   0                   0                   0                   0                   0                   0                  

B                : Ġwhile              Ġfeel               Ġabout              Ġthis               Ġlarge              Ġamount             Ġof                 Ġimmigration        Ġuh                 Ġit                 's                  Ġfairly             Ġwell               Ġknown              Ġthat              
Timings          : (248.175, 248.665)  (248.665, 249.005)  (249.005, 249.395)  (249.395, 249.595)  (249.595, 249.989)  (250.275, 250.515)  (250.515, 250.605)  (250.605, 251.281)  (252.191, 252.486)  (252.77, 252.843)   (252.843, 252.916)  (252.916, 253.232)  (253.232, 253.531)  (253.531, 253.902)  (253.902, 254.031) 
Token Types      : 4                   4                   4                   4                   4                   4                   4                   4                   4                   4                   4                   4                   4                   4                   4                  
turn_ids         : 80406619619343      80406619619343      80406619619343      80406619619343      80406619619343      80406619619343      80406619619343      80406619619343      80406619619343      80406619619343      80406619619343      80406619619343      80406619619343      80406619619343      80406619619343     
turn_end_types   : 1                   1                   1                   1                   1                   1                   1                   1                   1                   1                   1                   1                   1                   1                   1                  
speaker_ids      : 2                   2                   2                   2                   2                   2                   2                   2                   2                   2                   2                   2                   2                   2                   2                  


A                : <emp>               <emp>               <emp>               <emp>               <emp>               <emp>               <emp>               <emp>               <emp>               <emp>               <emp>               <emp>               <emp>               <emp>               <emp>              
Timings          : (254.031, 254.122)  (254.122, 254.281)  (254.281, 254.372)  (254.372, 254.462)  (254.462, 254.822)  (254.822, 255.301)  (255.301, 255.402)  (255.402, 255.76)   (255.76, 256.119)   (256.119, 256.294)  (256.496, 256.62)   (256.62, 256.696)   (256.696, 256.772)  (256.772, 256.961)  (256.961, 257.132) 
Token Types      : 0                   0                   0                   0                   0                   0                   0                   0                   0                   0                   0                   0                   0                   0                   0                  
turn_ids         : 0                   0                   0                   0                   0                   0                   0                   0                   0                   0                   0                   0                   0                   0                   0                  
turn_end_types   : 0                   0                   0                   0                   0                   0                   0                   0                   0                   0                   0                   0                   0                   0                   0                  
speaker_ids      : 0                   0                   0                   0                   0                   0                   0                   0                   0                   0                   0                   0                   0                   0                   0                  

B                : Ġat                 Ġone                Ġof                 Ġthe                Ġmajor              Ġcompanies          Ġin                 Ġro                 chester             Ġwho                Ġi                  Ġwon                't                  Ġsay                Ġtheir             
Timings          : (254.031, 254.122)  (254.122, 254.281)  (254.281, 254.372)  (254.372, 254.462)  (254.462, 254.822)  (254.822, 255.301)  (255.301, 255.402)  (255.402, 255.76)   (255.76, 256.119)   (256.119, 256.294)  (256.496, 256.62)   (256.62, 256.696)   (256.696, 256.772)  (256.772, 256.961)  (256.961, 257.132) 
Token Types      : 4                   4                   4                   4                   4                   4                   4                   4                   4                   4                   4                   4                   4                   4                   4                  
turn_ids         : 80406619619343      80406619619343      80406619619343      80406619619343      80406619619343      80406619619343      80406619619343      80406619619343      80406619619343      80406619619343      80406619619343      80406619619343      80406619619343      80406619619343      80406619619343     
turn_end_types   : 1                   1                   1                   1                   1                   1                   1                   1                   1                   1                   1                   1                   1                   1                   1                  
speaker_ids      : 2                   2                   2                   2                   2                   2                   2                   2                   2                   2                   2                   2                   2                   2                   2                  


A                : <emp>               <emp>               <emp>               <emp>               <emp>               <emp>               <emp>               <emp>               <emp>               <emp>               <emp>               <emp>               <emp>               <emp>               <emp>              
Timings          : (257.132, 257.441)  (257.441, 257.589)  (257.766, 257.864)  (257.864, 257.961)  (257.961, 258.121)  (258.121, 258.207)  (258.207, 258.292)  (258.292, 258.512)  (258.512, 258.658)  (258.658, 258.761)  (259.236, 259.622)  (259.848, 260.082)  (260.082, 260.172)  (260.172, 260.251)  (260.251, 260.392) 
Token Types      : 0                   0                   0                   0                   0                   0                   0                   0                   0                   0                   0                   0                   0                   0                   0                  
turn_ids         : 0                   0                   0                   0                   0                   0                   0                   0                   0                   0                   0                   0                   0                   0                   0                  
turn_end_types   : 0                   0                   0                   0                   0                   0                   0                   0                   0                   0                   0                   0                   0                   0                   0                  
speaker_ids      : 0                   0                   0                   0                   0                   0                   0                   0                   0                   0                   0                   0                   0                   0                   0                  

B                : Ġname               Ġbut                Ġi                  'm                  Ġsure               Ġyou                've                 Ġheard              Ġof                 Ġthem               Ġuh                 Ġback               Ġin                 Ġthe                Ġth                
Timings          : (257.132, 257.441)  (257.441, 257.589)  (257.766, 257.864)  (257.864, 257.961)  (257.961, 258.121)  (258.121, 258.207)  (258.207, 258.292)  (258.292, 258.512)  (258.512, 258.658)  (258.658, 258.761)  (259.236, 259.622)  (259.848, 260.082)  (260.082, 260.172)  (260.172, 260.251)  (260.251, 260.392) 
Token Types      : 4                   4                   4                   4                   4                   4                   4                   4                   4                   4                   4                   4                   4                   4                   4                  
turn_ids         : 80406619619343      80406619619343      80406619619343      80406619619343      80406619619343      80406619619343      80406619619343      80406619619343      80406619619343      80406619619343      80406619619343      80406619619343      80406619619343      80406619619343      80406619619343     
turn_end_types   : 1                   1                   1                   1                   1                   1                   1                   1                   1                   1                   1                   1                   1                   1                   1                  
speaker_ids      : 2                   2                   2                   2                   2                   2                   2                   2                   2                   2                   2                   2                   2                   2                   2                  


A                : <emp>               <emp>               <emp>               <emp>               <emp>               <emp>               <emp>               <emp>               <emp>               <emp>               <emp>               Ġhuh                <eint>              <emp>               <emp>              
Timings          : (260.392, 260.531)  (260.531, 260.672)  (260.672, 260.832)  (260.832, 260.991)  (260.991, 261.142)  (261.142, 261.211)  (261.211, 261.552)  (261.552, 261.632)  (261.632, 261.897)  (261.897, 262.161)  (262.161, 262.772)  (263.802, 264.051)  (-1.0, -1.0)        (264.201, 264.271)  (264.271, 264.38)  
Token Types      : 0                   0                   0                   0                   0                   0                   0                   0                   0                   0                   0                   5                   5                   0                   0                  
turn_ids         : 0                   0                   0                   0                   0                   0                   0                   0                   0                   0                   0                   80407156490251      80407156490251      0                   0                  
turn_end_types   : 0                   0                   0                   0                   0                   0                   0                   0                   0                   0                   0                   0                   0                   0                   0                  
speaker_ids      : 0                   0                   0                   0                   0                   0                   0                   0                   0                   0                   0                   1                   1                   0                   0                  

B                : irt                 ies                 Ġdidn               't                  Ġwant               Ġto                 Ġhire               Ġthe                Ġit                 alian               Ġimmigrants         Ġbecause            Ġit                 Ġit                 Ġwas               
Timings          : (260.392, 260.531)  (260.531, 260.672)  (260.672, 260.832)  (260.832, 260.991)  (260.991, 261.142)  (261.142, 261.211)  (261.211, 261.552)  (261.552, 261.632)  (261.632, 261.897)  (261.897, 262.161)  (262.161, 262.772)  (263.741, 264.13)   (264.13, 264.201)   (264.201, 264.271)  (264.271, 264.38)  
Token Types      : 4                   4                   4                   4                   4                   4                   4                   4                   4                   4                   4                   4                   4                   4                   4                  
turn_ids         : 80406619619343      80406619619343      80406619619343      80406619619343      80406619619343      80406619619343      80406619619343      80406619619343      80406619619343      80406619619343      80406619619343      80406619619343      80406619619343      80406619619343      80406619619343     
turn_end_types   : 1                   1                   1                   1                   1                   1                   1                   1                   1                   1                   1                   1                   1                   1                   1                  
speaker_ids      : 2                   2                   2                   2                   2                   2                   2                   2                   2                   2                   2                   2                   2                   2                   2                  


A                : <emp>               <emp>               <emp>               <emp>               <emp>               Ġyeah               <ebc>               <emp>               <emp>               <emp>               <emp>               <emp>               <emp>               <emp>               <emp>              
Timings          : (264.38, 264.5)     (264.5, 264.771)    (264.771, 264.841)  (264.841, 265.63)   (265.63, 266.201)   (267.048, 267.388)  (-1.0, -1.0)        (268.732, 268.832)  (268.832, 268.941)  (268.941, 269.031)  (269.031, 269.241)  (269.241, 269.461)  (269.461, 269.572)  (269.572, 269.961)  (269.961, 270.082) 
Token Types      : 0                   0                   0                   0                   0                   3                   3                   0                   0                   0                   0                   0                   0                   0                   0                  
turn_ids         : 0                   0                   0                   0                   0                   80405009006602      80405009006602      0                   0                   0                   0                   0                   0                   0                   0                  
turn_end_types   : 0                   0                   0                   0                   0                   0                   0                   0                   0                   0                   0                   0                   0                   0                   0                  
speaker_ids      : 0                   0                   0                   0                   0                   1                   1                   0                   0                   0                   0                   0                   0                   0                   0                  

B                : Ġit                 Ġwas                Ġa                  Ġdiscriminatory     Ġpractice           Ġand                Ġuh                 Ġyou                Ġknow               Ġit                 Ġjust               Ġmakes              Ġme                 Ġwonder             Ġyou               
Timings          : (264.38, 264.5)     (264.5, 264.771)    (264.771, 264.841)  (264.841, 265.63)   (265.63, 266.201)   (267.0, 267.46)     (267.46, 267.76)    (268.732, 268.832)  (268.832, 268.941)  (268.941, 269.031)  (269.031, 269.241)  (269.241, 269.461)  (269.461, 269.572)  (269.572, 269.961)  (269.961, 270.082) 
Token Types      : 4                   4                   4                   4                   4                   4                   4                   4                   4                   4                   4                   4                   4                   4                   4                  
turn_ids         : 80406619619343      80406619619343      80406619619343      80406619619343      80406619619343      80406619619343      80406619619343      80406619619343      80406619619343      80406619619343      80406619619343      80406619619343      80406619619343      80406619619343      80406619619343     
turn_end_types   : 1                   1                   1                   1                   1                   1                   1                   1                   1                   1                   1                   1                   1                   1                   1                  
speaker_ids      : 2                   2                   2                   2                   2                   2                   2                   2                   2                   2                   2                   2                   2                   2                   2                  


A                : <emp>               <emp>               <emp>               <emp>               <emp>               <emp>               <emp>               <emp>               <emp>               <emp>               <emp>               <emp>               <emp>               <emp>               <emp>              
Timings          : (270.082, 270.251)  (270.251, 270.531)  (271.082, 271.142)  (271.142, 271.221)  (271.221, 271.262)  (271.262, 271.482)  (271.482, 271.582)  (271.582, 271.811)  (271.971, 272.202)  (272.202, 272.482)  (272.482, 272.651)  (272.651, 273.072)  (273.072, 273.281)  (273.281, 273.392)  (273.392, 273.471) 
Token Types      : 0                   0                   0                   0                   0                   0                   0                   0                   0                   0                   0                   0                   0                   0                   0                  
turn_ids         : 0                   0                   0                   0                   0                   0                   0                   0                   0                   0                   0                   0                   0                   0                   0                  
turn_end_types   : 0                   0                   0                   0                   0                   0                   0                   0                   0                   0                   0                   0                   0                   0                   0                  
speaker_ids      : 0                   0                   0                   0                   0                   0                   0                   0                   0                   0                   0                   0                   0                   0                   0                  

B                : Ġknow               Ġand                Ġyou                Ġknow               Ġi                  Ġlook               Ġat                 Ġwhat               Ġwhat               Ġmade               Ġthis               Ġcountry            Ġgreat              Ġand                Ġa                 
Timings          : (270.082, 270.251)  (270.251, 270.531)  (271.082, 271.142)  (271.142, 271.221)  (271.221, 271.262)  (271.262, 271.482)  (271.482, 271.582)  (271.582, 271.811)  (271.971, 272.202)  (272.202, 272.482)  (272.482, 272.651)  (272.651, 273.072)  (273.072, 273.281)  (273.281, 273.392)  (273.392, 273.471) 
Token Types      : 4                   4                   4                   4                   4                   4                   4                   4                   4                   4                   4                   4                   4                   4                   4                  
turn_ids         : 80406619619343      80406619619343      80406619619343      80406619619343      80406619619343      80406619619343      80406619619343      80406619619343      80406619619343      80406619619343      80406619619343      80406619619343      80406619619343      80406619619343      80406619619343     
turn_end_types   : 1                   1                   1                   1                   1                   1                   1                   1                   1                   1                   1                   1                   1                   1                   1                  
speaker_ids      : 2                   2                   2                   2                   2                   2                   2                   2                   2                   2                   2                   2                   2                   2                   2                  


A                : <emp>               <emp>               <emp>               <emp>               <emp>               <emp>               <emp>               <emp>               <emp>               <emp>               <emp>               <emp>               <emp>               <emp>               <emp>              
Timings          : (273.471, 273.702)  (273.702, 273.781)  (273.941, 274.422)  (274.422, 274.572)  (274.572, 274.862)  (274.862, 274.941)  (274.941, 275.501)  (275.501, 276.471)  (276.471, 276.732)  (276.732, 276.991)  (276.991, 277.161)  (277.161, 277.441)  (277.441, 277.561)  (277.561, 277.681)  (277.681, 277.963) 
Token Types      : 0                   0                   0                   0                   0                   0                   0                   0                   0                   0                   0                   0                   0                   0                   0                  
turn_ids         : 0                   0                   0                   0                   0                   0                   0                   0                   0                   0                   0                   0                   0                   0                   0                  
turn_end_types   : 0                   0                   0                   0                   0                   0                   0                   0                   0                   0                   0                   0                   0                   0                   0                  
speaker_ids      : 0                   0                   0                   0                   0                   0                   0                   0                   0                   0                   0                   0                   0                   0                   0                  

B                : Ġlot                Ġof                 Ġcases              Ġit                 Ġwas                Ġthe                Ġimmigrants         Ġwho                Ġcame               Ġover               Ġand                Ġworked             Ġand                Ġi                  Ġand               
Timings          : (273.471, 273.702)  (273.702, 273.781)  (273.941, 274.422)  (274.422, 274.572)  (274.572, 274.862)  (274.862, 274.941)  (274.941, 275.501)  (275.501, 276.471)  (276.471, 276.732)  (276.732, 276.991)  (276.991, 277.161)  (277.161, 277.441)  (277.441, 277.561)  (277.561, 277.681)  (277.681, 277.963) 
Token Types      : 4                   4                   4                   4                   4                   4                   4                   4                   4                   4                   4                   4                   4                   4                   4                  
turn_ids         : 80406619619343      80406619619343      80406619619343      80406619619343      80406619619343      80406619619343      80406619619343      80406619619343      80406619619343      80406619619343      80406619619343      80406619619343      80406619619343      80406619619343      80406619619343     
turn_end_types   : 1                   1                   1                   1                   1                   1                   1                   1                   1                   1                   1                   1                   1                   1                   1                  
speaker_ids      : 2                   2                   2                   2                   2                   2                   2                   2                   2                   2                   2                   2                   2                   2                   2                  


A                : <emp>               <emp>               <emp>               <emp>               <emp>               <emp>               <emp>               <emp>               <emp>               <emp>               <emp>               <emp>               <emp>               <emp>               <emp>              
Timings          : (278.084, 278.452)  (278.452, 278.531)  (278.531, 278.961)  (278.961, 279.082)  (279.082, 279.232)  (279.232, 279.566)  (280.033, 280.102)  (280.102, 280.191)  (280.191, 280.401)  (280.401, 280.612)  (280.612, 281.012)  (281.012, 281.132)  (281.132, 281.202)  (281.202, 281.901)  (281.901, 282.341) 
Token Types      : 0                   0                   0                   0                   0                   0                   0                   0                   0                   0                   0                   0                   0                   0                   0                  
turn_ids         : 0                   0                   0                   0                   0                   0                   0                   0                   0                   0                   0                   0                   0                   0                   0                  
turn_end_types   : 0                   0                   0                   0                   0                   0                   0                   0                   0                   0                   0                   0                   0                   0                   0                  
speaker_ids      : 0                   0                   0                   0                   0                   0                   0                   0                   0                   0                   0                   0                   0                   0                   0                  

B                : Ġsometimes          Ġi                  Ġwonder             Ġyou                Ġknow               Ġwhether            Ġyou                Ġknow               Ġjust               Ġhow                Ġdifferent          Ġis                 Ġthe                Ġsituation          Ġtoday             
Timings          : (278.084, 278.452)  (278.452, 278.531)  (278.531, 278.961)  (278.961, 279.082)  (279.082, 279.232)  (279.232, 279.566)  (280.033, 280.102)  (280.102, 280.191)  (280.191, 280.401)  (280.401, 280.612)  (280.612, 281.012)  (281.012, 281.132)  (281.132, 281.202)  (281.202, 281.901)  (281.901, 282.341) 
Token Types      : 4                   4                   4                   4                   4                   4                   4                   4                   4                   4                   4                   4                   4                   4                   4                  
turn_ids         : 80406619619343      80406619619343      80406619619343      80406619619343      80406619619343      80406619619343      80406619619343      80406619619343      80406619619343      80406619619343      80406619619343      80406619619343      80406619619343      80406619619343      80406619619343     
turn_end_types   : 1                   1                   1                   1                   1                   1                   1                   1                   1                   1                   1                   1                   1                   1                   1                  
speaker_ids      : 2                   2                   2                   2                   2                   2                   2                   2                   2                   2                   2                   2                   2                   2                   2                  


A                : Ġoh                 Ġi                  Ġthink              Ġi                  Ġthink              Ġthey               Ġwant               Ġto                 Ġwork               Ġi                  Ġthink              Ġthey               're                 Ġoften              Ġunder             
Timings          : (283.448, 283.786)  (283.786, 283.948)  (283.948, 284.188)  (284.729, 284.853)  (284.853, 285.028)  (285.028, 285.128)  (285.128, 285.398)  (285.398, 285.528)  (285.528, 285.798)  (285.798, 285.848)  (285.848, 286.108)  (286.108, 286.178)  (286.178, 286.248)  (286.248, 286.832)  (287.59, 287.888)  
Token Types      : 1                   1                   1                   1                   1                   1                   1                   1                   1                   1                   1                   1                   1                   1                   1                  
turn_ids         : 80402861522960      80402861522960      80402861522960      80402861522960      80402861522960      80402861522960      80402861522960      80402861522960      80402861522960      80402861522960      80402861522960      80402861522960      80402861522960      80402861522960      80402861522960     
turn_end_types   : 1                   1                   1                   1                   1                   1                   1                   1                   1                   1                   1                   1                   1                   1                   1                  
speaker_ids      : 1                   1                   1                   1                   1                   1                   1                   1                   1                   1                   1                   1                   1                   1                   1                  

B                : <eot>               <emp>               <emp>               <emp>               <emp>               <emp>               <emp>               <emp>               <emp>               <emp>               <emp>               <emp>               <emp>               <emp>               <emp>              
Timings          : (-1.0, -1.0)        (283.786, 283.948)  (283.948, 284.188)  (284.729, 284.853)  (284.853, 285.028)  (285.028, 285.128)  (285.128, 285.398)  (285.398, 285.528)  (285.528, 285.798)  (285.798, 285.848)  (285.848, 286.108)  (286.108, 286.178)  (286.178, 286.248)  (286.248, 286.832)  (287.59, 287.888)  
Token Types      : 4                   0                   0                   0                   0                   0                   0                   0                   0                   0                   0                   0                   0                   0                   0                  
turn_ids         : 80406619619343      0                   0                   0                   0                   0                   0                   0                   0                   0                   0                   0                   0                   0                   0                  
turn_end_types   : 1                   0                   0                   0                   0                   0                   0                   0                   0                   0                   0                   0                   0                   0                   0                  
speaker_ids      : 2                   0                   0                   0                   0                   0                   0                   0                   0                   0                   0                   0                   0                   0                   0                  


A                : Ġeducated           <emp>               <emp>               Ġi                  Ġthink              Ġthat               's                  Ġwhy                Ġmaybe              Ġone                Ġreason             Ġwhy                Ġthey               Ġhave               Ġso                
Timings          : (287.888, 288.738)  (289.085, 289.28)   (289.28, 289.475)   (289.744, 289.834)  (289.834, 290.064)  (290.064, 290.194)  (290.194, 290.324)  (290.324, 290.564)  (290.564, 290.844)  (290.844, 291.074)  (291.074, 291.394)  (291.394, 291.494)  (291.494, 291.604)  (291.604, 291.714)  (291.714, 291.844) 
Token Types      : 1                   1                   1                   1                   1                   1                   1                   1                   1                   1                   1                   1                   1                   1                   1                  
turn_ids         : 80402861522960      80402861522960      80402861522960      80402861522960      80402861522960      80402861522960      80402861522960      80402861522960      80402861522960      80402861522960      80402861522960      80402861522960      80402861522960      80402861522960      80402861522960     
turn_end_types   : 1                   1                   1                   1                   1                   1                   1                   1                   1                   1                   1                   1                   1                   1                   1                  
speaker_ids      : 1                   1                   1                   1                   1                   1                   1                   1                   1                   1                   1                   1                   1                   1                   1                  

B                : <emp>               Ġum                 hum                 <ebc>               <emp>               <emp>               <emp>               <emp>               <emp>               <emp>               <emp>               <emp>               <emp>               <emp>               <emp>              
Timings          : (287.888, 288.738)  (289.085, 289.28)   (289.28, 289.475)   (-1.0, -1.0)        (289.834, 290.064)  (290.064, 290.194)  (290.194, 290.324)  (290.324, 290.564)  (290.564, 290.844)  (290.844, 291.074)  (291.074, 291.394)  (291.394, 291.494)  (291.494, 291.604)  (291.604, 291.714)  (291.714, 291.844) 
Token Types      : 0                   3                   3                   3                   0                   0                   0                   0                   0                   0                   0                   0                   0                   0                   0                  
turn_ids         : 0                   80405545877521      80405545877521      80405545877521      0                   0                   0                   0                   0                   0                   0                   0                   0                   0                   0                  
turn_end_types   : 0                   0                   0                   0                   0                   0                   0                   0                   0                   0                   0                   0                   0                   0                   0                  
speaker_ids      : 0                   2                   2                   2                   0                   0                   0                   0                   0                   0                   0                   0                   0                   0                   0                  


A                : Ġmuch               Ġdifficult          Ġin                 Ġtheir              Ġown                Ġcountries          <emp>               <emp>               Ġuh                 Ġi                  Ġi                  Ġhave               Ġtrouble            Ġwith               <eot>              
Timings          : (291.844, 292.044)  (292.044, 292.524)  (292.524, 292.704)  (292.704, 292.854)  (292.854, 293.024)  (293.024, 293.579)  (293.843, 294.034)  (294.034, 294.224)  (294.744, 295.234)  (296.22, 296.713)   (297.943, 298.073)  (298.073, 298.283)  (298.283, 298.783)  (298.783, 299.105)  (-1.0, -1.0)       
Token Types      : 1                   1                   1                   1                   1                   1                   1                   1                   1                   1                   1                   1                   1                   1                   1                  
turn_ids         : 80402861522960      80402861522960      80402861522960      80402861522960      80402861522960      80402861522960      80402861522960      80402861522960      80402861522960      80402861522960      80402861522960      80402861522960      80402861522960      80402861522960      80402861522960     
turn_end_types   : 1                   1                   1                   1                   1                   1                   1                   1                   1                   1                   1                   1                   1                   1                   1                  
speaker_ids      : 1                   1                   1                   1                   1                   1                   1                   1                   1                   1                   1                   1                   1                   1                   1                  

B                : <emp>               <emp>               <emp>               <emp>               <emp>               <emp>               Ġum                 hum                 <ebc>               <emp>               <emp>               <emp>               <emp>               <emp>               <emp>              
Timings          : (291.844, 292.044)  (292.044, 292.524)  (292.524, 292.704)  (292.704, 292.854)  (292.854, 293.024)  (293.024, 293.579)  (293.843, 294.034)  (294.034, 294.224)  (-1.0, -1.0)        (296.22, 296.713)   (297.943, 298.073)  (298.073, 298.283)  (298.283, 298.783)  (298.783, 299.105)  (-1.0, -1.0)       
Token Types      : 0                   0                   0                   0                   0                   0                   3                   3                   3                   0                   0                   0                   0                   0                   0                  
turn_ids         : 0                   0                   0                   0                   0                   0                   80405545877522      80405545877522      80405545877522      0                   0                   0                   0                   0                   0                  
turn_end_types   : 0                   0                   0                   0                   0                   0                   0                   0                   0                   0                   0                   0                   0                   0                   0                  
speaker_ids      : 0                   0                   0                   0                   0                   0                   2                   2                   2                   0                   0                   0                   0                   0                   0                  


