A                : i                   Ġguess              Ġwhat               Ġthis               Ġbrings             Ġto                 Ġmind               Ġis                 Ġuh                 Ġum                 Ġmy                 Ġchief              Ġcomplaint          Ġis                 Ġthen              
Timings          : (0.016, 0.11)       (0.11, 0.37)        (0.37, 0.556)       (1.337, 1.447)      (1.447, 1.727)      (1.727, 1.797)      (1.797, 2.117)      (2.117, 2.317)      (2.317, 2.692)      (3.246, 3.599)      (4.123, 4.368)      (4.944, 5.187)      (5.187, 5.687)      (5.687, 5.897)      (5.897, 6.45)      
Token Types      : 1                   1                   1                   1                   1                   1                   1                   1                   1                   1                   1                   1                   1                   1                   1                  
turn_ids         : 82619064647680      82619064647680      82619064647680      82619064647680      82619064647680      82619064647680      82619064647680      82619064647680      82619064647680      82619064647680      82619064647680      82619064647680      82619064647680      82619064647680      82619064647680     
turn_end_types   : 1                   1                   1                   1                   1                   1                   1                   1                   1                   1                   1                   1                   1                   1                   1                  
speaker_ids      : 1                   1                   1                   1                   1                   1                   1                   1                   1                   1                   1                   1                   1                   1                   1                  

B                : <emp>               <emp>               <emp>               <emp>               <emp>               <emp>               <emp>               <emp>               <emp>               <emp>               <emp>               <emp>               <emp>               <emp>               <emp>              
Timings          : (0.016, 0.11)       (0.11, 0.37)        (0.37, 0.556)       (1.337, 1.447)      (1.447, 1.727)      (1.727, 1.797)      (1.797, 2.117)      (2.117, 2.317)      (2.317, 2.692)      (3.246, 3.599)      (4.123, 4.368)      (4.944, 5.187)      (5.187, 5.687)      (5.687, 5.897)      (5.897, 6.45)      
Token Types      : 0                   0                   0                   0                   0                   0                   0                   0                   0                   0                   0                   0                   0                   0                   0                  
turn_ids         : 0                   0                   0                   0                   0                   0                   0                   0                   0                   0                   0                   0                   0                   0                   0                  
turn_end_types   : 0                   0                   0                   0                   0                   0                   0                   0                   0                   0                   0                   0                   0                   0                   0                  
speaker_ids      : 0                   0                   0                   0                   0                   0                   0                   0                   0                   0                   0                   0                   0                   0                   0                  


A                : Ġuh                 Ġthe                Ġpriority           Ġthat               's                  Ġgiven              Ġto                 Ġkids               Ġthat               's                  Ġwhat               Ġcomes              Ġto                 Ġmind               Ġanyway            
Timings          : (6.868, 7.322)      (8.395, 8.708)      (8.964, 9.395)      (9.395, 9.48)       (9.48, 9.565)       (9.565, 9.765)      (9.765, 9.865)      (9.865, 10.255)     (11.314, 11.413)    (11.413, 11.514)    (11.514, 11.644)    (11.644, 11.863)    (11.863, 11.953)    (11.953, 12.193)    (12.193, 12.554)   
Token Types      : 1                   1                   1                   1                   1                   1                   1                   1                   1                   1                   1                   1                   1                   1                   1                  
turn_ids         : 82619064647680      82619064647680      82619064647680      82619064647680      82619064647680      82619064647680      82619064647680      82619064647680      82619064647680      82619064647680      82619064647680      82619064647680      82619064647680      82619064647680      82619064647680     
turn_end_types   : 1                   1                   1                   1                   1                   1                   1                   1                   1                   1                   1                   1                   1                   1                   1                  
speaker_ids      : 1                   1                   1                   1                   1                   1                   1                   1                   1                   1                   1                   1                   1                   1                   1                  

B                : <emp>               <emp>               <emp>               <emp>               <emp>               <emp>               <emp>               <emp>               <emp>               <emp>               <emp>               <emp>               <emp>               <emp>               <emp>              
Timings          : (6.868, 7.322)      (8.395, 8.708)      (8.964, 9.395)      (9.395, 9.48)       (9.48, 9.565)       (9.565, 9.765)      (9.765, 9.865)      (9.865, 10.255)     (11.314, 11.413)    (11.413, 11.514)    (11.514, 11.644)    (11.644, 11.863)    (11.863, 11.953)    (11.953, 12.193)    (12.193, 12.554)   
Token Types      : 0                   0                   0                   0                   0                   0                   0                   0                   0                   0                   0                   0                   0                   0                   0                  
turn_ids         : 0                   0                   0                   0                   0                   0                   0                   0                   0                   0                   0                   0                   0                   0                   0                  
turn_end_types   : 0                   0                   0                   0                   0                   0                   0                   0                   0                   0                   0                   0                   0                   0                   0                  
speaker_ids      : 0                   0                   0                   0                   0                   0                   0                   0                   0                   0                   0                   0                   0                   0                   0                  


A                : <eot>               <emp>               <emp>               <emp>               Ġwell               Ġi                  Ġdon                't                  Ġknow               Ġi                  Ġguess              Ġuh                 Ġi                  Ġthink              Ġone               
Timings          : (-1.0, -1.0)        (12.93, 12.972)     (12.972, 13.056)    (13.056, 13.296)    (14.254, 14.532)    (14.532, 14.622)    (14.622, 14.663)    (14.663, 14.704)    (14.704, 14.774)    (14.774, 14.884)    (14.884, 15.244)    (15.244, 15.559)    (16.199, 16.374)    (16.374, 16.574)    (16.574, 16.694)   
Token Types      : 1                   0                   0                   0                   1                   1                   1                   1                   1                   1                   1                   1                   1                   1                   1                  
turn_ids         : 82619064647680      0                   0                   0                   82619064647682      82619064647682      82619064647682      82619064647682      82619064647682      82619064647682      82619064647682      82619064647682      82619064647682      82619064647682      82619064647682     
turn_end_types   : 1                   0                   0                   0                   2                   2                   2                   2                   2                   2                   2                   2                   2                   2                   2                  
speaker_ids      : 1                   0                   0                   0                   1                   1                   1                   1                   1                   1                   1                   1                   1                   1                   1                  

B                : how                 Ġdo                 Ġyou                Ġmean               <eot>               <emp>               <emp>               <emp>               <emp>               <emp>               <emp>               <emp>               <emp>               <emp>               <emp>              
Timings          : (12.78, 12.93)      (12.93, 12.972)     (12.972, 13.056)    (13.056, 13.296)    (-1.0, -1.0)        (14.532, 14.622)    (14.622, 14.663)    (14.663, 14.704)    (14.704, 14.774)    (14.774, 14.884)    (14.884, 15.244)    (15.244, 15.559)    (16.199, 16.374)    (16.374, 16.574)    (16.574, 16.694)   
Token Types      : 1                   1                   1                   1                   1                   0                   0                   0                   0                   0                   0                   0                   0                   0                   0                  
turn_ids         : 82619601518593      82619601518593      82619601518593      82619601518593      82619601518593      0                   0                   0                   0                   0                   0                   0                   0                   0                   0                  
turn_end_types   : 1                   1                   1                   1                   1                   0                   0                   0                   0                   0                   0                   0                   0                   0                   0                  
speaker_ids      : 2                   2                   2                   2                   2                   0                   0                   0                   0                   0                   0                   0                   0                   0                   0                  


A                : Ġof                 Ġthe                Ġbiggest            Ġchanges            Ġthat               's                  Ġtaken              Ġplace              Ġover               Ġthe                Ġlast               Ġtwenty             Ġfive               Ġyears              Ġanyway            
Timings          : (16.694, 16.754)    (16.754, 16.814)    (16.814, 17.114)    (17.114, 17.474)    (17.474, 17.564)    (17.564, 17.654)    (17.654, 17.884)    (17.884, 18.154)    (18.154, 18.284)    (18.284, 18.344)    (18.344, 18.624)    (18.624, 18.834)    (18.834, 19.124)    (19.124, 19.384)    (19.384, 19.744)   
Token Types      : 1                   1                   1                   1                   1                   1                   1                   1                   1                   1                   1                   1                   1                   1                   1                  
turn_ids         : 82619064647682      82619064647682      82619064647682      82619064647682      82619064647682      82619064647682      82619064647682      82619064647682      82619064647682      82619064647682      82619064647682      82619064647682      82619064647682      82619064647682      82619064647682     
turn_end_types   : 2                   2                   2                   2                   2                   2                   2                   2                   2                   2                   2                   2                   2                   2                   2                  
speaker_ids      : 1                   1                   1                   1                   1                   1                   1                   1                   1                   1                   1                   1                   1                   1                   1                  

B                : <emp>               <emp>               <emp>               <emp>               <emp>               <emp>               <emp>               <emp>               <emp>               <emp>               <emp>               <emp>               <emp>               <emp>               <emp>              
Timings          : (16.694, 16.754)    (16.754, 16.814)    (16.814, 17.114)    (17.114, 17.474)    (17.474, 17.564)    (17.564, 17.654)    (17.654, 17.884)    (17.884, 18.154)    (18.154, 18.284)    (18.284, 18.344)    (18.344, 18.624)    (18.624, 18.834)    (18.834, 19.124)    (19.124, 19.384)    (19.384, 19.744)   
Token Types      : 0                   0                   0                   0                   0                   0                   0                   0                   0                   0                   0                   0                   0                   0                   0                  
turn_ids         : 0                   0                   0                   0                   0                   0                   0                   0                   0                   0                   0                   0                   0                   0                   0                  
turn_end_types   : 0                   0                   0                   0                   0                   0                   0                   0                   0                   0                   0                   0                   0                   0                   0                  
speaker_ids      : 0                   0                   0                   0                   0                   0                   0                   0                   0                   0                   0                   0                   0                   0                   0                  


A                : Ġis                 Ġum                 Ġuh                 Ġuh                 Ġboth               Ġparents            Ġworking            <emp>               <emp>               Ġand                Ġthe                Ġthe                Ġuh                 Ġmechanisms         Ġhaven             
Timings          : (19.744, 19.994)    (19.994, 20.315)    (20.861, 21.304)    (22.253, 22.515)    (22.515, 22.748)    (22.748, 23.058)    (23.058, 23.527)    (23.812, 24.037)    (24.037, 24.262)    (24.216, 24.438)    (24.438, 24.658)    (25.652, 25.9)      (25.9, 26.282)      (26.546, 27.079)    (27.079, 27.209)   
Token Types      : 1                   1                   1                   1                   1                   1                   1                   1                   1                   1                   1                   1                   1                   1                   1                  
turn_ids         : 82619064647682      82619064647682      82619064647682      82619064647682      82619064647682      82619064647682      82619064647682      82619064647682      82619064647682      82619064647682      82619064647682      82619064647682      82619064647682      82619064647682      82619064647682     
turn_end_types   : 2                   2                   2                   2                   2                   2                   2                   2                   2                   2                   2                   2                   2                   2                   2                  
speaker_ids      : 1                   1                   1                   1                   1                   1                   1                   1                   1                   1                   1                   1                   1                   1                   1                  

B                : <emp>               <emp>               <emp>               <emp>               <emp>               <emp>               <emp>               um                  hum                 <ebc>               <emp>               <emp>               <emp>               <emp>               <emp>              
Timings          : (19.744, 19.994)    (19.994, 20.315)    (20.861, 21.304)    (22.253, 22.515)    (22.515, 22.748)    (22.748, 23.058)    (23.058, 23.527)    (23.812, 24.037)    (24.037, 24.262)    (-1.0, -1.0)        (24.438, 24.658)    (25.652, 25.9)      (25.9, 26.282)      (26.546, 27.079)    (27.079, 27.209)   
Token Types      : 0                   0                   0                   0                   0                   0                   0                   3                   3                   3                   0                   0                   0                   0                   0                  
turn_ids         : 0                   0                   0                   0                   0                   0                   0                   82621749002241      82621749002241      82621749002241      0                   0                   0                   0                   0                  
turn_end_types   : 0                   0                   0                   0                   0                   0                   0                   0                   0                   0                   0                   0                   0                   0                   0                  
speaker_ids      : 0                   0                   0                   0                   0                   0                   0                   2                   2                   2                   0                   0                   0                   0                   0                  


A                : 't                  Ġreally             Ġbeen               Ġin                 Ġplace              Ġto                 Ġget                Ġto                 Ġgive               Ġkids               Ġall                Ġthe                Ġattention          Ġthey               Ġneed              
Timings          : (27.209, 27.339)    (27.339, 27.539)    (27.539, 27.699)    (27.699, 27.799)    (27.799, 28.129)    (28.129, 28.289)    (28.289, 28.479)    (29.049, 29.149)    (29.149, 29.339)    (29.339, 29.679)    (29.679, 29.839)    (29.839, 29.929)    (29.929, 30.369)    (30.369, 30.513)    (30.513, 30.721)   
Token Types      : 1                   1                   1                   1                   1                   1                   1                   1                   1                   1                   1                   1                   1                   1                   1                  
turn_ids         : 82619064647682      82619064647682      82619064647682      82619064647682      82619064647682      82619064647682      82619064647682      82619064647682      82619064647682      82619064647682      82619064647682      82619064647682      82619064647682      82619064647682      82619064647682     
turn_end_types   : 2                   2                   2                   2                   2                   2                   2                   2                   2                   2                   2                   2                   2                   2                   2                  
speaker_ids      : 1                   1                   1                   1                   1                   1                   1                   1                   1                   1                   1                   1                   1                   1                   1                  

B                : <emp>               <emp>               <emp>               <emp>               <emp>               <emp>               <emp>               <emp>               <emp>               <emp>               <emp>               <emp>               <emp>               <emp>               <emp>              
Timings          : (27.209, 27.339)    (27.339, 27.539)    (27.539, 27.699)    (27.699, 27.799)    (27.799, 28.129)    (28.129, 28.289)    (28.289, 28.479)    (29.049, 29.149)    (29.149, 29.339)    (29.339, 29.679)    (29.679, 29.839)    (29.839, 29.929)    (29.929, 30.369)    (30.369, 30.513)    (30.513, 30.721)   
Token Types      : 0                   0                   0                   0                   0                   0                   0                   0                   0                   0                   0                   0                   0                   0                   0                  
turn_ids         : 0                   0                   0                   0                   0                   0                   0                   0                   0                   0                   0                   0                   0                   0                   0                  
turn_end_types   : 0                   0                   0                   0                   0                   0                   0                   0                   0                   0                   0                   0                   0                   0                   0                  
speaker_ids      : 0                   0                   0                   0                   0                   0                   0                   0                   0                   0                   0                   0                   0                   0                   0                  


A                : <emp>               Ġso                 Ġi                  Ġthink              Ġthat               Ġuh                 Ġand                Ġi                  Ġthink              Ġwe                 're                 Ġsort               Ġof                 Ġre                 aping              
Timings          : (31.092, 31.332)    (31.418, 31.588)    (31.588, 31.658)    (31.658, 31.908)    (31.908, 32.218)    (32.218, 32.298)    (32.298, 32.598)    (32.598, 32.668)    (32.668, 32.978)    (32.978, 33.038)    (33.038, 33.098)    (33.098, 33.311)    (33.311, 33.408)    (33.408, 33.593)    (33.593, 33.778)   
Token Types      : 1                   1                   1                   1                   1                   1                   1                   1                   1                   1                   1                   1                   1                   1                   1                  
turn_ids         : 82619064647682      82619064647682      82619064647682      82619064647682      82619064647682      82619064647682      82619064647682      82619064647682      82619064647682      82619064647682      82619064647682      82619064647682      82619064647682      82619064647682      82619064647682     
turn_end_types   : 2                   2                   2                   2                   2                   2                   2                   2                   2                   2                   2                   2                   2                   2                   2                  
speaker_ids      : 1                   1                   1                   1                   1                   1                   1                   1                   1                   1                   1                   1                   1                   1                   1                  

B                : Ġyeah               <ebc>               <emp>               <emp>               <emp>               <emp>               <emp>               <emp>               <emp>               <emp>               <emp>               <emp>               <emp>               <emp>               <emp>              
Timings          : (31.092, 31.332)    (-1.0, -1.0)        (31.588, 31.658)    (31.658, 31.908)    (31.908, 32.218)    (32.218, 32.298)    (32.298, 32.598)    (32.598, 32.668)    (32.668, 32.978)    (32.978, 33.038)    (33.038, 33.098)    (33.098, 33.311)    (33.311, 33.408)    (33.408, 33.593)    (33.593, 33.778)   
Token Types      : 3                   3                   0                   0                   0                   0                   0                   0                   0                   0                   0                   0                   0                   0                   0                  
turn_ids         : 82621749002242      82621749002242      0                   0                   0                   0                   0                   0                   0                   0                   0                   0                   0                   0                   0                  
turn_end_types   : 0                   0                   0                   0                   0                   0                   0                   0                   0                   0                   0                   0                   0                   0                   0                  
speaker_ids      : 2                   2                   0                   0                   0                   0                   0                   0                   0                   0                   0                   0                   0                   0                   0                  


A                : Ġthe                Ġum                 Ġresults            Ġof                 Ġthat               Ġin                 Ġuh                 <yield>             Ġa                  Ġlot                Ġof                 Ġproblems           Ġyeah               Ġi                  Ġmean              
Timings          : (33.778, 33.971)    (35.102, 35.373)    (35.786, 36.254)    (36.254, 36.314)    (36.314, 36.554)    (36.554, 36.704)    (36.704, 36.834)    (-1.0, -1.0)        (37.555, 37.605)    (37.605, 37.734)    (37.734, 37.804)    (37.804, 38.224)    (38.224, 38.508)    (38.693, 38.824)    (38.824, 38.974)   
Token Types      : 1                   1                   1                   1                   1                   1                   1                   1                   1                   1                   1                   1                   1                   1                   1                  
turn_ids         : 82619064647682      82619064647682      82619064647682      82619064647682      82619064647682      82619064647682      82619064647682      82619064647682      82619064647684      82619064647684      82619064647684      82619064647684      82619064647684      82619064647684      82619064647684     
turn_end_types   : 2                   2                   2                   2                   2                   2                   2                   2                   1                   1                   1                   1                   1                   1                   1                  
speaker_ids      : 1                   1                   1                   1                   1                   1                   1                   1                   1                   1                   1                   1                   1                   1                   1                  

B                : <emp>               <emp>               <emp>               <emp>               Ġthe                Ġconsequences       <eot>               <emp>               <emp>               <emp>               <emp>               <emp>               <emp>               <emp>               <emp>              
Timings          : (33.778, 33.971)    (35.102, 35.373)    (35.786, 36.254)    (36.254, 36.314)    (36.427, 36.514)    (36.514, 37.159)    (-1.0, -1.0)        (-1.0, -1.0)        (37.555, 37.605)    (37.605, 37.734)    (37.734, 37.804)    (37.804, 38.224)    (38.224, 38.508)    (38.693, 38.824)    (38.824, 38.974)   
Token Types      : 0                   0                   0                   0                   4                   4                   4                   0                   0                   0                   0                   0                   0                   0                   0                  
turn_ids         : 0                   0                   0                   0                   82622822744067      82622822744067      82622822744067      0                   0                   0                   0                   0                   0                   0                   0                  
turn_end_types   : 0                   0                   0                   0                   1                   1                   1                   0                   0                   0                   0                   0                   0                   0                   0                  
speaker_ids      : 0                   0                   0                   0                   2                   2                   2                   0                   0                   0                   0                   0                   0                   0                   0                  


A                : Ġi                  Ġdon                't                  Ġblame              Ġpeople             Ġfor                Ġum                 Ġboth               Ġgoing              Ġto                 Ġwork               Ġum                 Ġboth               Ġparents            Ġgoing             
Timings          : (38.974, 39.034)    (39.034, 39.134)    (39.134, 39.234)    (39.234, 39.524)    (39.524, 39.914)    (39.914, 40.322)    (40.932, 41.371)    (41.846, 42.084)    (42.084, 42.264)    (42.264, 42.334)    (42.334, 42.769)    (43.318, 43.704)    (43.794, 43.984)    (43.984, 44.264)    (44.264, 44.444)   
Token Types      : 1                   1                   1                   1                   1                   1                   1                   1                   1                   1                   1                   1                   1                   1                   1                  
turn_ids         : 82619064647684      82619064647684      82619064647684      82619064647684      82619064647684      82619064647684      82619064647684      82619064647684      82619064647684      82619064647684      82619064647684      82619064647684      82619064647684      82619064647684      82619064647684     
turn_end_types   : 1                   1                   1                   1                   1                   1                   1                   1                   1                   1                   1                   1                   1                   1                   1                  
speaker_ids      : 1                   1                   1                   1                   1                   1                   1                   1                   1                   1                   1                   1                   1                   1                   1                  

B                : <emp>               <emp>               <emp>               <emp>               <emp>               <emp>               <emp>               <emp>               <emp>               <emp>               <emp>               <emp>               <emp>               <emp>               <emp>              
Timings          : (38.974, 39.034)    (39.034, 39.134)    (39.134, 39.234)    (39.234, 39.524)    (39.524, 39.914)    (39.914, 40.322)    (40.932, 41.371)    (41.846, 42.084)    (42.084, 42.264)    (42.264, 42.334)    (42.334, 42.769)    (43.318, 43.704)    (43.794, 43.984)    (43.984, 44.264)    (44.264, 44.444)   
Token Types      : 0                   0                   0                   0                   0                   0                   0                   0                   0                   0                   0                   0                   0                   0                   0                  
turn_ids         : 0                   0                   0                   0                   0                   0                   0                   0                   0                   0                   0                   0                   0                   0                   0                  
turn_end_types   : 0                   0                   0                   0                   0                   0                   0                   0                   0                   0                   0                   0                   0                   0                   0                  
speaker_ids      : 0                   0                   0                   0                   0                   0                   0                   0                   0                   0                   0                   0                   0                   0                   0                  


A                : Ġto                 Ġwork               Ġit                 's                  Ġtough              Ġnot                Ġto                 Ġfor                Ġa                  Ġlot                Ġof                 Ġpeople             Ġbut                Ġit                 's                 
Timings          : (44.444, 44.514)    (44.514, 44.754)    (45.461, 45.589)    (45.589, 45.717)    (45.717, 45.977)    (45.977, 46.187)    (46.187, 46.317)    (46.317, 46.427)    (46.427, 46.457)    (46.457, 46.547)    (46.547, 46.607)    (46.607, 46.977)    (47.745, 47.92)     (47.92, 47.995)     (47.995, 48.07)    
Token Types      : 1                   1                   1                   1                   1                   1                   1                   1                   1                   1                   1                   1                   1                   1                   1                  
turn_ids         : 82619064647684      82619064647684      82619064647684      82619064647684      82619064647684      82619064647684      82619064647684      82619064647684      82619064647684      82619064647684      82619064647684      82619064647684      82619064647684      82619064647684      82619064647684     
turn_end_types   : 1                   1                   1                   1                   1                   1                   1                   1                   1                   1                   1                   1                   1                   1                   1                  
speaker_ids      : 1                   1                   1                   1                   1                   1                   1                   1                   1                   1                   1                   1                   1                   1                   1                  

B                : <emp>               <emp>               <emp>               <emp>               <emp>               <emp>               <emp>               <emp>               <emp>               <emp>               <emp>               <emp>               <emp>               <emp>               <emp>              
Timings          : (44.444, 44.514)    (44.514, 44.754)    (45.461, 45.589)    (45.589, 45.717)    (45.717, 45.977)    (45.977, 46.187)    (46.187, 46.317)    (46.317, 46.427)    (46.427, 46.457)    (46.457, 46.547)    (46.547, 46.607)    (46.607, 46.977)    (47.745, 47.92)     (47.92, 47.995)     (47.995, 48.07)    
Token Types      : 0                   0                   0                   0                   0                   0                   0                   0                   0                   0                   0                   0                   0                   0                   0                  
turn_ids         : 0                   0                   0                   0                   0                   0                   0                   0                   0                   0                   0                   0                   0                   0                   0                  
turn_end_types   : 0                   0                   0                   0                   0                   0                   0                   0                   0                   0                   0                   0                   0                   0                   0                  
speaker_ids      : 0                   0                   0                   0                   0                   0                   0                   0                   0                   0                   0                   0                   0                   0                   0                  


A                : Ġbeen               Ġi                  Ġthink              Ġthat               Ġmay                Ġbe                 Ġthe                Ġsingle             Ġbiggest            Ġsocial             Ġchange             Ġin                 Ġthe                Ġmiddle             Ġclass             
Timings          : (48.07, 48.46)      (48.46, 48.64)      (48.64, 48.87)      (48.87, 49.04)      (49.04, 49.15)      (49.15, 49.3)       (49.3, 49.4)        (49.4, 49.83)       (50.664, 50.964)    (50.964, 51.254)    (51.254, 51.544)    (51.544, 51.644)    (51.644, 51.704)    (51.704, 51.904)    (51.904, 52.244)   
Token Types      : 1                   1                   1                   1                   1                   1                   1                   1                   1                   1                   1                   1                   1                   1                   1                  
turn_ids         : 82619064647684      82619064647684      82619064647684      82619064647684      82619064647684      82619064647684      82619064647684      82619064647684      82619064647684      82619064647684      82619064647684      82619064647684      82619064647684      82619064647684      82619064647684     
turn_end_types   : 1                   1                   1                   1                   1                   1                   1                   1                   1                   1                   1                   1                   1                   1                   1                  
speaker_ids      : 1                   1                   1                   1                   1                   1                   1                   1                   1                   1                   1                   1                   1                   1                   1                  

B                : <emp>               <emp>               <emp>               <emp>               <emp>               <emp>               <emp>               <emp>               <emp>               <emp>               <emp>               <emp>               <emp>               <emp>               <emp>              
Timings          : (48.07, 48.46)      (48.46, 48.64)      (48.64, 48.87)      (48.87, 49.04)      (49.04, 49.15)      (49.15, 49.3)       (49.3, 49.4)        (49.4, 49.83)       (50.664, 50.964)    (50.964, 51.254)    (51.254, 51.544)    (51.544, 51.644)    (51.644, 51.704)    (51.704, 51.904)    (51.904, 52.244)   
Token Types      : 0                   0                   0                   0                   0                   0                   0                   0                   0                   0                   0                   0                   0                   0                   0                  
turn_ids         : 0                   0                   0                   0                   0                   0                   0                   0                   0                   0                   0                   0                   0                   0                   0                  
turn_end_types   : 0                   0                   0                   0                   0                   0                   0                   0                   0                   0                   0                   0                   0                   0                   0                  
speaker_ids      : 0                   0                   0                   0                   0                   0                   0                   0                   0                   0                   0                   0                   0                   0                   0                  


A                : Ġanyway             Ġthat               's                  Ġuh                 Ġthat               Ġhas                Ġuh                 Ġuh                 Ġhad                Ġa                  Ġlot                Ġmore               Ġreperc             ussion              Ġthat              
Timings          : (52.244, 52.574)    (52.574, 52.734)    (52.734, 52.894)    (52.894, 53.143)    (53.82, 54.074)     (54.074, 54.374)    (54.374, 54.654)    (55.821, 56.266)    (56.266, 56.549)    (56.725, 56.794)    (56.794, 56.974)    (56.974, 57.134)    (57.134, 57.45)     (57.45, 57.764)     (57.764, 57.924)   
Token Types      : 1                   1                   1                   1                   1                   1                   1                   1                   1                   1                   1                   1                   1                   1                   1                  
turn_ids         : 82619064647684      82619064647684      82619064647684      82619064647684      82619064647684      82619064647684      82619064647684      82619064647684      82619064647684      82619064647684      82619064647684      82619064647684      82619064647684      82619064647684      82619064647684     
turn_end_types   : 1                   1                   1                   1                   1                   1                   1                   1                   1                   1                   1                   1                   1                   1                   1                  
speaker_ids      : 1                   1                   1                   1                   1                   1                   1                   1                   1                   1                   1                   1                   1                   1                   1                  

B                : <emp>               <emp>               <emp>               <emp>               <emp>               <emp>               <emp>               <emp>               <emp>               <emp>               <emp>               <emp>               <emp>               <emp>               <emp>              
Timings          : (52.244, 52.574)    (52.574, 52.734)    (52.734, 52.894)    (52.894, 53.143)    (53.82, 54.074)     (54.074, 54.374)    (54.374, 54.654)    (55.821, 56.266)    (56.266, 56.549)    (56.725, 56.794)    (56.794, 56.974)    (56.974, 57.134)    (57.134, 57.45)     (57.45, 57.764)     (57.764, 57.924)   
Token Types      : 0                   0                   0                   0                   0                   0                   0                   0                   0                   0                   0                   0                   0                   0                   0                  
turn_ids         : 0                   0                   0                   0                   0                   0                   0                   0                   0                   0                   0                   0                   0                   0                   0                  
turn_end_types   : 0                   0                   0                   0                   0                   0                   0                   0                   0                   0                   0                   0                   0                   0                   0                  
speaker_ids      : 0                   0                   0                   0                   0                   0                   0                   0                   0                   0                   0                   0                   0                   0                   0                  


A                : Ġpeople             Ġevery              Ġthought            <eot>               um                  <eint>              <emp>               <emp>               <emp>               <emp>               <emp>               <emp>               <emp>               <emp>               <emp>              
Timings          : (57.924, 58.194)    (58.194, 58.364)    (58.364, 58.755)    (-1.0, -1.0)        (59.518, 59.897)    (-1.0, -1.0)        (60.384, 60.554)    (60.554, 60.864)    (60.864, 60.984)    (60.984, 61.074)    (61.074, 61.324)    (61.324, 61.704)    (61.704, 62.303)    (62.45, 63.094)     (63.094, 63.334)   
Token Types      : 1                   1                   1                   1                   5                   5                   0                   0                   0                   0                   0                   0                   0                   0                   0                  
turn_ids         : 82619064647684      82619064647684      82619064647684      82619064647684      82623359614979      82623359614979      0                   0                   0                   0                   0                   0                   0                   0                   0                  
turn_end_types   : 1                   1                   1                   1                   0                   0                   0                   0                   0                   0                   0                   0                   0                   0                   0                  
speaker_ids      : 1                   1                   1                   1                   1                   1                   0                   0                   0                   0                   0                   0                   0                   0                   0                  

B                : <emp>               <emp>               <emp>               Ġyeah               <emp>               Ġyeah               Ġmy                 Ġwife               Ġand                Ġi                  Ġhave               Ġgone               Ġthrough            Ġa                  Ġcouple            
Timings          : (57.924, 58.194)    (58.194, 58.364)    (58.364, 58.755)    (59.09, 59.553)     (59.518, 59.897)    (60.185, 60.384)    (60.384, 60.554)    (60.554, 60.864)    (60.864, 60.984)    (60.984, 61.074)    (61.074, 61.324)    (61.324, 61.704)    (61.704, 62.303)    (62.45, 63.094)     (63.094, 63.334)   
Token Types      : 0                   0                   0                   1                   1                   1                   1                   1                   1                   1                   1                   1                   1                   1                   1                  
turn_ids         : 0                   0                   0                   82619601518597      82619601518597      82619601518597      82619601518597      82619601518597      82619601518597      82619601518597      82619601518597      82619601518597      82619601518597      82619601518597      82619601518597     
turn_end_types   : 0                   0                   0                   1                   1                   1                   1                   1                   1                   1                   1                   1                   1                   1                   1                  
speaker_ids      : 0                   0                   0                   2                   2                   2                   2                   2                   2                   2                   2                   2                   2                   2                   2                  


A                : <emp>               <emp>               <emp>               <emp>               <emp>               <emp>               <emp>               <emp>               <emp>               <emp>               <emp>               <emp>               <emp>               <emp>               <emp>              
Timings          : (63.334, 63.394)    (63.394, 63.824)    (63.824, 64.421)    (64.609, 64.691)    (64.691, 64.774)    (64.774, 65.074)    (65.074, 65.174)    (65.174, 65.398)    (65.398, 65.642)    (65.642, 65.888)    (65.888, 66.134)    (66.86, 67.53)      (68.01, 68.09)      (68.09, 68.17)      (68.17, 68.32)     
Token Types      : 0                   0                   0                   0                   0                   0                   0                   0                   0                   0                   0                   0                   0                   0                   0                  
turn_ids         : 0                   0                   0                   0                   0                   0                   0                   0                   0                   0                   0                   0                   0                   0                   0                  
turn_end_types   : 0                   0                   0                   0                   0                   0                   0                   0                   0                   0                   0                   0                   0                   0                   0                  
speaker_ids      : 0                   0                   0                   0                   0                   0                   0                   0                   0                   0                   0                   0                   0                   0                   0                  

B                : Ġof                 Ġdecades            Ġtogether           Ġwe                 're                 Ġboth               Ġon                 Ġour                Ġearly              Ġfor                ties                Ġum                 Ġwe                 've                 Ġbeen              
Timings          : (63.334, 63.394)    (63.394, 63.824)    (63.824, 64.421)    (64.609, 64.691)    (64.691, 64.774)    (64.774, 65.074)    (65.074, 65.174)    (65.174, 65.398)    (65.398, 65.642)    (65.642, 65.888)    (65.888, 66.134)    (66.86, 67.53)      (68.01, 68.09)      (68.09, 68.17)      (68.17, 68.32)     
Token Types      : 1                   1                   1                   1                   1                   1                   1                   1                   1                   1                   1                   1                   1                   1                   1                  
turn_ids         : 82619601518597      82619601518597      82619601518597      82619601518597      82619601518597      82619601518597      82619601518597      82619601518597      82619601518597      82619601518597      82619601518597      82619601518597      82619601518597      82619601518597      82619601518597     
turn_end_types   : 1                   1                   1                   1                   1                   1                   1                   1                   1                   1                   1                   1                   1                   1                   1                  
speaker_ids      : 2                   2                   2                   2                   2                   2                   2                   2                   2                   2                   2                   2                   2                   2                   2                  


A                : <emp>               <emp>               <emp>               <emp>               <emp>               <emp>               <emp>               <emp>               <emp>               <emp>               <emp>               <emp>               <emp>               <emp>               <emp>              
Timings          : (68.32, 68.85)      (68.85, 69.156)     (69.156, 69.43)     (69.43, 69.61)      (69.61, 70.14)      (70.692, 70.872)    (70.872, 70.992)    (70.992, 71.232)    (71.232, 71.312)    (71.312, 71.452)    (71.452, 71.642)    (71.642, 72.221)    (72.56, 73.182)     (73.182, 73.542)    (73.752, 73.982)   
Token Types      : 0                   0                   0                   0                   0                   0                   0                   0                   0                   0                   0                   0                   0                   0                   0                  
turn_ids         : 0                   0                   0                   0                   0                   0                   0                   0                   0                   0                   0                   0                   0                   0                   0                  
turn_end_types   : 0                   0                   0                   0                   0                   0                   0                   0                   0                   0                   0                   0                   0                   0                   0                  
speaker_ids      : 0                   0                   0                   0                   0                   0                   0                   0                   0                   0                   0                   0                   0                   0                   0                  

B                : Ġmarried            Ġuh                 Ġtwenty             Ġtwo                Ġyears              Ġso                 Ġwe                 Ġsort               Ġof                 Ġgrew               Ġup                 Ġtogether           Ġand                Ġum                 Ġjust              
Timings          : (68.32, 68.85)      (68.85, 69.156)     (69.156, 69.43)     (69.43, 69.61)      (69.61, 70.14)      (70.692, 70.872)    (70.872, 70.992)    (70.992, 71.232)    (71.232, 71.312)    (71.312, 71.452)    (71.452, 71.642)    (71.642, 72.221)    (72.56, 73.182)     (73.182, 73.542)    (73.752, 73.982)   
Token Types      : 1                   1                   1                   1                   1                   1                   1                   1                   1                   1                   1                   1                   1                   1                   1                  
turn_ids         : 82619601518597      82619601518597      82619601518597      82619601518597      82619601518597      82619601518597      82619601518597      82619601518597      82619601518597      82619601518597      82619601518597      82619601518597      82619601518597      82619601518597      82619601518597     
turn_end_types   : 1                   1                   1                   1                   1                   1                   1                   1                   1                   1                   1                   1                   1                   1                   1                  
speaker_ids      : 2                   2                   2                   2                   2                   2                   2                   2                   2                   2                   2                   2                   2                   2                   2                  


A                : <emp>               <emp>               <emp>               <emp>               <emp>               <emp>               <emp>               <emp>               <emp>               <emp>               <emp>               <emp>               <emp>               <emp>               <emp>              
Timings          : (73.982, 74.222)    (74.222, 74.772)    (75.152, 75.312)    (75.312, 75.532)    (75.532, 75.622)    (75.622, 75.755)    (75.755, 75.86)     (75.86, 76.082)     (76.082, 76.232)    (76.232, 76.432)    (76.432, 76.562)    (76.562, 76.592)    (76.592, 76.772)    (76.772, 76.972)    (76.972, 77.192)   
Token Types      : 0                   0                   0                   0                   0                   0                   0                   0                   0                   0                   0                   0                   0                   0                   0                  
turn_ids         : 0                   0                   0                   0                   0                   0                   0                   0                   0                   0                   0                   0                   0                   0                   0                  
turn_end_types   : 0                   0                   0                   0                   0                   0                   0                   0                   0                   0                   0                   0                   0                   0                   0                  
speaker_ids      : 0                   0                   0                   0                   0                   0                   0                   0                   0                   0                   0                   0                   0                   0                   0                  

B                : Ġhad                Ġchildren           Ġuh                 Ġso                 Ġwe                 Ġhave               Ġa                  Ġfour               Ġyear               Ġold                Ġand                Ġa                  Ġtwo                Ġyear               Ġold               
Timings          : (73.982, 74.222)    (74.222, 74.772)    (75.152, 75.312)    (75.312, 75.532)    (75.532, 75.622)    (75.622, 75.755)    (75.755, 75.86)     (75.86, 76.082)     (76.082, 76.232)    (76.232, 76.432)    (76.432, 76.562)    (76.562, 76.592)    (76.592, 76.772)    (76.772, 76.972)    (76.972, 77.192)   
Token Types      : 1                   1                   1                   1                   1                   1                   1                   1                   1                   1                   1                   1                   1                   1                   1                  
turn_ids         : 82619601518597      82619601518597      82619601518597      82619601518597      82619601518597      82619601518597      82619601518597      82619601518597      82619601518597      82619601518597      82619601518597      82619601518597      82619601518597      82619601518597      82619601518597     
turn_end_types   : 1                   1                   1                   1                   1                   1                   1                   1                   1                   1                   1                   1                   1                   1                   1                  
speaker_ids      : 2                   2                   2                   2                   2                   2                   2                   2                   2                   2                   2                   2                   2                   2                   2                  


A                : um                  hum                 <ebc>               <emp>               <emp>               <emp>               <emp>               <emp>               <emp>               <emp>               <emp>               <emp>               <emp>               <emp>               <emp>              
Timings          : (77.45, 77.59)      (77.59, 77.73)      (-1.0, -1.0)        (78.787, 79.048)    (79.048, 79.195)    (79.195, 79.297)    (79.297, 79.527)    (79.527, 79.917)    (79.917, 80.397)    (80.397, 80.517)    (80.517, 80.607)    (80.607, 81.227)    (81.437, 81.857)    (82.487, 82.627)    (82.627, 82.727)   
Token Types      : 3                   3                   3                   0                   0                   0                   0                   0                   0                   0                   0                   0                   0                   0                   0                  
turn_ids         : 82621212131331      82621212131331      82621212131331      0                   0                   0                   0                   0                   0                   0                   0                   0                   0                   0                   0                  
turn_end_types   : 0                   0                   0                   0                   0                   0                   0                   0                   0                   0                   0                   0                   0                   0                   0                  
speaker_ids      : 1                   1                   1                   0                   0                   0                   0                   0                   0                   0                   0                   0                   0                   0                   0                  

B                : <emp>               <emp>               Ġand                Ġuh                 Ġfor                Ġthe                Ġfirst              Ġeighteen           Ġyears              Ġof                 Ġour                Ġmarriage           Ġum                 Ġwe                 Ġwere              
Timings          : (77.45, 77.59)      (77.59, 77.73)      (78.387, 78.787)    (78.787, 79.048)    (79.048, 79.195)    (79.195, 79.297)    (79.297, 79.527)    (79.527, 79.917)    (79.917, 80.397)    (80.397, 80.517)    (80.517, 80.607)    (80.607, 81.227)    (81.437, 81.857)    (82.487, 82.627)    (82.627, 82.727)   
Token Types      : 1                   1                   1                   1                   1                   1                   1                   1                   1                   1                   1                   1                   1                   1                   1                  
turn_ids         : 82619601518597      82619601518597      82619601518597      82619601518597      82619601518597      82619601518597      82619601518597      82619601518597      82619601518597      82619601518597      82619601518597      82619601518597      82619601518597      82619601518597      82619601518597     
turn_end_types   : 1                   1                   1                   1                   1                   1                   1                   1                   1                   1                   1                   1                   1                   1                   1                  
speaker_ids      : 2                   2                   2                   2                   2                   2                   2                   2                   2                   2                   2                   2                   2                   2                   2                  


A                : <emp>               <emp>               <emp>               <emp>               <emp>               <emp>               <emp>               <emp>               Ġum                 hum                 <ebc>               <emp>               <emp>               <emp>               <emp>              
Timings          : (82.727, 82.957)    (82.957, 83.618)    (83.618, 83.751)    (83.751, 83.889)    (83.889, 84.467)    (84.467, 84.597)    (84.597, 84.727)    (84.727, 84.955)    (85.233, 85.358)    (85.358, 85.483)    (-1.0, -1.0)        (85.637, 85.747)    (85.747, 85.947)    (85.947, 86.007)    (86.007, 86.267)   
Token Types      : 0                   0                   0                   0                   0                   0                   0                   0                   3                   3                   3                   0                   0                   0                   0                  
turn_ids         : 0                   0                   0                   0                   0                   0                   0                   0                   82621212131332      82621212131332      82621212131332      0                   0                   0                   0                  
turn_end_types   : 0                   0                   0                   0                   0                   0                   0                   0                   0                   0                   0                   0                   0                   0                   0                  
speaker_ids      : 0                   0                   0                   0                   0                   0                   0                   0                   1                   1                   1                   0                   0                   0                   0                  

B                : Ġtwo                Ġincome             Ġyou                Ġknow               Ġcareers            Ġand                Ġall                Ġthat               <emp>               <emp>               Ġso                 Ġwe                 Ġhad                Ġa                  Ġpretty            
Timings          : (82.727, 82.957)    (82.957, 83.618)    (83.618, 83.751)    (83.751, 83.889)    (83.889, 84.467)    (84.467, 84.597)    (84.597, 84.727)    (84.727, 84.955)    (85.233, 85.358)    (85.358, 85.483)    (85.471, 85.637)    (85.637, 85.747)    (85.747, 85.947)    (85.947, 86.007)    (86.007, 86.267)   
Token Types      : 1                   1                   1                   1                   1                   1                   1                   1                   1                   1                   1                   1                   1                   1                   1                  
turn_ids         : 82619601518597      82619601518597      82619601518597      82619601518597      82619601518597      82619601518597      82619601518597      82619601518597      82619601518597      82619601518597      82619601518597      82619601518597      82619601518597      82619601518597      82619601518597     
turn_end_types   : 1                   1                   1                   1                   1                   1                   1                   1                   1                   1                   1                   1                   1                   1                   1                  
speaker_ids      : 2                   2                   2                   2                   2                   2                   2                   2                   2                   2                   2                   2                   2                   2                   2                  


A                : <emp>               <emp>               <emp>               <emp>               <emp>               <emp>               <emp>               <emp>               <emp>               <emp>               <emp>               <emp>               <emp>               <emp>               <emp>              
Timings          : (86.267, 86.497)    (86.497, 87.107)    (87.107, 87.228)    (87.918, 88.418)    (88.418, 88.658)    (88.658, 88.728)    (88.728, 89.088)    (89.088, 89.188)    (89.188, 89.778)    (89.778, 89.938)    (89.938, 90.464)    (91.097, 91.248)    (91.248, 91.348)    (91.348, 91.868)    (91.868, 92.058)   
Token Types      : 0                   0                   0                   0                   0                   0                   0                   0                   0                   0                   0                   0                   0                   0                   0                  
turn_ids         : 0                   0                   0                   0                   0                   0                   0                   0                   0                   0                   0                   0                   0                   0                   0                  
turn_end_types   : 0                   0                   0                   0                   0                   0                   0                   0                   0                   0                   0                   0                   0                   0                   0                  
speaker_ids      : 0                   0                   0                   0                   0                   0                   0                   0                   0                   0                   0                   0                   0                   0                   0                  

B                : Ġfull               Ġlifestyle          Ġand                Ġand                Ġhaving             Ġthe                Ġchildren           Ġwe                 Ġdecided            Ġto                 Ġuh                 Ġto                 Ġgo                 Ġinto               Ġone               
Timings          : (86.267, 86.497)    (86.497, 87.107)    (87.107, 87.228)    (87.918, 88.418)    (88.418, 88.658)    (88.658, 88.728)    (88.728, 89.088)    (89.088, 89.188)    (89.188, 89.778)    (89.778, 89.938)    (89.938, 90.464)    (91.097, 91.248)    (91.248, 91.348)    (91.348, 91.868)    (91.868, 92.058)   
Token Types      : 1                   1                   1                   1                   1                   1                   1                   1                   1                   1                   1                   1                   1                   1                   1                  
turn_ids         : 82619601518597      82619601518597      82619601518597      82619601518597      82619601518597      82619601518597      82619601518597      82619601518597      82619601518597      82619601518597      82619601518597      82619601518597      82619601518597      82619601518597      82619601518597     
turn_end_types   : 1                   1                   1                   1                   1                   1                   1                   1                   1                   1                   1                   1                   1                   1                   1                  
speaker_ids      : 2                   2                   2                   2                   2                   2                   2                   2                   2                   2                   2                   2                   2                   2                   2                  


A                : <emp>               <emp>               <emp>               <emp>               <emp>               <emp>               <emp>               <emp>               Ġtough              Ġisn                't                  Ġit                 <eot>               <emp>               <emp>              
Timings          : (92.058, 92.448)    (92.448, 92.668)    (92.668, 92.768)    (92.768, 93.078)    (93.078, 93.228)    (93.228, 93.388)    (93.388, 93.718)    (93.718, 94.168)    (94.393, 94.643)    (94.643, 94.713)    (94.713, 94.783)    (94.783, 94.886)    (-1.0, -1.0)        (95.102, 95.207)    (95.207, 95.312)   
Token Types      : 0                   0                   0                   0                   0                   0                   0                   0                   1                   1                   1                   1                   1                   0                   0                  
turn_ids         : 0                   0                   0                   0                   0                   0                   0                   0                   82619064647686      82619064647686      82619064647686      82619064647686      82619064647686      0                   0                  
turn_end_types   : 0                   0                   0                   0                   0                   0                   0                   0                   1                   1                   1                   1                   1                   0                   0                  
speaker_ids      : 0                   0                   0                   0                   0                   0                   0                   0                   1                   1                   1                   1                   1                   0                   0                  

B                : Ġincome             Ġso                 Ġi                  Ġwork               Ġand                Ġshe                Ġstays              Ġhome               <eot>               <emp>               Ġand                <emp>               Ġand                Ġit                 's                 
Timings          : (92.058, 92.448)    (92.448, 92.668)    (92.668, 92.768)    (92.768, 93.078)    (93.078, 93.228)    (93.228, 93.388)    (93.388, 93.718)    (93.718, 94.168)    (-1.0, -1.0)        (94.643, 94.713)    (94.732, 94.902)    (94.783, 94.886)    (94.902, 95.102)    (95.102, 95.207)    (95.207, 95.312)   
Token Types      : 1                   1                   1                   1                   1                   1                   1                   1                   1                   0                   1                   1                   1                   1                   1                  
turn_ids         : 82619601518597      82619601518597      82619601518597      82619601518597      82619601518597      82619601518597      82619601518597      82619601518597      82619601518597      0                   82619601518599      82619601518599      82619601518599      82619601518599      82619601518599     
turn_end_types   : 1                   1                   1                   1                   1                   1                   1                   1                   1                   0                   1                   1                   1                   1                   1                  
speaker_ids      : 2                   2                   2                   2                   2                   2                   2                   2                   2                   0                   2                   2                   2                   2                   2                  


A                : <emp>               <emp>               <emp>               <emp>               <emp>               <emp>               <emp>               <emp>               <emp>               <emp>               <emp>               <emp>               <emp>               Ġour                Ġsituation         
Timings          : (95.412, 95.492)    (95.492, 95.612)    (95.612, 95.762)    (96.716, 96.827)    (96.827, 97.214)    (97.214, 97.564)    (97.564, 97.996)    (98.218, 98.382)    (98.665, 98.924)    (98.924, 99.014)    (99.014, 99.504)    (99.504, 99.574)    (99.574, 99.764)    (100.661, 100.801)  (100.801, 100.901) 
Token Types      : 0                   0                   0                   0                   0                   0                   0                   0                   0                   0                   0                   0                   0                   5                   5                  
turn_ids         : 0                   0                   0                   0                   0                   0                   0                   0                   0                   0                   0                   0                   0                   82623359614983      82623359614983     
turn_end_types   : 0                   0                   0                   0                   0                   0                   0                   0                   0                   0                   0                   0                   0                   0                   0                  
speaker_ids      : 0                   0                   0                   0                   0                   0                   0                   0                   0                   0                   0                   0                   0                   1                   1                  

B                : Ġyou                Ġknow               Ġthe                Ġthe                Ġideal              Ġvalue              Ġsystem             Ġis                 Ġis                 Ġto                 Ġmotivate           Ġit                 Ġthere              Ġbecause            Ġit                
Timings          : (95.412, 95.492)    (95.492, 95.612)    (95.612, 95.762)    (96.716, 96.827)    (96.827, 97.214)    (97.214, 97.564)    (97.564, 97.996)    (98.218, 98.382)    (98.665, 98.924)    (98.924, 99.014)    (99.014, 99.504)    (99.504, 99.574)    (99.574, 99.764)    (100.579, 100.809)  (100.809, 101.054) 
Token Types      : 1                   1                   1                   1                   1                   1                   1                   1                   1                   1                   1                   1                   1                   1                   1                  
turn_ids         : 82619601518599      82619601518599      82619601518599      82619601518599      82619601518599      82619601518599      82619601518599      82619601518599      82619601518599      82619601518599      82619601518599      82619601518599      82619601518599      82619601518599      82619601518599     
turn_end_types   : 1                   1                   1                   1                   1                   1                   1                   1                   1                   1                   1                   1                   1                   1                   1                  
speaker_ids      : 2                   2                   2                   2                   2                   2                   2                   2                   2                   2                   2                   2                   2                   2                   2                  


A                : <eint>              <emp>               <emp>               <emp>               <emp>               <emp>               <emp>               <emp>               <emp>               <emp>               <emp>               <emp>               <emp>               Ġour                Ġsituation         
Timings          : (-1.0, -1.0)        (101.513, 101.889)  (101.889, 102.009)  (102.009, 102.349)  (102.349, 102.649)  (102.649, 102.819)  (103.999, 104.109)  (104.109, 104.229)  (104.229, 104.449)  (104.449, 104.679)  (104.679, 104.789)  (104.789, 104.989)  (104.989, 105.315)  (105.633, 105.763)  (105.763, 106.323) 
Token Types      : 5                   0                   0                   0                   0                   0                   0                   0                   0                   0                   0                   0                   0                   1                   1                  
turn_ids         : 82623359614983      0                   0                   0                   0                   0                   0                   0                   0                   0                   0                   0                   0                   82619064647688      82619064647688     
turn_end_types   : 0                   0                   0                   0                   0                   0                   0                   0                   0                   0                   0                   0                   0                   1                   1                  
speaker_ids      : 1                   0                   0                   0                   0                   0                   0                   0                   0                   0                   0                   0                   0                   1                   1                  

B                : Ġit                 Ġcertainly          Ġis                 Ġsomething          Ġthat               Ġuh                 Ġthat               Ġwe                 Ġthought            Ġlong               Ġand                Ġhard               Ġabout              <eot>               <emp>              
Timings          : (101.054, 101.245)  (101.513, 101.889)  (101.889, 102.009)  (102.009, 102.349)  (102.349, 102.649)  (102.649, 102.819)  (103.999, 104.109)  (104.109, 104.229)  (104.229, 104.449)  (104.449, 104.679)  (104.679, 104.789)  (104.789, 104.989)  (104.989, 105.315)  (-1.0, -1.0)        (105.763, 106.323) 
Token Types      : 1                   1                   1                   1                   1                   1                   1                   1                   1                   1                   1                   1                   1                   1                   0                  
turn_ids         : 82619601518599      82619601518599      82619601518599      82619601518599      82619601518599      82619601518599      82619601518599      82619601518599      82619601518599      82619601518599      82619601518599      82619601518599      82619601518599      82619601518599      0                  
turn_end_types   : 1                   1                   1                   1                   1                   1                   1                   1                   1                   1                   1                   1                   1                   1                   0                  
speaker_ids      : 2                   2                   2                   2                   2                   2                   2                   2                   2                   2                   2                   2                   2                   2                   0                  


A                : Ġis                 Ġvery               Ġmuch               Ġvery               Ġsimilar            Ġum                 Ġm                  ary                 Ġwe                 're                 Ġboth               Ġprofessionals      Ġand                Ġused               Ġto                
Timings          : (106.323, 106.433)  (106.433, 106.573)  (106.573, 106.933)  (106.933, 107.123)  (107.123, 107.473)  (108.172, 108.555)  (109.142, 109.292)  (109.292, 109.442)  (110.372, 110.482)  (110.482, 110.592)  (110.592, 110.862)  (110.862, 111.452)  (111.452, 111.692)  (112.522, 112.782)  (112.782, 112.862) 
Token Types      : 1                   1                   1                   1                   1                   1                   1                   1                   1                   1                   1                   1                   1                   1                   1                  
turn_ids         : 82619064647688      82619064647688      82619064647688      82619064647688      82619064647688      82619064647688      82619064647688      82619064647688      82619064647688      82619064647688      82619064647688      82619064647688      82619064647688      82619064647688      82619064647688     
turn_end_types   : 1                   1                   1                   1                   1                   1                   1                   1                   1                   1                   1                   1                   1                   1                   1                  
speaker_ids      : 1                   1                   1                   1                   1                   1                   1                   1                   1                   1                   1                   1                   1                   1                   1                  

B                : <emp>               <emp>               <emp>               <emp>               <emp>               <emp>               <emp>               <emp>               <emp>               <emp>               <emp>               <emp>               <emp>               <emp>               <emp>              
Timings          : (106.323, 106.433)  (106.433, 106.573)  (106.573, 106.933)  (106.933, 107.123)  (107.123, 107.473)  (108.172, 108.555)  (109.142, 109.292)  (109.292, 109.442)  (110.372, 110.482)  (110.482, 110.592)  (110.592, 110.862)  (110.862, 111.452)  (111.452, 111.692)  (112.522, 112.782)  (112.782, 112.862) 
Token Types      : 0                   0                   0                   0                   0                   0                   0                   0                   0                   0                   0                   0                   0                   0                   0                  
turn_ids         : 0                   0                   0                   0                   0                   0                   0                   0                   0                   0                   0                   0                   0                   0                   0                  
turn_end_types   : 0                   0                   0                   0                   0                   0                   0                   0                   0                   0                   0                   0                   0                   0                   0                  
speaker_ids      : 0                   0                   0                   0                   0                   0                   0                   0                   0                   0                   0                   0                   0                   0                   0                  


A                : Ġworking            Ġand                Ġwe                 Ġdecided            Ġthat               Ġwhen               Ġwe                 Ġhad                Ġkids               Ġthat               Ġwe                 Ġwould              Ġuh                 Ġhave               Ġsomebody          
Timings          : (112.862, 113.222)  (113.869, 114.009)  (114.009, 114.109)  (114.109, 114.599)  (114.599, 114.769)  (114.769, 114.919)  (114.919, 115.009)  (115.009, 115.169)  (115.169, 115.439)  (115.439, 115.579)  (115.579, 115.699)  (115.699, 115.969)  (115.969, 116.099)  (116.749, 116.879)  (116.879, 117.189) 
Token Types      : 1                   1                   1                   1                   1                   1                   1                   1                   1                   1                   1                   1                   1                   1                   1                  
turn_ids         : 82619064647688      82619064647688      82619064647688      82619064647688      82619064647688      82619064647688      82619064647688      82619064647688      82619064647688      82619064647688      82619064647688      82619064647688      82619064647688      82619064647688      82619064647688     
turn_end_types   : 1                   1                   1                   1                   1                   1                   1                   1                   1                   1                   1                   1                   1                   1                   1                  
speaker_ids      : 1                   1                   1                   1                   1                   1                   1                   1                   1                   1                   1                   1                   1                   1                   1                  

B                : <emp>               <emp>               <emp>               <emp>               <emp>               <emp>               <emp>               <emp>               <emp>               <emp>               <emp>               <emp>               <emp>               <emp>               <emp>              
Timings          : (112.862, 113.222)  (113.869, 114.009)  (114.009, 114.109)  (114.109, 114.599)  (114.599, 114.769)  (114.769, 114.919)  (114.919, 115.009)  (115.009, 115.169)  (115.169, 115.439)  (115.439, 115.579)  (115.579, 115.699)  (115.699, 115.969)  (115.969, 116.099)  (116.749, 116.879)  (116.879, 117.189) 
Token Types      : 0                   0                   0                   0                   0                   0                   0                   0                   0                   0                   0                   0                   0                   0                   0                  
turn_ids         : 0                   0                   0                   0                   0                   0                   0                   0                   0                   0                   0                   0                   0                   0                   0                  
turn_end_types   : 0                   0                   0                   0                   0                   0                   0                   0                   0                   0                   0                   0                   0                   0                   0                  
speaker_ids      : 0                   0                   0                   0                   0                   0                   0                   0                   0                   0                   0                   0                   0                   0                   0                  


A                : Ġhome               Ġuntil              Ġthey               Ġwere               Ġuh                 Ġwell               Ġinto               Ġschool             <emp>               <emp>               Ġit                 's                  Ġdifficult          Ġespecially         Ġit                
Timings          : (117.189, 117.498)  (118.059, 118.389)  (118.389, 118.509)  (118.509, 118.829)  (118.829, 118.982)  (119.261, 119.529)  (119.529, 119.719)  (119.719, 120.089)  (120.294, 120.513)  (120.513, 120.731)  (120.694, 120.769)  (120.769, 120.844)  (120.844, 121.398)  (121.575, 122.164)  (122.294, 122.424) 
Token Types      : 1                   1                   1                   1                   1                   1                   1                   1                   1                   1                   1                   1                   1                   1                   1                  
turn_ids         : 82619064647688      82619064647688      82619064647688      82619064647688      82619064647688      82619064647688      82619064647688      82619064647688      82619064647688      82619064647688      82619064647688      82619064647688      82619064647688      82619064647688      82619064647688     
turn_end_types   : 1                   1                   1                   1                   1                   1                   1                   1                   1                   1                   1                   1                   1                   1                   1                  
speaker_ids      : 1                   1                   1                   1                   1                   1                   1                   1                   1                   1                   1                   1                   1                   1                   1                  

B                : <emp>               <emp>               <emp>               <emp>               <emp>               <emp>               <emp>               <emp>               Ġum                 hum                 <ebc>               <emp>               <emp>               <emp>               <emp>              
Timings          : (117.189, 117.498)  (118.059, 118.389)  (118.389, 118.509)  (118.509, 118.829)  (118.829, 118.982)  (119.261, 119.529)  (119.529, 119.719)  (119.719, 120.089)  (120.294, 120.513)  (120.513, 120.731)  (-1.0, -1.0)        (120.769, 120.844)  (120.844, 121.398)  (121.575, 122.164)  (122.294, 122.424) 
Token Types      : 0                   0                   0                   0                   0                   0                   0                   0                   3                   3                   3                   0                   0                   0                   0                  
turn_ids         : 0                   0                   0                   0                   0                   0                   0                   0                   82621749002246      82621749002246      82621749002246      0                   0                   0                   0                  
turn_end_types   : 0                   0                   0                   0                   0                   0                   0                   0                   0                   0                   0                   0                   0                   0                   0                  
speaker_ids      : 0                   0                   0                   0                   0                   0                   0                   0                   2                   2                   2                   0                   0                   0                   0                  


A                : 's                  Ġnot                Ġso                 Ġmuch               Ġdifficult          Ġfinancially        Ġi                  Ġdon                't                  Ġthink              Ġas                 Ġit                 Ġis                 Ġuh                 Ġculturally        
Timings          : (122.424, 122.554)  (122.554, 122.764)  (122.764, 122.874)  (122.874, 123.331)  (124.452, 124.914)  (124.914, 125.583)  (125.583, 125.633)  (125.633, 125.723)  (125.723, 125.813)  (125.813, 126.161)  (126.564, 126.763)  (126.763, 126.863)  (126.863, 127.073)  (127.073, 127.213)  (127.213, 127.869) 
Token Types      : 1                   1                   1                   1                   1                   1                   1                   1                   1                   1                   1                   1                   1                   1                   1                  
turn_ids         : 82619064647688      82619064647688      82619064647688      82619064647688      82619064647688      82619064647688      82619064647688      82619064647688      82619064647688      82619064647688      82619064647688      82619064647688      82619064647688      82619064647688      82619064647688     
turn_end_types   : 1                   1                   1                   1                   1                   1                   1                   1                   1                   1                   1                   1                   1                   1                   1                  
speaker_ids      : 1                   1                   1                   1                   1                   1                   1                   1                   1                   1                   1                   1                   1                   1                   1                  

B                : <emp>               <emp>               <emp>               <emp>               <emp>               <emp>               <emp>               <emp>               <emp>               <emp>               <emp>               <emp>               <emp>               <emp>               <emp>              
Timings          : (122.424, 122.554)  (122.554, 122.764)  (122.764, 122.874)  (122.874, 123.331)  (124.452, 124.914)  (124.914, 125.583)  (125.583, 125.633)  (125.633, 125.723)  (125.723, 125.813)  (125.813, 126.161)  (126.564, 126.763)  (126.763, 126.863)  (126.863, 127.073)  (127.073, 127.213)  (127.213, 127.869) 
Token Types      : 0                   0                   0                   0                   0                   0                   0                   0                   0                   0                   0                   0                   0                   0                   0                  
turn_ids         : 0                   0                   0                   0                   0                   0                   0                   0                   0                   0                   0                   0                   0                   0                   0                  
turn_end_types   : 0                   0                   0                   0                   0                   0                   0                   0                   0                   0                   0                   0                   0                   0                   0                  
speaker_ids      : 0                   0                   0                   0                   0                   0                   0                   0                   0                   0                   0                   0                   0                   0                   0                  


A                : Ġin                 Ġthat               Ġit                 's                  Ġum                 Ġuh                 Ġkind               Ġof                 Ġexpected           Ġi                  Ġthink              Ġi                  Ġthink              Ġit                 's                 
Timings          : (128.534, 128.704)  (128.704, 128.854)  (128.854, 128.946)  (128.946, 129.039)  (129.626, 130.064)  (130.947, 131.362)  (131.96, 132.167)   (132.167, 132.227)  (132.227, 132.817)  (133.41, 133.557)   (133.557, 133.738)  (133.738, 133.873)  (133.873, 134.067)  (134.067, 134.183)  (134.183, 134.299) 
Token Types      : 1                   1                   1                   1                   1                   1                   1                   1                   1                   1                   1                   1                   1                   1                   1                  
turn_ids         : 82619064647688      82619064647688      82619064647688      82619064647688      82619064647688      82619064647688      82619064647688      82619064647688      82619064647688      82619064647688      82619064647688      82619064647688      82619064647688      82619064647688      82619064647688     
turn_end_types   : 1                   1                   1                   1                   1                   1                   1                   1                   1                   1                   1                   1                   1                   1                   1                  
speaker_ids      : 1                   1                   1                   1                   1                   1                   1                   1                   1                   1                   1                   1                   1                   1                   1                  

B                : <emp>               <emp>               <emp>               <emp>               <emp>               <emp>               <emp>               <emp>               <emp>               Ġum                 hum                 <ebc>               <emp>               <emp>               <emp>              
Timings          : (128.534, 128.704)  (128.704, 128.854)  (128.854, 128.946)  (128.946, 129.039)  (129.626, 130.064)  (130.947, 131.362)  (131.96, 132.167)   (132.167, 132.227)  (132.227, 132.817)  (133.378, 133.593)  (133.593, 133.808)  (-1.0, -1.0)        (133.873, 134.067)  (134.067, 134.183)  (134.183, 134.299) 
Token Types      : 0                   0                   0                   0                   0                   0                   0                   0                   0                   3                   3                   3                   0                   0                   0                  
turn_ids         : 0                   0                   0                   0                   0                   0                   0                   0                   0                   82621749002247      82621749002247      82621749002247      0                   0                   0                  
turn_end_types   : 0                   0                   0                   0                   0                   0                   0                   0                   0                   0                   0                   0                   0                   0                   0                  
speaker_ids      : 0                   0                   0                   0                   0                   0                   0                   0                   0                   2                   2                   2                   0                   0                   0                  


A                : Ġdifficult          Ġon                 Ġmy                 Ġwife               Ġnot                Ġto                 Ġbe                 Ġum                 Ġprofessionally     Ġidentified         Ġand                Ġthat               Ġsort               Ġof                 Ġthing             
Timings          : (134.397, 134.862)  (135.036, 135.167)  (135.167, 135.287)  (135.287, 135.587)  (135.587, 135.827)  (135.827, 135.897)  (135.897, 136.138)  (136.556, 136.885)  (137.891, 138.421)  (138.421, 138.981)  (139.331, 139.531)  (139.531, 139.651)  (139.651, 139.811)  (139.811, 139.871)  (139.871, 140.081) 
Token Types      : 1                   1                   1                   1                   1                   1                   1                   1                   1                   1                   1                   1                   1                   1                   1                  
turn_ids         : 82619064647688      82619064647688      82619064647688      82619064647688      82619064647688      82619064647688      82619064647688      82619064647688      82619064647688      82619064647688      82619064647688      82619064647688      82619064647688      82619064647688      82619064647688     
turn_end_types   : 1                   1                   1                   1                   1                   1                   1                   1                   1                   1                   1                   1                   1                   1                   1                  
speaker_ids      : 1                   1                   1                   1                   1                   1                   1                   1                   1                   1                   1                   1                   1                   1                   1                  

B                : <emp>               <emp>               <emp>               <emp>               <emp>               <emp>               <emp>               <emp>               <emp>               <emp>               Ġum                 hum                 <ebc>               <emp>               <emp>              
Timings          : (134.397, 134.862)  (135.036, 135.167)  (135.167, 135.287)  (135.287, 135.587)  (135.587, 135.827)  (135.827, 135.897)  (135.897, 136.138)  (136.556, 136.885)  (137.891, 138.421)  (138.421, 138.981)  (139.245, 139.435)  (139.435, 139.624)  (-1.0, -1.0)        (139.811, 139.871)  (139.871, 140.081) 
Token Types      : 0                   0                   0                   0                   0                   0                   0                   0                   0                   0                   3                   3                   3                   0                   0                  
turn_ids         : 0                   0                   0                   0                   0                   0                   0                   0                   0                   0                   82621749002248      82621749002248      82621749002248      0                   0                  
turn_end_types   : 0                   0                   0                   0                   0                   0                   0                   0                   0                   0                   0                   0                   0                   0                   0                  
speaker_ids      : 0                   0                   0                   0                   0                   0                   0                   0                   0                   0                   2                   2                   2                   0                   0                  


A                : Ġbut                Ġi                  Ġreally             Ġfeel               Ġlike               Ġit                 's                  Ġbeen               Ġworth              Ġit                 Ġfor                Ġthe                Ġkids               Ġand                Ġwhen              
Timings          : (140.791, 140.981)  (140.981, 141.295)  (141.496, 141.761)  (141.761, 141.941)  (141.941, 142.081)  (142.081, 142.146)  (142.146, 142.211)  (142.211, 142.411)  (142.411, 142.611)  (142.611, 142.711)  (142.711, 142.821)  (142.821, 142.881)  (142.881, 143.251)  (143.601, 144.131)  (144.401, 144.521) 
Token Types      : 1                   1                   1                   1                   1                   1                   1                   1                   1                   1                   1                   1                   1                   1                   1                  
turn_ids         : 82619064647688      82619064647688      82619064647688      82619064647688      82619064647688      82619064647688      82619064647688      82619064647688      82619064647688      82619064647688      82619064647688      82619064647688      82619064647688      82619064647688      82619064647688     
turn_end_types   : 1                   1                   1                   1                   1                   1                   1                   1                   1                   1                   1                   1                   1                   1                   1                  
speaker_ids      : 1                   1                   1                   1                   1                   1                   1                   1                   1                   1                   1                   1                   1                   1                   1                  

B                : <emp>               <emp>               <emp>               <emp>               <emp>               <emp>               <emp>               <emp>               <emp>               <emp>               <emp>               <emp>               <emp>               <emp>               <emp>              
Timings          : (140.791, 140.981)  (140.981, 141.295)  (141.496, 141.761)  (141.761, 141.941)  (141.941, 142.081)  (142.081, 142.146)  (142.146, 142.211)  (142.211, 142.411)  (142.411, 142.611)  (142.611, 142.711)  (142.711, 142.821)  (142.821, 142.881)  (142.881, 143.251)  (143.601, 144.131)  (144.401, 144.521) 
Token Types      : 0                   0                   0                   0                   0                   0                   0                   0                   0                   0                   0                   0                   0                   0                   0                  
turn_ids         : 0                   0                   0                   0                   0                   0                   0                   0                   0                   0                   0                   0                   0                   0                   0                  
turn_end_types   : 0                   0                   0                   0                   0                   0                   0                   0                   0                   0                   0                   0                   0                   0                   0                  
speaker_ids      : 0                   0                   0                   0                   0                   0                   0                   0                   0                   0                   0                   0                   0                   0                   0                  


A                : Ġi                  Ġlook               Ġaround             Ġi                  Ġthink              Ġuh                 Ġi                  'm                  Ġi                  'm                  Ġpretty             Ġglad               Ġwe                 Ġmade               Ġthe               
Timings          : (144.521, 144.551)  (144.551, 144.731)  (144.731, 145.111)  (145.111, 145.181)  (145.181, 145.531)  (145.531, 145.767)  (146.414, 146.538)  (146.538, 146.661)  (146.74, 146.826)   (146.826, 146.911)  (146.911, 147.091)  (147.091, 147.321)  (147.321, 147.431)  (147.431, 147.581)  (147.581, 147.641) 
Token Types      : 1                   1                   1                   1                   1                   1                   1                   1                   1                   1                   1                   1                   1                   1                   1                  
turn_ids         : 82619064647688      82619064647688      82619064647688      82619064647688      82619064647688      82619064647688      82619064647688      82619064647688      82619064647688      82619064647688      82619064647688      82619064647688      82619064647688      82619064647688      82619064647688     
turn_end_types   : 1                   1                   1                   1                   1                   1                   1                   1                   1                   1                   1                   1                   1                   1                   1                  
speaker_ids      : 1                   1                   1                   1                   1                   1                   1                   1                   1                   1                   1                   1                   1                   1                   1                  

B                : <emp>               <emp>               <emp>               <emp>               <emp>               <emp>               <emp>               <emp>               <emp>               <emp>               <emp>               <emp>               <emp>               <emp>               <emp>              
Timings          : (144.521, 144.551)  (144.551, 144.731)  (144.731, 145.111)  (145.111, 145.181)  (145.181, 145.531)  (145.531, 145.767)  (146.414, 146.538)  (146.538, 146.661)  (146.74, 146.826)   (146.826, 146.911)  (146.911, 147.091)  (147.091, 147.321)  (147.321, 147.431)  (147.431, 147.581)  (147.581, 147.641) 
Token Types      : 0                   0                   0                   0                   0                   0                   0                   0                   0                   0                   0                   0                   0                   0                   0                  
turn_ids         : 0                   0                   0                   0                   0                   0                   0                   0                   0                   0                   0                   0                   0                   0                   0                  
turn_end_types   : 0                   0                   0                   0                   0                   0                   0                   0                   0                   0                   0                   0                   0                   0                   0                  
speaker_ids      : 0                   0                   0                   0                   0                   0                   0                   0                   0                   0                   0                   0                   0                   0                   0                  


A                : Ġdecision           Ġwe                 Ġdid                <eot>               <emp>               <emp>               <emp>               <emp>               <emp>               <emp>               <emp>               <emp>               <emp>               <emp>               <emp>              
Timings          : (147.641, 148.021)  (148.021, 148.131)  (148.131, 148.321)  (-1.0, -1.0)        (149.633, 149.805)  (149.805, 149.945)  (149.945, 150.085)  (150.243, 150.326)  (150.326, 150.475)  (150.475, 151.126)  (151.126, 151.186)  (151.186, 151.385)  (151.385, 151.475)  (151.475, 151.743)  (151.857, 152.596) 
Token Types      : 1                   1                   1                   1                   0                   0                   0                   0                   0                   0                   0                   0                   0                   0                   0                  
turn_ids         : 82619064647688      82619064647688      82619064647688      82619064647688      0                   0                   0                   0                   0                   0                   0                   0                   0                   0                   0                  
turn_end_types   : 1                   1                   1                   1                   0                   0                   0                   0                   0                   0                   0                   0                   0                   0                   0                  
speaker_ids      : 1                   1                   1                   1                   0                   0                   0                   0                   0                   0                   0                   0                   0                   0                   0                  

B                : <emp>               <emp>               <emp>               Ġyeah               Ġyeah               Ġwe                 've                 Ġyou                Ġknow               Ġexperienced        Ġa                  Ġlot                Ġthe                Ġthe                Ġturmoil           
Timings          : (147.641, 148.021)  (148.021, 148.131)  (148.131, 148.321)  (148.708, 149.087)  (149.633, 149.805)  (149.805, 149.945)  (149.945, 150.085)  (150.243, 150.326)  (150.326, 150.475)  (150.475, 151.126)  (151.126, 151.186)  (151.186, 151.385)  (151.385, 151.475)  (151.475, 151.743)  (151.857, 152.596) 
Token Types      : 0                   0                   0                   1                   1                   1                   1                   1                   1                   1                   1                   1                   1                   1                   1                  
turn_ids         : 0                   0                   0                   82619601518601      82619601518601      82619601518601      82619601518601      82619601518601      82619601518601      82619601518601      82619601518601      82619601518601      82619601518601      82619601518601      82619601518601     
turn_end_types   : 0                   0                   0                   1                   1                   1                   1                   1                   1                   1                   1                   1                   1                   1                   1                  
speaker_ids      : 0                   0                   0                   2                   2                   2                   2                   2                   2                   2                   2                   2                   2                   2                   2                  


A                : <emp>               <emp>               <emp>               <emp>               <emp>               <emp>               <emp>               <emp>               <emp>               <emp>               <emp>               <emp>               <emp>               <emp>               <emp>              
Timings          : (152.596, 152.766)  (152.766, 152.996)  (152.996, 153.218)  (153.507, 153.664)  (153.664, 153.88)   (153.88, 154.096)   (154.096, 154.236)  (154.236, 154.561)  (154.561, 154.885)  (155.763, 156.273)  (156.273, 156.568)  (157.43, 157.543)   (157.543, 157.703)  (157.703, 157.853)  (157.853, 158.093) 
Token Types      : 0                   0                   0                   0                   0                   0                   0                   0                   0                   0                   0                   0                   0                   0                   0                  
turn_ids         : 0                   0                   0                   0                   0                   0                   0                   0                   0                   0                   0                   0                   0                   0                   0                  
turn_end_types   : 0                   0                   0                   0                   0                   0                   0                   0                   0                   0                   0                   0                   0                   0                   0                  
speaker_ids      : 0                   0                   0                   0                   0                   0                   0                   0                   0                   0                   0                   0                   0                   0                   0                  

B                : Ġof                 Ġthe                Ġuh                 Ġthe                Ġs                  ixties              Ġand                Ġsevent             ies                 Ġand                Ġuh                 Ġi                  Ġthink              Ġwe                 Ġwe                
Timings          : (152.596, 152.766)  (152.766, 152.996)  (152.996, 153.218)  (153.507, 153.664)  (153.664, 153.88)   (153.88, 154.096)   (154.096, 154.236)  (154.236, 154.561)  (154.561, 154.885)  (155.763, 156.273)  (156.273, 156.568)  (157.43, 157.543)   (157.543, 157.703)  (157.703, 157.853)  (157.853, 158.093) 
Token Types      : 1                   1                   1                   1                   1                   1                   1                   1                   1                   1                   1                   1                   1                   1                   1                  
turn_ids         : 82619601518601      82619601518601      82619601518601      82619601518601      82619601518601      82619601518601      82619601518601      82619601518601      82619601518601      82619601518601      82619601518601      82619601518601      82619601518601      82619601518601      82619601518601     
turn_end_types   : 1                   1                   1                   1                   1                   1                   1                   1                   1                   1                   1                   1                   1                   1                   1                  
speaker_ids      : 2                   2                   2                   2                   2                   2                   2                   2                   2                   2                   2                   2                   2                   2                   2                  


A                : <emp>               <emp>               <emp>               <emp>               <emp>               <emp>               <emp>               <emp>               <emp>               <emp>               <emp>               <emp>               <emp>               <emp>               <emp>              
Timings          : (158.093, 158.359)  (158.604, 158.873)  (158.873, 159.013)  (159.013, 159.413)  (159.413, 159.713)  (160.661, 161.141)  (161.141, 161.554)  (161.554, 161.791)  (161.791, 162.231)  (162.231, 162.961)  (162.961, 163.471)  (163.471, 164.071)  (164.261, 164.818)  (165.463, 165.601)  (165.601, 166.121) 
Token Types      : 0                   0                   0                   0                   0                   0                   0                   0                   0                   0                   0                   0                   0                   0                   0                  
turn_ids         : 0                   0                   0                   0                   0                   0                   0                   0                   0                   0                   0                   0                   0                   0                   0                  
turn_end_types   : 0                   0                   0                   0                   0                   0                   0                   0                   0                   0                   0                   0                   0                   0                   0                  
speaker_ids      : 0                   0                   0                   0                   0                   0                   0                   0                   0                   0                   0                   0                   0                   0                   0                  

B                : Ġwere               Ġpart               Ġof                 Ġthat               Ġum                 Ġlooking            Ġfor                Ġnew                Ġvalue              Ġsystems            Ġand                Ġhaving             Ġuh                 Ġa                  Ġvision            
Timings          : (158.093, 158.359)  (158.604, 158.873)  (158.873, 159.013)  (159.013, 159.413)  (159.413, 159.713)  (160.661, 161.141)  (161.141, 161.554)  (161.554, 161.791)  (161.791, 162.231)  (162.231, 162.961)  (162.961, 163.471)  (163.471, 164.071)  (164.261, 164.818)  (165.463, 165.601)  (165.601, 166.121) 
Token Types      : 1                   1                   1                   1                   1                   1                   1                   1                   1                   1                   1                   1                   1                   1                   1                  
turn_ids         : 82619601518601      82619601518601      82619601518601      82619601518601      82619601518601      82619601518601      82619601518601      82619601518601      82619601518601      82619601518601      82619601518601      82619601518601      82619601518601      82619601518601      82619601518601     
turn_end_types   : 1                   1                   1                   1                   1                   1                   1                   1                   1                   1                   1                   1                   1                   1                   1                  
speaker_ids      : 2                   2                   2                   2                   2                   2                   2                   2                   2                   2                   2                   2                   2                   2                   2                  


A                : <emp>               <emp>               <emp>               <emp>               <emp>               <emp>               <emp>               <emp>               <emp>               <emp>               <emp>               <emp>               <emp>               <emp>               <emp>              
Timings          : (166.121, 166.271)  (166.438, 166.525)  (166.525, 166.671)  (166.671, 166.761)  (166.761, 167.141)  (167.141, 167.271)  (167.271, 167.541)  (167.541, 167.631)  (167.631, 167.841)  (167.841, 168.081)  (168.081, 168.251)  (168.251, 168.497)  (169.081, 169.149)  (169.149, 169.344)  (169.344, 169.521) 
Token Types      : 0                   0                   0                   0                   0                   0                   0                   0                   0                   0                   0                   0                   0                   0                   0                  
turn_ids         : 0                   0                   0                   0                   0                   0                   0                   0                   0                   0                   0                   0                   0                   0                   0                  
turn_end_types   : 0                   0                   0                   0                   0                   0                   0                   0                   0                   0                   0                   0                   0                   0                   0                  
speaker_ids      : 0                   0                   0                   0                   0                   0                   0                   0                   0                   0                   0                   0                   0                   0                   0                  

B                : Ġof                 Ġthe                Ġway                Ġthe                Ġworld              Ġwas                Ġgoing              Ġto                 Ġbe                 Ġwhen               Ġwe                 Ġwere               Ġyou                Ġknow               Ġin                
Timings          : (166.121, 166.271)  (166.438, 166.525)  (166.525, 166.671)  (166.671, 166.761)  (166.761, 167.141)  (167.141, 167.271)  (167.271, 167.541)  (167.541, 167.631)  (167.631, 167.841)  (167.841, 168.081)  (168.081, 168.251)  (168.251, 168.497)  (169.081, 169.149)  (169.149, 169.344)  (169.344, 169.521) 
Token Types      : 1                   1                   1                   1                   1                   1                   1                   1                   1                   1                   1                   1                   1                   1                   1                  
turn_ids         : 82619601518601      82619601518601      82619601518601      82619601518601      82619601518601      82619601518601      82619601518601      82619601518601      82619601518601      82619601518601      82619601518601      82619601518601      82619601518601      82619601518601      82619601518601     
turn_end_types   : 1                   1                   1                   1                   1                   1                   1                   1                   1                   1                   1                   1                   1                   1                   1                  
speaker_ids      : 2                   2                   2                   2                   2                   2                   2                   2                   2                   2                   2                   2                   2                   2                   2                  


A                : <emp>               <emp>               <emp>               <emp>               <emp>               <emp>               <emp>               <emp>               Ġand                Ġthen               Ġall                Ġof                 Ġthe                Ġsudden             Ġthe               
Timings          : (169.521, 169.831)  (169.831, 170.131)  (170.131, 170.496)  (170.72, 170.795)   (170.795, 170.941)  (170.941, 171.051)  (171.051, 171.211)  (171.211, 171.581)  (172.171, 172.291)  (172.291, 172.411)  (172.411, 172.491)  (172.491, 172.561)  (172.561, 172.631)  (172.631, 172.851)  (172.851, 172.911) 
Token Types      : 0                   0                   0                   0                   0                   0                   0                   0                   1                   1                   1                   1                   1                   1                   1                  
turn_ids         : 0                   0                   0                   0                   0                   0                   0                   0                   82619064647690      82619064647690      82619064647690      82619064647690      82619064647690      82619064647690      82619064647690     
turn_end_types   : 0                   0                   0                   0                   0                   0                   0                   0                   1                   1                   1                   1                   1                   1                   1                  
speaker_ids      : 0                   0                   0                   0                   0                   0                   0                   0                   1                   1                   1                   1                   1                   1                   1                  

B                : Ġmiddle             Ġage                Ġwhich              Ġi                  Ġguess              Ġwe                 Ġare                Ġnow                <eot>               <emp>               <emp>               <emp>               <emp>               <emp>               <emp>              
Timings          : (169.521, 169.831)  (169.831, 170.131)  (170.131, 170.496)  (170.72, 170.795)   (170.795, 170.941)  (170.941, 171.051)  (171.051, 171.211)  (171.211, 171.581)  (-1.0, -1.0)        (172.291, 172.411)  (172.411, 172.491)  (172.491, 172.561)  (172.561, 172.631)  (172.631, 172.851)  (172.851, 172.911) 
Token Types      : 1                   1                   1                   1                   1                   1                   1                   1                   1                   0                   0                   0                   0                   0                   0                  
turn_ids         : 82619601518601      82619601518601      82619601518601      82619601518601      82619601518601      82619601518601      82619601518601      82619601518601      82619601518601      0                   0                   0                   0                   0                   0                  
turn_end_types   : 1                   1                   1                   1                   1                   1                   1                   1                   1                   0                   0                   0                   0                   0                   0                  
speaker_ids      : 2                   2                   2                   2                   2                   2                   2                   2                   2                   0                   0                   0                   0                   0                   0                  


A                : Ġkids               Ġcome               Ġalong              <eot>               <emp>               <emp>               <emp>               <emp>               <emp>               <emp>               <emp>               <emp>               <emp>               <emp>               <emp>              
Timings          : (172.911, 173.181)  (173.181, 173.341)  (173.341, 173.975)  (-1.0, -1.0)        (174.625, 174.849)  (174.849, 175.139)  (175.579, 175.919)  (175.919, 176.361)  (176.821, 176.979)  (176.979, 177.239)  (177.239, 177.489)  (177.489, 177.819)  (177.819, 178.079)  (179.156, 179.447)  (179.447, 179.637) 
Token Types      : 1                   1                   1                   1                   0                   0                   0                   0                   0                   0                   0                   0                   0                   0                   0                  
turn_ids         : 82619064647690      82619064647690      82619064647690      82619064647690      0                   0                   0                   0                   0                   0                   0                   0                   0                   0                   0                  
turn_end_types   : 1                   1                   1                   1                   0                   0                   0                   0                   0                   0                   0                   0                   0                   0                   0                  
speaker_ids      : 1                   1                   1                   1                   0                   0                   0                   0                   0                   0                   0                   0                   0                   0                   0                  

B                : <emp>               <emp>               <emp>               Ġyeah               Ġthat               Ġtoo                Ġbut                Ġuh                 Ġi                  Ġjust               Ġthink              Ġthat               Ġuh                 Ġright              Ġnow               
Timings          : (172.911, 173.181)  (173.181, 173.341)  (173.341, 173.975)  (174.411, 174.625)  (174.625, 174.849)  (174.849, 175.139)  (175.579, 175.919)  (175.919, 176.361)  (176.821, 176.979)  (176.979, 177.239)  (177.239, 177.489)  (177.489, 177.819)  (177.819, 178.079)  (179.156, 179.447)  (179.447, 179.637) 
Token Types      : 0                   0                   0                   1                   1                   1                   1                   1                   1                   1                   1                   1                   1                   1                   1                  
turn_ids         : 0                   0                   0                   82619601518603      82619601518603      82619601518603      82619601518603      82619601518603      82619601518603      82619601518603      82619601518603      82619601518603      82619601518603      82619601518603      82619601518603     
turn_end_types   : 0                   0                   0                   1                   1                   1                   1                   1                   1                   1                   1                   1                   1                   1                   1                  
speaker_ids      : 0                   0                   0                   2                   2                   2                   2                   2                   2                   2                   2                   2                   2                   2                   2                  


A                : <emp>               <emp>               <emp>               <emp>               <emp>               <emp>               <emp>               <emp>               <emp>               <emp>               <emp>               <emp>               <emp>               <emp>               <emp>              
Timings          : (179.637, 179.727)  (179.727, 179.816)  (179.816, 180.566)  (180.566, 180.607)  (180.607, 180.867)  (180.867, 181.066)  (181.066, 181.935)  (182.535, 182.773)  (182.886, 183.319)  (183.816, 184.016)  (184.016, 184.676)  (184.676, 185.217)  (185.217, 185.706)  (185.706, 186.057)  (187.007, 187.179) 
Token Types      : 0                   0                   0                   0                   0                   0                   0                   0                   0                   0                   0                   0                   0                   0                   0                  
turn_ids         : 0                   0                   0                   0                   0                   0                   0                   0                   0                   0                   0                   0                   0                   0                   0                  
turn_end_types   : 0                   0                   0                   0                   0                   0                   0                   0                   0                   0                   0                   0                   0                   0                   0                  
speaker_ids      : 0                   0                   0                   0                   0                   0                   0                   0                   0                   0                   0                   0                   0                   0                   0                  

B                : Ġwe                 're                 Ġexperiencing       Ġa                  Ġlot                Ġof                 Ġdisappointment     Ġwith               Ġuh                 Ġour                Ġgeneration         Ġand                Ġand                Ġuh                 Ġthe               
Timings          : (179.637, 179.727)  (179.727, 179.816)  (179.816, 180.566)  (180.566, 180.607)  (180.607, 180.867)  (180.867, 181.066)  (181.066, 181.935)  (182.535, 182.773)  (182.886, 183.319)  (183.816, 184.016)  (184.016, 184.676)  (184.676, 185.217)  (185.217, 185.706)  (185.706, 186.057)  (187.007, 187.179) 
Token Types      : 1                   1                   1                   1                   1                   1                   1                   1                   1                   1                   1                   1                   1                   1                   1                  
turn_ids         : 82619601518603      82619601518603      82619601518603      82619601518603      82619601518603      82619601518603      82619601518603      82619601518603      82619601518603      82619601518603      82619601518603      82619601518603      82619601518603      82619601518603      82619601518603     
turn_end_types   : 1                   1                   1                   1                   1                   1                   1                   1                   1                   1                   1                   1                   1                   1                   1                  
speaker_ids      : 2                   2                   2                   2                   2                   2                   2                   2                   2                   2                   2                   2                   2                   2                   2                  


A                : <emp>               <emp>               <emp>               <emp>               <emp>               <emp>               <emp>               <emp>               <emp>               <emp>               <emp>               <emp>               <emp>               <emp>               <emp>              
Timings          : (187.179, 187.369)  (187.369, 187.749)  (187.749, 187.949)  (187.949, 188.149)  (188.149, 188.399)  (188.399, 188.919)  (189.699, 189.919)  (189.919, 189.979)  (189.979, 190.309)  (190.309, 190.619)  (190.619, 190.739)  (190.739, 190.849)  (190.849, 190.979)  (190.979, 191.059)  (191.059, 191.619) 
Token Types      : 0                   0                   0                   0                   0                   0                   0                   0                   0                   0                   0                   0                   0                   0                   0                  
turn_ids         : 0                   0                   0                   0                   0                   0                   0                   0                   0                   0                   0                   0                   0                   0                   0                  
turn_end_types   : 0                   0                   0                   0                   0                   0                   0                   0                   0                   0                   0                   0                   0                   0                   0                  
speaker_ids      : 0                   0                   0                   0                   0                   0                   0                   0                   0                   0                   0                   0                   0                   0                   0                  

B                : Ġway                Ġthings             Ġhaven              't                  Ġreally             Ġchanged            Ġand                Ġi                  Ġthink              Ġthat               Ġuh                 Ġyou                Ġknow               Ġour                Ġpersonal          
Timings          : (187.179, 187.369)  (187.369, 187.749)  (187.749, 187.949)  (187.949, 188.149)  (188.149, 188.399)  (188.399, 188.919)  (189.699, 189.919)  (189.919, 189.979)  (189.979, 190.309)  (190.309, 190.619)  (190.619, 190.739)  (190.739, 190.849)  (190.849, 190.979)  (190.979, 191.059)  (191.059, 191.619) 
Token Types      : 1                   1                   1                   1                   1                   1                   1                   1                   1                   1                   1                   1                   1                   1                   1                  
turn_ids         : 82619601518603      82619601518603      82619601518603      82619601518603      82619601518603      82619601518603      82619601518603      82619601518603      82619601518603      82619601518603      82619601518603      82619601518603      82619601518603      82619601518603      82619601518603     
turn_end_types   : 1                   1                   1                   1                   1                   1                   1                   1                   1                   1                   1                   1                   1                   1                   1                  
speaker_ids      : 2                   2                   2                   2                   2                   2                   2                   2                   2                   2                   2                   2                   2                   2                   2                  


A                : <emp>               <emp>               <emp>               <emp>               <emp>               <emp>               <emp>               <emp>               <emp>               <emp>               <emp>               <emp>               <emp>               <emp>               <emp>              
Timings          : (192.76, 193.37)    (193.37, 193.46)    (193.46, 194.02)    (194.02, 194.31)    (194.31, 194.39)    (194.39, 194.634)   (194.634, 194.762)  (194.762, 195.11)   (195.11, 195.52)    (195.52, 195.67)    (195.67, 195.83)    (195.83, 195.895)   (195.895, 195.96)   (195.96, 196.38)    (196.38, 196.58)   
Token Types      : 0                   0                   0                   0                   0                   0                   0                   0                   0                   0                   0                   0                   0                   0                   0                  
turn_ids         : 0                   0                   0                   0                   0                   0                   0                   0                   0                   0                   0                   0                   0                   0                   0                  
turn_end_types   : 0                   0                   0                   0                   0                   0                   0                   0                   0                   0                   0                   0                   0                   0                   0                  
speaker_ids      : 0                   0                   0                   0                   0                   0                   0                   0                   0                   0                   0                   0                   0                   0                   0                  

B                : Ġdifficulties       Ġare                Ġreflected          Ġin                 Ġa                  Ġlot                Ġof                 Ġthe                Ġunrest             Ġright              Ġnow                Ġwe                 're                 Ġseeing             Ġwith              
Timings          : (192.76, 193.37)    (193.37, 193.46)    (193.46, 194.02)    (194.02, 194.31)    (194.31, 194.39)    (194.39, 194.634)   (194.634, 194.762)  (194.762, 195.11)   (195.11, 195.52)    (195.52, 195.67)    (195.67, 195.83)    (195.83, 195.895)   (195.895, 195.96)   (195.96, 196.38)    (196.38, 196.58)   
Token Types      : 1                   1                   1                   1                   1                   1                   1                   1                   1                   1                   1                   1                   1                   1                   1                  
turn_ids         : 82619601518603      82619601518603      82619601518603      82619601518603      82619601518603      82619601518603      82619601518603      82619601518603      82619601518603      82619601518603      82619601518603      82619601518603      82619601518603      82619601518603      82619601518603     
turn_end_types   : 1                   1                   1                   1                   1                   1                   1                   1                   1                   1                   1                   1                   1                   1                   1                  
speaker_ids      : 2                   2                   2                   2                   2                   2                   2                   2                   2                   2                   2                   2                   2                   2                   2                  


A                : <emp>               <emp>               <emp>               <emp>               <emp>               Ġyeah               Ġi                  Ġi                  Ġthink              Ġuh                 Ġyou                Ġhave               Ġto                 Ġbe                 Ġum                
Timings          : (196.58, 196.9)     (196.9, 196.96)     (196.96, 197.61)    (-1.0, -1.0)        (198.637, 198.897)  (199.655, 199.956)  (199.956, 200.315)  (200.315, 200.661)  (200.661, 200.948)  (200.948, 201.505)  (202.438, 202.548)  (202.548, 202.698)  (202.698, 202.818)  (202.818, 203.148)  (204.236, 204.719) 
Token Types      : 0                   0                   0                   0                   0                   1                   1                   1                   1                   1                   1                   1                   1                   1                   1                  
turn_ids         : 0                   0                   0                   0                   0                   82619064647692      82619064647692      82619064647692      82619064647692      82619064647692      82619064647692      82619064647692      82619064647692      82619064647692      82619064647692     
turn_end_types   : 0                   0                   0                   0                   0                   1                   1                   1                   1                   1                   1                   1                   1                   1                   1                  
speaker_ids      : 0                   0                   0                   0                   0                   1                   1                   1                   1                   1                   1                   1                   1                   1                   1                  

B                : Ġrespect            Ġto                 Ġpolitics           <eot>               Ġyeah               <ebc>               <emp>               <emp>               <emp>               <emp>               <emp>               <emp>               <emp>               <emp>               <emp>              
Timings          : (196.58, 196.9)     (196.9, 196.96)     (196.96, 197.61)    (-1.0, -1.0)        (198.637, 198.897)  (-1.0, -1.0)        (199.956, 200.315)  (200.315, 200.661)  (200.661, 200.948)  (200.948, 201.505)  (202.438, 202.548)  (202.548, 202.698)  (202.698, 202.818)  (202.818, 203.148)  (204.236, 204.719) 
Token Types      : 1                   1                   1                   1                   3                   3                   0                   0                   0                   0                   0                   0                   0                   0                   0                  
turn_ids         : 82619601518603      82619601518603      82619601518603      82619601518603      82621749002251      82621749002251      0                   0                   0                   0                   0                   0                   0                   0                   0                  
turn_end_types   : 1                   1                   1                   1                   0                   0                   0                   0                   0                   0                   0                   0                   0                   0                   0                  
speaker_ids      : 2                   2                   2                   2                   2                   2                   0                   0                   0                   0                   0                   0                   0                   0                   0                  


A                : Ġi                  Ġdon                't                  Ġwant               Ġto                 Ġmake               Ġit                 Ġuh                 Ġmel                od                  ram                 atic                Ġbut                Ġyou                Ġhave              
Timings          : (204.903, 205.016)  (205.016, 205.066)  (205.066, 205.116)  (205.116, 205.236)  (205.236, 205.296)  (205.296, 205.426)  (205.426, 205.592)  (206.104, 206.503)  (206.503, 206.699)  (206.699, 206.895)  (206.895, 207.091)  (207.091, 207.286)  (207.286, 207.446)  (207.446, 207.526)  (207.526, 207.716) 
Token Types      : 1                   1                   1                   1                   1                   1                   1                   1                   1                   1                   1                   1                   1                   1                   1                  
turn_ids         : 82619064647692      82619064647692      82619064647692      82619064647692      82619064647692      82619064647692      82619064647692      82619064647692      82619064647692      82619064647692      82619064647692      82619064647692      82619064647692      82619064647692      82619064647692     
turn_end_types   : 1                   1                   1                   1                   1                   1                   1                   1                   1                   1                   1                   1                   1                   1                   1                  
speaker_ids      : 1                   1                   1                   1                   1                   1                   1                   1                   1                   1                   1                   1                   1                   1                   1                  

B                : <emp>               <emp>               <emp>               <emp>               <emp>               <emp>               <emp>               <emp>               <emp>               <emp>               <emp>               <emp>               <emp>               <emp>               <emp>              
Timings          : (204.903, 205.016)  (205.016, 205.066)  (205.066, 205.116)  (205.116, 205.236)  (205.236, 205.296)  (205.296, 205.426)  (205.426, 205.592)  (206.104, 206.503)  (206.503, 206.699)  (206.699, 206.895)  (206.895, 207.091)  (207.091, 207.286)  (207.286, 207.446)  (207.446, 207.526)  (207.526, 207.716) 
Token Types      : 0                   0                   0                   0                   0                   0                   0                   0                   0                   0                   0                   0                   0                   0                   0                  
turn_ids         : 0                   0                   0                   0                   0                   0                   0                   0                   0                   0                   0                   0                   0                   0                   0                  
turn_end_types   : 0                   0                   0                   0                   0                   0                   0                   0                   0                   0                   0                   0                   0                   0                   0                  
speaker_ids      : 0                   0                   0                   0                   0                   0                   0                   0                   0                   0                   0                   0                   0                   0                   0                  


A                : Ġto                 Ġbe                 Ġkind               Ġof                 Ġcultural           Ġreally             Ġif                 Ġyou                Ġwant               Ġto                 Ġput                Ġyour               Ġfamily             Ġfirst              Ġand               
Timings          : (207.716, 207.836)  (207.836, 208.111)  (208.589, 208.816)  (208.816, 208.876)  (208.876, 209.336)  (209.336, 209.586)  (209.586, 209.726)  (209.726, 209.796)  (209.796, 209.946)  (209.946, 210.006)  (210.006, 210.196)  (210.196, 210.476)  (210.86, 211.196)   (211.196, 211.636)  (211.636, 212.026) 
Token Types      : 1                   1                   1                   1                   1                   1                   1                   1                   1                   1                   1                   1                   1                   1                   1                  
turn_ids         : 82619064647692      82619064647692      82619064647692      82619064647692      82619064647692      82619064647692      82619064647692      82619064647692      82619064647692      82619064647692      82619064647692      82619064647692      82619064647692      82619064647692      82619064647692     
turn_end_types   : 1                   1                   1                   1                   1                   1                   1                   1                   1                   1                   1                   1                   1                   1                   1                  
speaker_ids      : 1                   1                   1                   1                   1                   1                   1                   1                   1                   1                   1                   1                   1                   1                   1                  

B                : <emp>               <emp>               <emp>               <emp>               <emp>               <emp>               <emp>               <emp>               <emp>               <emp>               <emp>               <emp>               <emp>               <emp>               Ġum                
Timings          : (207.716, 207.836)  (207.836, 208.111)  (208.589, 208.816)  (208.816, 208.876)  (208.876, 209.336)  (209.336, 209.586)  (209.586, 209.726)  (209.726, 209.796)  (209.796, 209.946)  (209.946, 210.006)  (210.006, 210.196)  (210.196, 210.476)  (210.86, 211.196)   (211.196, 211.636)  (211.886, 212.131) 
Token Types      : 0                   0                   0                   0                   0                   0                   0                   0                   0                   0                   0                   0                   0                   0                   3                  
turn_ids         : 0                   0                   0                   0                   0                   0                   0                   0                   0                   0                   0                   0                   0                   0                   82621749002252     
turn_end_types   : 0                   0                   0                   0                   0                   0                   0                   0                   0                   0                   0                   0                   0                   0                   0                  
speaker_ids      : 0                   0                   0                   0                   0                   0                   0                   0                   0                   0                   0                   0                   0                   0                   2                  


A                : Ġuh                 <emp>               Ġum                 Ġto                 Ġsort               Ġof                 Ġuh                 Ġput                Ġa                  Ġcap                Ġon                 Ġthings             Ġthat               Ġyou                Ġcan               
Timings          : (212.026, 212.216)  (212.131, 212.376)  (212.853, 213.307)  (213.87, 214.005)   (214.005, 214.285)  (214.285, 214.485)  (214.485, 214.687)  (214.962, 215.065)  (215.065, 215.105)  (215.105, 215.435)  (215.435, 215.645)  (215.645, 215.955)  (215.955, 216.065)  (216.065, 216.185)  (216.185, 216.335) 
Token Types      : 1                   1                   1                   1                   1                   1                   1                   1                   1                   1                   1                   1                   1                   1                   1                  
turn_ids         : 82619064647692      82619064647692      82619064647692      82619064647692      82619064647692      82619064647692      82619064647692      82619064647692      82619064647692      82619064647692      82619064647692      82619064647692      82619064647692      82619064647692      82619064647692     
turn_end_types   : 1                   1                   1                   1                   1                   1                   1                   1                   1                   1                   1                   1                   1                   1                   1                  
speaker_ids      : 1                   1                   1                   1                   1                   1                   1                   1                   1                   1                   1                   1                   1                   1                   1                  

B                : <emp>               hum                 <ebc>               <emp>               <emp>               <emp>               <emp>               <emp>               <emp>               <emp>               <emp>               <emp>               <emp>               <emp>               <emp>              
Timings          : (212.026, 212.216)  (212.131, 212.376)  (-1.0, -1.0)        (213.87, 214.005)   (214.005, 214.285)  (214.285, 214.485)  (214.485, 214.687)  (214.962, 215.065)  (215.065, 215.105)  (215.105, 215.435)  (215.435, 215.645)  (215.645, 215.955)  (215.955, 216.065)  (216.065, 216.185)  (216.185, 216.335) 
Token Types      : 3                   3                   3                   0                   0                   0                   0                   0                   0                   0                   0                   0                   0                   0                   0                  
turn_ids         : 82621749002252      82621749002252      82621749002252      0                   0                   0                   0                   0                   0                   0                   0                   0                   0                   0                   0                  
turn_end_types   : 0                   0                   0                   0                   0                   0                   0                   0                   0                   0                   0                   0                   0                   0                   0                  
speaker_ids      : 2                   2                   2                   0                   0                   0                   0                   0                   0                   0                   0                   0                   0                   0                   0                  


A                : Ġreally             Ġhave               Ġand                Ġenjoy              Ġand                Ġjust               Ġgo                 Ġahead              Ġand                Ġuh                 Ġum                 Ġdo                 Ġwhat               's                  Ġright             
Timings          : (216.335, 216.555)  (216.555, 216.835)  (216.835, 216.945)  (216.945, 217.345)  (217.345, 217.535)  (217.535, 217.725)  (217.725, 217.905)  (217.905, 218.075)  (218.075, 218.254)  (218.254, 218.394)  (219.211, 219.491)  (219.983, 220.068)  (220.068, 220.173)  (220.173, 220.278)  (220.278, 220.538) 
Token Types      : 1                   1                   1                   1                   1                   1                   1                   1                   1                   1                   1                   1                   1                   1                   1                  
turn_ids         : 82619064647692      82619064647692      82619064647692      82619064647692      82619064647692      82619064647692      82619064647692      82619064647692      82619064647692      82619064647692      82619064647692      82619064647692      82619064647692      82619064647692      82619064647692     
turn_end_types   : 1                   1                   1                   1                   1                   1                   1                   1                   1                   1                   1                   1                   1                   1                   1                  
speaker_ids      : 1                   1                   1                   1                   1                   1                   1                   1                   1                   1                   1                   1                   1                   1                   1                  

B                : <emp>               <emp>               <emp>               <emp>               <emp>               <emp>               <emp>               <emp>               <emp>               <emp>               <emp>               <emp>               <emp>               <emp>               <emp>              
Timings          : (216.335, 216.555)  (216.555, 216.835)  (216.835, 216.945)  (216.945, 217.345)  (217.345, 217.535)  (217.535, 217.725)  (217.725, 217.905)  (217.905, 218.075)  (218.075, 218.254)  (218.254, 218.394)  (219.211, 219.491)  (219.983, 220.068)  (220.068, 220.173)  (220.173, 220.278)  (220.278, 220.538) 
Token Types      : 0                   0                   0                   0                   0                   0                   0                   0                   0                   0                   0                   0                   0                   0                   0                  
turn_ids         : 0                   0                   0                   0                   0                   0                   0                   0                   0                   0                   0                   0                   0                   0                   0                  
turn_end_types   : 0                   0                   0                   0                   0                   0                   0                   0                   0                   0                   0                   0                   0                   0                   0                  
speaker_ids      : 0                   0                   0                   0                   0                   0                   0                   0                   0                   0                   0                   0                   0                   0                   0                  


A                : Ġby                 Ġyour               Ġby                 Ġyour               Ġfamily             <emp>               Ġand                Ġi                  Ġdon                't                  Ġi                  Ġi                  Ġdon                't                  Ġsee               
Timings          : (220.538, 220.638)  (220.638, 220.907)  (221.506, 221.658)  (221.658, 221.758)  (221.758, 222.162)  (222.559, 222.788)  (222.785, 222.942)  (222.942, 223.06)   (223.06, 223.151)   (223.151, 223.242)  (223.517, 223.665)  (223.665, 223.764)  (223.764, 223.839)  (223.839, 223.915)  (223.915, 224.044) 
Token Types      : 1                   1                   1                   1                   1                   1                   1                   1                   1                   1                   1                   1                   1                   1                   1                  
turn_ids         : 82619064647692      82619064647692      82619064647692      82619064647692      82619064647692      82619064647692      82619064647692      82619064647692      82619064647692      82619064647692      82619064647692      82619064647692      82619064647692      82619064647692      82619064647692     
turn_end_types   : 1                   1                   1                   1                   1                   1                   1                   1                   1                   1                   1                   1                   1                   1                   1                  
speaker_ids      : 1                   1                   1                   1                   1                   1                   1                   1                   1                   1                   1                   1                   1                   1                   1                  

B                : <emp>               <emp>               <emp>               <emp>               <emp>               Ġyeah               <ebc>               <emp>               <emp>               <emp>               <emp>               <emp>               <emp>               <emp>               <emp>              
Timings          : (220.538, 220.638)  (220.638, 220.907)  (221.506, 221.658)  (221.658, 221.758)  (221.758, 222.162)  (222.559, 222.788)  (-1.0, -1.0)        (222.942, 223.06)   (223.06, 223.151)   (223.151, 223.242)  (223.517, 223.665)  (223.665, 223.764)  (223.764, 223.839)  (223.839, 223.915)  (223.915, 224.044) 
Token Types      : 0                   0                   0                   0                   0                   3                   3                   0                   0                   0                   0                   0                   0                   0                   0                  
turn_ids         : 0                   0                   0                   0                   0                   82621749002253      82621749002253      0                   0                   0                   0                   0                   0                   0                   0                  
turn_end_types   : 0                   0                   0                   0                   0                   0                   0                   0                   0                   0                   0                   0                   0                   0                   0                  
speaker_ids      : 0                   0                   0                   0                   0                   2                   2                   0                   0                   0                   0                   0                   0                   0                   0                  


A                : Ġa                  Ġlot                Ġof                 Ġsupport            Ġout                Ġthere              Ġi                  Ġsee                Ġa                  Ġlot                Ġof                 Ġpeople             Ġum                 Ġvoting             Ġdown              
Timings          : (224.044, 224.074)  (224.074, 224.204)  (224.204, 224.264)  (224.264, 224.635)  (224.635, 224.814)  (224.814, 224.995)  (224.995, 225.044)  (225.044, 225.344)  (226.056, 226.176)  (226.176, 226.326)  (226.326, 226.396)  (226.396, 226.836)  (226.836, 227.109)  (228.32, 228.656)   (228.656, 228.863) 
Token Types      : 1                   1                   1                   1                   1                   1                   1                   1                   1                   1                   1                   1                   1                   1                   1                  
turn_ids         : 82619064647692      82619064647692      82619064647692      82619064647692      82619064647692      82619064647692      82619064647692      82619064647692      82619064647692      82619064647692      82619064647692      82619064647692      82619064647692      82619064647692      82619064647692     
turn_end_types   : 1                   1                   1                   1                   1                   1                   1                   1                   1                   1                   1                   1                   1                   1                   1                  
speaker_ids      : 1                   1                   1                   1                   1                   1                   1                   1                   1                   1                   1                   1                   1                   1                   1                  

B                : <emp>               <emp>               <emp>               <emp>               <emp>               <emp>               <emp>               <emp>               <emp>               <emp>               <emp>               <emp>               <emp>               <emp>               <emp>              
Timings          : (224.044, 224.074)  (224.074, 224.204)  (224.204, 224.264)  (224.264, 224.635)  (224.635, 224.814)  (224.814, 224.995)  (224.995, 225.044)  (225.044, 225.344)  (226.056, 226.176)  (226.176, 226.326)  (226.326, 226.396)  (226.396, 226.836)  (226.836, 227.109)  (228.32, 228.656)   (228.656, 228.863) 
Token Types      : 0                   0                   0                   0                   0                   0                   0                   0                   0                   0                   0                   0                   0                   0                   0                  
turn_ids         : 0                   0                   0                   0                   0                   0                   0                   0                   0                   0                   0                   0                   0                   0                   0                  
turn_end_types   : 0                   0                   0                   0                   0                   0                   0                   0                   0                   0                   0                   0                   0                   0                   0                  
speaker_ids      : 0                   0                   0                   0                   0                   0                   0                   0                   0                   0                   0                   0                   0                   0                   0                  


A                : Ġschool             Ġtaxes              Ġand                Ġum                 <emp>               Ġuh                 Ġwell               Ġa                  Ġdegree             Ġof                 Ġthe                Ġeight              ies                 Ġwas                Ġi                 
Timings          : (228.863, 229.143)  (229.143, 229.903)  (229.903, 230.192)  (230.586, 231.068)  (230.801, 231.071)  (231.827, 232.179)  (232.594, 232.816)  (232.816, 232.885)  (232.885, 233.225)  (233.225, 233.299)  (233.299, 233.469)  (233.469, 233.597)  (233.597, 233.725)  (233.725, 233.964)  (233.964, 234.064) 
Token Types      : 1                   1                   1                   1                   1                   1                   1                   1                   1                   1                   1                   1                   1                   1                   1                  
turn_ids         : 82619064647692      82619064647692      82619064647692      82619064647692      82619064647692      82619064647692      82619064647692      82619064647692      82619064647692      82619064647692      82619064647692      82619064647692      82619064647692      82619064647692      82619064647692     
turn_end_types   : 1                   1                   1                   1                   1                   1                   1                   1                   1                   1                   1                   1                   1                   1                   1                  
speaker_ids      : 1                   1                   1                   1                   1                   1                   1                   1                   1                   1                   1                   1                   1                   1                   1                  

B                : <emp>               <emp>               <emp>               Ġum                 hum                 <ebc>               <emp>               <emp>               <emp>               <emp>               <emp>               <emp>               <emp>               <emp>               <emp>              
Timings          : (228.863, 229.143)  (229.143, 229.903)  (229.903, 230.192)  (230.531, 230.801)  (230.801, 231.071)  (-1.0, -1.0)        (232.594, 232.816)  (232.816, 232.885)  (232.885, 233.225)  (233.225, 233.299)  (233.299, 233.469)  (233.469, 233.597)  (233.597, 233.725)  (233.725, 233.964)  (233.964, 234.064) 
Token Types      : 0                   0                   0                   3                   3                   3                   0                   0                   0                   0                   0                   0                   0                   0                   0                  
turn_ids         : 0                   0                   0                   82621749002254      82621749002254      82621749002254      0                   0                   0                   0                   0                   0                   0                   0                   0                  
turn_end_types   : 0                   0                   0                   0                   0                   0                   0                   0                   0                   0                   0                   0                   0                   0                   0                  
speaker_ids      : 0                   0                   0                   2                   2                   2                   0                   0                   0                   0                   0                   0                   0                   0                   0                  


A                : Ġthink              Ġuh                 Ġmaybe              Ġthe                Ġmost               Ġdisappointing      Ġsocial             Ġphenomena          Ġthat               Ġi                  Ġwitnessed          Ġbecause            Ġi                  Ġreally             Ġdid               
Timings          : (234.064, 234.434)  (234.434, 234.668)  (234.996, 235.245)  (235.245, 235.305)  (235.305, 235.544)  (235.544, 236.044)  (236.044, 236.596)  (236.882, 237.335)  (237.335, 237.445)  (237.445, 237.544)  (237.544, 237.975)  (238.807, 238.958)  (238.958, 239.048)  (239.048, 239.267)  (239.267, 239.427) 
Token Types      : 1                   1                   1                   1                   1                   1                   1                   1                   1                   1                   1                   1                   1                   1                   1                  
turn_ids         : 82619064647692      82619064647692      82619064647692      82619064647692      82619064647692      82619064647692      82619064647692      82619064647692      82619064647692      82619064647692      82619064647692      82619064647692      82619064647692      82619064647692      82619064647692     
turn_end_types   : 1                   1                   1                   1                   1                   1                   1                   1                   1                   1                   1                   1                   1                   1                   1                  
speaker_ids      : 1                   1                   1                   1                   1                   1                   1                   1                   1                   1                   1                   1                   1                   1                   1                  

B                : <emp>               <emp>               <emp>               <emp>               <emp>               <emp>               <emp>               Ġyeah               <ebc>               <emp>               <emp>               <emp>               <emp>               <emp>               <emp>              
Timings          : (234.064, 234.434)  (234.434, 234.668)  (234.996, 235.245)  (235.245, 235.305)  (235.305, 235.544)  (235.544, 236.044)  (236.044, 236.596)  (236.902, 237.102)  (-1.0, -1.0)        (237.445, 237.544)  (237.544, 237.975)  (238.807, 238.958)  (238.958, 239.048)  (239.048, 239.267)  (239.267, 239.427) 
Token Types      : 0                   0                   0                   0                   0                   0                   0                   3                   3                   0                   0                   0                   0                   0                   0                  
turn_ids         : 0                   0                   0                   0                   0                   0                   0                   82621749002255      82621749002255      0                   0                   0                   0                   0                   0                  
turn_end_types   : 0                   0                   0                   0                   0                   0                   0                   0                   0                   0                   0                   0                   0                   0                   0                  
speaker_ids      : 0                   0                   0                   0                   0                   0                   0                   2                   2                   0                   0                   0                   0                   0                   0                  


A                : Ġsee                Ġit                 Ġliving             Ġin                 Ġd                  allas               Ġyou                Ġsee                Ġit                 Ġyou                Ġsee                Ġit                 Ġin                 Ġum                 Ġmagn              
Timings          : (239.427, 239.623)  (239.623, 239.727)  (239.727, 239.905)  (239.905, 240.029)  (240.029, 240.183)  (240.183, 240.337)  (240.337, 240.487)  (240.487, 240.671)  (240.671, 241.067)  (241.067, 241.237)  (241.237, 241.447)  (241.447, 241.627)  (241.627, 241.817)  (241.817, 242.238)  (242.581, 242.854) 
Token Types      : 1                   1                   1                   1                   1                   1                   1                   1                   1                   1                   1                   1                   1                   1                   1                  
turn_ids         : 82619064647692      82619064647692      82619064647692      82619064647692      82619064647692      82619064647692      82619064647692      82619064647692      82619064647692      82619064647692      82619064647692      82619064647692      82619064647692      82619064647692      82619064647692     
turn_end_types   : 1                   1                   1                   1                   1                   1                   1                   1                   1                   1                   1                   1                   1                   1                   1                  
speaker_ids      : 1                   1                   1                   1                   1                   1                   1                   1                   1                   1                   1                   1                   1                   1                   1                  

B                : <emp>               <emp>               <emp>               <emp>               <emp>               <emp>               <emp>               <emp>               <emp>               <emp>               <emp>               <emp>               <emp>               <emp>               <emp>              
Timings          : (239.427, 239.623)  (239.623, 239.727)  (239.727, 239.905)  (239.905, 240.029)  (240.029, 240.183)  (240.183, 240.337)  (240.337, 240.487)  (240.487, 240.671)  (240.671, 241.067)  (241.067, 241.237)  (241.237, 241.447)  (241.447, 241.627)  (241.627, 241.817)  (241.817, 242.238)  (242.581, 242.854) 
Token Types      : 0                   0                   0                   0                   0                   0                   0                   0                   0                   0                   0                   0                   0                   0                   0                  
turn_ids         : 0                   0                   0                   0                   0                   0                   0                   0                   0                   0                   0                   0                   0                   0                   0                  
turn_end_types   : 0                   0                   0                   0                   0                   0                   0                   0                   0                   0                   0                   0                   0                   0                   0                  
speaker_ids      : 0                   0                   0                   0                   0                   0                   0                   0                   0                   0                   0                   0                   0                   0                   0                  


A                : ified               Ġabout              Ġtwenty             Ġtimes              <eot>               <emp>               <emp>               <emp>               <emp>               <emp>               <emp>               <emp>               <emp>               <emp>               <emp>              
Timings          : (242.854, 243.127)  (243.127, 243.397)  (243.397, 243.617)  (243.617, 244.065)  (-1.0, -1.0)        (244.582, 244.772)  (244.772, 245.072)  (245.072, 245.252)  (245.252, 245.542)  (245.542, 245.842)  (245.842, 246.032)  (246.032, 246.322)  (246.322, 246.472)  (246.472, 246.532)  (246.532, 246.752) 
Token Types      : 1                   1                   1                   1                   1                   0                   0                   0                   0                   0                   0                   0                   0                   0                   0                  
turn_ids         : 82619064647692      82619064647692      82619064647692      82619064647692      82619064647692      0                   0                   0                   0                   0                   0                   0                   0                   0                   0                  
turn_end_types   : 1                   1                   1                   1                   1                   0                   0                   0                   0                   0                   0                   0                   0                   0                   0                  
speaker_ids      : 1                   1                   1                   1                   1                   0                   0                   0                   0                   0                   0                   0                   0                   0                   0                  

B                : <emp>               <emp>               <emp>               <emp>               Ġyeah               Ġi                  Ġmean               Ġuh                 Ġmaybe              Ġdouble             Ġthat               Ġagain              Ġin                 Ġthe                Ġeast              
Timings          : (242.854, 243.127)  (243.127, 243.397)  (243.397, 243.617)  (243.617, 244.065)  (244.342, 244.582)  (244.582, 244.772)  (244.772, 245.072)  (245.072, 245.252)  (245.252, 245.542)  (245.542, 245.842)  (245.842, 246.032)  (246.032, 246.322)  (246.322, 246.472)  (246.472, 246.532)  (246.532, 246.752) 
Token Types      : 0                   0                   0                   0                   1                   1                   1                   1                   1                   1                   1                   1                   1                   1                   1                  
turn_ids         : 0                   0                   0                   0                   82619601518605      82619601518605      82619601518605      82619601518605      82619601518605      82619601518605      82619601518605      82619601518605      82619601518605      82619601518605      82619601518605     
turn_end_types   : 0                   0                   0                   0                   1                   1                   1                   1                   1                   1                   1                   1                   1                   1                   1                  
speaker_ids      : 0                   0                   0                   0                   2                   2                   2                   2                   2                   2                   2                   2                   2                   2                   2                  


A                : <emp>               Ġreally             <eot>               <emp>               <emp>               <emp>               <emp>               <emp>               <emp>               <emp>               <emp>               <emp>               <emp>               <emp>               <emp>              
Timings          : (246.752, 247.202)  (247.794, 248.074)  (-1.0, -1.0)        (248.52, 248.921)   (249.249, 249.761)  (249.761, 249.836)  (249.836, 249.911)  (249.911, 249.996)  (249.996, 250.081)  (250.081, 250.361)  (250.361, 250.521)  (250.521, 250.581)  (250.581, 250.781)  (250.781, 251.171)  (251.171, 251.216) 
Token Types      : 0                   1                   1                   0                   0                   0                   0                   0                   0                   0                   0                   0                   0                   0                   0                  
turn_ids         : 0                   82619064647694      82619064647694      0                   0                   0                   0                   0                   0                   0                   0                   0                   0                   0                   0                  
turn_end_types   : 0                   1                   1                   0                   0                   0                   0                   0                   0                   0                   0                   0                   0                   0                   0                  
speaker_ids      : 0                   1                   1                   0                   0                   0                   0                   0                   0                   0                   0                   0                   0                   0                   0                  

B                : Ġcoast              <eot>               Ġuh                 Ġyeah               Ġand                Ġwe                 're                 Ġwe                 're                 Ġboth               Ġfrom               Ġthe                Ġmid                Ġwest               Ġwe                
Timings          : (246.752, 247.202)  (-1.0, -1.0)        (247.979, 248.359)  (248.52, 248.921)   (249.249, 249.761)  (249.761, 249.836)  (249.836, 249.911)  (249.911, 249.996)  (249.996, 250.081)  (250.081, 250.361)  (250.361, 250.521)  (250.521, 250.581)  (250.581, 250.781)  (250.781, 251.171)  (251.171, 251.216) 
Token Types      : 1                   1                   1                   1                   1                   1                   1                   1                   1                   1                   1                   1                   1                   1                   1                  
turn_ids         : 82619601518605      82619601518605      82619601518607      82619601518607      82619601518607      82619601518607      82619601518607      82619601518607      82619601518607      82619601518607      82619601518607      82619601518607      82619601518607      82619601518607      82619601518607     
turn_end_types   : 1                   1                   2                   2                   2                   2                   2                   2                   2                   2                   2                   2                   2                   2                   2                  
speaker_ids      : 2                   2                   2                   2                   2                   2                   2                   2                   2                   2                   2                   2                   2                   2                   2                  


A                : <emp>               <emp>               <emp>               <emp>               <emp>               <emp>               Ġum                 <eint>              <emp>               <emp>               <emp>               <emp>               <emp>               <emp>               <emp>              
Timings          : (251.216, 251.261)  (251.261, 251.501)  (251.501, 251.641)  (251.641, 251.891)  (251.891, 252.136)  (252.136, 252.381)  (252.339, 252.562)  (-1.0, -1.0)        (253.455, 254.061)  (254.257, 254.451)  (254.451, 254.581)  (254.581, 254.881)  (254.881, 254.971)  (254.971, 255.371)  (255.371, 255.571) 
Token Types      : 0                   0                   0                   0                   0                   0                   5                   5                   0                   0                   0                   0                   0                   0                   0                  
turn_ids         : 0                   0                   0                   0                   0                   0                   82623359614988      82623359614988      0                   0                   0                   0                   0                   0                   0                  
turn_end_types   : 0                   0                   0                   0                   0                   0                   0                   0                   0                   0                   0                   0                   0                   0                   0                  
speaker_ids      : 0                   0                   0                   0                   0                   0                   1                   1                   0                   0                   0                   0                   0                   0                   0                  

B                : 're                 Ġboth               Ġfrom               Ġsaint              Ġlou                is                  Ġand                Ġuh                 Ġexperienced        Ġbut                Ġwe                 Ġspent              Ġthe                Ġentire             Ġeight             
Timings          : (251.216, 251.261)  (251.261, 251.501)  (251.501, 251.641)  (251.641, 251.891)  (251.891, 252.136)  (252.136, 252.381)  (252.381, 252.841)  (252.841, 253.135)  (253.455, 254.061)  (254.257, 254.451)  (254.451, 254.581)  (254.581, 254.881)  (254.881, 254.971)  (254.971, 255.371)  (255.371, 255.571) 
Token Types      : 1                   1                   1                   1                   1                   1                   1                   1                   1                   1                   1                   1                   1                   1                   1                  
turn_ids         : 82619601518607      82619601518607      82619601518607      82619601518607      82619601518607      82619601518607      82619601518607      82619601518607      82619601518607      82619601518607      82619601518607      82619601518607      82619601518607      82619601518607      82619601518607     
turn_end_types   : 2                   2                   2                   2                   2                   2                   2                   2                   2                   2                   2                   2                   2                   2                   2                  
speaker_ids      : 2                   2                   2                   2                   2                   2                   2                   2                   2                   2                   2                   2                   2                   2                   2                  


A                : <emp>               <emp>               <emp>               <emp>               <emp>               <emp>               <emp>               <emp>               <emp>               <emp>               <emp>               <emp>               <emp>               <emp>               Ġum                
Timings          : (255.571, 255.771)  (255.771, 256.091)  (256.091, 256.291)  (256.291, 256.521)  (256.521, 256.661)  (257.189, 257.254)  (257.254, 257.319)  (257.319, 257.529)  (257.529, 257.789)  (257.789, 258.139)  (258.139, 258.599)  (258.599, 258.809)  (258.809, 259.109)  (259.109, 259.409)  (259.478, 259.641) 
Token Types      : 0                   0                   0                   0                   0                   0                   0                   0                   0                   0                   0                   0                   0                   0                   3                  
turn_ids         : 0                   0                   0                   0                   0                   0                   0                   0                   0                   0                   0                   0                   0                   0                   82621212131338     
turn_end_types   : 0                   0                   0                   0                   0                   0                   0                   0                   0                   0                   0                   0                   0                   0                   0                  
speaker_ids      : 0                   0                   0                   0                   0                   0                   0                   0                   0                   0                   0                   0                   0                   0                   1                  

B                : ies                 Ġout                Ġhere               Ġand                Ġuh                 Ġwe                 're                 Ġjust               Ġthirty             Ġmiles              Ġoutside            Ġof                 Ġman                hattan              <emp>              
Timings          : (255.571, 255.771)  (255.771, 256.091)  (256.091, 256.291)  (256.291, 256.521)  (256.521, 256.661)  (257.189, 257.254)  (257.254, 257.319)  (257.319, 257.529)  (257.529, 257.789)  (257.789, 258.139)  (258.139, 258.599)  (258.599, 258.809)  (258.809, 259.109)  (259.109, 259.409)  (259.478, 259.641) 
Token Types      : 1                   1                   1                   1                   1                   1                   1                   1                   1                   1                   1                   1                   1                   1                   1                  
turn_ids         : 82619601518607      82619601518607      82619601518607      82619601518607      82619601518607      82619601518607      82619601518607      82619601518607      82619601518607      82619601518607      82619601518607      82619601518607      82619601518607      82619601518607      82619601518607     
turn_end_types   : 2                   2                   2                   2                   2                   2                   2                   2                   2                   2                   2                   2                   2                   2                   2                  
speaker_ids      : 2                   2                   2                   2                   2                   2                   2                   2                   2                   2                   2                   2                   2                   2                   2                  


A                : hum                 <ebc>               <emp>               <emp>               <emp>               <emp>               <emp>               Ġi                  Ġguess              Ġthe                <emp>               Ġi                  Ġguess              Ġthe                Ġfinancial         
Timings          : (259.641, 259.805)  (-1.0, -1.0)        (260.882, 261.022)  (261.022, 261.127)  (261.127, 261.232)  (261.232, 261.472)  (261.472, 261.872)  (262.155, 262.241)  (262.241, 262.403)  (262.403, 262.552)  (262.582, 263.047)  (263.244, 263.31)   (263.31, 263.444)   (263.444, 263.586)  (263.586, 263.999) 
Token Types      : 3                   3                   0                   0                   0                   0                   0                   4                   4                   4                   4                   4                   4                   4                   4                  
turn_ids         : 82621212131338      82621212131338      0                   0                   0                   0                   0                   82622285873168      82622285873168      82622285873168      82622285873168      82622285873168      82622285873168      82622285873168      82622285873168     
turn_end_types   : 0                   0                   0                   0                   0                   0                   0                   1                   1                   1                   1                   1                   1                   1                   1                  
speaker_ids      : 1                   1                   0                   0                   0                   0                   0                   1                   1                   1                   1                   1                   1                   1                   1                  

B                : <emp>               Ġand                Ġuh                 Ġit                 's                  Ġvery               Ġdifferent          Ġthan               Ġthe                Ġmid                Ġwest               <emp>               Ġit                 <emp>               's                 
Timings          : (259.641, 259.805)  (260.502, 260.882)  (260.882, 261.022)  (261.022, 261.127)  (261.127, 261.232)  (261.232, 261.472)  (261.472, 261.872)  (262.076, 262.302)  (262.302, 262.382)  (262.382, 262.582)  (262.582, 263.047)  (263.244, 263.31)   (263.341, 263.527)  (263.444, 263.586)  (263.527, 263.712) 
Token Types      : 1                   1                   1                   1                   1                   1                   1                   1                   1                   1                   1                   1                   1                   1                   1                  
turn_ids         : 82619601518607      82619601518607      82619601518607      82619601518607      82619601518607      82619601518607      82619601518607      82619601518607      82619601518607      82619601518607      82619601518607      82619601518607      82619601518607      82619601518607      82619601518607     
turn_end_types   : 2                   2                   2                   2                   2                   2                   2                   2                   2                   2                   2                   2                   2                   2                   2                  
speaker_ids      : 2                   2                   2                   2                   2                   2                   2                   2                   2                   2                   2                   2                   2                   2                   2                  


A                : Ġworld              Ġwas                Ġkind               Ġof                 Ġthe                Ġepic               enter               Ġof                 Ġthat               Ġuh                 <eot>               <emp>               Ġstuff              Ġin                 Ġthe               
Timings          : (263.999, 264.183)  (264.183, 264.316)  (264.316, 264.453)  (264.453, 264.545)  (264.545, 264.64)   (264.64, 264.912)   (264.912, 265.184)  (265.184, 265.264)  (265.264, 265.588)  (265.588, 265.798)  (-1.0, -1.0)        (266.473, 266.712)  (266.732, 267.022)  (267.022, 267.112)  (267.112, 267.182) 
Token Types      : 4                   4                   4                   4                   4                   4                   4                   4                   4                   4                   4                   0                   5                   5                   5                  
turn_ids         : 82622285873168      82622285873168      82622285873168      82622285873168      82622285873168      82622285873168      82622285873168      82622285873168      82622285873168      82622285873168      82622285873168      0                   82623359614991      82623359614991      82623359614991     
turn_end_types   : 1                   1                   1                   1                   1                   1                   1                   1                   1                   1                   1                   0                   0                   0                   0                  
speaker_ids      : 1                   1                   1                   1                   1                   1                   1                   1                   1                   1                   1                   0                   1                   1                   1                  

B                : <yield>             <emp>               <emp>               <emp>               <emp>               <emp>               <emp>               <emp>               <emp>               Ġyeah               Ġyeah               Ġi                  Ġmean               <emp>               <emp>              
Timings          : (-1.0, -1.0)        (264.183, 264.316)  (264.316, 264.453)  (264.453, 264.545)  (264.545, 264.64)   (264.64, 264.912)   (264.912, 265.184)  (265.184, 265.264)  (265.264, 265.588)  (265.682, 266.033)  (266.253, 266.473)  (266.473, 266.712)  (266.712, 267.242)  (267.022, 267.112)  (267.112, 267.182) 
Token Types      : 1                   0                   0                   0                   0                   0                   0                   0                   0                   1                   1                   1                   1                   1                   1                  
turn_ids         : 82619601518607      0                   0                   0                   0                   0                   0                   0                   0                   82619601518609      82619601518609      82619601518609      82619601518609      82619601518609      82619601518609     
turn_end_types   : 2                   0                   0                   0                   0                   0                   0                   0                   0                   1                   1                   1                   1                   1                   1                  
speaker_ids      : 2                   0                   0                   0                   0                   0                   0                   0                   0                   2                   2                   2                   2                   2                   2                  


A                : Ġeight              ies                 <eint>              <emp>               <emp>               <emp>               <emp>               <emp>               <emp>               <emp>               <emp>               <emp>               <emp>               <emp>               <emp>              
Timings          : (267.182, 267.352)  (267.352, 267.522)  (-1.0, -1.0)        (268.402, 268.513)  (268.513, 268.652)  (268.652, 268.913)  (268.913, 269.103)  (269.299, 269.522)  (269.522, 269.812)  (269.812, 270.283)  (270.899, 271.259)  (271.259, 271.449)  (271.449, 271.569)  (271.569, 271.799)  (271.799, 271.854) 
Token Types      : 5                   5                   5                   0                   0                   0                   0                   0                   0                   0                   0                   0                   0                   0                   0                  
turn_ids         : 82623359614991      82623359614991      82623359614991      0                   0                   0                   0                   0                   0                   0                   0                   0                   0                   0                   0                  
turn_end_types   : 0                   0                   0                   0                   0                   0                   0                   0                   0                   0                   0                   0                   0                   0                   0                  
speaker_ids      : 1                   1                   1                   0                   0                   0                   0                   0                   0                   0                   0                   0                   0                   0                   0                  

B                : <emp>               <emp>               Ġuh                 Ġyou                Ġknow               Ġthe                Ġthe                Ġkids               Ġaround             Ġhere               Ġuh                 Ġyou                Ġknow               Ġthink              Ġthey              
Timings          : (267.182, 267.352)  (267.352, 267.522)  (267.769, 268.182)  (268.402, 268.513)  (268.513, 268.652)  (268.652, 268.913)  (268.913, 269.103)  (269.299, 269.522)  (269.522, 269.812)  (269.812, 270.283)  (270.899, 271.259)  (271.259, 271.449)  (271.449, 271.569)  (271.569, 271.799)  (271.799, 271.854) 
Token Types      : 1                   1                   1                   1                   1                   1                   1                   1                   1                   1                   1                   1                   1                   1                   1                  
turn_ids         : 82619601518609      82619601518609      82619601518609      82619601518609      82619601518609      82619601518609      82619601518609      82619601518609      82619601518609      82619601518609      82619601518609      82619601518609      82619601518609      82619601518609      82619601518609     
turn_end_types   : 1                   1                   1                   1                   1                   1                   1                   1                   1                   1                   1                   1                   1                   1                   1                  
speaker_ids      : 2                   2                   2                   2                   2                   2                   2                   2                   2                   2                   2                   2                   2                   2                   2                  


A                : <emp>               <emp>               <emp>               <emp>               <emp>               <emp>               <emp>               <emp>               <emp>               <emp>               <emp>               <emp>               <emp>               Ġum                 hum                
Timings          : (271.854, 271.909)  (271.909, 272.269)  (272.269, 272.409)  (272.409, 272.549)  (272.549, 272.669)  (272.669, 272.789)  (272.789, 272.899)  (272.899, 272.939)  (272.939, 273.104)  (273.104, 273.269)  (273.269, 273.499)  (273.499, 273.719)  (273.719, 274.049)  (274.132, 274.32)   (274.32, 274.508)  
Token Types      : 0                   0                   0                   0                   0                   0                   0                   0                   0                   0                   0                   0                   0                   1                   1                  
turn_ids         : 0                   0                   0                   0                   0                   0                   0                   0                   0                   0                   0                   0                   0                   82619064647698      82619064647698     
turn_end_types   : 0                   0                   0                   0                   0                   0                   0                   0                   0                   0                   0                   0                   0                   1                   1                  
speaker_ids      : 0                   0                   0                   0                   0                   0                   0                   0                   0                   0                   0                   0                   0                   1                   1                  

B                : 're                 Ġpoor               Ġif                 Ġthey               Ġcan                't                  Ġget                Ġa                  Ġpol                o                   Ġshirt              Ġevery              Ġweek               <eot>               <emp>              
Timings          : (271.854, 271.909)  (271.909, 272.269)  (272.269, 272.409)  (272.409, 272.549)  (272.549, 272.669)  (272.669, 272.789)  (272.789, 272.899)  (272.899, 272.939)  (272.939, 273.104)  (273.104, 273.269)  (273.269, 273.499)  (273.499, 273.719)  (273.719, 274.049)  (-1.0, -1.0)        (274.32, 274.508)  
Token Types      : 1                   1                   1                   1                   1                   1                   1                   1                   1                   1                   1                   1                   1                   1                   0                  
turn_ids         : 82619601518609      82619601518609      82619601518609      82619601518609      82619601518609      82619601518609      82619601518609      82619601518609      82619601518609      82619601518609      82619601518609      82619601518609      82619601518609      82619601518609      0                  
turn_end_types   : 1                   1                   1                   1                   1                   1                   1                   1                   1                   1                   1                   1                   1                   1                   0                  
speaker_ids      : 2                   2                   2                   2                   2                   2                   2                   2                   2                   2                   2                   2                   2                   2                   0                  


A                : Ġright              <eot>               <emp>               <emp>               <emp>               <emp>               <emp>               <emp>               <emp>               <emp>               <emp>               <emp>               <emp>               <emp>               <emp>              
Timings          : (274.694, 274.916)  (-1.0, -1.0)        (275.5, 275.595)    (275.595, 275.69)   (275.69, 275.795)   (275.795, 275.9)    (275.9, 275.97)     (275.97, 276.28)    (276.28, 276.94)    (277.219, 277.51)   (277.51, 277.646)   (277.646, 277.75)   (277.75, 277.86)    (277.86, 278.0)     (278.0, 278.15)    
Token Types      : 1                   1                   0                   0                   0                   0                   0                   0                   0                   0                   0                   0                   0                   0                   0                  
turn_ids         : 82619064647698      82619064647698      0                   0                   0                   0                   0                   0                   0                   0                   0                   0                   0                   0                   0                  
turn_end_types   : 1                   1                   0                   0                   0                   0                   0                   0                   0                   0                   0                   0                   0                   0                   0                  
speaker_ids      : 1                   1                   0                   0                   0                   0                   0                   0                   0                   0                   0                   0                   0                   0                   0                  

B                : <emp>               Ġit                 Ġit                 's                  Ġit                 's                  Ġa                  Ġdifferent          Ġperspective        Ġand                Ġuh                 Ġyou                Ġknow               Ġwe                 Ġgot               
Timings          : (274.694, 274.916)  (275.28, 275.5)     (275.5, 275.595)    (275.595, 275.69)   (275.69, 275.795)   (275.795, 275.9)    (275.9, 275.97)     (275.97, 276.28)    (276.28, 276.94)    (277.219, 277.51)   (277.51, 277.646)   (277.646, 277.75)   (277.75, 277.86)    (277.86, 278.0)     (278.0, 278.15)    
Token Types      : 0                   1                   1                   1                   1                   1                   1                   1                   1                   1                   1                   1                   1                   1                   1                  
turn_ids         : 0                   82619601518611      82619601518611      82619601518611      82619601518611      82619601518611      82619601518611      82619601518611      82619601518611      82619601518611      82619601518611      82619601518611      82619601518611      82619601518611      82619601518611     
turn_end_types   : 0                   1                   1                   1                   1                   1                   1                   1                   1                   1                   1                   1                   1                   1                   1                  
speaker_ids      : 0                   2                   2                   2                   2                   2                   2                   2                   2                   2                   2                   2                   2                   2                   2                  


A                : <emp>               <emp>               <emp>               <emp>               <emp>               <emp>               <emp>               <emp>               <emp>               <emp>               <emp>               <emp>               <emp>               <emp>               <emp>              
Timings          : (278.15, 278.38)    (278.38, 278.54)    (278.54, 278.66)    (278.66, 278.87)    (279.02, 279.2)     (279.2, 279.683)    (279.83, 280.03)    (280.03, 280.24)    (280.77, 280.84)    (280.84, 280.93)    (280.93, 281.103)   (281.514, 281.8)    (281.8, 282.29)     (282.29, 282.39)    (282.39, 282.61)   
Token Types      : 0                   0                   0                   0                   0                   0                   0                   0                   0                   0                   0                   0                   0                   0                   0                  
turn_ids         : 0                   0                   0                   0                   0                   0                   0                   0                   0                   0                   0                   0                   0                   0                   0                  
turn_end_types   : 0                   0                   0                   0                   0                   0                   0                   0                   0                   0                   0                   0                   0                   0                   0                  
speaker_ids      : 0                   0                   0                   0                   0                   0                   0                   0                   0                   0                   0                   0                   0                   0                   0                  

B                : Ġcaught             Ġup                 Ġin                 Ġthat               Ġwe                 Ġwe                 Ġwe                 Ġhad                Ġyou                Ġknow               Ġa                  Ġreal               Ġdecade             Ġof                 Ġhay               
Timings          : (278.15, 278.38)    (278.38, 278.54)    (278.54, 278.66)    (278.66, 278.87)    (279.02, 279.2)     (279.2, 279.683)    (279.83, 280.03)    (280.03, 280.24)    (280.77, 280.84)    (280.84, 280.93)    (280.93, 281.103)   (281.514, 281.8)    (281.8, 282.29)     (282.29, 282.39)    (282.39, 282.61)   
Token Types      : 1                   1                   1                   1                   1                   1                   1                   1                   1                   1                   1                   1                   1                   1                   1                  
turn_ids         : 82619601518611      82619601518611      82619601518611      82619601518611      82619601518611      82619601518611      82619601518611      82619601518611      82619601518611      82619601518611      82619601518611      82619601518611      82619601518611      82619601518611      82619601518611     
turn_end_types   : 1                   1                   1                   1                   1                   1                   1                   1                   1                   1                   1                   1                   1                   1                   1                  
speaker_ids      : 2                   2                   2                   2                   2                   2                   2                   2                   2                   2                   2                   2                   2                   2                   2                  


A                : <emp>               <emp>               <emp>               <emp>               <emp>               <emp>               <emp>               <emp>               <emp>               <emp>               <emp>               <emp>               <emp>               <emp>               <emp>              
Timings          : (282.61, 282.88)    (283.581, 283.781)  (283.781, 283.931)  (283.931, 284.181)  (284.181, 284.296)  (284.296, 284.411)  (284.411, 284.621)  (284.621, 284.831)  (284.831, 285.041)  (285.041, 285.251)  (285.251, 285.301)  (285.301, 285.551)  (285.551, 285.641)  (285.641, 285.847)  (286.024, 286.211) 
Token Types      : 0                   0                   0                   0                   0                   0                   0                   0                   0                   0                   0                   0                   0                   0                   0                  
turn_ids         : 0                   0                   0                   0                   0                   0                   0                   0                   0                   0                   0                   0                   0                   0                   0                  
turn_end_types   : 0                   0                   0                   0                   0                   0                   0                   0                   0                   0                   0                   0                   0                   0                   0                  
speaker_ids      : 0                   0                   0                   0                   0                   0                   0                   0                   0                   0                   0                   0                   0                   0                   0                  

B                : Ġday                Ġan                 Ġuh                 Ġnow                Ġwe                 're                 Ġret                rench               ing                 Ġlike               Ġa                  Ġlot                Ġof                 Ġthe                Ġrest              
Timings          : (282.61, 282.88)    (283.581, 283.781)  (283.781, 283.931)  (283.931, 284.181)  (284.181, 284.296)  (284.296, 284.411)  (284.411, 284.621)  (284.621, 284.831)  (284.831, 285.041)  (285.041, 285.251)  (285.251, 285.301)  (285.301, 285.551)  (285.551, 285.641)  (285.641, 285.847)  (286.024, 286.211) 
Token Types      : 1                   1                   1                   1                   1                   1                   1                   1                   1                   1                   1                   1                   1                   1                   1                  
turn_ids         : 82619601518611      82619601518611      82619601518611      82619601518611      82619601518611      82619601518611      82619601518611      82619601518611      82619601518611      82619601518611      82619601518611      82619601518611      82619601518611      82619601518611      82619601518611     
turn_end_types   : 1                   1                   1                   1                   1                   1                   1                   1                   1                   1                   1                   1                   1                   1                   1                  
speaker_ids      : 2                   2                   2                   2                   2                   2                   2                   2                   2                   2                   2                   2                   2                   2                   2                  


A                : <emp>               <emp>               <emp>               <emp>               <emp>               <emp>               <emp>               <emp>               <emp>               <emp>               <emp>               <emp>               <emp>               <emp>               <emp>              
Timings          : (286.211, 286.281)  (286.281, 286.341)  (286.341, 286.854)  (287.687, 287.978)  (287.978, 288.6)    (288.6, 289.2)      (289.2, 289.3)      (289.3, 289.45)     (289.45, 289.6)     (289.6, 289.96)     (289.96, 290.09)    (290.09, 290.49)    (290.49, 290.59)    (290.59, 290.96)    (290.96, 291.43)   
Token Types      : 0                   0                   0                   0                   0                   0                   0                   0                   0                   0                   0                   0                   0                   0                   0                  
turn_ids         : 0                   0                   0                   0                   0                   0                   0                   0                   0                   0                   0                   0                   0                   0                   0                  
turn_end_types   : 0                   0                   0                   0                   0                   0                   0                   0                   0                   0                   0                   0                   0                   0                   0                  
speaker_ids      : 0                   0                   0                   0                   0                   0                   0                   0                   0                   0                   0                   0                   0                   0                   0                  

B                : Ġof                 Ġthe                Ġcountry            Ġuh                 Ġparticularly       Ġbecause            Ġyou                Ġknow               Ġwe                 Ġchose              Ġto                 Ġhave               Ġa                  Ġsingle             Ġincome            
Timings          : (286.211, 286.281)  (286.281, 286.341)  (286.341, 286.854)  (287.687, 287.978)  (287.978, 288.6)    (288.6, 289.2)      (289.2, 289.3)      (289.3, 289.45)     (289.45, 289.6)     (289.6, 289.96)     (289.96, 290.09)    (290.09, 290.49)    (290.49, 290.59)    (290.59, 290.96)    (290.96, 291.43)   
Token Types      : 1                   1                   1                   1                   1                   1                   1                   1                   1                   1                   1                   1                   1                   1                   1                  
turn_ids         : 82619601518611      82619601518611      82619601518611      82619601518611      82619601518611      82619601518611      82619601518611      82619601518611      82619601518611      82619601518611      82619601518611      82619601518611      82619601518611      82619601518611      82619601518611     
turn_end_types   : 1                   1                   1                   1                   1                   1                   1                   1                   1                   1                   1                   1                   1                   1                   1                  
speaker_ids      : 2                   2                   2                   2                   2                   2                   2                   2                   2                   2                   2                   2                   2                   2                   2                  


A                : <emp>               Ġum                 <eint>              <emp>               <emp>               <emp>               <emp>               <emp>               <emp>               <emp>               <emp>               <emp>               <emp>               <emp>               <emp>              
Timings          : (291.43, 291.62)    (291.738, 291.988)  (-1.0, -1.0)        (293.502, 293.852)  (293.852, 293.983)  (293.983, 294.275)  (294.275, 294.512)  (294.512, 294.889)  (295.025, 295.132)  (295.132, 295.172)  (295.172, 295.462)  (295.462, 296.002)  (296.002, 296.472)  (296.472, 296.822)  (296.822, 297.132) 
Token Types      : 0                   5                   5                   0                   0                   0                   0                   0                   0                   0                   0                   0                   0                   0                   0                  
turn_ids         : 0                   82623359614993      82623359614993      0                   0                   0                   0                   0                   0                   0                   0                   0                   0                   0                   0                  
turn_end_types   : 0                   0                   0                   0                   0                   0                   0                   0                   0                   0                   0                   0                   0                   0                   0                  
speaker_ids      : 0                   1                   1                   0                   0                   0                   0                   0                   0                   0                   0                   0                   0                   0                   0                  

B                : Ġand                <emp>               Ġum                 Ġalso               Ġi                  Ġwork               Ġin                 Ġuh                 Ġin                 Ġa                  Ġlarge              Ġcorporate          Ġsetting            Ġand                Ġthat              
Timings          : (291.43, 291.62)    (291.738, 291.988)  (292.3, 292.92)     (293.502, 293.852)  (293.852, 293.983)  (293.983, 294.275)  (294.275, 294.512)  (294.512, 294.889)  (295.025, 295.132)  (295.132, 295.172)  (295.172, 295.462)  (295.462, 296.002)  (296.002, 296.472)  (296.472, 296.822)  (296.822, 297.132) 
Token Types      : 1                   1                   1                   1                   1                   1                   1                   1                   1                   1                   1                   1                   1                   1                   1                  
turn_ids         : 82619601518611      82619601518611      82619601518611      82619601518611      82619601518611      82619601518611      82619601518611      82619601518611      82619601518611      82619601518611      82619601518611      82619601518611      82619601518611      82619601518611      82619601518611     
turn_end_types   : 1                   1                   1                   1                   1                   1                   1                   1                   1                   1                   1                   1                   1                   1                   1                  
speaker_ids      : 2                   2                   2                   2                   2                   2                   2                   2                   2                   2                   2                   2                   2                   2                   2                  


A                : <emp>                              <emp>                              <emp>                              <emp>                              <emp>                              <emp>                              <emp>                              <emp>                             
Timings          : (297.132, 297.282)                 (297.282, 297.708)                 (297.708, 298.05)                  (298.05, 298.392)                  (298.392, 298.532)                 (298.532, 298.602)                 (298.602, 299.09)                  (-1.0, -1.0)                      
Token Types      : 0                                  0                                  0                                  0                                  0                                  0                                  0                                  0                                 
turn_ids         : 0                                  0                                  0                                  0                                  0                                  0                                  0                                  0                                 
turn_end_types   : 0                                  0                                  0                                  0                                  0                                  0                                  0                                  0                                 
speaker_ids      : 0                                  0                                  0                                  0                                  0                                  0                                  0                                  0                                 

B                : Ġhas                               Ġbecome                            Ġunsett                            led                                Ġin                                Ġthe                               Ġlast                              <eot>                             
Timings          : (297.132, 297.282)                 (297.282, 297.708)                 (297.708, 298.05)                  (298.05, 298.392)                  (298.392, 298.532)                 (298.532, 298.602)                 (298.602, 299.09)                  (-1.0, -1.0)                      
Token Types      : 1                                  1                                  1                                  1                                  1                                  1                                  1                                  1                                 
turn_ids         : 82619601518611                     82619601518611                     82619601518611                     82619601518611                     82619601518611                     82619601518611                     82619601518611                     82619601518611                    
turn_end_types   : 1                                  1                                  1                                  1                                  1                                  1                                  1                                  1                                 
speaker_ids      : 2                                  2                                  2                                  2                                  2                                  2                                  2                                  2                                 


