A                : why                 Ġdon                't                  Ġyou                Ġgo                 Ġahead              Ġand                Ġstart              <eot>               <emp>               <emp>               <emp>               <emp>               <emp>               <emp>              
Timings          : (0.054, 0.114)      (0.114, 0.174)      (0.174, 0.234)      (0.234, 0.294)      (0.294, 0.374)      (0.374, 0.514)      (0.514, 0.604)      (0.604, 0.891)      (-1.0, -1.0)        (1.434, 1.699)      (2.358, 2.602)      (2.602, 2.692)      (2.692, 2.942)      (2.942, 3.002)      (3.002, 3.352)     
Token Types      : 1                   1                   1                   1                   1                   1                   1                   1                   1                   0                   0                   0                   0                   0                   0                  
turn_ids         : 80385681653760      80385681653760      80385681653760      80385681653760      80385681653760      80385681653760      80385681653760      80385681653760      80385681653760      0                   0                   0                   0                   0                   0                  
turn_end_types   : 1                   1                   1                   1                   1                   1                   1                   1                   1                   0                   0                   0                   0                   0                   0                  
speaker_ids      : 1                   1                   1                   1                   1                   1                   1                   1                   1                   0                   0                   0                   0                   0                   0                  

B                : <emp>               <emp>               <emp>               <emp>               <emp>               <emp>               <emp>               <emp>               ok                  ay                  Ġwell               Ġi                  Ġthink              Ġthe                Ġcourt             
Timings          : (0.054, 0.114)      (0.114, 0.174)      (0.174, 0.234)      (0.234, 0.294)      (0.294, 0.374)      (0.374, 0.514)      (0.514, 0.604)      (0.604, 0.891)      (1.168, 1.434)      (1.434, 1.699)      (2.358, 2.602)      (2.602, 2.692)      (2.692, 2.942)      (2.942, 3.002)      (3.002, 3.352)     
Token Types      : 0                   0                   0                   0                   0                   0                   0                   0                   1                   1                   1                   1                   1                   1                   1                  
turn_ids         : 0                   0                   0                   0                   0                   0                   0                   0                   80386218524673      80386218524673      80386218524673      80386218524673      80386218524673      80386218524673      80386218524673     
turn_end_types   : 0                   0                   0                   0                   0                   0                   0                   0                   1                   1                   1                   1                   1                   1                   1                  
speaker_ids      : 0                   0                   0                   0                   0                   0                   0                   0                   2                   2                   2                   2                   2                   2                   2                  


A                : <emp>               <emp>               <emp>               <emp>               <emp>               <emp>               <emp>               <emp>               <emp>               <emp>               <emp>               <emp>               <emp>               <emp>               <emp>              
Timings          : (3.352, 3.99)       (4.212, 4.442)      (4.442, 4.772)      (4.772, 4.922)      (4.922, 5.757)      (5.986, 6.572)      (7.511, 7.859)      (7.859, 8.029)      (8.029, 8.449)      (8.449, 8.659)      (8.659, 9.24)       (9.436, 9.539)      (9.539, 9.689)      (9.689, 9.879)      (9.879, 9.949)     
Token Types      : 0                   0                   0                   0                   0                   0                   0                   0                   0                   0                   0                   0                   0                   0                   0                  
turn_ids         : 0                   0                   0                   0                   0                   0                   0                   0                   0                   0                   0                   0                   0                   0                   0                  
turn_end_types   : 0                   0                   0                   0                   0                   0                   0                   0                   0                   0                   0                   0                   0                   0                   0                  
speaker_ids      : 0                   0                   0                   0                   0                   0                   0                   0                   0                   0                   0                   0                   0                   0                   0                  

B                : Ġsystems            Ġcould              Ġstand              Ġsome               Ġimprovement        Ġuh                 Ġtrial              Ġby                 Ġjury               Ġis                 Ġgood               Ġbut                Ġa                  Ġlot                Ġof                
Timings          : (3.352, 3.99)       (4.212, 4.442)      (4.442, 4.772)      (4.772, 4.922)      (4.922, 5.757)      (5.986, 6.572)      (7.511, 7.859)      (7.859, 8.029)      (8.029, 8.449)      (8.449, 8.659)      (8.659, 9.24)       (9.436, 9.539)      (9.539, 9.689)      (9.689, 9.879)      (9.879, 9.949)     
Token Types      : 1                   1                   1                   1                   1                   1                   1                   1                   1                   1                   1                   1                   1                   1                   1                  
turn_ids         : 80386218524673      80386218524673      80386218524673      80386218524673      80386218524673      80386218524673      80386218524673      80386218524673      80386218524673      80386218524673      80386218524673      80386218524673      80386218524673      80386218524673      80386218524673     
turn_end_types   : 1                   1                   1                   1                   1                   1                   1                   1                   1                   1                   1                   1                   1                   1                   1                  
speaker_ids      : 2                   2                   2                   2                   2                   2                   2                   2                   2                   2                   2                   2                   2                   2                   2                  


A                : <emp>               <emp>               <emp>               <emp>               <emp>               <emp>               <emp>               <emp>               <emp>               <emp>               <emp>               <emp>               <emp>               <emp>               <emp>              
Timings          : (9.949, 10.579)     (10.579, 10.89)     (11.639, 11.723)    (11.994, 12.102)    (12.102, 12.364)    (12.364, 12.526)    (12.526, 12.602)    (12.602, 13.297)    (14.177, 14.737)    (15.087, 15.217)    (15.217, 15.547)    (15.547, 15.877)    (15.877, 16.207)    (16.207, 16.897)    (16.897, 17.261)   
Token Types      : 0                   0                   0                   0                   0                   0                   0                   0                   0                   0                   0                   0                   0                   0                   0                  
turn_ids         : 0                   0                   0                   0                   0                   0                   0                   0                   0                   0                   0                   0                   0                   0                   0                  
turn_end_types   : 0                   0                   0                   0                   0                   0                   0                   0                   0                   0                   0                   0                   0                   0                   0                  
speaker_ids      : 0                   0                   0                   0                   0                   0                   0                   0                   0                   0                   0                   0                   0                   0                   0                  

B                : Ġtime               Ġit                 Ġin                 Ġin                 Ġa                  Ġlot                Ġof                 Ġcases              Ġuh                 Ġis                 Ġcircumst           ant                 ial                 Ġevidence           Ġthat              
Timings          : (9.949, 10.579)     (10.579, 10.89)     (11.639, 11.723)    (11.994, 12.102)    (12.102, 12.364)    (12.364, 12.526)    (12.526, 12.602)    (12.602, 13.297)    (14.177, 14.737)    (15.087, 15.217)    (15.217, 15.547)    (15.547, 15.877)    (15.877, 16.207)    (16.207, 16.897)    (16.897, 17.261)   
Token Types      : 1                   1                   1                   1                   1                   1                   1                   1                   1                   1                   1                   1                   1                   1                   1                  
turn_ids         : 80386218524673      80386218524673      80386218524673      80386218524673      80386218524673      80386218524673      80386218524673      80386218524673      80386218524673      80386218524673      80386218524673      80386218524673      80386218524673      80386218524673      80386218524673     
turn_end_types   : 1                   1                   1                   1                   1                   1                   1                   1                   1                   1                   1                   1                   1                   1                   1                  
speaker_ids      : 2                   2                   2                   2                   2                   2                   2                   2                   2                   2                   2                   2                   2                   2                   2                  


A                : <emp>               <emp>               <emp>               <emp>               <emp>               <emp>               <emp>               <emp>               <emp>               <emp>               <emp>               <emp>               <emp>               <emp>               <emp>              
Timings          : (17.988, 18.327)    (18.327, 18.582)    (18.582, 18.837)    (18.837, 18.907)    (18.907, 19.457)    (20.267, 20.427)    (20.427, 20.617)    (20.617, 20.752)    (20.752, 20.887)    (20.887, 21.227)    (21.227, 21.387)    (21.387, 21.687)    (21.687, 21.797)    (21.797, 22.217)    (22.217, 22.597)   
Token Types      : 0                   0                   0                   0                   0                   0                   0                   0                   0                   0                   0                   0                   0                   0                   0                  
turn_ids         : 0                   0                   0                   0                   0                   0                   0                   0                   0                   0                   0                   0                   0                   0                   0                  
turn_end_types   : 0                   0                   0                   0                   0                   0                   0                   0                   0                   0                   0                   0                   0                   0                   0                  
speaker_ids      : 0                   0                   0                   0                   0                   0                   0                   0                   0                   0                   0                   0                   0                   0                   0                  

B                : Ġthat               Ġconv               icts                Ġa                  Ġperson             Ġwhich              Ġi                  Ġdon                't                  Ġthink              Ġis                 Ġall                Ġthe                Ġtime               Ġgood              
Timings          : (17.988, 18.327)    (18.327, 18.582)    (18.582, 18.837)    (18.837, 18.907)    (18.907, 19.457)    (20.267, 20.427)    (20.427, 20.617)    (20.617, 20.752)    (20.752, 20.887)    (20.887, 21.227)    (21.227, 21.387)    (21.387, 21.687)    (21.687, 21.797)    (21.797, 22.217)    (22.217, 22.597)   
Token Types      : 1                   1                   1                   1                   1                   1                   1                   1                   1                   1                   1                   1                   1                   1                   1                  
turn_ids         : 80386218524673      80386218524673      80386218524673      80386218524673      80386218524673      80386218524673      80386218524673      80386218524673      80386218524673      80386218524673      80386218524673      80386218524673      80386218524673      80386218524673      80386218524673     
turn_end_types   : 1                   1                   1                   1                   1                   1                   1                   1                   1                   1                   1                   1                   1                   1                   1                  
speaker_ids      : 2                   2                   2                   2                   2                   2                   2                   2                   2                   2                   2                   2                   2                   2                   2                  


A                : <emp>               <emp>               <emp>               <emp>               <emp>               <emp>               <emp>               <emp>               <emp>               <emp>               <emp>               <emp>               <emp>               <emp>               <emp>              
Timings          : (22.597, 23.171)    (23.791, 24.402)    (24.402, 24.472)    (24.472, 24.542)    (24.542, 24.812)    (24.812, 24.892)    (24.892, 25.072)    (25.072, 25.342)    (25.342, 25.442)    (25.442, 25.992)    (26.172, 26.312)    (26.312, 26.382)    (26.382, 26.732)    (26.732, 26.832)    (26.832, 27.312)   
Token Types      : 0                   0                   0                   0                   0                   0                   0                   0                   0                   0                   0                   0                   0                   0                   0                  
turn_ids         : 0                   0                   0                   0                   0                   0                   0                   0                   0                   0                   0                   0                   0                   0                   0                  
turn_end_types   : 0                   0                   0                   0                   0                   0                   0                   0                   0                   0                   0                   0                   0                   0                   0                  
speaker_ids      : 0                   0                   0                   0                   0                   0                   0                   0                   0                   0                   0                   0                   0                   0                   0                  

B                : Ġbecause            Ġsometimes          Ġit                 's                  Ġhard               Ġto                 Ġget                Ġall                Ġthe                Ġfacts              Ġand                Ġto                 Ġprove              Ġa                  Ġperson            
Timings          : (22.597, 23.171)    (23.791, 24.402)    (24.402, 24.472)    (24.472, 24.542)    (24.542, 24.812)    (24.812, 24.892)    (24.892, 25.072)    (25.072, 25.342)    (25.342, 25.442)    (25.442, 25.992)    (26.172, 26.312)    (26.312, 26.382)    (26.382, 26.732)    (26.732, 26.832)    (26.832, 27.312)   
Token Types      : 1                   1                   1                   1                   1                   1                   1                   1                   1                   1                   1                   1                   1                   1                   1                  
turn_ids         : 80386218524673      80386218524673      80386218524673      80386218524673      80386218524673      80386218524673      80386218524673      80386218524673      80386218524673      80386218524673      80386218524673      80386218524673      80386218524673      80386218524673      80386218524673     
turn_end_types   : 1                   1                   1                   1                   1                   1                   1                   1                   1                   1                   1                   1                   1                   1                   1                  
speaker_ids      : 2                   2                   2                   2                   2                   2                   2                   2                   2                   2                   2                   2                   2                   2                   2                  


A                : <emp>               <emp>               <emp>               <emp>               <emp>               <emp>               <emp>               <emp>               <emp>               <emp>               <emp>               <emp>               <emp>               <emp>               <emp>              
Timings          : (27.312, 27.81)     (29.051, 29.24)     (29.24, 29.423)     (29.423, 29.831)    (29.831, 29.921)    (29.921, 30.241)    (30.241, 30.878)    (31.277, 31.791)    (32.011, 32.251)    (32.251, 32.391)    (32.391, 32.531)    (32.531, 32.831)    (32.831, 33.401)    (33.401, 33.561)    (33.561, 33.731)   
Token Types      : 0                   0                   0                   0                   0                   0                   0                   0                   0                   0                   0                   0                   0                   0                   0                  
turn_ids         : 0                   0                   0                   0                   0                   0                   0                   0                   0                   0                   0                   0                   0                   0                   0                  
turn_end_types   : 0                   0                   0                   0                   0                   0                   0                   0                   0                   0                   0                   0                   0                   0                   0                  
speaker_ids      : 0                   0                   0                   0                   0                   0                   0                   0                   0                   0                   0                   0                   0                   0                   0                  

B                : Ġinnocent           Ġi                  Ġmean               Ġprove              Ġa                  Ġperson             Ġguilty             Ġif                 Ġyou                Ġdon                't                  Ġreally             Ġknow               Ġor                 Ġyou               
Timings          : (27.312, 27.81)     (29.051, 29.24)     (29.24, 29.423)     (29.423, 29.831)    (29.831, 29.921)    (29.921, 30.241)    (30.241, 30.878)    (31.277, 31.791)    (32.011, 32.251)    (32.251, 32.391)    (32.391, 32.531)    (32.531, 32.831)    (32.831, 33.401)    (33.401, 33.561)    (33.561, 33.731)   
Token Types      : 1                   1                   1                   1                   1                   1                   1                   1                   1                   1                   1                   1                   1                   1                   1                  
turn_ids         : 80386218524673      80386218524673      80386218524673      80386218524673      80386218524673      80386218524673      80386218524673      80386218524673      80386218524673      80386218524673      80386218524673      80386218524673      80386218524673      80386218524673      80386218524673     
turn_end_types   : 1                   1                   1                   1                   1                   1                   1                   1                   1                   1                   1                   1                   1                   1                   1                  
speaker_ids      : 2                   2                   2                   2                   2                   2                   2                   2                   2                   2                   2                   2                   2                   2                   2                  


A                : <emp>               <emp>               <emp>               <emp>               <emp>               <emp>               <emp>               <emp>               <emp>               <emp>               <emp>               <emp>               <emp>               <emp>               <emp>              
Timings          : (33.731, 33.856)    (33.856, 33.981)    (33.981, 34.221)    (34.221, 34.42)     (34.42, 34.499)     (34.499, 35.371)    (36.161, 36.331)    (36.331, 36.511)    (36.511, 36.961)    (36.961, 37.269)    (37.39, 37.801)     (37.801, 38.291)    (38.291, 38.741)    (38.741, 38.998)    (38.998, 39.254)   
Token Types      : 0                   0                   0                   0                   0                   0                   0                   0                   0                   0                   0                   0                   0                   0                   0                  
turn_ids         : 0                   0                   0                   0                   0                   0                   0                   0                   0                   0                   0                   0                   0                   0                   0                  
turn_end_types   : 0                   0                   0                   0                   0                   0                   0                   0                   0                   0                   0                   0                   0                   0                   0                  
speaker_ids      : 0                   0                   0                   0                   0                   0                   0                   0                   0                   0                   0                   0                   0                   0                   0                  

B                : Ġdon                't                  Ġreally             Ġhave               Ġa                  Ġeyewitness         Ġand                Ġhow                Ġcan                Ġyou                Ġconvict            Ġsomebody           Ġon                 Ġcircumst           ant                
Timings          : (33.731, 33.856)    (33.856, 33.981)    (33.981, 34.221)    (34.221, 34.42)     (34.42, 34.499)     (34.499, 35.371)    (36.161, 36.331)    (36.331, 36.511)    (36.511, 36.961)    (36.961, 37.269)    (37.39, 37.801)     (37.801, 38.291)    (38.291, 38.741)    (38.741, 38.998)    (38.998, 39.254)   
Token Types      : 1                   1                   1                   1                   1                   1                   1                   1                   1                   1                   1                   1                   1                   1                   1                  
turn_ids         : 80386218524673      80386218524673      80386218524673      80386218524673      80386218524673      80386218524673      80386218524673      80386218524673      80386218524673      80386218524673      80386218524673      80386218524673      80386218524673      80386218524673      80386218524673     
turn_end_types   : 1                   1                   1                   1                   1                   1                   1                   1                   1                   1                   1                   1                   1                   1                   1                  
speaker_ids      : 2                   2                   2                   2                   2                   2                   2                   2                   2                   2                   2                   2                   2                   2                   2                  


A                : <emp>               <emp>               <emp>               <emp>               <emp>               <emp>               <emp>               <emp>               <emp>               Ġso                 Ġyou                Ġthink              Ġif                 Ġif                 Ġtrials            
Timings          : (39.254, 39.511)    (39.511, 40.811)    (40.811, 40.891)    (40.891, 41.371)    (41.371, 41.631)    (41.631, 41.731)    (41.731, 41.841)    (41.841, 41.951)    (41.951, 42.287)    (42.727, 42.827)    (42.827, 42.897)    (42.897, 43.127)    (43.127, 43.357)    (43.517, 43.699)    (44.057, 44.397)   
Token Types      : 0                   0                   0                   0                   0                   0                   0                   0                   0                   1                   1                   1                   1                   1                   1                  
turn_ids         : 0                   0                   0                   0                   0                   0                   0                   0                   0                   80385681653762      80385681653762      80385681653762      80385681653762      80385681653762      80385681653762     
turn_end_types   : 0                   0                   0                   0                   0                   0                   0                   0                   0                   1                   1                   1                   1                   1                   1                  
speaker_ids      : 0                   0                   0                   0                   0                   0                   0                   0                   0                   1                   1                   1                   1                   1                   1                  

B                : ial                 Ġevidence           Ġis                 Ġbeyond             Ġme                 Ġi                  Ġdon                't                  Ġknow               <eot>               <emp>               <emp>               <emp>               <emp>               <emp>              
Timings          : (39.254, 39.511)    (39.511, 40.811)    (40.811, 40.891)    (40.891, 41.371)    (41.371, 41.631)    (41.631, 41.731)    (41.731, 41.841)    (41.841, 41.951)    (41.951, 42.287)    (-1.0, -1.0)        (42.827, 42.897)    (42.897, 43.127)    (43.127, 43.357)    (43.517, 43.699)    (44.057, 44.397)   
Token Types      : 1                   1                   1                   1                   1                   1                   1                   1                   1                   1                   0                   0                   0                   0                   0                  
turn_ids         : 80386218524673      80386218524673      80386218524673      80386218524673      80386218524673      80386218524673      80386218524673      80386218524673      80386218524673      80386218524673      0                   0                   0                   0                   0                  
turn_end_types   : 1                   1                   1                   1                   1                   1                   1                   1                   1                   1                   0                   0                   0                   0                   0                  
speaker_ids      : 2                   2                   2                   2                   2                   2                   2                   2                   2                   2                   0                   0                   0                   0                   0                  


A                : Ġwere               Ġheld               Ġby                 Ġjudges             Ġor                 Ġexperts            Ġthat               Ġthey               Ġthey               Ġwould              Ġtend               Ġnot                Ġto                 Ġuh                 Ġadmit             
Timings          : (44.397, 44.577)    (44.577, 44.817)    (44.817, 45.007)    (45.007, 45.487)    (45.487, 45.607)    (45.607, 46.137)    (46.137, 46.337)    (46.337, 46.677)    (46.956, 47.037)    (47.037, 47.207)    (47.207, 47.427)    (47.427, 47.617)    (47.617, 47.78)     (48.42, 48.693)     (48.693, 49.04)    
Token Types      : 1                   1                   1                   1                   1                   1                   1                   1                   1                   1                   1                   1                   1                   1                   1                  
turn_ids         : 80385681653762      80385681653762      80385681653762      80385681653762      80385681653762      80385681653762      80385681653762      80385681653762      80385681653762      80385681653762      80385681653762      80385681653762      80385681653762      80385681653762      80385681653762     
turn_end_types   : 1                   1                   1                   1                   1                   1                   1                   1                   1                   1                   1                   1                   1                   1                   1                  
speaker_ids      : 1                   1                   1                   1                   1                   1                   1                   1                   1                   1                   1                   1                   1                   1                   1                  

B                : <emp>               <emp>               <emp>               <emp>               <emp>               <emp>               <emp>               <emp>               <emp>               <emp>               <emp>               <emp>               <emp>               <emp>               <emp>              
Timings          : (44.397, 44.577)    (44.577, 44.817)    (44.817, 45.007)    (45.007, 45.487)    (45.487, 45.607)    (45.607, 46.137)    (46.137, 46.337)    (46.337, 46.677)    (46.956, 47.037)    (47.037, 47.207)    (47.207, 47.427)    (47.427, 47.617)    (47.617, 47.78)     (48.42, 48.693)     (48.693, 49.04)    
Token Types      : 0                   0                   0                   0                   0                   0                   0                   0                   0                   0                   0                   0                   0                   0                   0                  
turn_ids         : 0                   0                   0                   0                   0                   0                   0                   0                   0                   0                   0                   0                   0                   0                   0                  
turn_end_types   : 0                   0                   0                   0                   0                   0                   0                   0                   0                   0                   0                   0                   0                   0                   0                  
speaker_ids      : 0                   0                   0                   0                   0                   0                   0                   0                   0                   0                   0                   0                   0                   0                   0                  


A                : Ġor                 Ġnot                Ġto                 Ġconvict            Ġpeople             Ġon                 Ġcircumst           ant                 ial                 Ġevidence           <eot>               <emp>               <emp>               Ġyou                Ġknow              
Timings          : (49.477, 49.577)    (49.577, 49.807)    (49.807, 49.897)    (49.897, 50.247)    (50.247, 50.507)    (50.507, 50.607)    (50.607, 50.82)     (50.82, 51.034)     (51.034, 51.247)    (51.247, 51.557)    (-1.0, -1.0)        (52.28, 52.521)     (52.521, 53.021)    (53.347, 53.46)     (53.46, 53.54)     
Token Types      : 1                   1                   1                   1                   1                   1                   1                   1                   1                   1                   1                   0                   0                   1                   1                  
turn_ids         : 80385681653762      80385681653762      80385681653762      80385681653762      80385681653762      80385681653762      80385681653762      80385681653762      80385681653762      80385681653762      80385681653762      0                   0                   80385681653764      80385681653764     
turn_end_types   : 1                   1                   1                   1                   1                   1                   1                   1                   1                   1                   1                   0                   0                   2                   2                  
speaker_ids      : 1                   1                   1                   1                   1                   1                   1                   1                   1                   1                   1                   0                   0                   1                   1                  

B                : <emp>               <emp>               <emp>               <emp>               <emp>               <emp>               <emp>               <emp>               <emp>               <emp>               Ġi                  Ġthink              Ġso                 <eot>               <emp>              
Timings          : (49.477, 49.577)    (49.577, 49.807)    (49.807, 49.897)    (49.897, 50.247)    (50.247, 50.507)    (50.507, 50.607)    (50.607, 50.82)     (50.82, 51.034)     (51.034, 51.247)    (51.247, 51.557)    (52.152, 52.28)     (52.28, 52.521)     (52.521, 53.021)    (-1.0, -1.0)        (53.46, 53.54)     
Token Types      : 0                   0                   0                   0                   0                   0                   0                   0                   0                   0                   1                   1                   1                   1                   0                  
turn_ids         : 0                   0                   0                   0                   0                   0                   0                   0                   0                   0                   80386218524675      80386218524675      80386218524675      80386218524675      0                  
turn_end_types   : 0                   0                   0                   0                   0                   0                   0                   0                   0                   0                   1                   1                   1                   1                   0                  
speaker_ids      : 0                   0                   0                   0                   0                   0                   0                   0                   0                   0                   2                   2                   2                   2                   0                  


A                : Ġi                  Ġi                  Ġattended           Ġa                  Ġtrial              Ġin                 Ġuh                 Ġin                 Ġg                  erman               y                   Ġwhen               Ġi                  Ġwas                Ġa                 
Timings          : (53.54, 53.729)     (55.03, 55.15)      (55.15, 55.54)      (55.54, 55.61)      (55.61, 55.97)      (55.97, 56.15)      (56.15, 56.386)     (57.188, 57.329)    (57.329, 57.443)    (57.443, 57.556)    (57.556, 57.669)    (57.669, 57.81)     (57.81, 57.869)     (57.869, 57.989)    (57.989, 58.06)    
Token Types      : 1                   1                   1                   1                   1                   1                   1                   1                   1                   1                   1                   1                   1                   1                   1                  
turn_ids         : 80385681653764      80385681653764      80385681653764      80385681653764      80385681653764      80385681653764      80385681653764      80385681653764      80385681653764      80385681653764      80385681653764      80385681653764      80385681653764      80385681653764      80385681653764     
turn_end_types   : 2                   2                   2                   2                   2                   2                   2                   2                   2                   2                   2                   2                   2                   2                   2                  
speaker_ids      : 1                   1                   1                   1                   1                   1                   1                   1                   1                   1                   1                   1                   1                   1                   1                  

B                : <emp>               <emp>               <emp>               <emp>               <emp>               <emp>               <emp>               <emp>               <emp>               <emp>               <emp>               <emp>               <emp>               <emp>               <emp>              
Timings          : (53.54, 53.729)     (55.03, 55.15)      (55.15, 55.54)      (55.54, 55.61)      (55.61, 55.97)      (55.97, 56.15)      (56.15, 56.386)     (57.188, 57.329)    (57.329, 57.443)    (57.443, 57.556)    (57.556, 57.669)    (57.669, 57.81)     (57.81, 57.869)     (57.869, 57.989)    (57.989, 58.06)    
Token Types      : 0                   0                   0                   0                   0                   0                   0                   0                   0                   0                   0                   0                   0                   0                   0                  
turn_ids         : 0                   0                   0                   0                   0                   0                   0                   0                   0                   0                   0                   0                   0                   0                   0                  
turn_end_types   : 0                   0                   0                   0                   0                   0                   0                   0                   0                   0                   0                   0                   0                   0                   0                  
speaker_ids      : 0                   0                   0                   0                   0                   0                   0                   0                   0                   0                   0                   0                   0                   0                   0                  


A                : Ġstudent            Ġand                Ġuh                 <emp>               Ġthat               's                  Ġthe                Ġsort               Ġof                 Ġsystem             Ġthey               Ġhave               Ġthe                Ġtrials             Ġare               
Timings          : (58.06, 58.479)     (58.479, 58.729)    (58.729, 58.84)     (59.666, 59.858)    (59.957, 60.074)    (60.074, 60.19)     (60.19, 60.276)     (60.276, 60.516)    (60.516, 60.576)    (60.576, 60.946)    (60.946, 61.099)    (61.099, 61.343)    (61.343, 61.446)    (61.446, 61.886)    (61.886, 61.976)   
Token Types      : 1                   1                   1                   1                   1                   1                   1                   1                   1                   1                   1                   1                   1                   1                   1                  
turn_ids         : 80385681653764      80385681653764      80385681653764      80385681653764      80385681653764      80385681653764      80385681653764      80385681653764      80385681653764      80385681653764      80385681653764      80385681653764      80385681653764      80385681653764      80385681653764     
turn_end_types   : 2                   2                   2                   2                   2                   2                   2                   2                   2                   2                   2                   2                   2                   2                   2                  
speaker_ids      : 1                   1                   1                   1                   1                   1                   1                   1                   1                   1                   1                   1                   1                   1                   1                  

B                : <emp>               <emp>               <emp>               um                  hum                 <ebc>               <emp>               <emp>               <emp>               <emp>               <emp>               <emp>               <emp>               <emp>               <emp>              
Timings          : (58.06, 58.479)     (58.479, 58.729)    (58.729, 58.84)     (59.666, 59.858)    (59.858, 60.051)    (-1.0, -1.0)        (60.19, 60.276)     (60.276, 60.516)    (60.516, 60.576)    (60.576, 60.946)    (60.946, 61.099)    (61.099, 61.343)    (61.343, 61.446)    (61.446, 61.886)    (61.886, 61.976)   
Token Types      : 0                   0                   0                   3                   3                   3                   0                   0                   0                   0                   0                   0                   0                   0                   0                  
turn_ids         : 0                   0                   0                   80388366008322      80388366008322      80388366008322      0                   0                   0                   0                   0                   0                   0                   0                   0                  
turn_end_types   : 0                   0                   0                   0                   0                   0                   0                   0                   0                   0                   0                   0                   0                   0                   0                  
speaker_ids      : 0                   0                   0                   2                   2                   2                   0                   0                   0                   0                   0                   0                   0                   0                   0                  


A                : Ġheld               Ġby                 Ġa                  Ġpanel              Ġof                 Ġthree              Ġuh                 Ġthree              Ġor                 Ġfour               Ġjudges             Ġwho                Ġare                Ġwell               Ġthey              
Timings          : (61.976, 62.196)    (62.196, 62.406)    (62.406, 62.456)    (62.456, 62.816)    (62.816, 63.069)    (63.97, 64.421)     (65.039, 65.42)     (65.42, 65.63)      (65.63, 65.72)      (65.72, 66.183)     (66.352, 66.8)      (66.8, 66.96)       (66.96, 67.163)     (67.815, 67.91)     (67.91, 67.96)     
Token Types      : 1                   1                   1                   1                   1                   1                   1                   1                   1                   1                   1                   1                   1                   1                   1                  
turn_ids         : 80385681653764      80385681653764      80385681653764      80385681653764      80385681653764      80385681653764      80385681653764      80385681653764      80385681653764      80385681653764      80385681653764      80385681653764      80385681653764      80385681653764      80385681653764     
turn_end_types   : 2                   2                   2                   2                   2                   2                   2                   2                   2                   2                   2                   2                   2                   2                   2                  
speaker_ids      : 1                   1                   1                   1                   1                   1                   1                   1                   1                   1                   1                   1                   1                   1                   1                  

B                : <emp>               <emp>               <emp>               <emp>               <emp>               <emp>               <emp>               <emp>               <emp>               <emp>               <emp>               <emp>               <emp>               <emp>               <emp>              
Timings          : (61.976, 62.196)    (62.196, 62.406)    (62.406, 62.456)    (62.456, 62.816)    (62.816, 63.069)    (63.97, 64.421)     (65.039, 65.42)     (65.42, 65.63)      (65.63, 65.72)      (65.72, 66.183)     (66.352, 66.8)      (66.8, 66.96)       (66.96, 67.163)     (67.815, 67.91)     (67.91, 67.96)     
Token Types      : 0                   0                   0                   0                   0                   0                   0                   0                   0                   0                   0                   0                   0                   0                   0                  
turn_ids         : 0                   0                   0                   0                   0                   0                   0                   0                   0                   0                   0                   0                   0                   0                   0                  
turn_end_types   : 0                   0                   0                   0                   0                   0                   0                   0                   0                   0                   0                   0                   0                   0                   0                  
speaker_ids      : 0                   0                   0                   0                   0                   0                   0                   0                   0                   0                   0                   0                   0                   0                   0                  


A                : 're                 Ġlike               Ġlawyers            Ġi                  Ġguess              Ġthey               're                 Ġexperts            Ġin                 Ġthe                Ġlaw                Ġand                Ġuh                 Ġthere              Ġthere             
Timings          : (67.96, 68.01)      (68.01, 68.23)      (68.23, 68.57)      (68.57, 68.67)      (68.67, 68.983)     (68.983, 69.082)    (69.082, 69.182)    (69.182, 69.63)     (69.63, 69.7)       (69.7, 69.76)       (69.76, 70.1)       (70.371, 70.68)     (70.68, 70.889)     (71.521, 71.732)    (72.332, 72.46)    
Token Types      : 1                   1                   1                   1                   1                   1                   1                   1                   1                   1                   1                   1                   1                   1                   1                  
turn_ids         : 80385681653764      80385681653764      80385681653764      80385681653764      80385681653764      80385681653764      80385681653764      80385681653764      80385681653764      80385681653764      80385681653764      80385681653764      80385681653764      80385681653764      80385681653764     
turn_end_types   : 2                   2                   2                   2                   2                   2                   2                   2                   2                   2                   2                   2                   2                   2                   2                  
speaker_ids      : 1                   1                   1                   1                   1                   1                   1                   1                   1                   1                   1                   1                   1                   1                   1                  

B                : <emp>               <emp>               <emp>               <emp>               <emp>               <emp>               <emp>               <emp>               <emp>               <emp>               <emp>               Ġright              <ebc>               <emp>               <emp>              
Timings          : (67.96, 68.01)      (68.01, 68.23)      (68.23, 68.57)      (68.57, 68.67)      (68.67, 68.983)     (68.983, 69.082)    (69.082, 69.182)    (69.182, 69.63)     (69.63, 69.7)       (69.7, 69.76)       (69.76, 70.1)       (70.376, 70.911)    (-1.0, -1.0)        (71.521, 71.732)    (72.332, 72.46)    
Token Types      : 0                   0                   0                   0                   0                   0                   0                   0                   0                   0                   0                   3                   3                   0                   0                  
turn_ids         : 0                   0                   0                   0                   0                   0                   0                   0                   0                   0                   0                   80388366008323      80388366008323      0                   0                  
turn_end_types   : 0                   0                   0                   0                   0                   0                   0                   0                   0                   0                   0                   0                   0                   0                   0                  
speaker_ids      : 0                   0                   0                   0                   0                   0                   0                   0                   0                   0                   0                   2                   2                   0                   0                  


A                : Ġreally             Ġisn                't                  Ġa                  Ġjury               Ġand                Ġuh                 Ġuh                 Ġthey               Ġdo                 Ġthe                Ġquestioning        Ġalso               Ġthe                Ġjudges            
Timings          : (72.46, 72.66)      (72.66, 72.775)     (72.775, 72.89)     (72.89, 72.96)      (72.96, 73.37)      (73.37, 73.64)      (73.64, 73.8)       (74.687, 74.897)    (74.897, 75.077)    (75.077, 75.207)    (75.207, 75.307)    (75.307, 75.847)    (75.847, 76.147)    (76.147, 76.265)    (76.265, 76.638)   
Token Types      : 1                   1                   1                   1                   1                   1                   1                   1                   1                   1                   1                   1                   1                   1                   1                  
turn_ids         : 80385681653764      80385681653764      80385681653764      80385681653764      80385681653764      80385681653764      80385681653764      80385681653764      80385681653764      80385681653764      80385681653764      80385681653764      80385681653764      80385681653764      80385681653764     
turn_end_types   : 2                   2                   2                   2                   2                   2                   2                   2                   2                   2                   2                   2                   2                   2                   2                  
speaker_ids      : 1                   1                   1                   1                   1                   1                   1                   1                   1                   1                   1                   1                   1                   1                   1                  

B                : <emp>               <emp>               <emp>               <emp>               <emp>               <emp>               <emp>               <emp>               <emp>               <emp>               <emp>               <emp>               <emp>               <emp>               <emp>              
Timings          : (72.46, 72.66)      (72.66, 72.775)     (72.775, 72.89)     (72.89, 72.96)      (72.96, 73.37)      (73.37, 73.64)      (73.64, 73.8)       (74.687, 74.897)    (74.897, 75.077)    (75.077, 75.207)    (75.207, 75.307)    (75.307, 75.847)    (75.847, 76.147)    (76.147, 76.265)    (76.265, 76.638)   
Token Types      : 0                   0                   0                   0                   0                   0                   0                   0                   0                   0                   0                   0                   0                   0                   0                  
turn_ids         : 0                   0                   0                   0                   0                   0                   0                   0                   0                   0                   0                   0                   0                   0                   0                  
turn_end_types   : 0                   0                   0                   0                   0                   0                   0                   0                   0                   0                   0                   0                   0                   0                   0                  
speaker_ids      : 0                   0                   0                   0                   0                   0                   0                   0                   0                   0                   0                   0                   0                   0                   0                  


A                : Ġdo                 Ġthe                Ġquestioning        Ġand                Ġuh                 Ġthey               Ġuh                 Ġit                 's                  Ġi                  Ġthink              Ġit                 's                  Ġa                  Ġlot               
Timings          : (76.638, 76.737)    (76.737, 76.873)    (76.873, 77.407)    (77.587, 77.897)    (77.897, 78.092)    (78.88, 79.137)     (79.137, 79.385)    (80.409, 80.52)     (80.52, 80.63)      (80.734, 80.823)    (80.823, 80.985)    (80.985, 81.05)     (81.05, 81.116)     (81.116, 81.165)    (81.165, 81.385)   
Token Types      : 1                   1                   1                   1                   1                   1                   1                   1                   1                   1                   1                   1                   1                   1                   1                  
turn_ids         : 80385681653764      80385681653764      80385681653764      80385681653764      80385681653764      80385681653764      80385681653764      80385681653764      80385681653764      80385681653764      80385681653764      80385681653764      80385681653764      80385681653764      80385681653764     
turn_end_types   : 2                   2                   2                   2                   2                   2                   2                   2                   2                   2                   2                   2                   2                   2                   2                  
speaker_ids      : 1                   1                   1                   1                   1                   1                   1                   1                   1                   1                   1                   1                   1                   1                   1                  

B                : <emp>               <emp>               <emp>               Ġum                 hum                 <ebc>               <emp>               <emp>               <emp>               <emp>               <emp>               <emp>               <emp>               <emp>               <emp>              
Timings          : (76.638, 76.737)    (76.737, 76.873)    (76.873, 77.407)    (77.718, 77.987)    (77.987, 78.257)    (-1.0, -1.0)        (79.137, 79.385)    (80.409, 80.52)     (80.52, 80.63)      (80.734, 80.823)    (80.823, 80.985)    (80.985, 81.05)     (81.05, 81.116)     (81.116, 81.165)    (81.165, 81.385)   
Token Types      : 0                   0                   0                   3                   3                   3                   0                   0                   0                   0                   0                   0                   0                   0                   0                  
turn_ids         : 0                   0                   0                   80388366008324      80388366008324      80388366008324      0                   0                   0                   0                   0                   0                   0                   0                   0                  
turn_end_types   : 0                   0                   0                   0                   0                   0                   0                   0                   0                   0                   0                   0                   0                   0                   0                  
speaker_ids      : 0                   0                   0                   2                   2                   2                   0                   0                   0                   0                   0                   0                   0                   0                   0                  


A                : Ġharder             Ġto                 Ġget                Ġoff                Ġon                 Ġtechnical          ities               Ġalso               Ġbecause            Ġthey               Ġuh                 Ġuh                 Ġthe                Ġjudge              Ġis                
Timings          : (81.385, 81.646)    (81.646, 81.745)    (81.745, 81.896)    (81.896, 82.095)    (82.095, 82.196)    (82.196, 82.565)    (82.565, 82.936)    (82.936, 83.256)    (83.256, 83.675)    (83.675, 83.915)    (83.915, 84.065)    (85.125, 85.464)    (85.769, 85.899)    (85.899, 86.175)    (86.175, 86.275)   
Token Types      : 1                   1                   1                   1                   1                   1                   1                   1                   1                   1                   1                   1                   1                   1                   1                  
turn_ids         : 80385681653764      80385681653764      80385681653764      80385681653764      80385681653764      80385681653764      80385681653764      80385681653764      80385681653764      80385681653764      80385681653764      80385681653764      80385681653764      80385681653764      80385681653764     
turn_end_types   : 2                   2                   2                   2                   2                   2                   2                   2                   2                   2                   2                   2                   2                   2                   2                  
speaker_ids      : 1                   1                   1                   1                   1                   1                   1                   1                   1                   1                   1                   1                   1                   1                   1                  

B                : <emp>               <emp>               <emp>               <emp>               <emp>               <emp>               <emp>               <emp>               <emp>               <emp>               <emp>               <emp>               <emp>               <emp>               <emp>              
Timings          : (81.385, 81.646)    (81.646, 81.745)    (81.745, 81.896)    (81.896, 82.095)    (82.095, 82.196)    (82.196, 82.565)    (82.565, 82.936)    (82.936, 83.256)    (83.256, 83.675)    (83.675, 83.915)    (83.915, 84.065)    (85.125, 85.464)    (85.769, 85.899)    (85.899, 86.175)    (86.175, 86.275)   
Token Types      : 0                   0                   0                   0                   0                   0                   0                   0                   0                   0                   0                   0                   0                   0                   0                  
turn_ids         : 0                   0                   0                   0                   0                   0                   0                   0                   0                   0                   0                   0                   0                   0                   0                  
turn_end_types   : 0                   0                   0                   0                   0                   0                   0                   0                   0                   0                   0                   0                   0                   0                   0                  
speaker_ids      : 0                   0                   0                   0                   0                   0                   0                   0                   0                   0                   0                   0                   0                   0                   0                  


A                : Ġalso               Ġsort               Ġof                 Ġa                  Ġjury               Ġuh                 Ġbut                Ġi                  'm                  Ġnot                Ġsure               Ġi                  Ġlike               Ġthat               Ġi                 
Timings          : (86.275, 86.686)    (87.273, 87.51)     (87.51, 87.607)     (87.607, 87.705)    (87.705, 88.095)    (89.117, 89.319)    (89.319, 89.455)    (89.455, 89.506)    (89.506, 89.557)    (89.557, 89.727)    (89.727, 89.898)    (89.898, 89.996)    (89.996, 90.187)    (90.187, 90.455)    (90.455, 90.568)   
Token Types      : 1                   1                   1                   1                   1                   1                   1                   1                   1                   1                   1                   1                   1                   1                   1                  
turn_ids         : 80385681653764      80385681653764      80385681653764      80385681653764      80385681653764      80385681653764      80385681653764      80385681653764      80385681653764      80385681653764      80385681653764      80385681653764      80385681653764      80385681653764      80385681653764     
turn_end_types   : 2                   2                   2                   2                   2                   2                   2                   2                   2                   2                   2                   2                   2                   2                   2                  
speaker_ids      : 1                   1                   1                   1                   1                   1                   1                   1                   1                   1                   1                   1                   1                   1                   1                  

B                : <emp>               <emp>               <emp>               <emp>               <emp>               <emp>               <emp>               <emp>               <emp>               <emp>               <emp>               <emp>               <emp>               <emp>               <emp>              
Timings          : (86.275, 86.686)    (87.273, 87.51)     (87.51, 87.607)     (87.607, 87.705)    (87.705, 88.095)    (89.117, 89.319)    (89.319, 89.455)    (89.455, 89.506)    (89.506, 89.557)    (89.557, 89.727)    (89.727, 89.898)    (89.898, 89.996)    (89.996, 90.187)    (90.187, 90.455)    (90.455, 90.568)   
Token Types      : 0                   0                   0                   0                   0                   0                   0                   0                   0                   0                   0                   0                   0                   0                   0                  
turn_ids         : 0                   0                   0                   0                   0                   0                   0                   0                   0                   0                   0                   0                   0                   0                   0                  
turn_end_types   : 0                   0                   0                   0                   0                   0                   0                   0                   0                   0                   0                   0                   0                   0                   0                  
speaker_ids      : 0                   0                   0                   0                   0                   0                   0                   0                   0                   0                   0                   0                   0                   0                   0                  


A                : Ġthink              Ġi                  Ġprefer             Ġthe                Ġjury               Ġsystem             <emp>               Ġmyself             <yield>             <emp>               <emp>               <emp>               <emp>               <emp>               <emp>              
Timings          : (90.568, 90.707)    (90.707, 90.852)    (90.852, 91.115)    (91.115, 91.239)    (91.239, 91.487)    (91.487, 91.807)    (91.663, 91.885)    (91.807, 92.207)    (-1.0, -1.0)        (92.375, 92.495)    (92.495, 92.893)    (93.349, 93.425)    (93.425, 93.645)    (93.645, 93.745)    (93.745, 94.285)   
Token Types      : 1                   1                   1                   1                   1                   1                   1                   1                   1                   0                   0                   0                   0                   0                   0                  
turn_ids         : 80385681653764      80385681653764      80385681653764      80385681653764      80385681653764      80385681653764      80385681653764      80385681653764      80385681653764      0                   0                   0                   0                   0                   0                  
turn_end_types   : 2                   2                   2                   2                   2                   2                   2                   2                   2                   0                   0                   0                   0                   0                   0                  
speaker_ids      : 1                   1                   1                   1                   1                   1                   1                   1                   1                   0                   0                   0                   0                   0                   0                  

B                : <emp>               <emp>               <emp>               <emp>               <emp>               Ġyou                Ġthink              Ġyou                Ġprefer             Ġthe                Ġjury               Ġyou                Ġthink              Ġyour               Ġchances           
Timings          : (90.568, 90.707)    (90.707, 90.852)    (90.852, 91.115)    (91.115, 91.239)    (91.239, 91.487)    (91.476, 91.663)    (91.663, 91.885)    (91.885, 92.035)    (92.035, 92.375)    (92.375, 92.495)    (92.495, 92.893)    (93.349, 93.425)    (93.425, 93.645)    (93.645, 93.745)    (93.745, 94.285)   
Token Types      : 0                   0                   0                   0                   0                   4                   4                   4                   4                   4                   4                   4                   4                   4                   4                  
turn_ids         : 0                   0                   0                   0                   0                   80389439750149      80389439750149      80389439750149      80389439750149      80389439750149      80389439750149      80389439750149      80389439750149      80389439750149      80389439750149     
turn_end_types   : 0                   0                   0                   0                   0                   1                   1                   1                   1                   1                   1                   1                   1                   1                   1                  
speaker_ids      : 0                   0                   0                   0                   0                   2                   2                   2                   2                   2                   2                   2                   2                   2                   2                  


A                : <emp>               <emp>               Ġuh                 Ġwell               Ġactually           Ġi                  Ġthink              Ġin                 Ġmost               Ġcriminal           Ġcases              Ġit                 Ġwouldn             't                  Ġmake              
Timings          : (94.285, 94.375)    (94.375, 94.838)    (96.814, 97.386)    (97.638, 97.959)    (98.78, 99.203)     (99.203, 99.303)    (99.303, 99.603)    (99.603, 99.753)    (99.753, 100.053)   (100.053, 100.373)  (100.373, 100.773)  (100.773, 100.873)  (100.873, 100.978)  (100.978, 101.083)  (101.083, 101.243) 
Token Types      : 0                   0                   1                   1                   1                   1                   1                   1                   1                   1                   1                   1                   1                   1                   1                  
turn_ids         : 0                   0                   80385681653766      80385681653766      80385681653766      80385681653766      80385681653766      80385681653766      80385681653766      80385681653766      80385681653766      80385681653766      80385681653766      80385681653766      80385681653766     
turn_end_types   : 0                   0                   1                   1                   1                   1                   1                   1                   1                   1                   1                   1                   1                   1                   1                  
speaker_ids      : 0                   0                   1                   1                   1                   1                   1                   1                   1                   1                   1                   1                   1                   1                   1                  

B                : Ġare                Ġbetter             <eot>               <emp>               <emp>               <emp>               <emp>               <emp>               <emp>               <emp>               <emp>               <emp>               <emp>               <emp>               <emp>              
Timings          : (94.285, 94.375)    (94.375, 94.838)    (-1.0, -1.0)        (97.638, 97.959)    (98.78, 99.203)     (99.203, 99.303)    (99.303, 99.603)    (99.603, 99.753)    (99.753, 100.053)   (100.053, 100.373)  (100.373, 100.773)  (100.773, 100.873)  (100.873, 100.978)  (100.978, 101.083)  (101.083, 101.243) 
Token Types      : 4                   4                   4                   0                   0                   0                   0                   0                   0                   0                   0                   0                   0                   0                   0                  
turn_ids         : 80389439750149      80389439750149      80389439750149      0                   0                   0                   0                   0                   0                   0                   0                   0                   0                   0                   0                  
turn_end_types   : 1                   1                   1                   0                   0                   0                   0                   0                   0                   0                   0                   0                   0                   0                   0                  
speaker_ids      : 2                   2                   2                   0                   0                   0                   0                   0                   0                   0                   0                   0                   0                   0                   0                  


A                : Ġany                Ġdifference         Ġwhether            Ġit                 Ġwas                Ġa                  Ġcouple             Ġof                 Ġjudges             Ġor                 Ġa                  Ġjury               Ġwhat               Ġi                  Ġwhat              
Timings          : (101.243, 101.363)  (101.363, 101.853)  (101.853, 102.133)  (102.133, 102.221)  (102.221, 102.447)  (102.447, 102.7)    (103.186, 103.453)  (103.453, 103.523)  (103.523, 103.973)  (103.973, 104.269)  (104.744, 104.834)  (104.834, 105.238)  (105.754, 105.959)  (105.959, 106.129)  (106.129, 106.269) 
Token Types      : 1                   1                   1                   1                   1                   1                   1                   1                   1                   1                   1                   1                   1                   1                   1                  
turn_ids         : 80385681653766      80385681653766      80385681653766      80385681653766      80385681653766      80385681653766      80385681653766      80385681653766      80385681653766      80385681653766      80385681653766      80385681653766      80385681653766      80385681653766      80385681653766     
turn_end_types   : 1                   1                   1                   1                   1                   1                   1                   1                   1                   1                   1                   1                   1                   1                   1                  
speaker_ids      : 1                   1                   1                   1                   1                   1                   1                   1                   1                   1                   1                   1                   1                   1                   1                  

B                : <emp>               <emp>               <emp>               <emp>               <emp>               <emp>               <emp>               <emp>               <emp>               <emp>               <emp>               <emp>               <emp>               <emp>               <emp>              
Timings          : (101.243, 101.363)  (101.363, 101.853)  (101.853, 102.133)  (102.133, 102.221)  (102.221, 102.447)  (102.447, 102.7)    (103.186, 103.453)  (103.453, 103.523)  (103.523, 103.973)  (103.973, 104.269)  (104.744, 104.834)  (104.834, 105.238)  (105.754, 105.959)  (105.959, 106.129)  (106.129, 106.269) 
Token Types      : 0                   0                   0                   0                   0                   0                   0                   0                   0                   0                   0                   0                   0                   0                   0                  
turn_ids         : 0                   0                   0                   0                   0                   0                   0                   0                   0                   0                   0                   0                   0                   0                   0                  
turn_end_types   : 0                   0                   0                   0                   0                   0                   0                   0                   0                   0                   0                   0                   0                   0                   0                  
speaker_ids      : 0                   0                   0                   0                   0                   0                   0                   0                   0                   0                   0                   0                   0                   0                   0                  


A                : Ġi                  Ġworry              Ġabout              Ġis                 Ġcases              Ġwhere              Ġit                 's                  Ġthe                Ġgovernment         Ġagainst            Ġthe                Ġindividual         Ġthat               's                 
Timings          : (106.269, 106.386)  (106.386, 106.644)  (106.644, 106.904)  (106.904, 107.014)  (107.014, 107.394)  (107.394, 107.544)  (107.544, 107.609)  (107.609, 107.674)  (107.674, 107.744)  (107.744, 108.104)  (108.104, 108.414)  (108.414, 108.484)  (108.484, 109.014)  (109.014, 109.129)  (109.129, 109.244) 
Token Types      : 1                   1                   1                   1                   1                   1                   1                   1                   1                   1                   1                   1                   1                   1                   1                  
turn_ids         : 80385681653766      80385681653766      80385681653766      80385681653766      80385681653766      80385681653766      80385681653766      80385681653766      80385681653766      80385681653766      80385681653766      80385681653766      80385681653766      80385681653766      80385681653766     
turn_end_types   : 1                   1                   1                   1                   1                   1                   1                   1                   1                   1                   1                   1                   1                   1                   1                  
speaker_ids      : 1                   1                   1                   1                   1                   1                   1                   1                   1                   1                   1                   1                   1                   1                   1                  

B                : <emp>               <emp>               <emp>               <emp>               <emp>               <emp>               <emp>               <emp>               <emp>               <emp>               <emp>               <emp>               <emp>               <emp>               <emp>              
Timings          : (106.269, 106.386)  (106.386, 106.644)  (106.644, 106.904)  (106.904, 107.014)  (107.014, 107.394)  (107.394, 107.544)  (107.544, 107.609)  (107.609, 107.674)  (107.674, 107.744)  (107.744, 108.104)  (108.104, 108.414)  (108.414, 108.484)  (108.484, 109.014)  (109.014, 109.129)  (109.129, 109.244) 
Token Types      : 0                   0                   0                   0                   0                   0                   0                   0                   0                   0                   0                   0                   0                   0                   0                  
turn_ids         : 0                   0                   0                   0                   0                   0                   0                   0                   0                   0                   0                   0                   0                   0                   0                  
turn_end_types   : 0                   0                   0                   0                   0                   0                   0                   0                   0                   0                   0                   0                   0                   0                   0                  
speaker_ids      : 0                   0                   0                   0                   0                   0                   0                   0                   0                   0                   0                   0                   0                   0                   0                  


A                : Ġwhere              Ġyou                Ġreally             Ġneed               Ġa                  Ġjury               Ġof                 Ġpeers              <eot>               <emp>               <emp>               <emp>               Ġbecause            Ġuh                 Ġanytime           
Timings          : (109.244, 109.354)  (109.354, 109.454)  (109.454, 109.674)  (109.674, 109.824)  (109.824, 109.884)  (109.884, 110.194)  (110.194, 110.304)  (110.304, 110.745)  (-1.0, -1.0)        (111.6, 111.687)    (111.687, 111.773)  (111.773, 112.196)  (112.142, 112.457)  (112.57, 112.85)    (113.467, 113.894) 
Token Types      : 1                   1                   1                   1                   1                   1                   1                   1                   1                   0                   0                   0                   1                   1                   1                  
turn_ids         : 80385681653766      80385681653766      80385681653766      80385681653766      80385681653766      80385681653766      80385681653766      80385681653766      80385681653766      0                   0                   0                   80385681653768      80385681653768      80385681653768     
turn_end_types   : 1                   1                   1                   1                   1                   1                   1                   1                   1                   0                   0                   0                   1                   1                   1                  
speaker_ids      : 1                   1                   1                   1                   1                   1                   1                   1                   1                   0                   0                   0                   1                   1                   1                  

B                : <emp>               <emp>               <emp>               <emp>               <emp>               <emp>               <emp>               <emp>               Ġwell               Ġthat               's                  Ġtrue               <eot>               <emp>               <emp>              
Timings          : (109.244, 109.354)  (109.354, 109.454)  (109.454, 109.674)  (109.674, 109.824)  (109.824, 109.884)  (109.884, 110.194)  (110.194, 110.304)  (110.304, 110.745)  (111.286, 111.6)    (111.6, 111.687)    (111.687, 111.773)  (111.773, 112.196)  (-1.0, -1.0)        (112.57, 112.85)    (113.467, 113.894) 
Token Types      : 0                   0                   0                   0                   0                   0                   0                   0                   1                   1                   1                   1                   1                   0                   0                  
turn_ids         : 0                   0                   0                   0                   0                   0                   0                   0                   80386218524679      80386218524679      80386218524679      80386218524679      80386218524679      0                   0                  
turn_end_types   : 0                   0                   0                   0                   0                   0                   0                   0                   1                   1                   1                   1                   1                   0                   0                  
speaker_ids      : 0                   0                   0                   0                   0                   0                   0                   0                   2                   2                   2                   2                   2                   0                   0                  


A                : Ġthe                Ġthe                Ġgovernment         Ġum                 Ġis                 Ġthe                Ġgovernment         Ġagainst            Ġthe                Ġindividual         Ġyou                Ġneed               Ġsome               Ġkind               Ġyeah              
Timings          : (113.894, 114.104)  (114.104, 114.268)  (114.268, 114.641)  (115.253, 115.662)  (116.529, 116.649)  (116.649, 116.739)  (116.739, 117.099)  (117.099, 117.369)  (117.369, 117.459)  (117.459, 118.019)  (118.019, 118.089)  (118.089, 118.309)  (118.309, 118.565)  (118.565, 118.701)  (118.701, 118.909) 
Token Types      : 1                   1                   1                   1                   1                   1                   1                   1                   1                   1                   1                   1                   1                   1                   1                  
turn_ids         : 80385681653768      80385681653768      80385681653768      80385681653768      80385681653768      80385681653768      80385681653768      80385681653768      80385681653768      80385681653768      80385681653768      80385681653768      80385681653768      80385681653768      80385681653768     
turn_end_types   : 1                   1                   1                   1                   1                   1                   1                   1                   1                   1                   1                   1                   1                   1                   1                  
speaker_ids      : 1                   1                   1                   1                   1                   1                   1                   1                   1                   1                   1                   1                   1                   1                   1                  

B                : <emp>               <emp>               <emp>               <emp>               <emp>               <emp>               <emp>               <emp>               <emp>               <emp>               <emp>               <emp>               <emp>               <emp>               <emp>              
Timings          : (113.894, 114.104)  (114.104, 114.268)  (114.268, 114.641)  (115.253, 115.662)  (116.529, 116.649)  (116.649, 116.739)  (116.739, 117.099)  (117.099, 117.369)  (117.369, 117.459)  (117.459, 118.019)  (118.019, 118.089)  (118.089, 118.309)  (118.309, 118.565)  (118.565, 118.701)  (118.701, 118.909) 
Token Types      : 0                   0                   0                   0                   0                   0                   0                   0                   0                   0                   0                   0                   0                   0                   0                  
turn_ids         : 0                   0                   0                   0                   0                   0                   0                   0                   0                   0                   0                   0                   0                   0                   0                  
turn_end_types   : 0                   0                   0                   0                   0                   0                   0                   0                   0                   0                   0                   0                   0                   0                   0                  
speaker_ids      : 0                   0                   0                   0                   0                   0                   0                   0                   0                   0                   0                   0                   0                   0                   0                  


A                : Ġthey               Ġneed               Ġthe                Ġprotection         Ġof                 Ġordinary           Ġcitizens           Ġi                  Ġthink              Ġthat               's                  Ġreally             Ġthe                Ġonly               Ġthing             
Timings          : (118.909, 119.229)  (119.229, 119.409)  (119.409, 119.469)  (119.469, 119.949)  (119.949, 120.059)  (120.059, 120.409)  (120.409, 120.879)  (120.879, 120.959)  (120.959, 121.149)  (121.149, 121.244)  (121.244, 121.339)  (121.339, 121.619)  (121.619, 121.679)  (121.679, 121.849)  (121.849, 122.082) 
Token Types      : 1                   1                   1                   1                   1                   1                   1                   1                   1                   1                   1                   1                   1                   1                   1                  
turn_ids         : 80385681653768      80385681653768      80385681653768      80385681653768      80385681653768      80385681653768      80385681653768      80385681653768      80385681653768      80385681653768      80385681653768      80385681653768      80385681653768      80385681653768      80385681653768     
turn_end_types   : 1                   1                   1                   1                   1                   1                   1                   1                   1                   1                   1                   1                   1                   1                   1                  
speaker_ids      : 1                   1                   1                   1                   1                   1                   1                   1                   1                   1                   1                   1                   1                   1                   1                  

B                : <emp>               <emp>               <emp>               <emp>               <emp>               <emp>               <emp>               <emp>               <emp>               <emp>               <emp>               <emp>               <emp>               <emp>               <emp>              
Timings          : (118.909, 119.229)  (119.229, 119.409)  (119.409, 119.469)  (119.469, 119.949)  (119.949, 120.059)  (120.059, 120.409)  (120.409, 120.879)  (120.879, 120.959)  (120.959, 121.149)  (121.149, 121.244)  (121.244, 121.339)  (121.339, 121.619)  (121.619, 121.679)  (121.679, 121.849)  (121.849, 122.082) 
Token Types      : 0                   0                   0                   0                   0                   0                   0                   0                   0                   0                   0                   0                   0                   0                   0                  
turn_ids         : 0                   0                   0                   0                   0                   0                   0                   0                   0                   0                   0                   0                   0                   0                   0                  
turn_end_types   : 0                   0                   0                   0                   0                   0                   0                   0                   0                   0                   0                   0                   0                   0                   0                  
speaker_ids      : 0                   0                   0                   0                   0                   0                   0                   0                   0                   0                   0                   0                   0                   0                   0                  


A                : Ġi                  Ġguess              Ġwhere              Ġi                  Ġwould              Ġlike               Ġto                 Ġsee                Ġthe                Ġsystem             Ġsystem             Ġchange             Ġis                 Ġuh                 Ġum                
Timings          : (122.636, 122.756)  (122.756, 122.963)  (122.963, 123.119)  (123.119, 123.179)  (123.179, 123.339)  (123.339, 123.509)  (123.509, 123.579)  (123.579, 123.769)  (123.769, 123.909)  (123.909, 124.097)  (124.375, 124.789)  (124.789, 125.149)  (125.149, 125.459)  (125.459, 125.777)  (126.516, 126.933) 
Token Types      : 1                   1                   1                   1                   1                   1                   1                   1                   1                   1                   1                   1                   1                   1                   1                  
turn_ids         : 80385681653768      80385681653768      80385681653768      80385681653768      80385681653768      80385681653768      80385681653768      80385681653768      80385681653768      80385681653768      80385681653768      80385681653768      80385681653768      80385681653768      80385681653768     
turn_end_types   : 1                   1                   1                   1                   1                   1                   1                   1                   1                   1                   1                   1                   1                   1                   1                  
speaker_ids      : 1                   1                   1                   1                   1                   1                   1                   1                   1                   1                   1                   1                   1                   1                   1                  

B                : <emp>               <emp>               <emp>               <emp>               <emp>               <emp>               <emp>               <emp>               <emp>               <emp>               <emp>               <emp>               <emp>               <emp>               <emp>              
Timings          : (122.636, 122.756)  (122.756, 122.963)  (122.963, 123.119)  (123.119, 123.179)  (123.179, 123.339)  (123.339, 123.509)  (123.509, 123.579)  (123.579, 123.769)  (123.769, 123.909)  (123.909, 124.097)  (124.375, 124.789)  (124.789, 125.149)  (125.149, 125.459)  (125.459, 125.777)  (126.516, 126.933) 
Token Types      : 0                   0                   0                   0                   0                   0                   0                   0                   0                   0                   0                   0                   0                   0                   0                  
turn_ids         : 0                   0                   0                   0                   0                   0                   0                   0                   0                   0                   0                   0                   0                   0                   0                  
turn_end_types   : 0                   0                   0                   0                   0                   0                   0                   0                   0                   0                   0                   0                   0                   0                   0                  
speaker_ids      : 0                   0                   0                   0                   0                   0                   0                   0                   0                   0                   0                   0                   0                   0                   0                  


A                : Ġthere              Ġought              Ġto                 Ġbe                 Ġuh                 Ġum                 Ġwell               Ġi                  Ġguess              Ġi                  Ġdon                't                  Ġthink              Ġthat               Ġuh                
Timings          : (127.322, 127.476)  (127.476, 127.626)  (127.626, 127.706)  (127.706, 127.996)  (127.996, 128.261)  (129.156, 129.568)  (130.19, 130.551)   (132.031, 132.142)  (132.142, 132.307)  (132.307, 132.357)  (132.357, 132.462)  (132.462, 132.567)  (132.567, 132.878)  (132.878, 133.24)   (133.24, 133.46)   
Token Types      : 1                   1                   1                   1                   1                   1                   1                   1                   1                   1                   1                   1                   1                   1                   1                  
turn_ids         : 80385681653768      80385681653768      80385681653768      80385681653768      80385681653768      80385681653768      80385681653768      80385681653768      80385681653768      80385681653768      80385681653768      80385681653768      80385681653768      80385681653768      80385681653768     
turn_end_types   : 1                   1                   1                   1                   1                   1                   1                   1                   1                   1                   1                   1                   1                   1                   1                  
speaker_ids      : 1                   1                   1                   1                   1                   1                   1                   1                   1                   1                   1                   1                   1                   1                   1                  

B                : <emp>               <emp>               <emp>               <emp>               <emp>               <emp>               <emp>               <emp>               <emp>               <emp>               <emp>               <emp>               <emp>               <emp>               <emp>              
Timings          : (127.322, 127.476)  (127.476, 127.626)  (127.626, 127.706)  (127.706, 127.996)  (127.996, 128.261)  (129.156, 129.568)  (130.19, 130.551)   (132.031, 132.142)  (132.142, 132.307)  (132.307, 132.357)  (132.357, 132.462)  (132.462, 132.567)  (132.567, 132.878)  (132.878, 133.24)   (133.24, 133.46)   
Token Types      : 0                   0                   0                   0                   0                   0                   0                   0                   0                   0                   0                   0                   0                   0                   0                  
turn_ids         : 0                   0                   0                   0                   0                   0                   0                   0                   0                   0                   0                   0                   0                   0                   0                  
turn_end_types   : 0                   0                   0                   0                   0                   0                   0                   0                   0                   0                   0                   0                   0                   0                   0                  
speaker_ids      : 0                   0                   0                   0                   0                   0                   0                   0                   0                   0                   0                   0                   0                   0                   0                  


A                : Ġum                 Ġj                  uries               Ġneed               Ġto                 Ġdecide             Ġsentencing         Ġall                Ġthe                Ġtime               <emp>               Ġi                  Ġthink              Ġmaybe              Ġthe               
Timings          : (134.099, 134.571)  (135.217, 135.394)  (135.394, 135.571)  (135.571, 135.796)  (135.796, 135.916)  (135.916, 136.326)  (136.326, 136.846)  (136.846, 136.976)  (136.976, 137.046)  (137.046, 137.396)  (137.941, 138.18)   (138.188, 138.312)  (138.312, 138.496)  (138.496, 138.736)  (138.736, 138.888) 
Token Types      : 1                   1                   1                   1                   1                   1                   1                   1                   1                   1                   1                   1                   1                   1                   1                  
turn_ids         : 80385681653768      80385681653768      80385681653768      80385681653768      80385681653768      80385681653768      80385681653768      80385681653768      80385681653768      80385681653768      80385681653768      80385681653768      80385681653768      80385681653768      80385681653768     
turn_end_types   : 1                   1                   1                   1                   1                   1                   1                   1                   1                   1                   1                   1                   1                   1                   1                  
speaker_ids      : 1                   1                   1                   1                   1                   1                   1                   1                   1                   1                   1                   1                   1                   1                   1                  

B                : <emp>               <emp>               <emp>               <emp>               <emp>               <emp>               <emp>               <emp>               <emp>               <emp>               Ġum                 hum                 <ebc>               <emp>               <emp>              
Timings          : (134.099, 134.571)  (135.217, 135.394)  (135.394, 135.571)  (135.571, 135.796)  (135.796, 135.916)  (135.916, 136.326)  (136.326, 136.846)  (136.846, 136.976)  (136.976, 137.046)  (137.046, 137.396)  (137.941, 138.18)   (138.18, 138.419)   (-1.0, -1.0)        (138.496, 138.736)  (138.736, 138.888) 
Token Types      : 0                   0                   0                   0                   0                   0                   0                   0                   0                   0                   3                   3                   3                   0                   0                  
turn_ids         : 0                   0                   0                   0                   0                   0                   0                   0                   0                   0                   80388366008327      80388366008327      80388366008327      0                   0                  
turn_end_types   : 0                   0                   0                   0                   0                   0                   0                   0                   0                   0                   0                   0                   0                   0                   0                  
speaker_ids      : 0                   0                   0                   0                   0                   0                   0                   0                   0                   0                   2                   2                   2                   0                   0                  


A                : Ġa                  Ġjudge              Ġis                 Ġa                  Ġbetter             Ġjudge              Ġof                 Ġthat               Ġor                 Ġum                 <eot>               <emp>               <emp>               <emp>               <emp>              
Timings          : (139.517, 139.693)  (139.693, 139.996)  (139.996, 140.096)  (140.096, 140.146)  (140.146, 140.376)  (140.376, 140.646)  (140.646, 140.726)  (140.726, 140.966)  (141.446, 141.691)  (141.691, 142.008)  (-1.0, -1.0)        (144.503, 144.709)  (144.709, 145.259)  (145.259, 145.329)  (145.329, 145.909) 
Token Types      : 1                   1                   1                   1                   1                   1                   1                   1                   1                   1                   1                   0                   0                   0                   0                  
turn_ids         : 80385681653768      80385681653768      80385681653768      80385681653768      80385681653768      80385681653768      80385681653768      80385681653768      80385681653768      80385681653768      80385681653768      0                   0                   0                   0                  
turn_end_types   : 1                   1                   1                   1                   1                   1                   1                   1                   1                   1                   1                   0                   0                   0                   0                  
speaker_ids      : 1                   1                   1                   1                   1                   1                   1                   1                   1                   1                   1                   0                   0                   0                   0                  

B                : <emp>               <emp>               <emp>               <emp>               <emp>               <emp>               <emp>               <emp>               <emp>               <emp>               Ġwell               Ġsometimes          Ġsometimes          Ġthe                Ġsentencing        
Timings          : (139.517, 139.693)  (139.693, 139.996)  (139.996, 140.096)  (140.096, 140.146)  (140.146, 140.376)  (140.376, 140.646)  (140.646, 140.726)  (140.726, 140.966)  (141.446, 141.691)  (141.691, 142.008)  (143.804, 144.265)  (144.503, 144.709)  (144.709, 145.259)  (145.259, 145.329)  (145.329, 145.909) 
Token Types      : 0                   0                   0                   0                   0                   0                   0                   0                   0                   0                   1                   1                   1                   1                   1                  
turn_ids         : 0                   0                   0                   0                   0                   0                   0                   0                   0                   0                   80386218524681      80386218524681      80386218524681      80386218524681      80386218524681     
turn_end_types   : 0                   0                   0                   0                   0                   0                   0                   0                   0                   0                   1                   1                   1                   1                   1                  
speaker_ids      : 0                   0                   0                   0                   0                   0                   0                   0                   0                   0                   2                   2                   2                   2                   2                  


A                : <emp>               <emp>               <emp>               <emp>               <emp>               <emp>               <emp>               <emp>               <emp>               <emp>               <emp>               <emp>               <emp>               <emp>               <emp>              
Timings          : (145.909, 146.009)  (146.009, 146.359)  (146.359, 146.565)  (146.565, 146.81)   (146.81, 147.439)   (148.201, 148.322)  (148.322, 148.856)  (148.856, 149.306)  (149.306, 149.678)  (149.9, 150.136)    (150.136, 150.226)  (150.226, 150.716)  (150.716, 150.816)  (150.816, 151.076)  (151.076, 151.186) 
Token Types      : 0                   0                   0                   0                   0                   0                   0                   0                   0                   0                   0                   0                   0                   0                   0                  
turn_ids         : 0                   0                   0                   0                   0                   0                   0                   0                   0                   0                   0                   0                   0                   0                   0                  
turn_end_types   : 0                   0                   0                   0                   0                   0                   0                   0                   0                   0                   0                   0                   0                   0                   0                  
speaker_ids      : 0                   0                   0                   0                   0                   0                   0                   0                   0                   0                   0                   0                   0                   0                   0                  

B                : Ġis                 Ġstill              Ġis                 Ġnot                Ġfair               Ġi                  Ġmean               Ġeven               Ġif                 Ġwell               Ġthe                Ġjury               Ġi                  Ġguess              Ġthey              
Timings          : (145.909, 146.009)  (146.009, 146.359)  (146.359, 146.565)  (146.565, 146.81)   (146.81, 147.439)   (148.201, 148.322)  (148.322, 148.856)  (148.856, 149.306)  (149.306, 149.678)  (149.9, 150.136)    (150.136, 150.226)  (150.226, 150.716)  (150.716, 150.816)  (150.816, 151.076)  (151.076, 151.186) 
Token Types      : 1                   1                   1                   1                   1                   1                   1                   1                   1                   1                   1                   1                   1                   1                   1                  
turn_ids         : 80386218524681      80386218524681      80386218524681      80386218524681      80386218524681      80386218524681      80386218524681      80386218524681      80386218524681      80386218524681      80386218524681      80386218524681      80386218524681      80386218524681      80386218524681     
turn_end_types   : 1                   1                   1                   1                   1                   1                   1                   1                   1                   1                   1                   1                   1                   1                   1                  
speaker_ids      : 2                   2                   2                   2                   2                   2                   2                   2                   2                   2                   2                   2                   2                   2                   2                  


A                : <emp>               <emp>               <emp>               <emp>               <emp>               <emp>               <emp>               <emp>               <emp>               <emp>               <emp>               <emp>               <emp>               <emp>               <emp>              
Timings          : (151.186, 151.406)  (151.406, 152.066)  (152.066, 152.396)  (152.396, 152.626)  (153.346, 153.446)  (153.446, 153.511)  (153.511, 153.576)  (153.576, 153.836)  (153.836, 153.996)  (153.996, 154.106)  (154.106, 154.176)  (154.176, 154.596)  (154.596, 154.846)  (154.846, 155.246)  (155.246, 155.656) 
Token Types      : 0                   0                   0                   0                   0                   0                   0                   0                   0                   0                   0                   0                   0                   0                   0                  
turn_ids         : 0                   0                   0                   0                   0                   0                   0                   0                   0                   0                   0                   0                   0                   0                   0                  
turn_end_types   : 0                   0                   0                   0                   0                   0                   0                   0                   0                   0                   0                   0                   0                   0                   0                  
speaker_ids      : 0                   0                   0                   0                   0                   0                   0                   0                   0                   0                   0                   0                   0                   0                   0                  

B                : Ġdo                 Ġdecide             Ġthat               Ġbut                Ġbut                Ġi                  'm                  Ġlike               Ġyou                Ġin                 Ġa                  Ġcase               Ġlike               Ġthat               Ġmost              
Timings          : (151.186, 151.406)  (151.406, 152.066)  (152.066, 152.396)  (152.396, 152.626)  (153.346, 153.446)  (153.446, 153.511)  (153.511, 153.576)  (153.576, 153.836)  (153.836, 153.996)  (153.996, 154.106)  (154.106, 154.176)  (154.176, 154.596)  (154.596, 154.846)  (154.846, 155.246)  (155.246, 155.656) 
Token Types      : 1                   1                   1                   1                   1                   1                   1                   1                   1                   1                   1                   1                   1                   1                   1                  
turn_ids         : 80386218524681      80386218524681      80386218524681      80386218524681      80386218524681      80386218524681      80386218524681      80386218524681      80386218524681      80386218524681      80386218524681      80386218524681      80386218524681      80386218524681      80386218524681     
turn_end_types   : 1                   1                   1                   1                   1                   1                   1                   1                   1                   1                   1                   1                   1                   1                   1                  
speaker_ids      : 2                   2                   2                   2                   2                   2                   2                   2                   2                   2                   2                   2                   2                   2                   2                  


A                : <emp>               <emp>               <emp>               <emp>               <emp>               <emp>               <emp>               <emp>               <emp>               <emp>               <emp>               <emp>               <emp>               <emp>               <emp>              
Timings          : (155.656, 155.986)  (155.986, 156.306)  (157.132, 157.327)  (157.327, 157.412)  (157.412, 157.497)  (157.497, 157.612)  (157.612, 157.802)  (157.802, 157.927)  (157.927, 158.052)  (158.052, 158.449)  (158.588, 158.952)  (158.952, 159.398)  (159.515, 160.132)  (161.626, 162.296)  (162.296, 162.443) 
Token Types      : 0                   0                   0                   0                   0                   0                   0                   0                   0                   0                   0                   0                   0                   0                   0                  
turn_ids         : 0                   0                   0                   0                   0                   0                   0                   0                   0                   0                   0                   0                   0                   0                   0                  
turn_end_types   : 0                   0                   0                   0                   0                   0                   0                   0                   0                   0                   0                   0                   0                   0                   0                  
speaker_ids      : 0                   0                   0                   0                   0                   0                   0                   0                   0                   0                   0                   0                   0                   0                   0                  

B                : Ġtime               Ġits                Ġi                  Ġdon                't                  Ġknow               Ġmaybe              Ġi                  'm                  Ġtoo                Ġtoo                Ġuh                 Ġuh                 Ġconservative       Ġwhen              
Timings          : (155.656, 155.986)  (155.986, 156.306)  (157.132, 157.327)  (157.327, 157.412)  (157.412, 157.497)  (157.497, 157.612)  (157.612, 157.802)  (157.802, 157.927)  (157.927, 158.052)  (158.052, 158.449)  (158.588, 158.952)  (158.952, 159.398)  (159.515, 160.132)  (161.626, 162.296)  (162.296, 162.443) 
Token Types      : 1                   1                   1                   1                   1                   1                   1                   1                   1                   1                   1                   1                   1                   1                   1                  
turn_ids         : 80386218524681      80386218524681      80386218524681      80386218524681      80386218524681      80386218524681      80386218524681      80386218524681      80386218524681      80386218524681      80386218524681      80386218524681      80386218524681      80386218524681      80386218524681     
turn_end_types   : 1                   1                   1                   1                   1                   1                   1                   1                   1                   1                   1                   1                   1                   1                   1                  
speaker_ids      : 2                   2                   2                   2                   2                   2                   2                   2                   2                   2                   2                   2                   2                   2                   2                  


A                : <emp>               <emp>               <emp>               <emp>               <emp>               <emp>               <emp>               <emp>               <emp>               <emp>               <emp>               <emp>               <emp>               <emp>               <emp>              
Timings          : (162.443, 162.523)  (162.523, 162.813)  (162.813, 162.973)  (162.973, 163.299)  (163.431, 163.573)  (163.573, 163.723)  (163.723, 164.433)  (164.433, 164.743)  (164.852, 165.173)  (165.173, 165.827)  (166.592, 167.053)  (167.053, 167.183)  (167.183, 167.433)  (167.433, 167.573)  (167.573, 167.823) 
Token Types      : 0                   0                   0                   0                   0                   0                   0                   0                   0                   0                   0                   0                   0                   0                   0                  
turn_ids         : 0                   0                   0                   0                   0                   0                   0                   0                   0                   0                   0                   0                   0                   0                   0                  
turn_end_types   : 0                   0                   0                   0                   0                   0                   0                   0                   0                   0                   0                   0                   0                   0                   0                  
speaker_ids      : 0                   0                   0                   0                   0                   0                   0                   0                   0                   0                   0                   0                   0                   0                   0                  

B                : Ġit                 Ġcome               Ġto                 Ġthat               Ġthe                Ġthe                Ġsentencing         Ġis                 Ġreally             Ġlight              Ġcompared           Ġto                 Ġwhat               Ġi                  Ġthink             
Timings          : (162.443, 162.523)  (162.523, 162.813)  (162.813, 162.973)  (162.973, 163.299)  (163.431, 163.573)  (163.573, 163.723)  (163.723, 164.433)  (164.433, 164.743)  (164.852, 165.173)  (165.173, 165.827)  (166.592, 167.053)  (167.053, 167.183)  (167.183, 167.433)  (167.433, 167.573)  (167.573, 167.823) 
Token Types      : 1                   1                   1                   1                   1                   1                   1                   1                   1                   1                   1                   1                   1                   1                   1                  
turn_ids         : 80386218524681      80386218524681      80386218524681      80386218524681      80386218524681      80386218524681      80386218524681      80386218524681      80386218524681      80386218524681      80386218524681      80386218524681      80386218524681      80386218524681      80386218524681     
turn_end_types   : 1                   1                   1                   1                   1                   1                   1                   1                   1                   1                   1                   1                   1                   1                   1                  
speaker_ids      : 2                   2                   2                   2                   2                   2                   2                   2                   2                   2                   2                   2                   2                   2                   2                  


A                : <emp>               <emp>               <emp>               <emp>               <emp>               <emp>               <emp>               <emp>               yeah                <ebc>               <emp>               <emp>               Ġwell               Ġif                 Ġyou               
Timings          : (167.823, 167.943)  (167.943, 168.263)  (168.263, 168.353)  (168.353, 168.483)  (168.483, 168.543)  (168.543, 168.773)  (168.773, 168.833)  (168.833, 169.545)  (169.726, 169.939)  (-1.0, -1.0)        (170.641, 170.959)  (171.294, 171.761)  (171.835, 172.011)  (172.011, 172.151)  (172.151, 172.281) 
Token Types      : 0                   0                   0                   0                   0                   0                   0                   0                   3                   3                   0                   0                   1                   1                   1                  
turn_ids         : 0                   0                   0                   0                   0                   0                   0                   0                   80387829137413      80387829137413      0                   0                   80385681653770      80385681653770      80385681653770     
turn_end_types   : 0                   0                   0                   0                   0                   0                   0                   0                   0                   0                   0                   0                   1                   1                   1                  
speaker_ids      : 0                   0                   0                   0                   0                   0                   0                   0                   1                   1                   0                   0                   1                   1                   1                  

B                : Ġthey               Ġshould             Ġbe                 Ġin                 Ġa                  Ġlot                Ġof                 Ġcases              <emp>               Ġyou                Ġknow               Ġuh                 <eot>               <emp>               <emp>              
Timings          : (167.823, 167.943)  (167.943, 168.263)  (168.263, 168.353)  (168.353, 168.483)  (168.483, 168.543)  (168.543, 168.773)  (168.773, 168.833)  (168.833, 169.545)  (169.726, 169.939)  (170.503, 170.641)  (170.641, 170.959)  (171.294, 171.761)  (-1.0, -1.0)        (172.011, 172.151)  (172.151, 172.281) 
Token Types      : 1                   1                   1                   1                   1                   1                   1                   1                   1                   1                   1                   1                   1                   0                   0                  
turn_ids         : 80386218524681      80386218524681      80386218524681      80386218524681      80386218524681      80386218524681      80386218524681      80386218524681      80386218524681      80386218524681      80386218524681      80386218524681      80386218524681      0                   0                  
turn_end_types   : 1                   1                   1                   1                   1                   1                   1                   1                   1                   1                   1                   1                   1                   0                   0                  
speaker_ids      : 2                   2                   2                   2                   2                   2                   2                   2                   2                   2                   2                   2                   2                   0                   0                  


A                : Ġdrag               Ġtwelve             Ġpeople             Ġinto               Ġa                  Ġcourtroom          Ġi                  Ġtrust              Ġthem               Ġto                 Ġmake               Ġthe                Ġright              Ġdecision           Ġas                
Timings          : (172.281, 172.631)  (172.631, 172.921)  (172.921, 173.291)  (173.291, 173.768)  (174.396, 174.508)  (174.508, 175.359)  (175.359, 175.566)  (175.566, 175.921)  (175.921, 176.224)  (176.45, 176.743)   (177.338, 177.731)  (177.731, 177.801)  (177.801, 177.991)  (177.991, 178.401)  (178.401, 178.531) 
Token Types      : 1                   1                   1                   1                   1                   1                   1                   1                   1                   1                   1                   1                   1                   1                   1                  
turn_ids         : 80385681653770      80385681653770      80385681653770      80385681653770      80385681653770      80385681653770      80385681653770      80385681653770      80385681653770      80385681653770      80385681653770      80385681653770      80385681653770      80385681653770      80385681653770     
turn_end_types   : 1                   1                   1                   1                   1                   1                   1                   1                   1                   1                   1                   1                   1                   1                   1                  
speaker_ids      : 1                   1                   1                   1                   1                   1                   1                   1                   1                   1                   1                   1                   1                   1                   1                  

B                : <emp>               <emp>               <emp>               <emp>               <emp>               <emp>               <emp>               <emp>               <emp>               <emp>               <emp>               <emp>               <emp>               <emp>               <emp>              
Timings          : (172.281, 172.631)  (172.631, 172.921)  (172.921, 173.291)  (173.291, 173.768)  (174.396, 174.508)  (174.508, 175.359)  (175.359, 175.566)  (175.566, 175.921)  (175.921, 176.224)  (176.45, 176.743)   (177.338, 177.731)  (177.731, 177.801)  (177.801, 177.991)  (177.991, 178.401)  (178.401, 178.531) 
Token Types      : 0                   0                   0                   0                   0                   0                   0                   0                   0                   0                   0                   0                   0                   0                   0                  
turn_ids         : 0                   0                   0                   0                   0                   0                   0                   0                   0                   0                   0                   0                   0                   0                   0                  
turn_end_types   : 0                   0                   0                   0                   0                   0                   0                   0                   0                   0                   0                   0                   0                   0                   0                  
speaker_ids      : 0                   0                   0                   0                   0                   0                   0                   0                   0                   0                   0                   0                   0                   0                   0                  


A                : Ġto                 Ġwhether            Ġsomeone            's                  Ġguilty             Ġor                 Ġinnocent           Ġthat               's                  Ġusually            Ġa                  Ġmatter             Ġof                 Ġwho                Ġto                
Timings          : (178.531, 178.651)  (178.651, 178.861)  (178.861, 179.117)  (179.117, 179.374)  (179.607, 179.921)  (179.921, 180.011)  (180.011, 180.361)  (180.361, 180.476)  (180.476, 180.591)  (180.591, 180.931)  (180.931, 180.971)  (180.971, 181.291)  (181.291, 181.519)  (181.692, 181.811)  (181.811, 181.901) 
Token Types      : 1                   1                   1                   1                   1                   1                   1                   1                   1                   1                   1                   1                   1                   1                   1                  
turn_ids         : 80385681653770      80385681653770      80385681653770      80385681653770      80385681653770      80385681653770      80385681653770      80385681653770      80385681653770      80385681653770      80385681653770      80385681653770      80385681653770      80385681653770      80385681653770     
turn_end_types   : 1                   1                   1                   1                   1                   1                   1                   1                   1                   1                   1                   1                   1                   1                   1                  
speaker_ids      : 1                   1                   1                   1                   1                   1                   1                   1                   1                   1                   1                   1                   1                   1                   1                  

B                : <emp>               <emp>               <emp>               <emp>               <emp>               <emp>               <emp>               <emp>               <emp>               <emp>               <emp>               <emp>               <emp>               <emp>               <emp>              
Timings          : (178.531, 178.651)  (178.651, 178.861)  (178.861, 179.117)  (179.117, 179.374)  (179.607, 179.921)  (179.921, 180.011)  (180.011, 180.361)  (180.361, 180.476)  (180.476, 180.591)  (180.591, 180.931)  (180.931, 180.971)  (180.971, 181.291)  (181.291, 181.519)  (181.692, 181.811)  (181.811, 181.901) 
Token Types      : 0                   0                   0                   0                   0                   0                   0                   0                   0                   0                   0                   0                   0                   0                   0                  
turn_ids         : 0                   0                   0                   0                   0                   0                   0                   0                   0                   0                   0                   0                   0                   0                   0                  
turn_end_types   : 0                   0                   0                   0                   0                   0                   0                   0                   0                   0                   0                   0                   0                   0                   0                  
speaker_ids      : 0                   0                   0                   0                   0                   0                   0                   0                   0                   0                   0                   0                   0                   0                   0                  


A                : Ġbelieve            Ġand                Ġwhat               Ġfacts              Ġto                 Ġbelieve            <emp>               Ġbut                Ġpeople             Ġwho                Ġdon                't                  Ġwho                Ġdon                't                 
Timings          : (181.901, 182.341)  (182.341, 182.501)  (182.501, 182.661)  (182.661, 182.991)  (182.991, 183.081)  (183.081, 183.449)  (183.71, 184.327)   (184.46, 184.583)   (184.583, 184.953)  (184.953, 185.077)  (185.077, 185.152)  (185.152, 185.228)  (185.228, 185.423)  (185.423, 185.538)  (185.538, 185.653) 
Token Types      : 1                   1                   1                   1                   1                   1                   1                   1                   1                   1                   1                   1                   1                   1                   1                  
turn_ids         : 80385681653770      80385681653770      80385681653770      80385681653770      80385681653770      80385681653770      80385681653770      80385681653770      80385681653770      80385681653770      80385681653770      80385681653770      80385681653770      80385681653770      80385681653770     
turn_end_types   : 1                   1                   1                   1                   1                   1                   1                   1                   1                   1                   1                   1                   1                   1                   1                  
speaker_ids      : 1                   1                   1                   1                   1                   1                   1                   1                   1                   1                   1                   1                   1                   1                   1                  

B                : <emp>               <emp>               <emp>               <emp>               <emp>               <emp>               Ġright              <ebc>               <emp>               <emp>               <emp>               <emp>               <emp>               <emp>               <emp>              
Timings          : (181.901, 182.341)  (182.341, 182.501)  (182.501, 182.661)  (182.661, 182.991)  (182.991, 183.081)  (183.081, 183.449)  (183.71, 184.327)   (-1.0, -1.0)        (184.583, 184.953)  (184.953, 185.077)  (185.077, 185.152)  (185.152, 185.228)  (185.228, 185.423)  (185.423, 185.538)  (185.538, 185.653) 
Token Types      : 0                   0                   0                   0                   0                   0                   3                   3                   0                   0                   0                   0                   0                   0                   0                  
turn_ids         : 0                   0                   0                   0                   0                   0                   80388366008329      80388366008329      0                   0                   0                   0                   0                   0                   0                  
turn_end_types   : 0                   0                   0                   0                   0                   0                   0                   0                   0                   0                   0                   0                   0                   0                   0                  
speaker_ids      : 0                   0                   0                   0                   0                   0                   2                   2                   0                   0                   0                   0                   0                   0                   0                  


A                : Ġhave               Ġday                Ġin                 Ġand                Ġday                Ġout                Ġlife               Ġlong               Ġexperience         Ġwith               Ġwhat               Ġprison             's                  Ġreally             Ġlike              
Timings          : (185.653, 185.943)  (185.943, 186.163)  (186.163, 186.273)  (186.273, 186.423)  (186.423, 186.623)  (186.623, 186.843)  (186.843, 187.133)  (187.133, 187.293)  (187.293, 187.943)  (187.943, 188.217)  (188.909, 189.209)  (189.209, 189.404)  (189.404, 189.599)  (189.599, 189.829)  (189.829, 190.229) 
Token Types      : 1                   1                   1                   1                   1                   1                   1                   1                   1                   1                   1                   1                   1                   1                   1                  
turn_ids         : 80385681653770      80385681653770      80385681653770      80385681653770      80385681653770      80385681653770      80385681653770      80385681653770      80385681653770      80385681653770      80385681653770      80385681653770      80385681653770      80385681653770      80385681653770     
turn_end_types   : 1                   1                   1                   1                   1                   1                   1                   1                   1                   1                   1                   1                   1                   1                   1                  
speaker_ids      : 1                   1                   1                   1                   1                   1                   1                   1                   1                   1                   1                   1                   1                   1                   1                  

B                : <emp>               <emp>               <emp>               <emp>               <emp>               <emp>               <emp>               <emp>               <emp>               <emp>               <emp>               <emp>               <emp>               <emp>               <emp>              
Timings          : (185.653, 185.943)  (185.943, 186.163)  (186.163, 186.273)  (186.273, 186.423)  (186.423, 186.623)  (186.623, 186.843)  (186.843, 187.133)  (187.133, 187.293)  (187.293, 187.943)  (187.943, 188.217)  (188.909, 189.209)  (189.209, 189.404)  (189.404, 189.599)  (189.599, 189.829)  (189.829, 190.229) 
Token Types      : 0                   0                   0                   0                   0                   0                   0                   0                   0                   0                   0                   0                   0                   0                   0                  
turn_ids         : 0                   0                   0                   0                   0                   0                   0                   0                   0                   0                   0                   0                   0                   0                   0                  
turn_end_types   : 0                   0                   0                   0                   0                   0                   0                   0                   0                   0                   0                   0                   0                   0                   0                  
speaker_ids      : 0                   0                   0                   0                   0                   0                   0                   0                   0                   0                   0                   0                   0                   0                   0                  


A                : Ġand                Ġwhat               Ġthe                Ġoptions            Ġare                Ġto                 Ġask                Ġthem               Ġto                 Ġdecide             Ġfor                Ġone                Ġcase               Ġon                 Ġone               
Timings          : (190.229, 190.729)  (191.099, 191.369)  (191.369, 191.519)  (191.519, 191.859)  (191.859, 192.239)  (192.239, 192.359)  (192.359, 192.639)  (192.639, 192.829)  (192.829, 192.949)  (192.949, 193.449)  (193.449, 193.589)  (193.589, 193.839)  (193.839, 194.369)  (194.849, 194.989)  (194.989, 195.199) 
Token Types      : 1                   1                   1                   1                   1                   1                   1                   1                   1                   1                   1                   1                   1                   1                   1                  
turn_ids         : 80385681653770      80385681653770      80385681653770      80385681653770      80385681653770      80385681653770      80385681653770      80385681653770      80385681653770      80385681653770      80385681653770      80385681653770      80385681653770      80385681653770      80385681653770     
turn_end_types   : 1                   1                   1                   1                   1                   1                   1                   1                   1                   1                   1                   1                   1                   1                   1                  
speaker_ids      : 1                   1                   1                   1                   1                   1                   1                   1                   1                   1                   1                   1                   1                   1                   1                  

B                : <emp>               <emp>               <emp>               <emp>               <emp>               <emp>               <emp>               <emp>               <emp>               <emp>               <emp>               <emp>               <emp>               <emp>               <emp>              
Timings          : (190.229, 190.729)  (191.099, 191.369)  (191.369, 191.519)  (191.519, 191.859)  (191.859, 192.239)  (192.239, 192.359)  (192.359, 192.639)  (192.639, 192.829)  (192.829, 192.949)  (192.949, 193.449)  (193.449, 193.589)  (193.589, 193.839)  (193.839, 194.369)  (194.849, 194.989)  (194.989, 195.199) 
Token Types      : 0                   0                   0                   0                   0                   0                   0                   0                   0                   0                   0                   0                   0                   0                   0                  
turn_ids         : 0                   0                   0                   0                   0                   0                   0                   0                   0                   0                   0                   0                   0                   0                   0                  
turn_end_types   : 0                   0                   0                   0                   0                   0                   0                   0                   0                   0                   0                   0                   0                   0                   0                  
speaker_ids      : 0                   0                   0                   0                   0                   0                   0                   0                   0                   0                   0                   0                   0                   0                   0                  


A                : Ġperson             Ġbased              Ġon                 Ġwhat               Ġthey               Ġsee                Ġi                  Ġthink              Ġthat               Ġis                 Ġmaybe              Ġuh                 Ġa                  Ġlittle             Ġbit               
Timings          : (195.199, 195.716)  (195.934, 196.209)  (196.209, 196.379)  (196.379, 196.529)  (196.529, 196.669)  (196.669, 196.939)  (196.939, 197.052)  (197.052, 197.307)  (197.307, 197.465)  (198.198, 198.328)  (198.328, 198.798)  (198.798, 199.098)  (199.693, 199.772)  (199.772, 199.918)  (199.918, 200.078) 
Token Types      : 1                   1                   1                   1                   1                   1                   1                   1                   1                   1                   1                   1                   1                   1                   1                  
turn_ids         : 80385681653770      80385681653770      80385681653770      80385681653770      80385681653770      80385681653770      80385681653770      80385681653770      80385681653770      80385681653770      80385681653770      80385681653770      80385681653770      80385681653770      80385681653770     
turn_end_types   : 1                   1                   1                   1                   1                   1                   1                   1                   1                   1                   1                   1                   1                   1                   1                  
speaker_ids      : 1                   1                   1                   1                   1                   1                   1                   1                   1                   1                   1                   1                   1                   1                   1                  

B                : <emp>               <emp>               <emp>               <emp>               <emp>               <emp>               <emp>               <emp>               <emp>               <emp>               <emp>               <emp>               <emp>               <emp>               <emp>              
Timings          : (195.199, 195.716)  (195.934, 196.209)  (196.209, 196.379)  (196.379, 196.529)  (196.529, 196.669)  (196.669, 196.939)  (196.939, 197.052)  (197.052, 197.307)  (197.307, 197.465)  (198.198, 198.328)  (198.328, 198.798)  (198.798, 199.098)  (199.693, 199.772)  (199.772, 199.918)  (199.918, 200.078) 
Token Types      : 0                   0                   0                   0                   0                   0                   0                   0                   0                   0                   0                   0                   0                   0                   0                  
turn_ids         : 0                   0                   0                   0                   0                   0                   0                   0                   0                   0                   0                   0                   0                   0                   0                  
turn_end_types   : 0                   0                   0                   0                   0                   0                   0                   0                   0                   0                   0                   0                   0                   0                   0                  
speaker_ids      : 0                   0                   0                   0                   0                   0                   0                   0                   0                   0                   0                   0                   0                   0                   0                  


A                : Ġnaive              <emp>               Ġin                 Ġtex                as                  Ġhere               Ġpeople             Ġtend               Ġto                 Ġget                Ġwhipped            Ġup                 Ġinto               Ġa                  Ġfrenzy            
Timings          : (200.078, 200.686)  (201.124, 201.536)  (201.695, 201.815)  (201.815, 202.045)  (202.045, 202.275)  (202.275, 202.395)  (202.395, 202.685)  (202.685, 202.925)  (202.925, 203.005)  (203.005, 203.145)  (203.145, 203.395)  (203.395, 203.585)  (203.585, 204.025)  (204.025, 204.171)  (204.82, 205.235)  
Token Types      : 1                   1                   1                   1                   1                   1                   1                   1                   1                   1                   1                   1                   1                   1                   1                  
turn_ids         : 80385681653770      80385681653770      80385681653770      80385681653770      80385681653770      80385681653770      80385681653770      80385681653770      80385681653770      80385681653770      80385681653770      80385681653770      80385681653770      80385681653770      80385681653770     
turn_end_types   : 1                   1                   1                   1                   1                   1                   1                   1                   1                   1                   1                   1                   1                   1                   1                  
speaker_ids      : 1                   1                   1                   1                   1                   1                   1                   1                   1                   1                   1                   1                   1                   1                   1                  

B                : <emp>               Ġyeah               <ebc>               <emp>               <emp>               <emp>               <emp>               <emp>               <emp>               <emp>               <emp>               <emp>               <emp>               <emp>               <emp>              
Timings          : (200.078, 200.686)  (201.124, 201.536)  (-1.0, -1.0)        (201.815, 202.045)  (202.045, 202.275)  (202.275, 202.395)  (202.395, 202.685)  (202.685, 202.925)  (202.925, 203.005)  (203.005, 203.145)  (203.145, 203.395)  (203.395, 203.585)  (203.585, 204.025)  (204.025, 204.171)  (204.82, 205.235)  
Token Types      : 0                   3                   3                   0                   0                   0                   0                   0                   0                   0                   0                   0                   0                   0                   0                  
turn_ids         : 0                   80388366008330      80388366008330      0                   0                   0                   0                   0                   0                   0                   0                   0                   0                   0                   0                  
turn_end_types   : 0                   0                   0                   0                   0                   0                   0                   0                   0                   0                   0                   0                   0                   0                   0                  
speaker_ids      : 0                   2                   2                   0                   0                   0                   0                   0                   0                   0                   0                   0                   0                   0                   0                  


A                : Ġand                Ġslap               Ġlong               Ġsentences          Ġon                 Ġpeople             Ġum                 <emp>               Ġit                 's                  Ġkind               Ġof                 Ġa                  Ġum                 Ġhanging           
Timings          : (205.235, 205.395)  (205.395, 205.705)  (205.705, 205.975)  (205.975, 206.435)  (206.435, 206.585)  (206.585, 207.083)  (207.508, 207.895)  (207.803, 208.064)  (208.781, 208.853)  (208.853, 208.926)  (208.926, 209.126)  (209.126, 209.236)  (209.236, 209.385)  (210.536, 210.976)  (211.597, 211.978) 
Token Types      : 1                   1                   1                   1                   1                   1                   1                   1                   1                   1                   1                   1                   1                   1                   1                  
turn_ids         : 80385681653770      80385681653770      80385681653770      80385681653770      80385681653770      80385681653770      80385681653770      80385681653770      80385681653770      80385681653770      80385681653770      80385681653770      80385681653770      80385681653770      80385681653770     
turn_end_types   : 1                   1                   1                   1                   1                   1                   1                   1                   1                   1                   1                   1                   1                   1                   1                  
speaker_ids      : 1                   1                   1                   1                   1                   1                   1                   1                   1                   1                   1                   1                   1                   1                   1                  

B                : <emp>               <emp>               <emp>               <emp>               <emp>               <emp>               Ġum                 hum                 <ebc>               <emp>               <emp>               <emp>               <emp>               <emp>               <emp>              
Timings          : (205.235, 205.395)  (205.395, 205.705)  (205.705, 205.975)  (205.975, 206.435)  (206.435, 206.585)  (206.585, 207.083)  (207.542, 207.803)  (207.803, 208.064)  (-1.0, -1.0)        (208.853, 208.926)  (208.926, 209.126)  (209.126, 209.236)  (209.236, 209.385)  (210.536, 210.976)  (211.597, 211.978) 
Token Types      : 0                   0                   0                   0                   0                   0                   3                   3                   3                   0                   0                   0                   0                   0                   0                  
turn_ids         : 0                   0                   0                   0                   0                   0                   80388366008331      80388366008331      80388366008331      0                   0                   0                   0                   0                   0                  
turn_end_types   : 0                   0                   0                   0                   0                   0                   0                   0                   0                   0                   0                   0                   0                   0                   0                  
speaker_ids      : 0                   0                   0                   0                   0                   0                   2                   2                   2                   0                   0                   0                   0                   0                   0                  


A                : Ġjury               Ġatmosphere         Ġbut                Ġin                 Ġa                  Ġlot                Ġof                 Ġplaces             Ġi                  Ġthink              Ġpeople             Ġbend               Ġover               Ġthe                Ġother             
Timings          : (211.978, 212.298)  (212.298, 212.945)  (213.96, 214.118)   (214.488, 214.648)  (214.648, 214.708)  (214.708, 214.878)  (214.878, 214.958)  (214.958, 215.308)  (215.308, 215.398)  (215.398, 215.568)  (215.568, 215.858)  (215.858, 216.058)  (216.058, 216.268)  (216.268, 216.358)  (216.358, 216.498) 
Token Types      : 1                   1                   1                   1                   1                   1                   1                   1                   1                   1                   1                   1                   1                   1                   1                  
turn_ids         : 80385681653770      80385681653770      80385681653770      80385681653770      80385681653770      80385681653770      80385681653770      80385681653770      80385681653770      80385681653770      80385681653770      80385681653770      80385681653770      80385681653770      80385681653770     
turn_end_types   : 1                   1                   1                   1                   1                   1                   1                   1                   1                   1                   1                   1                   1                   1                   1                  
speaker_ids      : 1                   1                   1                   1                   1                   1                   1                   1                   1                   1                   1                   1                   1                   1                   1                  

B                : <emp>               <emp>               Ġright              <ebc>               <emp>               <emp>               <emp>               <emp>               <emp>               <emp>               <emp>               <emp>               <emp>               <emp>               <emp>              
Timings          : (211.978, 212.298)  (212.298, 212.945)  (213.741, 214.228)  (-1.0, -1.0)        (214.648, 214.708)  (214.708, 214.878)  (214.878, 214.958)  (214.958, 215.308)  (215.308, 215.398)  (215.398, 215.568)  (215.568, 215.858)  (215.858, 216.058)  (216.058, 216.268)  (216.268, 216.358)  (216.358, 216.498) 
Token Types      : 0                   0                   3                   3                   0                   0                   0                   0                   0                   0                   0                   0                   0                   0                   0                  
turn_ids         : 0                   0                   80388366008332      80388366008332      0                   0                   0                   0                   0                   0                   0                   0                   0                   0                   0                  
turn_end_types   : 0                   0                   0                   0                   0                   0                   0                   0                   0                   0                   0                   0                   0                   0                   0                  
speaker_ids      : 0                   0                   2                   2                   0                   0                   0                   0                   0                   0                   0                   0                   0                   0                   0                  


A                : Ġway                Ġbut                Ġi                  Ġguess              Ġi                  Ġguess              Ġi                  Ġlike               Ġthe                Ġsystem             Ġthat               Ġthey               Ġhave               Ġin                 Ġsome              
Timings          : (216.498, 216.697)  (216.697, 216.882)  (217.903, 218.062)  (218.062, 218.406)  (219.628, 219.712)  (219.712, 219.911)  (219.911, 219.971)  (219.971, 220.241)  (220.241, 220.301)  (220.301, 220.691)  (220.691, 220.821)  (220.821, 220.921)  (220.921, 221.121)  (221.121, 221.211)  (221.211, 221.421) 
Token Types      : 1                   1                   1                   1                   1                   1                   1                   1                   1                   1                   1                   1                   1                   1                   1                  
turn_ids         : 80385681653770      80385681653770      80385681653770      80385681653770      80385681653770      80385681653770      80385681653770      80385681653770      80385681653770      80385681653770      80385681653770      80385681653770      80385681653770      80385681653770      80385681653770     
turn_end_types   : 1                   1                   1                   1                   1                   1                   1                   1                   1                   1                   1                   1                   1                   1                   1                  
speaker_ids      : 1                   1                   1                   1                   1                   1                   1                   1                   1                   1                   1                   1                   1                   1                   1                  

B                : <emp>               <emp>               <emp>               <emp>               <emp>               <emp>               <emp>               <emp>               <emp>               <emp>               <emp>               <emp>               <emp>               <emp>               <emp>              
Timings          : (216.498, 216.697)  (216.697, 216.882)  (217.903, 218.062)  (218.062, 218.406)  (219.628, 219.712)  (219.712, 219.911)  (219.911, 219.971)  (219.971, 220.241)  (220.241, 220.301)  (220.301, 220.691)  (220.691, 220.821)  (220.821, 220.921)  (220.921, 221.121)  (221.121, 221.211)  (221.211, 221.421) 
Token Types      : 0                   0                   0                   0                   0                   0                   0                   0                   0                   0                   0                   0                   0                   0                   0                  
turn_ids         : 0                   0                   0                   0                   0                   0                   0                   0                   0                   0                   0                   0                   0                   0                   0                  
turn_end_types   : 0                   0                   0                   0                   0                   0                   0                   0                   0                   0                   0                   0                   0                   0                   0                  
speaker_ids      : 0                   0                   0                   0                   0                   0                   0                   0                   0                   0                   0                   0                   0                   0                   0                  


A                : Ġplaces             Ġwhere              Ġthe                Ġdefendant          Ġgets               Ġto                 Ġchoose             Ġwhether            Ġhe                 's                  Ġgoes               Ġbefore             Ġa                  Ġjury               Ġfor               
Timings          : (221.421, 221.901)  (221.901, 222.211)  (222.211, 222.311)  (222.311, 222.841)  (222.841, 223.051)  (223.051, 223.181)  (223.181, 223.571)  (223.571, 223.821)  (223.821, 223.987)  (223.987, 224.154)  (224.312, 224.521)  (224.521, 224.841)  (224.841, 224.891)  (224.891, 225.161)  (225.161, 225.271) 
Token Types      : 1                   1                   1                   1                   1                   1                   1                   1                   1                   1                   1                   1                   1                   1                   1                  
turn_ids         : 80385681653770      80385681653770      80385681653770      80385681653770      80385681653770      80385681653770      80385681653770      80385681653770      80385681653770      80385681653770      80385681653770      80385681653770      80385681653770      80385681653770      80385681653770     
turn_end_types   : 1                   1                   1                   1                   1                   1                   1                   1                   1                   1                   1                   1                   1                   1                   1                  
speaker_ids      : 1                   1                   1                   1                   1                   1                   1                   1                   1                   1                   1                   1                   1                   1                   1                  

B                : <emp>               <emp>               <emp>               <emp>               <emp>               <emp>               <emp>               <emp>               <emp>               <emp>               <emp>               <emp>               <emp>               <emp>               <emp>              
Timings          : (221.421, 221.901)  (221.901, 222.211)  (222.211, 222.311)  (222.311, 222.841)  (222.841, 223.051)  (223.051, 223.181)  (223.181, 223.571)  (223.571, 223.821)  (223.821, 223.987)  (223.987, 224.154)  (224.312, 224.521)  (224.521, 224.841)  (224.841, 224.891)  (224.891, 225.161)  (225.161, 225.271) 
Token Types      : 0                   0                   0                   0                   0                   0                   0                   0                   0                   0                   0                   0                   0                   0                   0                  
turn_ids         : 0                   0                   0                   0                   0                   0                   0                   0                   0                   0                   0                   0                   0                   0                   0                  
turn_end_types   : 0                   0                   0                   0                   0                   0                   0                   0                   0                   0                   0                   0                   0                   0                   0                  
speaker_ids      : 0                   0                   0                   0                   0                   0                   0                   0                   0                   0                   0                   0                   0                   0                   0                  


A                : Ġsentencing         Ġor                 Ġwhether            Ġthe                Ġjudge              Ġgets               Ġto                 Ġchoose             Ġit                 Ġsome               Ġcases              Ġsome               Ġcases              Ġin                 Ġsome              
Timings          : (225.271, 225.741)  (225.741, 225.821)  (225.821, 226.031)  (226.031, 226.111)  (226.111, 226.431)  (226.431, 226.611)  (226.718, 226.789)  (226.789, 226.951)  (226.951, 227.101)  (227.101, 227.405)  (227.405, 227.488)  (227.488, 227.651)  (227.651, 228.241)  (228.241, 228.321)  (228.321, 228.661) 
Token Types      : 1                   1                   1                   1                   1                   1                   1                   1                   1                   1                   1                   1                   1                   1                   1                  
turn_ids         : 80385681653770      80385681653770      80385681653770      80385681653770      80385681653770      80385681653770      80385681653770      80385681653770      80385681653770      80385681653770      80385681653770      80385681653770      80385681653770      80385681653770      80385681653770     
turn_end_types   : 1                   1                   1                   1                   1                   1                   1                   1                   1                   1                   1                   1                   1                   1                   1                  
speaker_ids      : 1                   1                   1                   1                   1                   1                   1                   1                   1                   1                   1                   1                   1                   1                   1                  

B                : <emp>               <emp>               <emp>               <emp>               <emp>               <emp>               <emp>               <emp>               <emp>               <emp>               <emp>               <emp>               <emp>               <emp>               <emp>              
Timings          : (225.271, 225.741)  (225.741, 225.821)  (225.821, 226.031)  (226.031, 226.111)  (226.111, 226.431)  (226.431, 226.611)  (226.718, 226.789)  (226.789, 226.951)  (226.951, 227.101)  (227.101, 227.405)  (227.405, 227.488)  (227.488, 227.651)  (227.651, 228.241)  (228.241, 228.321)  (228.321, 228.661) 
Token Types      : 0                   0                   0                   0                   0                   0                   0                   0                   0                   0                   0                   0                   0                   0                   0                  
turn_ids         : 0                   0                   0                   0                   0                   0                   0                   0                   0                   0                   0                   0                   0                   0                   0                  
turn_end_types   : 0                   0                   0                   0                   0                   0                   0                   0                   0                   0                   0                   0                   0                   0                   0                  
speaker_ids      : 0                   0                   0                   0                   0                   0                   0                   0                   0                   0                   0                   0                   0                   0                   0                  


A                : Ġjurisdictions      Ġthey               Ġcan                Ġdo                 Ġthat               <emp>               <emp>               Ġi                  Ġkind               Ġof                 Ġlike               Ġthat               Ġsystem             Ġyeah               <eot>              
Timings          : (228.661, 229.301)  (229.301, 229.411)  (229.411, 229.561)  (229.561, 229.744)  (229.744, 229.94)   (230.361, 230.538)  (230.538, 230.858)  (230.822, 230.944)  (230.944, 231.074)  (231.074, 231.174)  (231.174, 231.354)  (231.354, 231.514)  (231.514, 231.884)  (232.105, 232.319)  (-1.0, -1.0)       
Token Types      : 1                   1                   1                   1                   1                   1                   1                   1                   1                   1                   1                   1                   1                   1                   1                  
turn_ids         : 80385681653770      80385681653770      80385681653770      80385681653770      80385681653770      80385681653770      80385681653770      80385681653770      80385681653770      80385681653770      80385681653770      80385681653770      80385681653770      80385681653770      80385681653770     
turn_end_types   : 1                   1                   1                   1                   1                   1                   1                   1                   1                   1                   1                   1                   1                   1                   1                  
speaker_ids      : 1                   1                   1                   1                   1                   1                   1                   1                   1                   1                   1                   1                   1                   1                   1                  

B                : <emp>               <emp>               <emp>               <emp>               <emp>               Ġoh                 Ġreally             <ebc>               <emp>               <emp>               <emp>               <emp>               <emp>               Ġyeah               Ġthat              
Timings          : (228.661, 229.301)  (229.301, 229.411)  (229.411, 229.561)  (229.561, 229.744)  (229.744, 229.94)   (230.361, 230.538)  (230.538, 230.858)  (-1.0, -1.0)        (230.944, 231.074)  (231.074, 231.174)  (231.174, 231.354)  (231.354, 231.514)  (231.514, 231.884)  (232.204, 232.551)  (232.86, 233.028)  
Token Types      : 0                   0                   0                   0                   0                   3                   3                   3                   0                   0                   0                   0                   0                   1                   1                  
turn_ids         : 0                   0                   0                   0                   0                   80388366008333      80388366008333      80388366008333      0                   0                   0                   0                   0                   80386218524683      80386218524683     
turn_end_types   : 0                   0                   0                   0                   0                   0                   0                   0                   0                   0                   0                   0                   0                   1                   1                  
speaker_ids      : 0                   0                   0                   0                   0                   2                   2                   2                   0                   0                   0                   0                   0                   2                   2                  


A                : <emp>               <emp>               <emp>               <emp>               <emp>               <emp>               <emp>               <emp>               <emp>               <emp>               <emp>               <emp>               <emp>               <emp>               <emp>              
Timings          : (233.028, 233.196)  (233.645, 233.76)   (233.76, 233.874)   (233.874, 234.044)  (234.044, 234.094)  (234.094, 234.404)  (234.404, 234.895)  (236.149, 236.358)  (236.358, 236.707)  (236.707, 236.816)  (236.816, 236.958)  (236.958, 237.228)  (237.228, 237.338)  (237.338, 237.508)  (237.508, 237.618) 
Token Types      : 0                   0                   0                   0                   0                   0                   0                   0                   0                   0                   0                   0                   0                   0                   0                  
turn_ids         : 0                   0                   0                   0                   0                   0                   0                   0                   0                   0                   0                   0                   0                   0                   0                  
turn_end_types   : 0                   0                   0                   0                   0                   0                   0                   0                   0                   0                   0                   0                   0                   0                   0                  
speaker_ids      : 0                   0                   0                   0                   0                   0                   0                   0                   0                   0                   0                   0                   0                   0                   0                  

B                : 's                  Ġthat               's                  Ġnot                Ġa                  Ġbad                Ġsystem             Ġbut                Ġi                  Ġi                  Ġdo                 Ġthink              Ġit                 Ġneed               Ġto                
Timings          : (233.028, 233.196)  (233.645, 233.76)   (233.76, 233.874)   (233.874, 234.044)  (234.044, 234.094)  (234.094, 234.404)  (234.404, 234.895)  (236.149, 236.358)  (236.358, 236.707)  (236.707, 236.816)  (236.816, 236.958)  (236.958, 237.228)  (237.228, 237.338)  (237.338, 237.508)  (237.508, 237.618) 
Token Types      : 1                   1                   1                   1                   1                   1                   1                   1                   1                   1                   1                   1                   1                   1                   1                  
turn_ids         : 80386218524683      80386218524683      80386218524683      80386218524683      80386218524683      80386218524683      80386218524683      80386218524683      80386218524683      80386218524683      80386218524683      80386218524683      80386218524683      80386218524683      80386218524683     
turn_end_types   : 1                   1                   1                   1                   1                   1                   1                   1                   1                   1                   1                   1                   1                   1                   1                  
speaker_ids      : 2                   2                   2                   2                   2                   2                   2                   2                   2                   2                   2                   2                   2                   2                   2                  


A                : <emp>               <emp>               <emp>               <emp>               <emp>               <emp>               <emp>               Ġyeah               <ebc>               <emp>               <emp>               <emp>               <emp>               <emp>               <emp>              
Timings          : (237.618, 237.748)  (237.748, 238.228)  (238.228, 238.418)  (238.418, 238.488)  (238.488, 238.748)  (238.748, 239.077)  (239.288, 239.468)  (239.396, 239.647)  (-1.0, -1.0)        (240.138, 240.408)  (240.408, 240.728)  (240.728, 241.008)  (241.008, 241.488)  (241.488, 241.654)  (241.654, 241.965) 
Token Types      : 0                   0                   0                   0                   0                   0                   0                   3                   3                   0                   0                   0                   0                   0                   0                  
turn_ids         : 0                   0                   0                   0                   0                   0                   0                   80387829137415      80387829137415      0                   0                   0                   0                   0                   0                  
turn_end_types   : 0                   0                   0                   0                   0                   0                   0                   0                   0                   0                   0                   0                   0                   0                   0                  
speaker_ids      : 0                   0                   0                   0                   0                   0                   0                   1                   1                   0                   0                   0                   0                   0                   0                  

B                : Ġbe                 Ġshaken             Ġup                 Ġa                  Ġlittle             Ġbit                Ġbut                <emp>               Ġthe                Ġthing              Ġis                 Ġtoo                Ġmaybe              Ġthey               Ġneed              
Timings          : (237.618, 237.748)  (237.748, 238.228)  (238.228, 238.418)  (238.418, 238.488)  (238.488, 238.748)  (238.748, 239.077)  (239.288, 239.468)  (239.396, 239.647)  (240.058, 240.138)  (240.138, 240.408)  (240.408, 240.728)  (240.728, 241.008)  (241.008, 241.488)  (241.488, 241.654)  (241.654, 241.965) 
Token Types      : 1                   1                   1                   1                   1                   1                   1                   1                   1                   1                   1                   1                   1                   1                   1                  
turn_ids         : 80386218524683      80386218524683      80386218524683      80386218524683      80386218524683      80386218524683      80386218524683      80386218524683      80386218524683      80386218524683      80386218524683      80386218524683      80386218524683      80386218524683      80386218524683     
turn_end_types   : 1                   1                   1                   1                   1                   1                   1                   1                   1                   1                   1                   1                   1                   1                   1                  
speaker_ids      : 2                   2                   2                   2                   2                   2                   2                   2                   2                   2                   2                   2                   2                   2                   2                  


A                : <emp>               <emp>               <emp>               <emp>               <emp>               <emp>               <emp>               <emp>               <emp>               <emp>               <emp>               <emp>               Ġyeah               <ebc>               <emp>              
Timings          : (242.188, 242.648)  (242.648, 242.708)  (242.708, 243.168)  (244.264, 244.429)  (244.429, 244.501)  (244.501, 244.572)  (244.572, 244.672)  (244.672, 245.002)  (245.002, 245.102)  (245.102, 245.192)  (245.192, 245.752)  (245.752, 246.462)  (246.982, 247.189)  (-1.0, -1.0)        (247.708, 247.918) 
Token Types      : 0                   0                   0                   0                   0                   0                   0                   0                   0                   0                   0                   0                   3                   3                   0                  
turn_ids         : 0                   0                   0                   0                   0                   0                   0                   0                   0                   0                   0                   0                   80387829137416      80387829137416      0                  
turn_end_types   : 0                   0                   0                   0                   0                   0                   0                   0                   0                   0                   0                   0                   0                   0                   0                  
speaker_ids      : 0                   0                   0                   0                   0                   0                   0                   0                   0                   0                   0                   0                   1                   1                   0                  

B                : Ġmore               Ġof                 Ġuh                 Ġi                  Ġdon                't                  Ġknow               Ġmore               Ġof                 Ġa                  Ġexpert             Ġtypes              Ġto                 Ġto                 Ġbe                
Timings          : (242.188, 242.648)  (242.648, 242.708)  (242.708, 243.168)  (244.264, 244.429)  (244.429, 244.501)  (244.501, 244.572)  (244.572, 244.672)  (244.672, 245.002)  (245.002, 245.102)  (245.102, 245.192)  (245.192, 245.752)  (245.752, 246.462)  (247.021, 247.4)    (247.543, 247.708)  (247.708, 247.918) 
Token Types      : 1                   1                   1                   1                   1                   1                   1                   1                   1                   1                   1                   1                   1                   1                   1                  
turn_ids         : 80386218524683      80386218524683      80386218524683      80386218524683      80386218524683      80386218524683      80386218524683      80386218524683      80386218524683      80386218524683      80386218524683      80386218524683      80386218524683      80386218524683      80386218524683     
turn_end_types   : 1                   1                   1                   1                   1                   1                   1                   1                   1                   1                   1                   1                   1                   1                   1                  
speaker_ids      : 2                   2                   2                   2                   2                   2                   2                   2                   2                   2                   2                   2                   2                   2                   2                  


A                : <emp>               <emp>               <emp>               <emp>               <emp>               <emp>               <emp>               <emp>               <emp>               <emp>               <emp>               <emp>               <emp>               <emp>               <emp>              
Timings          : (247.918, 248.148)  (248.148, 248.348)  (248.348, 248.408)  (248.408, 248.598)  (248.598, 248.978)  (248.978, 249.598)  (249.598, 250.236)  (250.782, 251.078)  (251.078, 251.358)  (251.358, 251.508)  (251.508, 251.768)  (251.768, 252.128)  (252.438, 252.548)  (252.548, 252.959)  (253.095, 253.191) 
Token Types      : 0                   0                   0                   0                   0                   0                   0                   0                   0                   0                   0                   0                   0                   0                   0                  
turn_ids         : 0                   0                   0                   0                   0                   0                   0                   0                   0                   0                   0                   0                   0                   0                   0                  
turn_end_types   : 0                   0                   0                   0                   0                   0                   0                   0                   0                   0                   0                   0                   0                   0                   0                  
speaker_ids      : 0                   0                   0                   0                   0                   0                   0                   0                   0                   0                   0                   0                   0                   0                   0                  

B                : Ġon                 Ġsome               Ġof                 Ġthese              Ġjury               Ġcases              Ġbecause            Ġmost               Ġtime               Ġyou                Ġjust               Ġpick               Ġyou                Ġknow               Ġjo                
Timings          : (247.918, 248.148)  (248.148, 248.348)  (248.348, 248.408)  (248.408, 248.598)  (248.598, 248.978)  (248.978, 249.598)  (249.598, 250.236)  (250.782, 251.078)  (251.078, 251.358)  (251.358, 251.508)  (251.508, 251.768)  (251.768, 252.128)  (252.438, 252.548)  (252.548, 252.959)  (253.095, 253.191) 
Token Types      : 1                   1                   1                   1                   1                   1                   1                   1                   1                   1                   1                   1                   1                   1                   1                  
turn_ids         : 80386218524683      80386218524683      80386218524683      80386218524683      80386218524683      80386218524683      80386218524683      80386218524683      80386218524683      80386218524683      80386218524683      80386218524683      80386218524683      80386218524683      80386218524683     
turn_end_types   : 1                   1                   1                   1                   1                   1                   1                   1                   1                   1                   1                   1                   1                   1                   1                  
speaker_ids      : 2                   2                   2                   2                   2                   2                   2                   2                   2                   2                   2                   2                   2                   2                   2                  


A                : <emp>               <emp>               <emp>               <emp>               <emp>               <emp>               <emp>               <emp>               <emp>               <emp>               Ġright              <ebc>               <emp>               <emp>               <emp>              
Timings          : (253.191, 253.288)  (253.288, 253.658)  (253.658, 253.718)  (253.718, 254.348)  (255.221, 255.803)  (255.803, 256.244)  (256.244, 256.431)  (256.431, 257.011)  (257.011, 257.091)  (257.091, 257.81)   (257.863, 258.058)  (-1.0, -1.0)        (258.276, 258.531)  (258.531, 258.841)  (258.841, 259.091) 
Token Types      : 0                   0                   0                   0                   0                   0                   0                   0                   0                   0                   3                   3                   0                   0                   0                  
turn_ids         : 0                   0                   0                   0                   0                   0                   0                   0                   0                   0                   80387829137417      80387829137417      0                   0                   0                  
turn_end_types   : 0                   0                   0                   0                   0                   0                   0                   0                   0                   0                   0                   0                   0                   0                   0                  
speaker_ids      : 0                   0                   0                   0                   0                   0                   0                   0                   0                   0                   1                   1                   0                   0                   0                  

B                : e                   Ġblow               Ġor                 Ġwhoever            Ġand                Ġa                  Ġgood               Ġcitizen            Ġor                 Ġwhoever            <emp>               Ġand                Ġand                Ġcall               Ġthem              
Timings          : (253.191, 253.288)  (253.288, 253.658)  (253.658, 253.718)  (253.718, 254.348)  (255.221, 255.803)  (255.803, 256.244)  (256.244, 256.431)  (256.431, 257.011)  (257.011, 257.091)  (257.091, 257.81)   (257.863, 258.058)  (258.021, 258.276)  (258.276, 258.531)  (258.531, 258.841)  (258.841, 259.091) 
Token Types      : 1                   1                   1                   1                   1                   1                   1                   1                   1                   1                   1                   1                   1                   1                   1                  
turn_ids         : 80386218524683      80386218524683      80386218524683      80386218524683      80386218524683      80386218524683      80386218524683      80386218524683      80386218524683      80386218524683      80386218524683      80386218524683      80386218524683      80386218524683      80386218524683     
turn_end_types   : 1                   1                   1                   1                   1                   1                   1                   1                   1                   1                   1                   1                   1                   1                   1                  
speaker_ids      : 2                   2                   2                   2                   2                   2                   2                   2                   2                   2                   2                   2                   2                   2                   2                  


A                : <emp>               Ġand                Ġlawyers            Ġblow               Ġsand               Ġin                 Ġtheir              Ġeyes               <eot>               Ġi                  Ġwould              Ġlike               Ġto                 Ġsee                Ġmost              
Timings          : (259.091, 259.491)  (259.715, 259.885)  (259.885, 260.185)  (260.185, 260.375)  (260.375, 260.665)  (260.665, 260.725)  (260.725, 260.905)  (260.905, 261.149)  (-1.0, -1.0)        (262.432, 262.572)  (262.572, 262.722)  (262.722, 262.902)  (262.902, 262.962)  (262.962, 263.202)  (263.202, 263.562) 
Token Types      : 0                   1                   1                   1                   1                   1                   1                   1                   1                   1                   1                   1                   1                   1                   1                  
turn_ids         : 0                   80385681653772      80385681653772      80385681653772      80385681653772      80385681653772      80385681653772      80385681653772      80385681653772      80385681653774      80385681653774      80385681653774      80385681653774      80385681653774      80385681653774     
turn_end_types   : 0                   1                   1                   1                   1                   1                   1                   1                   1                   2                   2                   2                   2                   2                   2                  
speaker_ids      : 0                   1                   1                   1                   1                   1                   1                   1                   1                   1                   1                   1                   1                   1                   1                  

B                : Ġin                 <eot>               <emp>               <emp>               <emp>               <emp>               <emp>               <emp>               <emp>               Ġexactly            <eot>               <emp>               <emp>               <emp>               <emp>              
Timings          : (259.091, 259.491)  (-1.0, -1.0)        (259.885, 260.185)  (260.185, 260.375)  (260.375, 260.665)  (260.665, 260.725)  (260.725, 260.905)  (260.905, 261.149)  (-1.0, -1.0)        (261.601, 262.569)  (-1.0, -1.0)        (262.722, 262.902)  (262.902, 262.962)  (262.962, 263.202)  (263.202, 263.562) 
Token Types      : 1                   1                   0                   0                   0                   0                   0                   0                   0                   1                   1                   0                   0                   0                   0                  
turn_ids         : 80386218524683      80386218524683      0                   0                   0                   0                   0                   0                   0                   80386218524685      80386218524685      0                   0                   0                   0                  
turn_end_types   : 1                   1                   0                   0                   0                   0                   0                   0                   0                   1                   1                   0                   0                   0                   0                  
speaker_ids      : 2                   2                   0                   0                   0                   0                   0                   0                   0                   2                   2                   0                   0                   0                   0                  


A                : Ġcivil              Ġcases              Ġtried              Ġbefore             Ġa                  Ġpanel              Ġof                 Ġexperts            Ġinstead            Ġof                 Ġordinary           Ġj                  uries               <yield>             Ġinsurance         
Timings          : (263.562, 263.812)  (263.812, 264.252)  (264.252, 264.592)  (264.592, 265.037)  (265.252, 265.367)  (265.367, 265.642)  (265.642, 265.762)  (265.762, 266.242)  (266.242, 266.512)  (266.512, 266.782)  (266.782, 267.132)  (267.132, 267.329)  (267.329, 267.527)  (-1.0, -1.0)        (268.775, 269.225) 
Token Types      : 1                   1                   1                   1                   1                   1                   1                   1                   1                   1                   1                   1                   1                   1                   1                  
turn_ids         : 80385681653774      80385681653774      80385681653774      80385681653774      80385681653774      80385681653774      80385681653774      80385681653774      80385681653774      80385681653774      80385681653774      80385681653774      80385681653774      80385681653774      80385681653776     
turn_end_types   : 2                   2                   2                   2                   2                   2                   2                   2                   2                   2                   2                   2                   2                   2                   2                  
speaker_ids      : 1                   1                   1                   1                   1                   1                   1                   1                   1                   1                   1                   1                   1                   1                   1                  

B                : <emp>               <emp>               <emp>               <emp>               <emp>               <emp>               <emp>               <emp>               <emp>               <emp>               <emp>               Ġright              Ġright              Ġexactly            <eot>              
Timings          : (263.562, 263.812)  (263.812, 264.252)  (264.252, 264.592)  (264.592, 265.037)  (265.252, 265.367)  (265.367, 265.642)  (265.642, 265.762)  (265.762, 266.242)  (266.242, 266.512)  (266.512, 266.782)  (266.782, 267.132)  (267.191, 267.421)  (267.421, 267.901)  (268.031, 268.781)  (-1.0, -1.0)       
Token Types      : 0                   0                   0                   0                   0                   0                   0                   0                   0                   0                   0                   4                   4                   4                   4                  
turn_ids         : 0                   0                   0                   0                   0                   0                   0                   0                   0                   0                   0                   80389439750159      80389439750159      80389439750159      80389439750159     
turn_end_types   : 0                   0                   0                   0                   0                   0                   0                   0                   0                   0                   0                   1                   1                   1                   1                  
speaker_ids      : 0                   0                   0                   0                   0                   0                   0                   0                   0                   0                   0                   2                   2                   2                   2                  


A                : Ġcases              Ġand                Ġthings             Ġlike               Ġthat               <emp>               Ġwhere              Ġand                Ġum                 Ġthere              'd                  Ġbe                 Ġmore               Ġhonest             Ġsettlements       
Timings          : (269.225, 269.565)  (269.565, 269.695)  (269.695, 269.895)  (269.895, 270.065)  (270.065, 270.379)  (270.681, 271.128)  (271.355, 271.605)  (273.027, 273.247)  (273.247, 273.455)  (273.722, 273.79)   (273.79, 273.857)   (273.857, 273.987)  (273.987, 274.287)  (274.287, 274.647)  (274.647, 275.087) 
Token Types      : 1                   1                   1                   1                   1                   1                   1                   1                   1                   1                   1                   1                   1                   1                   1                  
turn_ids         : 80385681653776      80385681653776      80385681653776      80385681653776      80385681653776      80385681653776      80385681653776      80385681653776      80385681653776      80385681653776      80385681653776      80385681653776      80385681653776      80385681653776      80385681653776     
turn_end_types   : 2                   2                   2                   2                   2                   2                   2                   2                   2                   2                   2                   2                   2                   2                   2                  
speaker_ids      : 1                   1                   1                   1                   1                   1                   1                   1                   1                   1                   1                   1                   1                   1                   1                  

B                : <emp>               <emp>               <emp>               <emp>               <emp>               Ġyeah               <ebc>               <emp>               <emp>               <emp>               <emp>               <emp>               <emp>               <emp>               <emp>              
Timings          : (269.225, 269.565)  (269.565, 269.695)  (269.695, 269.895)  (269.895, 270.065)  (270.065, 270.379)  (270.681, 271.128)  (-1.0, -1.0)        (273.027, 273.247)  (273.247, 273.455)  (273.722, 273.79)   (273.79, 273.857)   (273.857, 273.987)  (273.987, 274.287)  (274.287, 274.647)  (274.647, 275.087) 
Token Types      : 0                   0                   0                   0                   0                   3                   3                   0                   0                   0                   0                   0                   0                   0                   0                  
turn_ids         : 0                   0                   0                   0                   0                   80388366008337      80388366008337      0                   0                   0                   0                   0                   0                   0                   0                  
turn_end_types   : 0                   0                   0                   0                   0                   0                   0                   0                   0                   0                   0                   0                   0                   0                   0                  
speaker_ids      : 0                   0                   0                   0                   0                   2                   2                   0                   0                   0                   0                   0                   0                   0                   0                  


A                : Ġinstead            Ġof                 Ġthis               Ġum                 Ġuh                 Ġtug                ging                Ġof                 Ġpeople             's                  Ġheart              Ġstrings            Ġand                <emp>               Ġum                
Timings          : (275.087, 275.397)  (275.397, 275.497)  (275.497, 275.767)  (275.767, 276.024)  (276.973, 277.154)  (277.154, 277.314)  (277.314, 277.473)  (277.473, 277.543)  (277.543, 277.718)  (277.718, 277.893)  (277.893, 278.093)  (278.093, 278.506)  (278.506, 278.746)  (279.195, 279.486)  (279.564, 280.023) 
Token Types      : 1                   1                   1                   1                   1                   1                   1                   1                   1                   1                   1                   1                   1                   1                   1                  
turn_ids         : 80385681653776      80385681653776      80385681653776      80385681653776      80385681653776      80385681653776      80385681653776      80385681653776      80385681653776      80385681653776      80385681653776      80385681653776      80385681653776      80385681653776      80385681653776     
turn_end_types   : 2                   2                   2                   2                   2                   2                   2                   2                   2                   2                   2                   2                   2                   2                   2                  
speaker_ids      : 1                   1                   1                   1                   1                   1                   1                   1                   1                   1                   1                   1                   1                   1                   1                  

B                : <emp>               <emp>               <emp>               <emp>               <emp>               <emp>               <emp>               <emp>               <emp>               <emp>               <emp>               <emp>               <emp>               Ġum                 hum                
Timings          : (275.087, 275.397)  (275.397, 275.497)  (275.497, 275.767)  (275.767, 276.024)  (276.973, 277.154)  (277.154, 277.314)  (277.314, 277.473)  (277.473, 277.543)  (277.543, 277.718)  (277.718, 277.893)  (277.893, 278.093)  (278.093, 278.506)  (278.506, 278.746)  (279.195, 279.486)  (279.486, 279.776) 
Token Types      : 0                   0                   0                   0                   0                   0                   0                   0                   0                   0                   0                   0                   0                   3                   3                  
turn_ids         : 0                   0                   0                   0                   0                   0                   0                   0                   0                   0                   0                   0                   0                   80388366008338      80388366008338     
turn_end_types   : 0                   0                   0                   0                   0                   0                   0                   0                   0                   0                   0                   0                   0                   0                   0                  
speaker_ids      : 0                   0                   0                   0                   0                   0                   0                   0                   0                   0                   0                   0                   0                   2                   2                  


A                : Ġmaking             Ġthem               Ġcry                Ġand                Ġfeel               Ġlike               Ġthey               're                 Ġdoing              Ġsomebody           Ġgood               Ġby                 Ġgiving             Ġthem               <yield>            
Timings          : (280.023, 280.263)  (280.263, 280.363)  (280.363, 280.673)  (280.673, 280.793)  (280.793, 280.983)  (280.983, 281.143)  (281.143, 281.193)  (281.193, 281.243)  (281.243, 281.443)  (281.443, 281.773)  (281.773, 282.003)  (282.003, 282.289)  (282.809, 283.023)  (283.023, 283.216)  (-1.0, -1.0)       
Token Types      : 1                   1                   1                   1                   1                   1                   1                   1                   1                   1                   1                   1                   1                   1                   1                  
turn_ids         : 80385681653776      80385681653776      80385681653776      80385681653776      80385681653776      80385681653776      80385681653776      80385681653776      80385681653776      80385681653776      80385681653776      80385681653776      80385681653776      80385681653776      80385681653776     
turn_end_types   : 2                   2                   2                   2                   2                   2                   2                   2                   2                   2                   2                   2                   2                   2                   2                  
speaker_ids      : 1                   1                   1                   1                   1                   1                   1                   1                   1                   1                   1                   1                   1                   1                   1                  

B                : <ebc>               <emp>               <emp>               <emp>               <emp>               <emp>               <emp>               <emp>               <emp>               <emp>               <emp>               <emp>               <emp>               Ġputting            Ġputting           
Timings          : (-1.0, -1.0)        (280.263, 280.363)  (280.363, 280.673)  (280.673, 280.793)  (280.793, 280.983)  (280.983, 281.143)  (281.143, 281.193)  (281.193, 281.243)  (281.243, 281.443)  (281.443, 281.773)  (281.773, 282.003)  (282.003, 282.289)  (282.809, 283.023)  (282.966, 283.255)  (283.255, 283.515) 
Token Types      : 3                   0                   0                   0                   0                   0                   0                   0                   0                   0                   0                   0                   0                   4                   4                  
turn_ids         : 80388366008338      0                   0                   0                   0                   0                   0                   0                   0                   0                   0                   0                   0                   80389439750161      80389439750161     
turn_end_types   : 0                   0                   0                   0                   0                   0                   0                   0                   0                   0                   0                   0                   0                   1                   1                  
speaker_ids      : 2                   0                   0                   0                   0                   0                   0                   0                   0                   0                   0                   0                   0                   2                   2                  


A                : <emp>               <emp>               <emp>               <emp>               <emp>               Ġor                 Ġgiving             Ġthem               Ġtwo                Ġmillion            Ġdollars            Ġto                 Ġmake               Ġup                 Ġfor               
Timings          : (283.515, 283.715)  (283.715, 283.815)  (283.815, 284.255)  (284.255, 284.375)  (284.375, 285.015)  (284.962, 285.202)  (285.202, 285.422)  (285.422, 285.512)  (285.512, 285.682)  (285.682, 285.962)  (285.962, 286.282)  (286.282, 286.382)  (286.382, 286.562)  (286.562, 286.712)  (286.712, 286.822) 
Token Types      : 0                   0                   0                   0                   0                   1                   1                   1                   1                   1                   1                   1                   1                   1                   1                  
turn_ids         : 0                   0                   0                   0                   0                   80385681653778      80385681653778      80385681653778      80385681653778      80385681653778      80385681653778      80385681653778      80385681653778      80385681653778      80385681653778     
turn_end_types   : 0                   0                   0                   0                   0                   1                   1                   1                   1                   1                   1                   1                   1                   1                   1                  
speaker_ids      : 0                   0                   0                   0                   0                   1                   1                   1                   1                   1                   1                   1                   1                   1                   1                  

B                : Ġon                 Ġa                  Ġact                Ġor                 Ġwhatever           <eot>               <emp>               <emp>               <emp>               <emp>               <emp>               <emp>               <emp>               <emp>               <emp>              
Timings          : (283.515, 283.715)  (283.715, 283.815)  (283.815, 284.255)  (284.255, 284.375)  (284.375, 285.015)  (-1.0, -1.0)        (285.202, 285.422)  (285.422, 285.512)  (285.512, 285.682)  (285.682, 285.962)  (285.962, 286.282)  (286.282, 286.382)  (286.382, 286.562)  (286.562, 286.712)  (286.712, 286.822) 
Token Types      : 4                   4                   4                   4                   4                   4                   0                   0                   0                   0                   0                   0                   0                   0                   0                  
turn_ids         : 80389439750161      80389439750161      80389439750161      80389439750161      80389439750161      80389439750161      0                   0                   0                   0                   0                   0                   0                   0                   0                  
turn_end_types   : 1                   1                   1                   1                   1                   1                   0                   0                   0                   0                   0                   0                   0                   0                   0                  
speaker_ids      : 2                   2                   2                   2                   2                   2                   0                   0                   0                   0                   0                   0                   0                   0                   0                  


A                : Ġthe                Ġpain               Ġand                Ġsuffering          <eot>               <emp>               <emp>               so                  <eint>              Ġin                 Ġi                  Ġthink              Ġin                 Ġin                 Ġcriminal          
Timings          : (286.822, 286.902)  (286.902, 287.132)  (287.132, 287.252)  (287.252, 287.774)  (-1.0, -1.0)        (288.249, 288.609)  (289.86, 290.703)   (290.97, 291.247)   (-1.0, -1.0)        (291.967, 292.103)  (292.656, 292.793)  (292.793, 293.004)  (293.349, 293.741)  (293.741, 293.925)  (293.925, 294.247) 
Token Types      : 1                   1                   1                   1                   1                   0                   0                   5                   5                   1                   1                   1                   1                   1                   1                  
turn_ids         : 80385681653778      80385681653778      80385681653778      80385681653778      80385681653778      0                   0                   80389976621070      80389976621070      80385681653780      80385681653780      80385681653780      80385681653780      80385681653780      80385681653780     
turn_end_types   : 1                   1                   1                   1                   1                   0                   0                   0                   0                   1                   1                   1                   1                   1                   1                  
speaker_ids      : 1                   1                   1                   1                   1                   0                   0                   1                   1                   1                   1                   1                   1                   1                   1                  

B                : <emp>               <emp>               <emp>               <emp>               Ġum                 hum                 Ġexactly            Ġexactly            <yield>             <emp>               <emp>               <emp>               <emp>               <emp>               <emp>              
Timings          : (286.822, 286.902)  (286.902, 287.132)  (287.132, 287.252)  (287.252, 287.774)  (287.889, 288.249)  (288.249, 288.609)  (289.86, 290.703)   (290.993, 291.649)  (-1.0, -1.0)        (291.967, 292.103)  (292.656, 292.793)  (292.793, 293.004)  (293.349, 293.741)  (293.741, 293.925)  (293.925, 294.247) 
Token Types      : 0                   0                   0                   0                   1                   1                   1                   1                   1                   0                   0                   0                   0                   0                   0                  
turn_ids         : 0                   0                   0                   0                   80386218524691      80386218524691      80386218524691      80386218524691      80386218524691      0                   0                   0                   0                   0                   0                  
turn_end_types   : 0                   0                   0                   0                   2                   2                   2                   2                   2                   0                   0                   0                   0                   0                   0                  
speaker_ids      : 0                   0                   0                   0                   2                   2                   2                   2                   2                   0                   0                   0                   0                   0                   0                  


A                : Ġtrials             Ġyou                Ġneed               Ġthe                Ġjury               Ġas                 Ġa                  Ġdefense            Ġagainst            Ġthe                Ġgovernment         Ġbut                Ġin                 Ġcivil              Ġtrials            
Timings          : (294.247, 294.598)  (294.598, 294.677)  (294.677, 294.897)  (294.897, 294.967)  (294.967, 295.307)  (295.307, 295.487)  (295.487, 295.677)  (295.677, 296.038)  (296.038, 296.318)  (296.318, 296.378)  (296.378, 296.777)  (296.777, 296.897)  (296.897, 297.008)  (297.008, 297.297)  (297.297, 297.81)  
Token Types      : 1                   1                   1                   1                   1                   1                   1                   1                   1                   1                   1                   1                   1                   1                   1                  
turn_ids         : 80385681653780      80385681653780      80385681653780      80385681653780      80385681653780      80385681653780      80385681653780      80385681653780      80385681653780      80385681653780      80385681653780      80385681653780      80385681653780      80385681653780      80385681653780     
turn_end_types   : 1                   1                   1                   1                   1                   1                   1                   1                   1                   1                   1                   1                   1                   1                   1                  
speaker_ids      : 1                   1                   1                   1                   1                   1                   1                   1                   1                   1                   1                   1                   1                   1                   1                  

B                : <emp>               <emp>               <emp>               <emp>               <emp>               <emp>               <emp>               <emp>               <emp>               <emp>               <emp>               <emp>               <emp>               <emp>               <emp>              
Timings          : (294.247, 294.598)  (294.598, 294.677)  (294.677, 294.897)  (294.897, 294.967)  (294.967, 295.307)  (295.307, 295.487)  (295.487, 295.677)  (295.677, 296.038)  (296.038, 296.318)  (296.318, 296.378)  (296.378, 296.777)  (296.777, 296.897)  (296.897, 297.008)  (297.008, 297.297)  (297.297, 297.81)  
Token Types      : 0                   0                   0                   0                   0                   0                   0                   0                   0                   0                   0                   0                   0                   0                   0                  
turn_ids         : 0                   0                   0                   0                   0                   0                   0                   0                   0                   0                   0                   0                   0                   0                   0                  
turn_end_types   : 0                   0                   0                   0                   0                   0                   0                   0                   0                   0                   0                   0                   0                   0                   0                  
speaker_ids      : 0                   0                   0                   0                   0                   0                   0                   0                   0                   0                   0                   0                   0                   0                   0                  


A                : Ġi                                                             'd                                                             Ġlike                                                          <eot>                                                         
Timings          : (298.504, 298.574)                                             (298.574, 298.644)                                             (298.644, 298.771)                                             (-1.0, -1.0)                                                  
Token Types      : 1                                                              1                                                              1                                                              1                                                             
turn_ids         : 80385681653780                                                 80385681653780                                                 80385681653780                                                 80385681653780                                                
turn_end_types   : 1                                                              1                                                              1                                                              1                                                             
speaker_ids      : 1                                                              1                                                              1                                                              1                                                             

B                : <emp>                                                          <emp>                                                          <emp>                                                          <emp>                                                         
Timings          : (298.504, 298.574)                                             (298.574, 298.644)                                             (298.644, 298.771)                                             (-1.0, -1.0)                                                  
Token Types      : 0                                                              0                                                              0                                                              0                                                             
turn_ids         : 0                                                              0                                                              0                                                              0                                                             
turn_end_types   : 0                                                              0                                                              0                                                              0                                                             
speaker_ids      : 0                                                              0                                                              0                                                              0                                                             


