A                : ok                  ay                  Ġrand               all                 Ġuh                 Ġuh                 Ġdo                 Ġyou                Ġhave               Ġany                Ġspecial            Ġinterest           Ġin                 Ġuh                 Ġspace             
Timings          : (0.016, 0.103)      (0.103, 0.19)       (0.19, 0.345)       (0.345, 0.5)        (0.5, 0.753)        (1.051, 1.38)       (1.38, 1.82)        (1.82, 1.93)        (1.93, 2.09)        (2.09, 2.33)        (2.33, 2.74)        (2.74, 3.2)         (3.2, 3.42)         (3.42, 3.56)        (3.56, 3.88)       
Token Types      : 1                   1                   1                   1                   1                   1                   1                   1                   1                   1                   1                   1                   1                   1                   1                  
turn_ids         : 82395726348288      82395726348288      82395726348288      82395726348288      82395726348288      82395726348288      82395726348288      82395726348288      82395726348288      82395726348288      82395726348288      82395726348288      82395726348288      82395726348288      82395726348288     
turn_end_types   : 1                   1                   1                   1                   1                   1                   1                   1                   1                   1                   1                   1                   1                   1                   1                  
speaker_ids      : 1                   1                   1                   1                   1                   1                   1                   1                   1                   1                   1                   1                   1                   1                   1                  

B                : <emp>               <emp>               <emp>               <emp>               <emp>               <emp>               <emp>               <emp>               <emp>               <emp>               <emp>               <emp>               <emp>               <emp>               <emp>              
Timings          : (0.016, 0.103)      (0.103, 0.19)       (0.19, 0.345)       (0.345, 0.5)        (0.5, 0.753)        (1.051, 1.38)       (1.38, 1.82)        (1.82, 1.93)        (1.93, 2.09)        (2.09, 2.33)        (2.33, 2.74)        (2.74, 3.2)         (3.2, 3.42)         (3.42, 3.56)        (3.56, 3.88)       
Token Types      : 0                   0                   0                   0                   0                   0                   0                   0                   0                   0                   0                   0                   0                   0                   0                  
turn_ids         : 0                   0                   0                   0                   0                   0                   0                   0                   0                   0                   0                   0                   0                   0                   0                  
turn_end_types   : 0                   0                   0                   0                   0                   0                   0                   0                   0                   0                   0                   0                   0                   0                   0                  
speaker_ids      : 0                   0                   0                   0                   0                   0                   0                   0                   0                   0                   0                   0                   0                   0                   0                  


A                : Ġflight             <eot>               <emp>               <emp>               <emp>               <emp>               <emp>               <emp>               <emp>               <emp>               <emp>               <emp>               <emp>               <emp>               <emp>              
Timings          : (3.88, 4.138)       (-1.0, -1.0)        (5.143, 5.491)      (5.974, 6.183)      (6.183, 6.423)      (6.423, 6.483)      (6.483, 6.802)      (6.802, 7.126)      (7.284, 7.593)      (7.593, 7.883)      (7.883, 8.104)      (8.579, 8.743)      (8.743, 8.843)      (8.843, 9.093)      (9.093, 9.213)     
Token Types      : 1                   1                   0                   0                   0                   0                   0                   0                   0                   0                   0                   0                   0                   0                   0                  
turn_ids         : 82395726348288      82395726348288      0                   0                   0                   0                   0                   0                   0                   0                   0                   0                   0                   0                   0                  
turn_end_types   : 1                   1                   0                   0                   0                   0                   0                   0                   0                   0                   0                   0                   0                   0                   0                  
speaker_ids      : 1                   1                   0                   0                   0                   0                   0                   0                   0                   0                   0                   0                   0                   0                   0                  

B                : <emp>               oh                  Ġyeah               Ġever               Ġsince              Ġi                  Ġwas                Ġa                  Ġyoung              Ġand                Ġuh                 Ġused               Ġto                 Ġwatch              Ġthe               
Timings          : (3.88, 4.138)       (4.863, 5.143)      (5.143, 5.491)      (5.974, 6.183)      (6.183, 6.423)      (6.423, 6.483)      (6.483, 6.802)      (6.802, 7.126)      (7.284, 7.593)      (7.593, 7.883)      (7.883, 8.104)      (8.579, 8.743)      (8.743, 8.843)      (8.843, 9.093)      (9.093, 9.213)     
Token Types      : 0                   1                   1                   1                   1                   1                   1                   1                   1                   1                   1                   1                   1                   1                   1                  
turn_ids         : 0                   82396263219201      82396263219201      82396263219201      82396263219201      82396263219201      82396263219201      82396263219201      82396263219201      82396263219201      82396263219201      82396263219201      82396263219201      82396263219201      82396263219201     
turn_end_types   : 0                   1                   1                   1                   1                   1                   1                   1                   1                   1                   1                   1                   1                   1                   1                  
speaker_ids      : 0                   2                   2                   2                   2                   2                   2                   2                   2                   2                   2                   2                   2                   2                   2                  


A                : <emp>               <emp>               <emp>               <emp>               <emp>               <emp>               <emp>               <emp>               <emp>               <emp>               <emp>               <emp>               uh                  h                   uh                 
Timings          : (9.213, 9.463)      (9.463, 9.653)      (9.653, 9.853)      (9.853, 10.053)     (10.053, 10.453)    (10.453, 10.813)    (10.813, 11.133)    (11.133, 11.313)    (11.313, 11.568)    (11.855, 12.353)    (12.353, 12.769)    (12.769, 13.186)    (13.254, 13.381)    (13.381, 13.507)    (13.507, 13.634)   
Token Types      : 0                   0                   0                   0                   0                   0                   0                   0                   0                   0                   0                   0                   3                   3                   3                  
turn_ids         : 0                   0                   0                   0                   0                   0                   0                   0                   0                   0                   0                   0                   82397873831937      82397873831937      82397873831937     
turn_end_types   : 0                   0                   0                   0                   0                   0                   0                   0                   0                   0                   0                   0                   0                   0                   0                  
speaker_ids      : 0                   0                   0                   0                   0                   0                   0                   0                   0                   0                   0                   0                   1                   1                   1                  

B                : Ġold                Ġuh                 Ġap                 ollo                Ġmissions           Ġgoing              Ġoff                Ġin                 Ġuh                 Ġclassroom          Ġt                  vs                  <emp>               <emp>               <emp>              
Timings          : (9.213, 9.463)      (9.463, 9.653)      (9.653, 9.853)      (9.853, 10.053)     (10.053, 10.453)    (10.453, 10.813)    (10.813, 11.133)    (11.133, 11.313)    (11.313, 11.568)    (11.855, 12.353)    (12.353, 12.769)    (12.769, 13.186)    (13.254, 13.381)    (13.381, 13.507)    (13.507, 13.634)   
Token Types      : 1                   1                   1                   1                   1                   1                   1                   1                   1                   1                   1                   1                   1                   1                   1                  
turn_ids         : 82396263219201      82396263219201      82396263219201      82396263219201      82396263219201      82396263219201      82396263219201      82396263219201      82396263219201      82396263219201      82396263219201      82396263219201      82396263219201      82396263219201      82396263219201     
turn_end_types   : 1                   1                   1                   1                   1                   1                   1                   1                   1                   1                   1                   1                   1                   1                   1                  
speaker_ids      : 2                   2                   2                   2                   2                   2                   2                   2                   2                   2                   2                   2                   2                   2                   2                  


A                : <ebc>               <emp>               <emp>               <emp>               <emp>               <emp>               <emp>               <emp>               <emp>               <emp>               <emp>               <emp>               <emp>               <emp>               <emp>              
Timings          : (-1.0, -1.0)        (14.454, 14.667)    (14.667, 15.029)    (15.029, 15.162)    (15.162, 15.342)    (15.342, 15.402)    (15.402, 15.884)    (15.884, 16.339)    (17.047, 17.446)    (17.933, 18.212)    (18.212, 18.726)    (19.235, 19.482)    (19.482, 19.652)    (19.652, 19.762)    (19.762, 20.279)   
Token Types      : 3                   0                   0                   0                   0                   0                   0                   0                   0                   0                   0                   0                   0                   0                   0                  
turn_ids         : 82397873831937      0                   0                   0                   0                   0                   0                   0                   0                   0                   0                   0                   0                   0                   0                  
turn_end_types   : 0                   0                   0                   0                   0                   0                   0                   0                   0                   0                   0                   0                   0                   0                   0                  
speaker_ids      : 1                   0                   0                   0                   0                   0                   0                   0                   0                   0                   0                   0                   0                   0                   0                  

B                : Ġuh                 Ġi                  Ġsuspect            Ġa                  Ġlot                Ġof                 Ġpeople             Ġuh                 Ġuh                 Ġgot                Ġuh                 Ġturned             Ġon                 Ġby                 Ġwatching          
Timings          : (14.102, 14.454)    (14.454, 14.667)    (14.667, 15.029)    (15.029, 15.162)    (15.162, 15.342)    (15.342, 15.402)    (15.402, 15.884)    (15.884, 16.339)    (17.047, 17.446)    (17.933, 18.212)    (18.212, 18.726)    (19.235, 19.482)    (19.482, 19.652)    (19.652, 19.762)    (19.762, 20.279)   
Token Types      : 1                   1                   1                   1                   1                   1                   1                   1                   1                   1                   1                   1                   1                   1                   1                  
turn_ids         : 82396263219201      82396263219201      82396263219201      82396263219201      82396263219201      82396263219201      82396263219201      82396263219201      82396263219201      82396263219201      82396263219201      82396263219201      82396263219201      82396263219201      82396263219201     
turn_end_types   : 1                   1                   1                   1                   1                   1                   1                   1                   1                   1                   1                   1                   1                   1                   1                  
speaker_ids      : 2                   2                   2                   2                   2                   2                   2                   2                   2                   2                   2                   2                   2                   2                   2                  


A                : <emp>               <emp>               <emp>               <emp>               Ġum                 hum                 <ebc>               <emp>               <emp>               Ġyeah               <ebc>               <emp>               <emp>               <emp>               <emp>              
Timings          : (20.279, 20.682)    (20.682, 20.942)    (20.942, 21.192)    (21.192, 21.522)    (21.743, 21.895)    (21.895, 22.046)    (-1.0, -1.0)        (22.588, 22.822)    (22.822, 23.45)     (23.693, 24.069)    (-1.0, -1.0)        (24.415, 24.755)    (25.687, 26.129)    (26.739, 26.86)     (26.86, 26.98)     
Token Types      : 0                   0                   0                   0                   3                   3                   3                   0                   0                   3                   3                   0                   0                   0                   0                  
turn_ids         : 0                   0                   0                   0                   82397873831938      82397873831938      82397873831938      0                   0                   82397873831939      82397873831939      0                   0                   0                   0                  
turn_end_types   : 0                   0                   0                   0                   0                   0                   0                   0                   0                   0                   0                   0                   0                   0                   0                  
speaker_ids      : 0                   0                   0                   0                   1                   1                   1                   0                   0                   1                   1                   0                   0                   0                   0                  

B                : Ġwatching           Ġthose              Ġgo                 Ġoff                <emp>               <emp>               Ġuh                 Ġvery               Ġexciting           <emp>               Ġthe                Ġuh                 Ġuh                 Ġi                  've                
Timings          : (20.279, 20.682)    (20.682, 20.942)    (20.942, 21.192)    (21.192, 21.522)    (21.743, 21.895)    (21.895, 22.046)    (22.208, 22.588)    (22.588, 22.822)    (22.822, 23.45)     (23.693, 24.069)    (24.212, 24.415)    (24.415, 24.755)    (25.687, 26.129)    (26.739, 26.86)     (26.86, 26.98)     
Token Types      : 1                   1                   1                   1                   1                   1                   1                   1                   1                   1                   1                   1                   1                   1                   1                  
turn_ids         : 82396263219201      82396263219201      82396263219201      82396263219201      82396263219201      82396263219201      82396263219201      82396263219201      82396263219201      82396263219201      82396263219201      82396263219201      82396263219201      82396263219201      82396263219201     
turn_end_types   : 1                   1                   1                   1                   1                   1                   1                   1                   1                   1                   1                   1                   1                   1                   1                  
speaker_ids      : 2                   2                   2                   2                   2                   2                   2                   2                   2                   2                   2                   2                   2                   2                   2                  


A                : <emp>               <emp>               <emp>               <emp>               <emp>               <emp>               <emp>               <emp>               <emp>               <emp>               <emp>               <emp>               <emp>               <emp>               <emp>              
Timings          : (26.98, 27.321)     (27.6, 27.685)      (27.685, 27.771)    (27.771, 28.24)     (28.24, 28.617)     (29.378, 29.836)    (30.035, 30.451)    (30.451, 30.74)     (30.74, 31.144)     (31.694, 32.095)    (32.333, 32.635)    (32.635, 33.116)    (33.61, 33.701)     (33.701, 34.19)     (34.19, 34.681)    
Token Types      : 0                   0                   0                   0                   0                   0                   0                   0                   0                   0                   0                   0                   0                   0                   0                  
turn_ids         : 0                   0                   0                   0                   0                   0                   0                   0                   0                   0                   0                   0                   0                   0                   0                  
turn_end_types   : 0                   0                   0                   0                   0                   0                   0                   0                   0                   0                   0                   0                   0                   0                   0                  
speaker_ids      : 0                   0                   0                   0                   0                   0                   0                   0                   0                   0                   0                   0                   0                   0                   0                  

B                : Ġalways             Ġi                  've                 Ġalways             Ġuh                 Ġwanted             Ġwanted             Ġvery               Ġmuch               Ġuh                 Ġto                 Ġuh                 Ġbe                 Ġsomehow            Ġinvolved          
Timings          : (26.98, 27.321)     (27.6, 27.685)      (27.685, 27.771)    (27.771, 28.24)     (28.24, 28.617)     (29.378, 29.836)    (30.035, 30.451)    (30.451, 30.74)     (30.74, 31.144)     (31.694, 32.095)    (32.333, 32.635)    (32.635, 33.116)    (33.61, 33.701)     (33.701, 34.19)     (34.19, 34.681)    
Token Types      : 1                   1                   1                   1                   1                   1                   1                   1                   1                   1                   1                   1                   1                   1                   1                  
turn_ids         : 82396263219201      82396263219201      82396263219201      82396263219201      82396263219201      82396263219201      82396263219201      82396263219201      82396263219201      82396263219201      82396263219201      82396263219201      82396263219201      82396263219201      82396263219201     
turn_end_types   : 1                   1                   1                   1                   1                   1                   1                   1                   1                   1                   1                   1                   1                   1                   1                  
speaker_ids      : 2                   2                   2                   2                   2                   2                   2                   2                   2                   2                   2                   2                   2                   2                   2                  


A                : <emp>               <emp>               <emp>               Ġum                 hum                 <ebc>               <emp>               <emp>               <emp>               <emp>               <emp>               <emp>               <emp>               <emp>               <emp>              
Timings          : (34.681, 34.771)    (34.771, 34.931)    (34.931, 35.373)    (35.638, 35.777)    (35.777, 35.915)    (-1.0, -1.0)        (36.395, 36.785)    (37.293, 37.655)    (37.655, 37.929)    (38.057, 38.305)    (38.305, 38.645)    (38.645, 38.765)    (38.765, 38.865)    (38.865, 39.265)    (39.265, 39.465)   
Token Types      : 0                   0                   0                   3                   3                   3                   0                   0                   0                   0                   0                   0                   0                   0                   0                  
turn_ids         : 0                   0                   0                   82397873831940      82397873831940      82397873831940      0                   0                   0                   0                   0                   0                   0                   0                   0                  
turn_end_types   : 0                   0                   0                   0                   0                   0                   0                   0                   0                   0                   0                   0                   0                   0                   0                  
speaker_ids      : 0                   0                   0                   1                   1                   1                   0                   0                   0                   0                   0                   0                   0                   0                   0                  

B                : Ġin                 Ġall                Ġthat               <emp>               <emp>               Ġand                Ġuh                 Ġto                 Ġuh                 Ġmeet               Ġand                Ġand                Ġto                 Ġsee                Ġsee               
Timings          : (34.681, 34.771)    (34.771, 34.931)    (34.931, 35.373)    (35.638, 35.777)    (35.777, 35.915)    (35.925, 36.395)    (36.395, 36.785)    (37.293, 37.655)    (37.655, 37.929)    (38.057, 38.305)    (38.305, 38.645)    (38.645, 38.765)    (38.765, 38.865)    (38.865, 39.265)    (39.265, 39.465)   
Token Types      : 1                   1                   1                   1                   1                   1                   1                   1                   1                   1                   1                   1                   1                   1                   1                  
turn_ids         : 82396263219201      82396263219201      82396263219201      82396263219201      82396263219201      82396263219201      82396263219201      82396263219201      82396263219201      82396263219201      82396263219201      82396263219201      82396263219201      82396263219201      82396263219201     
turn_end_types   : 1                   1                   1                   1                   1                   1                   1                   1                   1                   1                   1                   1                   1                   1                   1                  
speaker_ids      : 2                   2                   2                   2                   2                   2                   2                   2                   2                   2                   2                   2                   2                   2                   2                  


A                : <emp>               <emp>               <emp>               <emp>               <emp>               <emp>               <emp>               <emp>               <emp>               <emp>               <emp>               <emp>               <emp>               <emp>               <emp>              
Timings          : (39.465, 39.555)    (39.555, 39.815)    (39.815, 40.115)    (40.115, 40.217)    (40.662, 40.845)    (40.845, 40.95)     (40.95, 41.055)     (41.055, 41.335)    (41.335, 41.695)    (42.109, 42.175)    (42.175, 42.445)    (42.445, 42.785)    (42.785, 42.875)    (42.875, 43.045)    (43.045, 43.275)   
Token Types      : 0                   0                   0                   0                   0                   0                   0                   0                   0                   0                   0                   0                   0                   0                   0                  
turn_ids         : 0                   0                   0                   0                   0                   0                   0                   0                   0                   0                   0                   0                   0                   0                   0                  
turn_end_types   : 0                   0                   0                   0                   0                   0                   0                   0                   0                   0                   0                   0                   0                   0                   0                  
speaker_ids      : 0                   0                   0                   0                   0                   0                   0                   0                   0                   0                   0                   0                   0                   0                   0                  

B                : Ġit                 Ġactually           Ġhappen             Ġof                 Ġcourse             Ġi                  've                 Ġreally             Ġwanted             Ġto                 Ġactually           Ġmanage             Ġto                 Ġget                Ġinto              
Timings          : (39.465, 39.555)    (39.555, 39.815)    (39.815, 40.115)    (40.115, 40.217)    (40.662, 40.845)    (40.845, 40.95)     (40.95, 41.055)     (41.055, 41.335)    (41.335, 41.695)    (42.109, 42.175)    (42.175, 42.445)    (42.445, 42.785)    (42.785, 42.875)    (42.875, 43.045)    (43.045, 43.275)   
Token Types      : 1                   1                   1                   1                   1                   1                   1                   1                   1                   1                   1                   1                   1                   1                   1                  
turn_ids         : 82396263219201      82396263219201      82396263219201      82396263219201      82396263219201      82396263219201      82396263219201      82396263219201      82396263219201      82396263219201      82396263219201      82396263219201      82396263219201      82396263219201      82396263219201     
turn_end_types   : 1                   1                   1                   1                   1                   1                   1                   1                   1                   1                   1                   1                   1                   1                   1                  
speaker_ids      : 2                   2                   2                   2                   2                   2                   2                   2                   2                   2                   2                   2                   2                   2                   2                  


A                : <emp>               <emp>               Ġum                 hum                 <ebc>               <emp>               <emp>               <emp>               <emp>               <emp>               <emp>               <emp>               <emp>               <emp>               Ġwhat              
Timings          : (43.275, 43.605)    (43.605, 44.163)    (44.337, 44.489)    (44.489, 44.641)    (-1.0, -1.0)        (45.026, 45.206)    (45.206, 45.386)    (45.386, 45.706)    (45.706, 45.936)    (45.936, 46.326)    (46.326, 46.416)    (46.416, 46.566)    (46.566, 46.926)    (46.926, 47.75)     (48.49, 48.623)    
Token Types      : 0                   0                   3                   3                   3                   0                   0                   0                   0                   0                   0                   0                   0                   0                   1                  
turn_ids         : 0                   0                   82397873831941      82397873831941      82397873831941      0                   0                   0                   0                   0                   0                   0                   0                   0                   82395726348290     
turn_end_types   : 0                   0                   0                   0                   0                   0                   0                   0                   0                   0                   0                   0                   0                   0                   1                  
speaker_ids      : 0                   0                   1                   1                   1                   0                   0                   0                   0                   0                   0                   0                   0                   0                   1                  

B                : Ġspace              Ġsomeday            <emp>               <emp>               Ġbut                Ġuh                 Ġthat               Ġseems              Ġrather             Ġunlikely           Ġat                 Ġthis               Ġpoint              Ġunfortunately      <eot>              
Timings          : (43.275, 43.605)    (43.605, 44.163)    (44.337, 44.489)    (44.489, 44.641)    (44.753, 45.026)    (45.026, 45.206)    (45.206, 45.386)    (45.386, 45.706)    (45.706, 45.936)    (45.936, 46.326)    (46.326, 46.416)    (46.416, 46.566)    (46.566, 46.926)    (46.926, 47.75)     (-1.0, -1.0)       
Token Types      : 1                   1                   1                   1                   1                   1                   1                   1                   1                   1                   1                   1                   1                   1                   1                  
turn_ids         : 82396263219201      82396263219201      82396263219201      82396263219201      82396263219201      82396263219201      82396263219201      82396263219201      82396263219201      82396263219201      82396263219201      82396263219201      82396263219201      82396263219201      82396263219201     
turn_end_types   : 1                   1                   1                   1                   1                   1                   1                   1                   1                   1                   1                   1                   1                   1                   1                  
speaker_ids      : 2                   2                   2                   2                   2                   2                   2                   2                   2                   2                   2                   2                   2                   2                   2                  


A                : Ġdo                 Ġyou                Ġdo                 Ġnow                <eot>               <emp>               <emp>               Ġoh                 <ebc>               <emp>               <emp>               <emp>               <emp>               <emp>               <emp>              
Timings          : (48.623, 48.693)    (48.693, 48.803)    (48.803, 48.974)    (48.974, 49.247)    (-1.0, -1.0)        (49.778, 50.188)    (50.188, 50.817)    (50.992, 51.279)    (-1.0, -1.0)        (52.254, 52.414)    (52.414, 52.544)    (52.544, 52.624)    (52.624, 52.804)    (52.804, 52.944)    (52.944, 53.043)   
Token Types      : 1                   1                   1                   1                   1                   0                   0                   3                   3                   0                   0                   0                   0                   0                   0                  
turn_ids         : 82395726348290      82395726348290      82395726348290      82395726348290      82395726348290      0                   0                   82397873831943      82397873831943      0                   0                   0                   0                   0                   0                  
turn_end_types   : 1                   1                   1                   1                   1                   0                   0                   0                   0                   0                   0                   0                   0                   0                   0                  
speaker_ids      : 1                   1                   1                   1                   1                   0                   0                   1                   1                   0                   0                   0                   0                   0                   0                  

B                : <emp>               <emp>               <emp>               <emp>               Ġuh                 Ġcomputer           Ġprogrammer         <emp>               Ġunfortunately      Ġthat               Ġcan                Ġbe                 Ġdone               Ġfrom               Ġthe               
Timings          : (48.623, 48.693)    (48.693, 48.803)    (48.803, 48.974)    (48.974, 49.247)    (49.629, 49.778)    (49.778, 50.188)    (50.188, 50.817)    (50.992, 51.279)    (51.669, 52.254)    (52.254, 52.414)    (52.414, 52.544)    (52.544, 52.624)    (52.624, 52.804)    (52.804, 52.944)    (52.944, 53.043)   
Token Types      : 0                   0                   0                   0                   1                   1                   1                   1                   1                   1                   1                   1                   1                   1                   1                  
turn_ids         : 0                   0                   0                   0                   82396263219203      82396263219203      82396263219203      82396263219203      82396263219203      82396263219203      82396263219203      82396263219203      82396263219203      82396263219203      82396263219203     
turn_end_types   : 0                   0                   0                   0                   1                   1                   1                   1                   1                   1                   1                   1                   1                   1                   1                  
speaker_ids      : 0                   0                   0                   0                   2                   2                   2                   2                   2                   2                   2                   2                   2                   2                   2                  


A                : <emp>               Ġyeah               Ġto                 Ġbad                Ġuh                 <eot>               <emp>               <emp>               <emp>               <emp>               <emp>               <emp>               <emp>               <emp>               <emp>              
Timings          : (53.043, 53.582)    (53.475, 55.45)     (55.543, 55.668)    (55.668, 55.958)    (55.958, 56.104)    (-1.0, -1.0)        (57.379, 57.625)    (57.625, 57.724)    (57.724, 58.159)    (58.159, 58.576)    (58.851, 59.204)    (59.204, 59.494)    (59.494, 59.595)    (59.595, 59.724)    (59.724, 59.875)   
Token Types      : 0                   1                   1                   1                   1                   1                   0                   0                   0                   0                   0                   0                   0                   0                   0                  
turn_ids         : 0                   82395726348292      82395726348292      82395726348292      82395726348292      82395726348292      0                   0                   0                   0                   0                   0                   0                   0                   0                  
turn_end_types   : 0                   1                   1                   1                   1                   1                   0                   0                   0                   0                   0                   0                   0                   0                   0                  
speaker_ids      : 0                   1                   1                   1                   1                   1                   0                   0                   0                   0                   0                   0                   0                   0                   0                  

B                : Ġground             <eot>               <emp>               <emp>               <emp>               Ġyeah               Ġmade               Ġthe                Ġwrong              Ġwrong              Ġcareer             Ġchoice             Ġto                 Ġget                Ġup                
Timings          : (53.043, 53.582)    (-1.0, -1.0)        (55.543, 55.668)    (55.668, 55.958)    (55.958, 56.104)    (56.229, 56.942)    (57.379, 57.625)    (57.625, 57.724)    (57.724, 58.159)    (58.159, 58.576)    (58.851, 59.204)    (59.204, 59.494)    (59.494, 59.595)    (59.595, 59.724)    (59.724, 59.875)   
Token Types      : 1                   1                   0                   0                   0                   1                   1                   1                   1                   1                   1                   1                   1                   1                   1                  
turn_ids         : 82396263219203      82396263219203      0                   0                   0                   82396263219205      82396263219205      82396263219205      82396263219205      82396263219205      82396263219205      82396263219205      82396263219205      82396263219205      82396263219205     
turn_end_types   : 1                   1                   0                   0                   0                   1                   1                   1                   1                   1                   1                   1                   1                   1                   1                  
speaker_ids      : 2                   2                   0                   0                   0                   2                   2                   2                   2                   2                   2                   2                   2                   2                   2                  


A                : <emp>               <emp>               <emp>               <emp>               <emp>               <emp>               <emp>               <emp>               <emp>               <emp>               <emp>               <emp>               <emp>               <emp>               <emp>              
Timings          : (59.875, 60.105)    (60.105, 60.597)    (62.187, 62.368)    (62.368, 62.678)    (63.582, 64.032)    (65.275, 65.375)    (65.375, 65.575)    (65.575, 65.725)    (65.725, 65.995)    (65.995, 66.085)    (66.085, 66.155)    (66.155, 66.345)    (66.345, 66.505)    (66.505, 66.565)    (66.565, 66.685)   
Token Types      : 0                   0                   0                   0                   0                   0                   0                   0                   0                   0                   0                   0                   0                   0                   0                  
turn_ids         : 0                   0                   0                   0                   0                   0                   0                   0                   0                   0                   0                   0                   0                   0                   0                  
turn_end_types   : 0                   0                   0                   0                   0                   0                   0                   0                   0                   0                   0                   0                   0                   0                   0                  
speaker_ids      : 0                   0                   0                   0                   0                   0                   0                   0                   0                   0                   0                   0                   0                   0                   0                  

B                : Ġinto               Ġspace              Ġthe                Ġuh                 Ġuh                 Ġi                  Ġused               Ġto                 Ġthink              Ġwhen               Ġi                  Ġwas                Ġwhen               Ġi                  Ġwas               
Timings          : (59.875, 60.105)    (60.105, 60.597)    (62.187, 62.368)    (62.368, 62.678)    (63.582, 64.032)    (65.275, 65.375)    (65.375, 65.575)    (65.575, 65.725)    (65.725, 65.995)    (65.995, 66.085)    (66.085, 66.155)    (66.155, 66.345)    (66.345, 66.505)    (66.505, 66.565)    (66.565, 66.685)   
Token Types      : 1                   1                   1                   1                   1                   1                   1                   1                   1                   1                   1                   1                   1                   1                   1                  
turn_ids         : 82396263219205      82396263219205      82396263219205      82396263219205      82396263219205      82396263219205      82396263219205      82396263219205      82396263219205      82396263219205      82396263219205      82396263219205      82396263219205      82396263219205      82396263219205     
turn_end_types   : 1                   1                   1                   1                   1                   1                   1                   1                   1                   1                   1                   1                   1                   1                   1                  
speaker_ids      : 2                   2                   2                   2                   2                   2                   2                   2                   2                   2                   2                   2                   2                   2                   2                  


A                : <emp>               <emp>               <emp>               <emp>               <emp>               <emp>               <emp>               <emp>               <emp>               <emp>               <emp>               <emp>               <emp>               <emp>               <emp>              
Timings          : (66.685, 67.065)    (67.065, 67.367)    (67.777, 68.276)    (68.612, 68.765)    (68.765, 68.965)    (68.965, 69.345)    (69.345, 69.435)    (69.435, 69.525)    (69.525, 69.765)    (69.765, 70.095)    (70.095, 70.295)    (70.295, 70.385)    (70.385, 70.615)    (70.615, 70.725)    (70.725, 71.025)   
Token Types      : 0                   0                   0                   0                   0                   0                   0                   0                   0                   0                   0                   0                   0                   0                   0                  
turn_ids         : 0                   0                   0                   0                   0                   0                   0                   0                   0                   0                   0                   0                   0                   0                   0                  
turn_end_types   : 0                   0                   0                   0                   0                   0                   0                   0                   0                   0                   0                   0                   0                   0                   0                  
speaker_ids      : 0                   0                   0                   0                   0                   0                   0                   0                   0                   0                   0                   0                   0                   0                   0                  

B                : Ġyounger            Ġthat               Ġuh                 Ġby                 Ġthis               Ġtime               Ġwe                 'd                  Ġhave               Ġlots               Ġmore               Ġin                 Ġstuff              Ġin                 Ġspace             
Timings          : (66.685, 67.065)    (67.065, 67.367)    (67.777, 68.276)    (68.612, 68.765)    (68.765, 68.965)    (68.965, 69.345)    (69.345, 69.435)    (69.435, 69.525)    (69.525, 69.765)    (69.765, 70.095)    (70.095, 70.295)    (70.295, 70.385)    (70.385, 70.615)    (70.615, 70.725)    (70.725, 71.025)   
Token Types      : 1                   1                   1                   1                   1                   1                   1                   1                   1                   1                   1                   1                   1                   1                   1                  
turn_ids         : 82396263219205      82396263219205      82396263219205      82396263219205      82396263219205      82396263219205      82396263219205      82396263219205      82396263219205      82396263219205      82396263219205      82396263219205      82396263219205      82396263219205      82396263219205     
turn_end_types   : 1                   1                   1                   1                   1                   1                   1                   1                   1                   1                   1                   1                   1                   1                   1                  
speaker_ids      : 2                   2                   2                   2                   2                   2                   2                   2                   2                   2                   2                   2                   2                   2                   2                  


A                : <emp>               <emp>               <emp>               Ġum                 hum                 Ġum                 hum                 <ebc>               <emp>               <emp>               Ġum                 hum                 <ebc>               <emp>               <emp>              
Timings          : (71.025, 71.115)    (71.115, 71.235)    (71.235, 71.401)    (71.771, 71.932)    (71.932, 72.093)    (72.418, 72.572)    (72.572, 72.726)    (-1.0, -1.0)        (74.214, 74.334)    (74.334, 74.887)    (75.155, 75.296)    (75.296, 75.436)    (-1.0, -1.0)        (75.628, 75.667)    (75.667, 75.707)   
Token Types      : 0                   0                   0                   3                   3                   3                   3                   3                   0                   0                   3                   3                   3                   0                   0                  
turn_ids         : 0                   0                   0                   82397873831945      82397873831945      82397873831945      82397873831945      82397873831945      0                   0                   82397873831946      82397873831946      82397873831946      0                   0                  
turn_end_types   : 0                   0                   0                   0                   0                   0                   0                   0                   0                   0                   0                   0                   0                   0                   0                  
speaker_ids      : 0                   0                   0                   1                   1                   1                   1                   1                   0                   0                   1                   1                   1                   0                   0                  

B                : Ġthan               Ġwe                 Ġdo                 Ġnow                <emp>               <emp>               Ġuh                 Ġfrustrating        Ġat                 Ġtimes              <emp>               <emp>               Ġi                  Ġdon                't                 
Timings          : (71.025, 71.115)    (71.115, 71.235)    (71.235, 71.401)    (71.401, 71.92)     (71.932, 72.093)    (72.418, 72.572)    (72.516, 72.86)     (73.374, 74.214)    (74.214, 74.334)    (74.334, 74.887)    (75.155, 75.296)    (75.296, 75.436)    (75.583, 75.628)    (75.628, 75.667)    (75.667, 75.707)   
Token Types      : 1                   1                   1                   1                   1                   1                   1                   1                   1                   1                   1                   1                   1                   1                   1                  
turn_ids         : 82396263219205      82396263219205      82396263219205      82396263219205      82396263219205      82396263219205      82396263219205      82396263219205      82396263219205      82396263219205      82396263219205      82396263219205      82396263219205      82396263219205      82396263219205     
turn_end_types   : 1                   1                   1                   1                   1                   1                   1                   1                   1                   1                   1                   1                   1                   1                   1                  
speaker_ids      : 2                   2                   2                   2                   2                   2                   2                   2                   2                   2                   2                   2                   2                   2                   2                  


A                : <emp>               <emp>               <emp>               <emp>               <emp>               <emp>               <emp>               Ġwell               Ġuh                 Ġyeah               Ġi                  Ġuh                 Ġi                  'm                  Ġkind              
Timings          : (75.707, 75.777)    (75.777, 75.947)    (75.947, 76.067)    (76.067, 76.321)    (77.08, 77.307)     (77.307, 77.447)    (77.447, 77.674)    (78.038, 78.304)    (78.304, 78.57)     (78.57, 78.717)     (78.717, 78.953)    (79.217, 79.468)    (79.696, 79.91)     (79.91, 80.125)     (80.528, 80.676)   
Token Types      : 0                   0                   0                   0                   0                   0                   0                   1                   1                   1                   1                   1                   1                   1                   1                  
turn_ids         : 0                   0                   0                   0                   0                   0                   0                   82395726348294      82395726348294      82395726348294      82395726348294      82395726348294      82395726348294      82395726348294      82395726348294     
turn_end_types   : 0                   0                   0                   0                   0                   0                   0                   1                   1                   1                   1                   1                   1                   1                   1                  
speaker_ids      : 0                   0                   0                   0                   0                   0                   0                   1                   1                   1                   1                   1                   1                   1                   1                  

B                : Ġknow               Ġwhat               Ġyou                Ġthink              Ġabout              Ġall                Ġthat               <eot>               <emp>               <emp>               <emp>               <emp>               <emp>               <emp>               <emp>              
Timings          : (75.707, 75.777)    (75.777, 75.947)    (75.947, 76.067)    (76.067, 76.321)    (77.08, 77.307)     (77.307, 77.447)    (77.447, 77.674)    (-1.0, -1.0)        (78.304, 78.57)     (78.57, 78.717)     (78.717, 78.953)    (79.217, 79.468)    (79.696, 79.91)     (79.91, 80.125)     (80.528, 80.676)   
Token Types      : 1                   1                   1                   1                   1                   1                   1                   1                   0                   0                   0                   0                   0                   0                   0                  
turn_ids         : 82396263219205      82396263219205      82396263219205      82396263219205      82396263219205      82396263219205      82396263219205      82396263219205      0                   0                   0                   0                   0                   0                   0                  
turn_end_types   : 1                   1                   1                   1                   1                   1                   1                   1                   0                   0                   0                   0                   0                   0                   0                  
speaker_ids      : 2                   2                   2                   2                   2                   2                   2                   2                   0                   0                   0                   0                   0                   0                   0                  


A                : Ġof                 Ġyoung              Ġi                  'm                  Ġonly               Ġtwenty             Ġtwo                Ġand                Ġso                 Ġuh                 Ġuh                 Ġi                  'm                  Ġnot                Ġyou               
Timings          : (80.676, 80.756)    (80.756, 81.096)    (81.096, 81.156)    (81.156, 81.216)    (81.216, 81.408)    (81.408, 81.696)    (81.696, 82.016)    (82.016, 82.166)    (82.166, 82.546)    (82.546, 82.873)    (83.997, 84.607)    (85.325, 85.386)    (85.386, 85.448)    (85.448, 85.738)    (85.922, 86.158)   
Token Types      : 1                   1                   1                   1                   1                   1                   1                   1                   1                   1                   1                   1                   1                   1                   1                  
turn_ids         : 82395726348294      82395726348294      82395726348294      82395726348294      82395726348294      82395726348294      82395726348294      82395726348294      82395726348294      82395726348294      82395726348294      82395726348294      82395726348294      82395726348294      82395726348294     
turn_end_types   : 1                   1                   1                   1                   1                   1                   1                   1                   1                   1                   1                   1                   1                   1                   1                  
speaker_ids      : 1                   1                   1                   1                   1                   1                   1                   1                   1                   1                   1                   1                   1                   1                   1                  

B                : <emp>               <emp>               <emp>               <emp>               <emp>               <emp>               <emp>               <emp>               <emp>               <emp>               <emp>               <emp>               <emp>               <emp>               <emp>              
Timings          : (80.676, 80.756)    (80.756, 81.096)    (81.096, 81.156)    (81.156, 81.216)    (81.216, 81.408)    (81.408, 81.696)    (81.696, 82.016)    (82.016, 82.166)    (82.166, 82.546)    (82.546, 82.873)    (83.997, 84.607)    (85.325, 85.386)    (85.386, 85.448)    (85.448, 85.738)    (85.922, 86.158)   
Token Types      : 0                   0                   0                   0                   0                   0                   0                   0                   0                   0                   0                   0                   0                   0                   0                  
turn_ids         : 0                   0                   0                   0                   0                   0                   0                   0                   0                   0                   0                   0                   0                   0                   0                  
turn_end_types   : 0                   0                   0                   0                   0                   0                   0                   0                   0                   0                   0                   0                   0                   0                   0                  
speaker_ids      : 0                   0                   0                   0                   0                   0                   0                   0                   0                   0                   0                   0                   0                   0                   0                  


A                : Ġknow               Ġthere              's                  Ġa                  Ġlot                Ġthat               's                  Ġhappened           Ġin                 Ġmy                 Ġlifetime           Ġas                 Ġfar                Ġas                 Ġuh                
Timings          : (86.158, 86.371)    (86.643, 86.71)     (86.71, 86.777)     (86.777, 86.838)    (86.838, 87.077)    (87.077, 87.143)    (87.143, 87.207)    (87.207, 87.637)    (87.637, 87.738)    (87.738, 87.938)    (87.938, 88.418)    (88.418, 88.537)    (88.537, 88.838)    (88.838, 89.107)    (89.107, 89.405)   
Token Types      : 1                   1                   1                   1                   1                   1                   1                   1                   1                   1                   1                   1                   1                   1                   1                  
turn_ids         : 82395726348294      82395726348294      82395726348294      82395726348294      82395726348294      82395726348294      82395726348294      82395726348294      82395726348294      82395726348294      82395726348294      82395726348294      82395726348294      82395726348294      82395726348294     
turn_end_types   : 1                   1                   1                   1                   1                   1                   1                   1                   1                   1                   1                   1                   1                   1                   1                  
speaker_ids      : 1                   1                   1                   1                   1                   1                   1                   1                   1                   1                   1                   1                   1                   1                   1                  

B                : <emp>               <emp>               <emp>               <emp>               <emp>               <emp>               <emp>               <emp>               <emp>               <emp>               <emp>               <emp>               <emp>               <emp>               <emp>              
Timings          : (86.158, 86.371)    (86.643, 86.71)     (86.71, 86.777)     (86.777, 86.838)    (86.838, 87.077)    (87.077, 87.143)    (87.143, 87.207)    (87.207, 87.637)    (87.637, 87.738)    (87.738, 87.938)    (87.938, 88.418)    (88.418, 88.537)    (88.537, 88.838)    (88.838, 89.107)    (89.107, 89.405)   
Token Types      : 0                   0                   0                   0                   0                   0                   0                   0                   0                   0                   0                   0                   0                   0                   0                  
turn_ids         : 0                   0                   0                   0                   0                   0                   0                   0                   0                   0                   0                   0                   0                   0                   0                  
turn_end_types   : 0                   0                   0                   0                   0                   0                   0                   0                   0                   0                   0                   0                   0                   0                   0                  
speaker_ids      : 0                   0                   0                   0                   0                   0                   0                   0                   0                   0                   0                   0                   0                   0                   0                  


A                : Ġyou                Ġknow               Ġwith               Ġthe                Ġspace              Ġshuttle            Ġand                Ġall                Ġalthough           Ġplans              Ġto                 Ġuh                 Ġgo                 Ġto                 Ġother             
Timings          : (89.405, 89.518)    (89.518, 89.607)    (89.607, 89.738)    (89.738, 89.817)    (89.817, 90.168)    (90.168, 90.507)    (90.507, 90.647)    (90.647, 90.923)    (91.897, 92.439)    (92.925, 93.36)     (93.36, 93.78)      (93.78, 93.92)      (93.92, 94.03)      (94.03, 94.2)       (94.2, 94.43)      
Token Types      : 1                   1                   1                   1                   1                   1                   1                   1                   1                   1                   1                   1                   1                   1                   1                  
turn_ids         : 82395726348294      82395726348294      82395726348294      82395726348294      82395726348294      82395726348294      82395726348294      82395726348294      82395726348294      82395726348294      82395726348294      82395726348294      82395726348294      82395726348294      82395726348294     
turn_end_types   : 1                   1                   1                   1                   1                   1                   1                   1                   1                   1                   1                   1                   1                   1                   1                  
speaker_ids      : 1                   1                   1                   1                   1                   1                   1                   1                   1                   1                   1                   1                   1                   1                   1                  

B                : <emp>               <emp>               <emp>               <emp>               <emp>               <emp>               <emp>               <emp>               <emp>               <emp>               <emp>               <emp>               <emp>               <emp>               <emp>              
Timings          : (89.405, 89.518)    (89.518, 89.607)    (89.607, 89.738)    (89.738, 89.817)    (89.817, 90.168)    (90.168, 90.507)    (90.507, 90.647)    (90.647, 90.923)    (91.897, 92.439)    (92.925, 93.36)     (93.36, 93.78)      (93.78, 93.92)      (93.92, 94.03)      (94.03, 94.2)       (94.2, 94.43)      
Token Types      : 0                   0                   0                   0                   0                   0                   0                   0                   0                   0                   0                   0                   0                   0                   0                  
turn_ids         : 0                   0                   0                   0                   0                   0                   0                   0                   0                   0                   0                   0                   0                   0                   0                  
turn_end_types   : 0                   0                   0                   0                   0                   0                   0                   0                   0                   0                   0                   0                   0                   0                   0                  
speaker_ids      : 0                   0                   0                   0                   0                   0                   0                   0                   0                   0                   0                   0                   0                   0                   0                  


A                : Ġplanets            Ġhave               Ġsomewhat           Ġbeen               Ġthwarted           Ġin                 Ġcomparison         Ġto                 Ġuh                 Ġthe                Ġs                  ixties              <emp>               <emp>               <emp>              
Timings          : (94.43, 94.93)      (94.93, 95.183)     (95.183, 95.67)     (95.67, 95.87)      (95.87, 96.41)      (96.41, 96.49)      (96.49, 97.09)      (97.09, 97.389)     (97.389, 97.673)    (97.891, 97.997)    (97.997, 98.283)    (98.283, 98.568)    (98.868, 98.962)    (98.962, 99.057)    (99.057, 99.152)   
Token Types      : 1                   1                   1                   1                   1                   1                   1                   1                   1                   1                   1                   1                   1                   1                   1                  
turn_ids         : 82395726348294      82395726348294      82395726348294      82395726348294      82395726348294      82395726348294      82395726348294      82395726348294      82395726348294      82395726348294      82395726348294      82395726348294      82395726348294      82395726348294      82395726348294     
turn_end_types   : 1                   1                   1                   1                   1                   1                   1                   1                   1                   1                   1                   1                   1                   1                   1                  
speaker_ids      : 1                   1                   1                   1                   1                   1                   1                   1                   1                   1                   1                   1                   1                   1                   1                  

B                : <emp>               <emp>               <emp>               <emp>               <emp>               <emp>               <emp>               <emp>               <emp>               <emp>               <emp>               <emp>               uh                  h                   uh                 
Timings          : (94.43, 94.93)      (94.93, 95.183)     (95.183, 95.67)     (95.67, 95.87)      (95.87, 96.41)      (96.41, 96.49)      (96.49, 97.09)      (97.09, 97.389)     (97.389, 97.673)    (97.891, 97.997)    (97.997, 98.283)    (98.283, 98.568)    (98.868, 98.962)    (98.962, 99.057)    (99.057, 99.152)   
Token Types      : 0                   0                   0                   0                   0                   0                   0                   0                   0                   0                   0                   0                   3                   3                   3                  
turn_ids         : 0                   0                   0                   0                   0                   0                   0                   0                   0                   0                   0                   0                   82398410702851      82398410702851      82398410702851     
turn_end_types   : 0                   0                   0                   0                   0                   0                   0                   0                   0                   0                   0                   0                   0                   0                   0                  
speaker_ids      : 0                   0                   0                   0                   0                   0                   0                   0                   0                   0                   0                   0                   2                   2                   2                  


A                : Ġum                 Ġalthough           Ġi                  Ġhave               Ġa                  Ġi                  Ġi                  Ġkind               Ġof                 Ġwonder             Ġuh                 Ġif                 Ġsome               Ġif                 Ġit                
Timings          : (99.294, 99.7)      (100.393, 100.743)  (100.743, 100.893)  (100.893, 101.213)  (101.213, 101.654)  (101.948, 102.143)  (102.143, 102.273)  (102.273, 102.503)  (102.503, 102.593)  (102.593, 103.05)   (104.369, 104.773)  (104.773, 105.243)  (106.025, 106.454)  (106.548, 106.698)  (106.698, 106.798) 
Token Types      : 1                   1                   1                   1                   1                   1                   1                   1                   1                   1                   1                   1                   1                   1                   1                  
turn_ids         : 82395726348294      82395726348294      82395726348294      82395726348294      82395726348294      82395726348294      82395726348294      82395726348294      82395726348294      82395726348294      82395726348294      82395726348294      82395726348294      82395726348294      82395726348294     
turn_end_types   : 1                   1                   1                   1                   1                   1                   1                   1                   1                   1                   1                   1                   1                   1                   1                  
speaker_ids      : 1                   1                   1                   1                   1                   1                   1                   1                   1                   1                   1                   1                   1                   1                   1                  

B                : <ebc>               <emp>               <emp>               <emp>               <emp>               <emp>               <emp>               <emp>               <emp>               <emp>               <emp>               <emp>               <emp>               <emp>               <emp>              
Timings          : (-1.0, -1.0)        (100.393, 100.743)  (100.743, 100.893)  (100.893, 101.213)  (101.213, 101.654)  (101.948, 102.143)  (102.143, 102.273)  (102.273, 102.503)  (102.503, 102.593)  (102.593, 103.05)   (104.369, 104.773)  (104.773, 105.243)  (106.025, 106.454)  (106.548, 106.698)  (106.698, 106.798) 
Token Types      : 3                   0                   0                   0                   0                   0                   0                   0                   0                   0                   0                   0                   0                   0                   0                  
turn_ids         : 82398410702851      0                   0                   0                   0                   0                   0                   0                   0                   0                   0                   0                   0                   0                   0                  
turn_end_types   : 0                   0                   0                   0                   0                   0                   0                   0                   0                   0                   0                   0                   0                   0                   0                  
speaker_ids      : 2                   0                   0                   0                   0                   0                   0                   0                   0                   0                   0                   0                   0                   0                   0                  


A                : Ġwere               Ġpossible           Ġto                 Ġmarket             Ġsome               Ġuh                 Ġform               Ġof                 Ġuh                 Ġspace              Ġtechnology         Ġyou                Ġknow               Ġto                 Ġuh                
Timings          : (106.798, 106.928)  (106.928, 107.458)  (107.458, 107.628)  (107.628, 108.085)  (108.605, 109.033)  (109.033, 109.258)  (109.258, 109.578)  (109.578, 109.793)  (110.395, 110.858)  (110.858, 111.198)  (111.198, 112.032)  (112.281, 112.388)  (112.388, 112.528)  (112.528, 112.808)  (112.808, 113.028) 
Token Types      : 1                   1                   1                   1                   1                   1                   1                   1                   1                   1                   1                   1                   1                   1                   1                  
turn_ids         : 82395726348294      82395726348294      82395726348294      82395726348294      82395726348294      82395726348294      82395726348294      82395726348294      82395726348294      82395726348294      82395726348294      82395726348294      82395726348294      82395726348294      82395726348294     
turn_end_types   : 1                   1                   1                   1                   1                   1                   1                   1                   1                   1                   1                   1                   1                   1                   1                  
speaker_ids      : 1                   1                   1                   1                   1                   1                   1                   1                   1                   1                   1                   1                   1                   1                   1                  

B                : <emp>               <emp>               <emp>               <emp>               <emp>               <emp>               <emp>               <emp>               <emp>               <emp>               <emp>               <emp>               <emp>               <emp>               <emp>              
Timings          : (106.798, 106.928)  (106.928, 107.458)  (107.458, 107.628)  (107.628, 108.085)  (108.605, 109.033)  (109.033, 109.258)  (109.258, 109.578)  (109.578, 109.793)  (110.395, 110.858)  (110.858, 111.198)  (111.198, 112.032)  (112.281, 112.388)  (112.388, 112.528)  (112.528, 112.808)  (112.808, 113.028) 
Token Types      : 0                   0                   0                   0                   0                   0                   0                   0                   0                   0                   0                   0                   0                   0                   0                  
turn_ids         : 0                   0                   0                   0                   0                   0                   0                   0                   0                   0                   0                   0                   0                   0                   0                  
turn_end_types   : 0                   0                   0                   0                   0                   0                   0                   0                   0                   0                   0                   0                   0                   0                   0                  
speaker_ids      : 0                   0                   0                   0                   0                   0                   0                   0                   0                   0                   0                   0                   0                   0                   0                  


A                : Ġuh                 Ġto                 Ġmake               Ġit                 Ġequitable          Ġit                 Ġmight              Ġseverely           Ġhelp               Ġthe                Ġeconomy            Ġyou                Ġknow               Ġin                 Ġthe               
Timings          : (114.007, 114.445)  (114.445, 114.585)  (114.585, 114.755)  (114.755, 114.835)  (114.835, 115.396)  (115.954, 116.148)  (116.148, 116.374)  (116.616, 117.035)  (117.035, 117.234)  (117.234, 117.314)  (117.314, 117.895)  (117.895, 118.015)  (118.015, 118.155)  (118.155, 118.255)  (118.255, 118.455) 
Token Types      : 1                   1                   1                   1                   1                   1                   1                   1                   1                   1                   1                   1                   1                   1                   1                  
turn_ids         : 82395726348294      82395726348294      82395726348294      82395726348294      82395726348294      82395726348294      82395726348294      82395726348294      82395726348294      82395726348294      82395726348294      82395726348294      82395726348294      82395726348294      82395726348294     
turn_end_types   : 1                   1                   1                   1                   1                   1                   1                   1                   1                   1                   1                   1                   1                   1                   1                  
speaker_ids      : 1                   1                   1                   1                   1                   1                   1                   1                   1                   1                   1                   1                   1                   1                   1                  

B                : <emp>               <emp>               <emp>               <emp>               <emp>               <emp>               <emp>               <emp>               <emp>               <emp>               <emp>               <emp>               <emp>               <emp>               <emp>              
Timings          : (114.007, 114.445)  (114.445, 114.585)  (114.585, 114.755)  (114.755, 114.835)  (114.835, 115.396)  (115.954, 116.148)  (116.148, 116.374)  (116.616, 117.035)  (117.035, 117.234)  (117.234, 117.314)  (117.314, 117.895)  (117.895, 118.015)  (118.015, 118.155)  (118.155, 118.255)  (118.255, 118.455) 
Token Types      : 0                   0                   0                   0                   0                   0                   0                   0                   0                   0                   0                   0                   0                   0                   0                  
turn_ids         : 0                   0                   0                   0                   0                   0                   0                   0                   0                   0                   0                   0                   0                   0                   0                  
turn_end_types   : 0                   0                   0                   0                   0                   0                   0                   0                   0                   0                   0                   0                   0                   0                   0                  
speaker_ids      : 0                   0                   0                   0                   0                   0                   0                   0                   0                   0                   0                   0                   0                   0                   0                  


A                : Ġin                 Ġthe                Ġuh                 Ġrespect            Ġthat               Ġyou                Ġknow               Ġthere              's                  Ġendless            Ġamounts            Ġof                 Ġresearch           Ġto                 Ġbe                
Timings          : (118.696, 118.968)  (118.968, 119.203)  (120.26, 121.036)   (121.036, 121.523)  (121.523, 121.683)  (122.753, 122.873)  (122.873, 123.003)  (123.003, 123.127)  (123.127, 123.251)  (123.612, 123.903)  (123.903, 124.293)  (124.293, 124.532)  (124.743, 125.283)  (125.283, 125.373)  (125.373, 125.503) 
Token Types      : 1                   1                   1                   1                   1                   1                   1                   1                   1                   1                   1                   1                   1                   1                   1                  
turn_ids         : 82395726348294      82395726348294      82395726348294      82395726348294      82395726348294      82395726348294      82395726348294      82395726348294      82395726348294      82395726348294      82395726348294      82395726348294      82395726348294      82395726348294      82395726348294     
turn_end_types   : 1                   1                   1                   1                   1                   1                   1                   1                   1                   1                   1                   1                   1                   1                   1                  
speaker_ids      : 1                   1                   1                   1                   1                   1                   1                   1                   1                   1                   1                   1                   1                   1                   1                  

B                : <emp>               <emp>               <emp>               <emp>               <emp>               <emp>               <emp>               <emp>               <emp>               <emp>               <emp>               <emp>               <emp>               <emp>               <emp>              
Timings          : (118.696, 118.968)  (118.968, 119.203)  (120.26, 121.036)   (121.036, 121.523)  (121.523, 121.683)  (122.753, 122.873)  (122.873, 123.003)  (123.003, 123.127)  (123.127, 123.251)  (123.612, 123.903)  (123.903, 124.293)  (124.293, 124.532)  (124.743, 125.283)  (125.283, 125.373)  (125.373, 125.503) 
Token Types      : 0                   0                   0                   0                   0                   0                   0                   0                   0                   0                   0                   0                   0                   0                   0                  
turn_ids         : 0                   0                   0                   0                   0                   0                   0                   0                   0                   0                   0                   0                   0                   0                   0                  
turn_end_types   : 0                   0                   0                   0                   0                   0                   0                   0                   0                   0                   0                   0                   0                   0                   0                  
speaker_ids      : 0                   0                   0                   0                   0                   0                   0                   0                   0                   0                   0                   0                   0                   0                   0                  


A                : Ġdone               Ġendless            Ġamounts            Ġof                 Ġresources          Ġand                Ġand                Ġwhat               Ġnot                Ġit                 Ġwould              Ġbe                 Ġgreat              Ġif                 Ġwe                
Timings          : (125.503, 125.823)  (125.823, 126.113)  (126.113, 126.473)  (126.473, 126.679)  (127.306, 128.083)  (128.083, 128.338)  (128.858, 129.053)  (129.053, 129.253)  (129.253, 129.383)  (129.383, 129.443)  (129.443, 129.553)  (129.553, 129.673)  (129.673, 130.023)  (130.023, 130.228)  (130.228, 130.453) 
Token Types      : 1                   1                   1                   1                   1                   1                   1                   1                   1                   1                   1                   1                   1                   1                   1                  
turn_ids         : 82395726348294      82395726348294      82395726348294      82395726348294      82395726348294      82395726348294      82395726348294      82395726348294      82395726348294      82395726348294      82395726348294      82395726348294      82395726348294      82395726348294      82395726348294     
turn_end_types   : 1                   1                   1                   1                   1                   1                   1                   1                   1                   1                   1                   1                   1                   1                   1                  
speaker_ids      : 1                   1                   1                   1                   1                   1                   1                   1                   1                   1                   1                   1                   1                   1                   1                  

B                : <emp>               <emp>               <emp>               <emp>               <emp>               <emp>               yeah                <eint>              <emp>               <emp>               <emp>               <emp>               Ġwell               <eint>              <emp>              
Timings          : (125.503, 125.823)  (125.823, 126.113)  (126.113, 126.473)  (126.473, 126.679)  (127.306, 128.083)  (128.083, 128.338)  (128.811, 129.05)   (-1.0, -1.0)        (129.253, 129.383)  (129.383, 129.443)  (129.443, 129.553)  (129.553, 129.673)  (129.865, 130.151)  (-1.0, -1.0)        (130.228, 130.453) 
Token Types      : 0                   0                   0                   0                   0                   0                   5                   5                   0                   0                   0                   0                   5                   5                   0                  
turn_ids         : 0                   0                   0                   0                   0                   0                   82400558186500      82400558186500      0                   0                   0                   0                   82400558186501      82400558186501      0                  
turn_end_types   : 0                   0                   0                   0                   0                   0                   0                   0                   0                   0                   0                   0                   0                   0                   0                  
speaker_ids      : 0                   0                   0                   0                   0                   0                   2                   2                   0                   0                   0                   0                   2                   2                   0                  


A                : Ġcould              Ġfind               Ġsome               Ġway                Ġto                 Ġto                 Ġuh                 Ġuse                Ġthat               Ġto                 Ġboost              Ġthe                Ġeconomy            <eot>               <emp>              
Timings          : (130.453, 130.583)  (130.583, 130.933)  (130.933, 131.213)  (131.213, 131.383)  (131.383, 131.683)  (131.683, 132.023)  (132.023, 132.103)  (132.103, 132.373)  (132.373, 132.553)  (132.553, 132.663)  (132.663, 132.903)  (132.903, 132.973)  (132.973, 133.64)   (-1.0, -1.0)        (134.661, 134.995) 
Token Types      : 1                   1                   1                   1                   1                   1                   1                   1                   1                   1                   1                   1                   1                   1                   0                  
turn_ids         : 82395726348294      82395726348294      82395726348294      82395726348294      82395726348294      82395726348294      82395726348294      82395726348294      82395726348294      82395726348294      82395726348294      82395726348294      82395726348294      82395726348294      0                  
turn_end_types   : 1                   1                   1                   1                   1                   1                   1                   1                   1                   1                   1                   1                   1                   1                   0                  
speaker_ids      : 1                   1                   1                   1                   1                   1                   1                   1                   1                   1                   1                   1                   1                   1                   0                  

B                : <emp>               <emp>               <emp>               <emp>               <emp>               <emp>               <emp>               <emp>               <emp>               <emp>               <emp>               <emp>               <emp>               Ġyeah               Ġwell              
Timings          : (130.453, 130.583)  (130.583, 130.933)  (130.933, 131.213)  (131.213, 131.383)  (131.383, 131.683)  (131.683, 132.023)  (132.023, 132.103)  (132.103, 132.373)  (132.373, 132.553)  (132.553, 132.663)  (132.663, 132.903)  (132.903, 132.973)  (132.973, 133.64)   (133.85, 134.248)   (134.661, 134.995) 
Token Types      : 0                   0                   0                   0                   0                   0                   0                   0                   0                   0                   0                   0                   0                   1                   1                  
turn_ids         : 0                   0                   0                   0                   0                   0                   0                   0                   0                   0                   0                   0                   0                   82396263219207      82396263219207     
turn_end_types   : 0                   0                   0                   0                   0                   0                   0                   0                   0                   0                   0                   0                   0                   1                   1                  
speaker_ids      : 0                   0                   0                   0                   0                   0                   0                   0                   0                   0                   0                   0                   0                   2                   2                  


A                : <emp>               <emp>               <emp>               <emp>               <emp>               <emp>               <emp>               <emp>               <emp>               <emp>               <emp>               <emp>               <emp>               <emp>               <emp>              
Timings          : (135.388, 135.618)  (135.618, 135.986)  (137.139, 137.631)  (138.864, 139.004)  (139.004, 139.144)  (139.144, 139.715)  (140.085, 140.484)  (140.484, 140.774)  (140.774, 141.064)  (141.064, 141.514)  (142.033, 142.528)  (143.169, 143.294)  (143.294, 143.394)  (143.394, 143.63)   (144.014, 144.294) 
Token Types      : 0                   0                   0                   0                   0                   0                   0                   0                   0                   0                   0                   0                   0                   0                   0                  
turn_ids         : 0                   0                   0                   0                   0                   0                   0                   0                   0                   0                   0                   0                   0                   0                   0                  
turn_end_types   : 0                   0                   0                   0                   0                   0                   0                   0                   0                   0                   0                   0                   0                   0                   0                  
speaker_ids      : 0                   0                   0                   0                   0                   0                   0                   0                   0                   0                   0                   0                   0                   0                   0                  

B                : Ġthe                Ġuh                 Ġuh                 Ġi                  've                 Ġalways             Ġuh                 Ġfelt               Ġthat               Ġuh                 Ġuh                 Ġone                Ġof                 Ġthe                Ġlong              
Timings          : (135.388, 135.618)  (135.618, 135.986)  (137.139, 137.631)  (138.864, 139.004)  (139.004, 139.144)  (139.144, 139.715)  (140.085, 140.484)  (140.484, 140.774)  (140.774, 141.064)  (141.064, 141.514)  (142.033, 142.528)  (143.169, 143.294)  (143.294, 143.394)  (143.394, 143.63)   (144.014, 144.294) 
Token Types      : 1                   1                   1                   1                   1                   1                   1                   1                   1                   1                   1                   1                   1                   1                   1                  
turn_ids         : 82396263219207      82396263219207      82396263219207      82396263219207      82396263219207      82396263219207      82396263219207      82396263219207      82396263219207      82396263219207      82396263219207      82396263219207      82396263219207      82396263219207      82396263219207     
turn_end_types   : 1                   1                   1                   1                   1                   1                   1                   1                   1                   1                   1                   1                   1                   1                   1                  
speaker_ids      : 2                   2                   2                   2                   2                   2                   2                   2                   2                   2                   2                   2                   2                   2                   2                  


A                : <emp>               <emp>               <emp>               <emp>               <emp>               <emp>               <emp>               <emp>               <emp>               <emp>               <emp>               <emp>               <emp>               <emp>               <emp>              
Timings          : (144.294, 144.594)  (144.594, 145.114)  (145.114, 145.204)  (145.204, 145.284)  (145.284, 145.504)  (145.504, 145.564)  (145.564, 145.804)  (145.804, 145.894)  (145.894, 146.044)  (146.044, 146.711)  (147.22, 147.354)   (147.354, 147.484)  (147.484, 147.604)  (147.604, 147.994)  (147.994, 148.375) 
Token Types      : 0                   0                   0                   0                   0                   0                   0                   0                   0                   0                   0                   0                   0                   0                   0                  
turn_ids         : 0                   0                   0                   0                   0                   0                   0                   0                   0                   0                   0                   0                   0                   0                   0                  
turn_end_types   : 0                   0                   0                   0                   0                   0                   0                   0                   0                   0                   0                   0                   0                   0                   0                  
speaker_ids      : 0                   0                   0                   0                   0                   0                   0                   0                   0                   0                   0                   0                   0                   0                   0                  

B                : Ġterm               Ġsolutions          Ġthat               Ġat                 Ġleast              Ġa                  Ġfew                Ġof                 Ġour                Ġproblems           Ġwould              Ġbe                 Ġto                 Ġhave               Ġuh                
Timings          : (144.294, 144.594)  (144.594, 145.114)  (145.114, 145.204)  (145.204, 145.284)  (145.284, 145.504)  (145.504, 145.564)  (145.564, 145.804)  (145.804, 145.894)  (145.894, 146.044)  (146.044, 146.711)  (147.22, 147.354)   (147.354, 147.484)  (147.484, 147.604)  (147.604, 147.994)  (147.994, 148.375) 
Token Types      : 1                   1                   1                   1                   1                   1                   1                   1                   1                   1                   1                   1                   1                   1                   1                  
turn_ids         : 82396263219207      82396263219207      82396263219207      82396263219207      82396263219207      82396263219207      82396263219207      82396263219207      82396263219207      82396263219207      82396263219207      82396263219207      82396263219207      82396263219207      82396263219207     
turn_end_types   : 1                   1                   1                   1                   1                   1                   1                   1                   1                   1                   1                   1                   1                   1                   1                  
speaker_ids      : 2                   2                   2                   2                   2                   2                   2                   2                   2                   2                   2                   2                   2                   2                   2                  


A                : <emp>               <emp>               <emp>               <emp>               <emp>               <emp>               <emp>               <emp>               Ġum                 hum                 <ebc>               <emp>               <emp>               <emp>               <emp>              
Timings          : (148.812, 149.064)  (149.064, 149.344)  (149.344, 149.534)  (149.534, 149.874)  (149.874, 150.204)  (150.204, 150.554)  (150.554, 151.134)  (151.134, 151.417)  (151.628, 151.814)  (151.814, 152.001)  (-1.0, -1.0)        (152.296, 153.025)  (153.447, 153.557)  (153.557, 153.666)  (153.666, 154.046) 
Token Types      : 0                   0                   0                   0                   0                   0                   0                   0                   3                   3                   3                   0                   0                   0                   0                  
turn_ids         : 0                   0                   0                   0                   0                   0                   0                   0                   82397873831948      82397873831948      82397873831948      0                   0                   0                   0                  
turn_end_types   : 0                   0                   0                   0                   0                   0                   0                   0                   0                   0                   0                   0                   0                   0                   0                  
speaker_ids      : 0                   0                   0                   0                   0                   0                   0                   0                   1                   1                   1                   0                   0                   0                   0                  

B                : Ġsome               Ġsort               Ġof                 Ġuh                 Ġsolar              Ġpower              Ġsatellites         Ġup                 <emp>               <emp>               Ġuh                 Ġbecause            Ġthat               's                  Ġa                 
Timings          : (148.812, 149.064)  (149.064, 149.344)  (149.344, 149.534)  (149.534, 149.874)  (149.874, 150.204)  (150.204, 150.554)  (150.554, 151.134)  (151.134, 151.417)  (151.628, 151.814)  (151.814, 152.001)  (152.031, 152.296)  (152.296, 153.025)  (153.447, 153.557)  (153.557, 153.666)  (153.666, 154.046) 
Token Types      : 1                   1                   1                   1                   1                   1                   1                   1                   1                   1                   1                   1                   1                   1                   1                  
turn_ids         : 82396263219207      82396263219207      82396263219207      82396263219207      82396263219207      82396263219207      82396263219207      82396263219207      82396263219207      82396263219207      82396263219207      82396263219207      82396263219207      82396263219207      82396263219207     
turn_end_types   : 1                   1                   1                   1                   1                   1                   1                   1                   1                   1                   1                   1                   1                   1                   1                  
speaker_ids      : 2                   2                   2                   2                   2                   2                   2                   2                   2                   2                   2                   2                   2                   2                   2                  


A                : <emp>               <emp>               <emp>               <emp>               <emp>               <emp>               <emp>               <emp>               <emp>               <emp>               <emp>               <emp>               <emp>               <emp>               <emp>              
Timings          : (154.592, 154.826)  (154.826, 155.066)  (155.066, 155.346)  (155.346, 155.516)  (155.516, 155.846)  (155.846, 156.176)  (156.176, 156.676)  (156.676, 157.286)  (157.286, 157.406)  (157.406, 157.551)  (157.551, 157.696)  (157.696, 157.846)  (157.846, 158.041)  (158.455, 158.576)  (158.576, 158.761) 
Token Types      : 0                   0                   0                   0                   0                   0                   0                   0                   0                   0                   0                   0                   0                   0                   0                  
turn_ids         : 0                   0                   0                   0                   0                   0                   0                   0                   0                   0                   0                   0                   0                   0                   0                  
turn_end_types   : 0                   0                   0                   0                   0                   0                   0                   0                   0                   0                   0                   0                   0                   0                   0                  
speaker_ids      : 0                   0                   0                   0                   0                   0                   0                   0                   0                   0                   0                   0                   0                   0                   0                  

B                : Ġuh                 Ġyou                Ġknow               Ġin                 Ġsingular           ly                  Ġrenewable          Ġresource           Ġthat               Ġdoesn              't                  Ġdo                 Ġit                 Ġthat               Ġdoesn             
Timings          : (154.592, 154.826)  (154.826, 155.066)  (155.066, 155.346)  (155.346, 155.516)  (155.516, 155.846)  (155.846, 156.176)  (156.176, 156.676)  (156.676, 157.286)  (157.286, 157.406)  (157.406, 157.551)  (157.551, 157.696)  (157.696, 157.846)  (157.846, 158.041)  (158.455, 158.576)  (158.576, 158.761) 
Token Types      : 1                   1                   1                   1                   1                   1                   1                   1                   1                   1                   1                   1                   1                   1                   1                  
turn_ids         : 82396263219207      82396263219207      82396263219207      82396263219207      82396263219207      82396263219207      82396263219207      82396263219207      82396263219207      82396263219207      82396263219207      82396263219207      82396263219207      82396263219207      82396263219207     
turn_end_types   : 1                   1                   1                   1                   1                   1                   1                   1                   1                   1                   1                   1                   1                   1                   1                  
speaker_ids      : 2                   2                   2                   2                   2                   2                   2                   2                   2                   2                   2                   2                   2                   2                   2                  


A                : <emp>               <emp>               <emp>               <emp>               <emp>               <emp>               <emp>               <emp>               <emp>               <emp>               Ġexactly            <eot>               <emp>               <emp>               <emp>              
Timings          : (158.761, 158.946)  (158.946, 159.564)  (160.004, 160.536)  (160.969, 161.356)  (161.356, 161.784)  (162.094, 162.954)  (163.334, 163.666)  (163.666, 164.186)  (164.186, 164.886)  (164.886, 165.542)  (165.509, 166.146)  (-1.0, -1.0)        (166.658, 166.738)  (166.738, 166.838)  (166.838, 167.148) 
Token Types      : 0                   0                   0                   0                   0                   0                   0                   0                   0                   0                   1                   1                   0                   0                   0                  
turn_ids         : 0                   0                   0                   0                   0                   0                   0                   0                   0                   0                   82395726348296      82395726348296      0                   0                   0                  
turn_end_types   : 0                   0                   0                   0                   0                   0                   0                   0                   0                   0                   1                   1                   0                   0                   0                  
speaker_ids      : 0                   0                   0                   0                   0                   0                   0                   0                   0                   0                   1                   1                   0                   0                   0                  

B                : 't                  Ġrequire            Ġuh                 Ġuh                 Ġany                Ġparticularly       Ġuh                 Ġnasty              Ġenvironmental      Ġimpact             <eot>               Ġand                Ġyou                Ġcan                Ġjust              
Timings          : (158.761, 158.946)  (158.946, 159.564)  (160.004, 160.536)  (160.969, 161.356)  (161.356, 161.784)  (162.094, 162.954)  (163.334, 163.666)  (163.666, 164.186)  (164.186, 164.886)  (164.886, 165.542)  (-1.0, -1.0)        (166.148, 166.658)  (166.658, 166.738)  (166.738, 166.838)  (166.838, 167.148) 
Token Types      : 1                   1                   1                   1                   1                   1                   1                   1                   1                   1                   1                   1                   1                   1                   1                  
turn_ids         : 82396263219207      82396263219207      82396263219207      82396263219207      82396263219207      82396263219207      82396263219207      82396263219207      82396263219207      82396263219207      82396263219207      82396263219209      82396263219209      82396263219209      82396263219209     
turn_end_types   : 1                   1                   1                   1                   1                   1                   1                   1                   1                   1                   1                   1                   1                   1                   1                  
speaker_ids      : 2                   2                   2                   2                   2                   2                   2                   2                   2                   2                   2                   2                   2                   2                   2                  


A                : <emp>               <emp>               <emp>               <emp>               <emp>               <emp>               <emp>               <emp>               <emp>               Ġum                 hum                 <ebc>               <emp>               <emp>               <emp>              
Timings          : (167.148, 167.288)  (167.288, 167.378)  (167.378, 167.588)  (167.588, 167.938)  (167.938, 168.078)  (168.078, 168.178)  (168.178, 168.368)  (168.368, 168.538)  (168.538, 168.827)  (169.007, 169.165)  (169.165, 169.322)  (-1.0, -1.0)        (169.399, 169.516)  (169.516, 169.633)  (169.633, 169.788) 
Token Types      : 0                   0                   0                   0                   0                   0                   0                   0                   0                   3                   3                   3                   0                   0                   0                  
turn_ids         : 0                   0                   0                   0                   0                   0                   0                   0                   0                   82397873831950      82397873831950      82397873831950      0                   0                   0                  
turn_end_types   : 0                   0                   0                   0                   0                   0                   0                   0                   0                   0                   0                   0                   0                   0                   0                  
speaker_ids      : 0                   0                   0                   0                   0                   0                   0                   0                   0                   1                   1                   1                   0                   0                   0                  

B                : Ġget                Ġas                 Ġmuch               Ġpower              Ġas                 Ġyou                Ġneed               Ġup                 Ġthere              <emp>               <emp>               Ġit                 's                  Ġa                  Ġmatter            
Timings          : (167.148, 167.288)  (167.288, 167.378)  (167.378, 167.588)  (167.588, 167.938)  (167.938, 168.078)  (168.078, 168.178)  (168.178, 168.368)  (168.368, 168.538)  (168.538, 168.827)  (169.007, 169.165)  (169.165, 169.322)  (169.283, 169.399)  (169.399, 169.516)  (169.516, 169.633)  (169.633, 169.788) 
Token Types      : 1                   1                   1                   1                   1                   1                   1                   1                   1                   1                   1                   1                   1                   1                   1                  
turn_ids         : 82396263219209      82396263219209      82396263219209      82396263219209      82396263219209      82396263219209      82396263219209      82396263219209      82396263219209      82396263219209      82396263219209      82396263219209      82396263219209      82396263219209      82396263219209     
turn_end_types   : 1                   1                   1                   1                   1                   1                   1                   1                   1                   1                   1                   1                   1                   1                   1                  
speaker_ids      : 2                   2                   2                   2                   2                   2                   2                   2                   2                   2                   2                   2                   2                   2                   2                  


A                : <emp>               <emp>               <emp>               <emp>               <emp>               <emp>               Ġum                 hum                 <ebc>               <emp>               <emp>               <emp>               <emp>               <emp>               <emp>              
Timings          : (169.788, 169.848)  (169.848, 170.008)  (170.008, 170.228)  (170.228, 170.328)  (170.328, 170.638)  (170.638, 170.726)  (171.063, 171.198)  (171.198, 171.333)  (-1.0, -1.0)        (171.568, 171.638)  (171.638, 172.145)  (172.676, 172.768)  (172.768, 173.088)  (173.088, 173.388)  (173.388, 173.478) 
Token Types      : 0                   0                   0                   0                   0                   0                   3                   3                   3                   0                   0                   0                   0                   0                   0                  
turn_ids         : 0                   0                   0                   0                   0                   0                   82397873831951      82397873831951      82397873831951      0                   0                   0                   0                   0                   0                  
turn_end_types   : 0                   0                   0                   0                   0                   0                   0                   0                   0                   0                   0                   0                   0                   0                   0                  
speaker_ids      : 0                   0                   0                   0                   0                   0                   1                   1                   1                   0                   0                   0                   0                   0                   0                  

B                : Ġof                 Ġhow                Ġbig                Ġyou                Ġbuild              Ġit                 <emp>               Ġuh                 Ġand                Ġof                 Ġcourse             Ġthe                Ġside               Ġeffects            Ġof                
Timings          : (169.788, 169.848)  (169.848, 170.008)  (170.008, 170.228)  (170.228, 170.328)  (170.328, 170.638)  (170.638, 170.726)  (171.063, 171.198)  (171.253, 171.468)  (171.468, 171.568)  (171.568, 171.638)  (171.638, 172.145)  (172.676, 172.768)  (172.768, 173.088)  (173.088, 173.388)  (173.388, 173.478) 
Token Types      : 1                   1                   1                   1                   1                   1                   1                   1                   1                   1                   1                   1                   1                   1                   1                  
turn_ids         : 82396263219209      82396263219209      82396263219209      82396263219209      82396263219209      82396263219209      82396263219209      82396263219209      82396263219209      82396263219209      82396263219209      82396263219209      82396263219209      82396263219209      82396263219209     
turn_end_types   : 1                   1                   1                   1                   1                   1                   1                   1                   1                   1                   1                   1                   1                   1                   1                  
speaker_ids      : 2                   2                   2                   2                   2                   2                   2                   2                   2                   2                   2                   2                   2                   2                   2                  


A                : <emp>               <emp>               <emp>               <emp>               <emp>               <emp>               <emp>               <emp>               <emp>               <emp>               <emp>               <emp>               <emp>               <emp>               <emp>              
Timings          : (173.478, 173.718)  (173.718, 173.808)  (173.808, 173.948)  (173.948, 174.098)  (174.098, 174.288)  (174.288, 174.408)  (174.408, 174.799)  (175.165, 175.398)  (175.398, 175.768)  (175.768, 176.178)  (176.178, 176.708)  (176.708, 177.018)  (177.018, 177.318)  (177.318, 177.938)  (177.938, 178.157) 
Token Types      : 0                   0                   0                   0                   0                   0                   0                   0                   0                   0                   0                   0                   0                   0                   0                  
turn_ids         : 0                   0                   0                   0                   0                   0                   0                   0                   0                   0                   0                   0                   0                   0                   0                  
turn_end_types   : 0                   0                   0                   0                   0                   0                   0                   0                   0                   0                   0                   0                   0                   0                   0                  
speaker_ids      : 0                   0                   0                   0                   0                   0                   0                   0                   0                   0                   0                   0                   0                   0                   0                  

B                : Ġthis               Ġis                 Ġthat               Ġyou                Ġhave               Ġto                 Ġhave               Ġuh                 Ġlunar              Ġmining             Ġbases              Ġand                Ġspace              Ġstations           Ġand               
Timings          : (173.478, 173.718)  (173.718, 173.808)  (173.808, 173.948)  (173.948, 174.098)  (174.098, 174.288)  (174.288, 174.408)  (174.408, 174.799)  (175.165, 175.398)  (175.398, 175.768)  (175.768, 176.178)  (176.178, 176.708)  (176.708, 177.018)  (177.018, 177.318)  (177.318, 177.938)  (177.938, 178.157) 
Token Types      : 1                   1                   1                   1                   1                   1                   1                   1                   1                   1                   1                   1                   1                   1                   1                  
turn_ids         : 82396263219209      82396263219209      82396263219209      82396263219209      82396263219209      82396263219209      82396263219209      82396263219209      82396263219209      82396263219209      82396263219209      82396263219209      82396263219209      82396263219209      82396263219209     
turn_end_types   : 1                   1                   1                   1                   1                   1                   1                   1                   1                   1                   1                   1                   1                   1                   1                  
speaker_ids      : 2                   2                   2                   2                   2                   2                   2                   2                   2                   2                   2                   2                   2                   2                   2                  


A                : <emp>               <emp>               <emp>               <emp>               <emp>               <emp>               <emp>               <emp>               <emp>               <emp>               <emp>               <emp>               <emp>               <emp>               <emp>              
Timings          : (178.496, 178.768)  (178.768, 179.308)  (179.308, 179.438)  (179.438, 179.848)  (179.848, 179.968)  (179.968, 180.2)    (180.778, 180.998)  (180.998, 181.115)  (181.115, 181.239)  (181.239, 181.448)  (181.448, 181.548)  (181.548, 181.698)  (181.698, 181.831)  (181.831, 182.212)  (182.681, 182.811) 
Token Types      : 0                   0                   0                   0                   0                   0                   0                   0                   0                   0                   0                   0                   0                   0                   0                  
turn_ids         : 0                   0                   0                   0                   0                   0                   0                   0                   0                   0                   0                   0                   0                   0                   0                  
turn_end_types   : 0                   0                   0                   0                   0                   0                   0                   0                   0                   0                   0                   0                   0                   0                   0                  
speaker_ids      : 0                   0                   0                   0                   0                   0                   0                   0                   0                   0                   0                   0                   0                   0                   0                  

B                : Ġeasy               Ġtransport          Ġinto               Ġspace              Ġand                Ġno                 Ġthings             Ġthat               Ġi                  Ġthink              Ġwe                 Ġshould             Ġbe                 Ġdoing              Ġso                
Timings          : (178.496, 178.768)  (178.768, 179.308)  (179.308, 179.438)  (179.438, 179.848)  (179.848, 179.968)  (179.968, 180.2)    (180.778, 180.998)  (180.998, 181.115)  (181.115, 181.239)  (181.239, 181.448)  (181.448, 181.548)  (181.548, 181.698)  (181.698, 181.831)  (181.831, 182.212)  (182.681, 182.811) 
Token Types      : 1                   1                   1                   1                   1                   1                   1                   1                   1                   1                   1                   1                   1                   1                   1                  
turn_ids         : 82396263219209      82396263219209      82396263219209      82396263219209      82396263219209      82396263219209      82396263219209      82396263219209      82396263219209      82396263219209      82396263219209      82396263219209      82396263219209      82396263219209      82396263219209     
turn_end_types   : 1                   1                   1                   1                   1                   1                   1                   1                   1                   1                   1                   1                   1                   1                   1                  
speaker_ids      : 2                   2                   2                   2                   2                   2                   2                   2                   2                   2                   2                   2                   2                   2                   2                  


A                : <emp>               <emp>               <emp>               <emp>               <emp>               <emp>               <emp>               <emp>               <emp>               <emp>               <emp>               <emp>               <emp>               <emp>               <emp>              
Timings          : (182.811, 182.891)  (182.891, 183.151)  (183.151, 183.471)  (183.471, 183.601)  (183.601, 183.971)  (183.971, 184.181)  (184.181, 184.331)  (184.331, 184.411)  (184.411, 184.561)  (184.561, 184.671)  (184.671, 184.771)  (184.771, 185.085)  (185.553, 185.681)  (185.681, 185.751)  (185.751, 186.313) 
Token Types      : 0                   0                   0                   0                   0                   0                   0                   0                   0                   0                   0                   0                   0                   0                   0                  
turn_ids         : 0                   0                   0                   0                   0                   0                   0                   0                   0                   0                   0                   0                   0                   0                   0                  
turn_end_types   : 0                   0                   0                   0                   0                   0                   0                   0                   0                   0                   0                   0                   0                   0                   0                  
speaker_ids      : 0                   0                   0                   0                   0                   0                   0                   0                   0                   0                   0                   0                   0                   0                   0                  

B                : Ġthe                Ġside               Ġeffects            Ġof                 Ġdoing              Ġthat               Ġwhich              Ġi                  Ġthink              Ġwould              Ġbe                 Ġgood               Ġyou                Ġknow               Ġvery              
Timings          : (182.811, 182.891)  (182.891, 183.151)  (183.151, 183.471)  (183.471, 183.601)  (183.601, 183.971)  (183.971, 184.181)  (184.181, 184.331)  (184.331, 184.411)  (184.411, 184.561)  (184.561, 184.671)  (184.671, 184.771)  (184.771, 185.085)  (185.553, 185.681)  (185.681, 185.751)  (185.751, 186.313) 
Token Types      : 1                   1                   1                   1                   1                   1                   1                   1                   1                   1                   1                   1                   1                   1                   1                  
turn_ids         : 82396263219209      82396263219209      82396263219209      82396263219209      82396263219209      82396263219209      82396263219209      82396263219209      82396263219209      82396263219209      82396263219209      82396263219209      82396263219209      82396263219209      82396263219209     
turn_end_types   : 1                   1                   1                   1                   1                   1                   1                   1                   1                   1                   1                   1                   1                   1                   1                  
speaker_ids      : 2                   2                   2                   2                   2                   2                   2                   2                   2                   2                   2                   2                   2                   2                   2                  


A                : <emp>               <emp>               <emp>               <emp>               <emp>               <emp>               <emp>               <emp>               <emp>               <emp>               <emp>               <emp>               <emp>               <emp>               <emp>              
Timings          : (186.313, 186.681)  (186.681, 186.841)  (186.841, 187.241)  (187.241, 187.451)  (187.451, 187.601)  (187.601, 187.911)  (187.911, 188.011)  (188.011, 188.081)  (188.081, 188.391)  (188.391, 188.704)  (189.22, 189.481)   (189.481, 189.873)  (190.261, 190.521)  (190.521, 190.723)  (190.723, 190.941) 
Token Types      : 0                   0                   0                   0                   0                   0                   0                   0                   0                   0                   0                   0                   0                   0                   0                  
turn_ids         : 0                   0                   0                   0                   0                   0                   0                   0                   0                   0                   0                   0                   0                   0                   0                  
turn_end_types   : 0                   0                   0                   0                   0                   0                   0                   0                   0                   0                   0                   0                   0                   0                   0                  
speaker_ids      : 0                   0                   0                   0                   0                   0                   0                   0                   0                   0                   0                   0                   0                   0                   0                  

B                : Ġvery               Ġgood               Ġfor                Ġall                Ġfor                Ġeveryone           Ġin                 Ġthe                Ġlong               Ġrun                Ġis                 Ġuh                 Ġis                 Ġit                 Ġsome              
Timings          : (186.313, 186.681)  (186.681, 186.841)  (186.841, 187.241)  (187.241, 187.451)  (187.451, 187.601)  (187.601, 187.911)  (187.911, 188.011)  (188.011, 188.081)  (188.081, 188.391)  (188.391, 188.704)  (189.22, 189.481)   (189.481, 189.873)  (190.261, 190.521)  (190.521, 190.723)  (190.723, 190.941) 
Token Types      : 1                   1                   1                   1                   1                   1                   1                   1                   1                   1                   1                   1                   1                   1                   1                  
turn_ids         : 82396263219209      82396263219209      82396263219209      82396263219209      82396263219209      82396263219209      82396263219209      82396263219209      82396263219209      82396263219209      82396263219209      82396263219209      82396263219209      82396263219209      82396263219209     
turn_end_types   : 1                   1                   1                   1                   1                   1                   1                   1                   1                   1                   1                   1                   1                   1                   1                  
speaker_ids      : 2                   2                   2                   2                   2                   2                   2                   2                   2                   2                   2                   2                   2                   2                   2                  


A                : <emp>               <emp>               <emp>               <emp>               <emp>               <emp>               <emp>               <emp>               <emp>               <emp>               <emp>               <emp>               <emp>               Ġright              Ġyeah              
Timings          : (190.941, 191.001)  (191.001, 191.061)  (191.061, 191.191)  (191.191, 191.431)  (191.431, 191.496)  (191.496, 191.561)  (191.561, 191.691)  (191.691, 191.781)  (191.781, 191.971)  (191.971, 192.261)  (192.261, 192.401)  (192.401, 192.711)  (192.711, 193.175)  (193.381, 193.738)  (193.997, 194.139) 
Token Types      : 0                   0                   0                   0                   0                   0                   0                   0                   0                   0                   0                   0                   0                   1                   1                  
turn_ids         : 0                   0                   0                   0                   0                   0                   0                   0                   0                   0                   0                   0                   0                   82395726348298      82395726348298     
turn_end_types   : 0                   0                   0                   0                   0                   0                   0                   0                   0                   0                   0                   0                   0                   2                   2                  
speaker_ids      : 0                   0                   0                   0                   0                   0                   0                   0                   0                   0                   0                   0                   0                   1                   1                  

B                : Ġof                 Ġthe                Ġother              Ġthings             Ġi                  'd                  Ġlike               Ġto                 Ġsee                Ġhappen             Ġwould              Ġhappen             Ġalso               <eot>               Ġso                
Timings          : (190.941, 191.001)  (191.001, 191.061)  (191.061, 191.191)  (191.191, 191.431)  (191.431, 191.496)  (191.496, 191.561)  (191.561, 191.691)  (191.691, 191.781)  (191.781, 191.971)  (191.971, 192.261)  (192.261, 192.401)  (192.401, 192.711)  (192.711, 193.175)  (-1.0, -1.0)        (194.003, 194.434) 
Token Types      : 1                   1                   1                   1                   1                   1                   1                   1                   1                   1                   1                   1                   1                   1                   5                  
turn_ids         : 82396263219209      82396263219209      82396263219209      82396263219209      82396263219209      82396263219209      82396263219209      82396263219209      82396263219209      82396263219209      82396263219209      82396263219209      82396263219209      82396263219209      82400558186504     
turn_end_types   : 1                   1                   1                   1                   1                   1                   1                   1                   1                   1                   1                   1                   1                   1                   0                  
speaker_ids      : 2                   2                   2                   2                   2                   2                   2                   2                   2                   2                   2                   2                   2                   2                   2                  


A                : Ġit                 Ġseems              Ġlike               Ġuh                 Ġthere              's                  Ġuh                 Ġso                 Ġyou                're                 Ġtalking            Ġabout              Ġpositive           Ġside               Ġeffects           
Timings          : (194.139, 194.229)  (194.229, 194.469)  (194.469, 194.719)  (194.719, 194.977)  (195.268, 195.358)  (195.358, 195.448)  (195.448, 195.609)  (195.609, 195.709)  (195.709, 195.764)  (195.764, 195.819)  (195.819, 196.099)  (196.099, 196.289)  (196.289, 196.679)  (196.679, 196.889)  (196.889, 197.249) 
Token Types      : 1                   1                   1                   1                   1                   1                   1                   1                   1                   1                   1                   1                   1                   1                   1                  
turn_ids         : 82395726348298      82395726348298      82395726348298      82395726348298      82395726348298      82395726348298      82395726348298      82395726348298      82395726348298      82395726348298      82395726348298      82395726348298      82395726348298      82395726348298      82395726348298     
turn_end_types   : 2                   2                   2                   2                   2                   2                   2                   2                   2                   2                   2                   2                   2                   2                   2                  
speaker_ids      : 1                   1                   1                   1                   1                   1                   1                   1                   1                   1                   1                   1                   1                   1                   1                  

B                : <eint>              <emp>               <emp>               <emp>               <emp>               Ġi                  'm                  <eint>              <emp>               <emp>               <emp>               <emp>               <emp>               <emp>               <emp>              
Timings          : (-1.0, -1.0)        (194.229, 194.469)  (194.469, 194.719)  (194.719, 194.977)  (195.268, 195.358)  (195.339, 195.469)  (195.469, 195.598)  (-1.0, -1.0)        (195.709, 195.764)  (195.764, 195.819)  (195.819, 196.099)  (196.099, 196.289)  (196.289, 196.679)  (196.679, 196.889)  (196.889, 197.249) 
Token Types      : 5                   0                   0                   0                   0                   5                   5                   5                   0                   0                   0                   0                   0                   0                   0                  
turn_ids         : 82400558186504      0                   0                   0                   0                   82400558186505      82400558186505      82400558186505      0                   0                   0                   0                   0                   0                   0                  
turn_end_types   : 0                   0                   0                   0                   0                   0                   0                   0                   0                   0                   0                   0                   0                   0                   0                  
speaker_ids      : 2                   0                   0                   0                   0                   2                   2                   2                   0                   0                   0                   0                   0                   0                   0                  


A                : Ġthen               <emp>               Ġokay               Ġi                  Ġunderstand         <yield>             Ġsure               Ġthat               Ġthat               Ġmakes              Ġa                  Ġlot                Ġof                 Ġsense              <eot>              
Timings          : (197.249, 197.506)  (197.473, 197.761)  (197.973, 198.309)  (198.309, 198.449)  (198.449, 198.867)  (-1.0, -1.0)        (199.813, 200.227)  (200.227, 200.436)  (200.436, 200.595)  (200.595, 200.765)  (200.765, 200.825)  (200.825, 200.965)  (200.965, 201.035)  (201.035, 201.446)  (-1.0, -1.0)       
Token Types      : 1                   1                   1                   1                   1                   1                   4                   4                   4                   4                   4                   4                   4                   4                   4                  
turn_ids         : 82395726348298      82395726348298      82395726348298      82395726348298      82395726348298      82395726348298      82398947573772      82398947573772      82398947573772      82398947573772      82398947573772      82398947573772      82398947573772      82398947573772      82398947573772     
turn_end_types   : 2                   2                   2                   2                   2                   2                   1                   1                   1                   1                   1                   1                   1                   1                   1                  
speaker_ids      : 1                   1                   1                   1                   1                   1                   1                   1                   1                   1                   1                   1                   1                   1                   1                  

B                : <emp>               Ġyeah               <emp>               <emp>               Ġright              Ġright              Ġum                 <yield>             <emp>               <emp>               <emp>               <emp>               <emp>               <emp>               Ġright             
Timings          : (197.249, 197.506)  (197.473, 197.761)  (197.973, 198.309)  (198.309, 198.449)  (198.393, 198.704)  (199.302, 200.015)  (200.015, 200.37)   (-1.0, -1.0)        (200.436, 200.595)  (200.595, 200.765)  (200.765, 200.825)  (200.825, 200.965)  (200.965, 201.035)  (201.035, 201.446)  (201.44, 201.659)  
Token Types      : 0                   4                   4                   4                   4                   4                   4                   4                   0                   0                   0                   0                   0                   0                   1                  
turn_ids         : 0                   82399484444683      82399484444683      82399484444683      82399484444683      82399484444683      82399484444683      82399484444683      0                   0                   0                   0                   0                   0                   82396263219213     
turn_end_types   : 0                   2                   2                   2                   2                   2                   2                   2                   0                   0                   0                   0                   0                   0                   1                  
speaker_ids      : 0                   2                   2                   2                   2                   2                   2                   2                   0                   0                   0                   0                   0                   0                   2                  


A                : <emp>               <emp>               <emp>               <emp>               <emp>               <emp>               <emp>               <emp>               <emp>               <emp>               <emp>               <emp>               Ġum                 hum                 <ebc>              
Timings          : (201.659, 201.739)  (201.739, 201.869)  (201.869, 202.249)  (202.249, 202.449)  (202.449, 202.519)  (202.519, 202.929)  (202.929, 203.259)  (203.259, 203.534)  (203.933, 204.079)  (204.079, 204.529)  (204.529, 205.256)  (205.622, 206.408)  (206.726, 206.872)  (206.872, 207.018)  (-1.0, -1.0)       
Token Types      : 0                   0                   0                   0                   0                   0                   0                   0                   0                   0                   0                   0                   3                   3                   3                  
turn_ids         : 0                   0                   0                   0                   0                   0                   0                   0                   0                   0                   0                   0                   82397873831954      82397873831954      82397873831954     
turn_end_types   : 0                   0                   0                   0                   0                   0                   0                   0                   0                   0                   0                   0                   0                   0                   0                  
speaker_ids      : 0                   0                   0                   0                   0                   0                   0                   0                   0                   0                   0                   0                   1                   1                   1                  

B                : Ġthe                Ġonly               Ġproblem            Ġis                 Ġof                 Ġcourse             Ġthat               Ġuh                 Ġthat               Ġrequires           Ġsignificant        Ġcommitment         <emp>               <emp>               Ġfrom              
Timings          : (201.659, 201.739)  (201.739, 201.869)  (201.869, 202.249)  (202.249, 202.449)  (202.449, 202.519)  (202.519, 202.929)  (202.929, 203.259)  (203.259, 203.534)  (203.933, 204.079)  (204.079, 204.529)  (204.529, 205.256)  (205.622, 206.408)  (206.726, 206.872)  (206.872, 207.018)  (206.995, 207.209) 
Token Types      : 1                   1                   1                   1                   1                   1                   1                   1                   1                   1                   1                   1                   1                   1                   1                  
turn_ids         : 82396263219213      82396263219213      82396263219213      82396263219213      82396263219213      82396263219213      82396263219213      82396263219213      82396263219213      82396263219213      82396263219213      82396263219213      82396263219213      82396263219213      82396263219213     
turn_end_types   : 1                   1                   1                   1                   1                   1                   1                   1                   1                   1                   1                   1                   1                   1                   1                  
speaker_ids      : 2                   2                   2                   2                   2                   2                   2                   2                   2                   2                   2                   2                   2                   2                   2                  


A                : <emp>               <emp>               <emp>               <emp>               <emp>               <emp>               <emp>               <emp>               <emp>               <emp>               <emp>               <emp>               <emp>               Ġyeah               <ebc>              
Timings          : (207.209, 207.619)  (207.619, 207.896)  (208.344, 208.669)  (208.669, 209.069)  (209.069, 209.149)  (209.149, 209.399)  (209.399, 209.589)  (209.842, 210.009)  (210.009, 210.309)  (210.309, 210.489)  (210.489, 210.669)  (210.669, 210.819)  (210.819, 211.139)  (211.395, 211.619)  (-1.0, -1.0)       
Token Types      : 0                   0                   0                   0                   0                   0                   0                   0                   0                   0                   0                   0                   0                   3                   3                  
turn_ids         : 0                   0                   0                   0                   0                   0                   0                   0                   0                   0                   0                   0                   0                   82397873831955      82397873831955     
turn_end_types   : 0                   0                   0                   0                   0                   0                   0                   0                   0                   0                   0                   0                   0                   0                   0                  
speaker_ids      : 0                   0                   0                   0                   0                   0                   0                   0                   0                   0                   0                   0                   0                   1                   1                  

B                : Ġpeople             Ġto                 Ġactually           Ġdecide             Ġthey               Ġwant               Ġto                 Ġput                Ġthings             Ġlike               Ġthat               Ġup                 Ġthere              Ġand                Ġthey              
Timings          : (207.209, 207.619)  (207.619, 207.896)  (208.344, 208.669)  (208.669, 209.069)  (209.069, 209.149)  (209.149, 209.399)  (209.399, 209.589)  (209.842, 210.009)  (210.009, 210.309)  (210.309, 210.489)  (210.489, 210.669)  (210.669, 210.819)  (210.819, 211.139)  (211.577, 211.618)  (211.618, 211.678) 
Token Types      : 1                   1                   1                   1                   1                   1                   1                   1                   1                   1                   1                   1                   1                   1                   1                  
turn_ids         : 82396263219213      82396263219213      82396263219213      82396263219213      82396263219213      82396263219213      82396263219213      82396263219213      82396263219213      82396263219213      82396263219213      82396263219213      82396263219213      82396263219213      82396263219213     
turn_end_types   : 1                   1                   1                   1                   1                   1                   1                   1                   1                   1                   1                   1                   1                   1                   1                  
speaker_ids      : 2                   2                   2                   2                   2                   2                   2                   2                   2                   2                   2                   2                   2                   2                   2                  


A                : <emp>               <emp>               <emp>               <emp>               <emp>               Ġyeah               <ebc>               <emp>               <emp>               <emp>               <emp>               <emp>               <emp>               <emp>               <emp>              
Timings          : (211.678, 211.858)  (211.858, 211.978)  (211.978, 212.138)  (212.138, 212.238)  (212.238, 212.991)  (213.202, 213.495)  (-1.0, -1.0)        (214.776, 214.859)  (214.859, 214.942)  (214.942, 215.339)  (217.207, 217.299)  (217.299, 217.504)  (217.715, 218.009)  (218.009, 218.119)  (218.119, 218.405) 
Token Types      : 0                   0                   0                   0                   0                   3                   3                   0                   0                   0                   0                   0                   0                   0                   0                  
turn_ids         : 0                   0                   0                   0                   0                   82397873831956      82397873831956      0                   0                   0                   0                   0                   0                   0                   0                  
turn_end_types   : 0                   0                   0                   0                   0                   0                   0                   0                   0                   0                   0                   0                   0                   0                   0                  
speaker_ids      : 0                   0                   0                   0                   0                   1                   1                   0                   0                   0                   0                   0                   0                   0                   0                  

B                : Ġwant               Ġto                 Ġdo                 Ġthe                Ġresearch           Ġand                Ġuh                 Ġthey               're                 Ġall                Ġyou                Ġknow               Ġno                 Ġno                 Ġone               
Timings          : (211.678, 211.858)  (211.858, 211.978)  (211.978, 212.138)  (212.138, 212.238)  (212.238, 212.991)  (212.991, 213.755)  (214.335, 214.776)  (214.776, 214.859)  (214.859, 214.942)  (214.942, 215.339)  (217.207, 217.299)  (217.299, 217.504)  (217.715, 218.009)  (218.009, 218.119)  (218.119, 218.405) 
Token Types      : 1                   1                   1                   1                   1                   1                   1                   1                   1                   1                   1                   1                   1                   1                   1                  
turn_ids         : 82396263219213      82396263219213      82396263219213      82396263219213      82396263219213      82396263219213      82396263219213      82396263219213      82396263219213      82396263219213      82396263219213      82396263219213      82396263219213      82396263219213      82396263219213     
turn_end_types   : 1                   1                   1                   1                   1                   1                   1                   1                   1                   1                   1                   1                   1                   1                   1                  
speaker_ids      : 2                   2                   2                   2                   2                   2                   2                   2                   2                   2                   2                   2                   2                   2                   2                  


A                : <emp>               <emp>               <emp>               <emp>               <emp>               <emp>               <emp>               <emp>               <emp>               <emp>               <emp>               <emp>               <emp>               <emp>               <emp>              
Timings          : (218.917, 218.989)  (218.989, 219.399)  (219.399, 220.282)  (220.828, 220.969)  (220.969, 221.029)  (221.029, 221.089)  (221.089, 221.499)  (221.499, 221.599)  (221.599, 222.108)  (222.402, 222.569)  (222.569, 222.769)  (222.769, 223.189)  (223.189, 223.449)  (223.449, 223.607)  (224.007, 224.379) 
Token Types      : 0                   0                   0                   0                   0                   0                   0                   0                   0                   0                   0                   0                   0                   0                   0                  
turn_ids         : 0                   0                   0                   0                   0                   0                   0                   0                   0                   0                   0                   0                   0                   0                   0                  
turn_end_types   : 0                   0                   0                   0                   0                   0                   0                   0                   0                   0                   0                   0                   0                   0                   0                  
speaker_ids      : 0                   0                   0                   0                   0                   0                   0                   0                   0                   0                   0                   0                   0                   0                   0                  

B                : Ġthe                Ġonly               Ġcommitments        Ġthat               Ġthey               're                 Ġinterested         Ġin                 Ġmaking             Ġor                 Ġeven               Ġtalking            Ġabout              Ġare                Ġones              
Timings          : (218.917, 218.989)  (218.989, 219.399)  (219.399, 220.282)  (220.828, 220.969)  (220.969, 221.029)  (221.029, 221.089)  (221.089, 221.499)  (221.499, 221.599)  (221.599, 222.108)  (222.402, 222.569)  (222.569, 222.769)  (222.769, 223.189)  (223.189, 223.449)  (223.449, 223.607)  (224.007, 224.379) 
Token Types      : 1                   1                   1                   1                   1                   1                   1                   1                   1                   1                   1                   1                   1                   1                   1                  
turn_ids         : 82396263219213      82396263219213      82396263219213      82396263219213      82396263219213      82396263219213      82396263219213      82396263219213      82396263219213      82396263219213      82396263219213      82396263219213      82396263219213      82396263219213      82396263219213     
turn_end_types   : 1                   1                   1                   1                   1                   1                   1                   1                   1                   1                   1                   1                   1                   1                   1                  
speaker_ids      : 2                   2                   2                   2                   2                   2                   2                   2                   2                   2                   2                   2                   2                   2                   2                  


A                : <emp>               <emp>               <emp>               <emp>               <emp>               <emp>               <emp>               <emp>               <emp>               Ġright              Ġexactly            <yield>             <emp>               <emp>               <emp>              
Timings          : (224.379, 224.719)  (224.719, 225.259)  (225.259, 225.709)  (225.709, 226.009)  (226.009, 226.359)  (226.653, 226.699)  (226.699, 226.939)  (226.939, 227.039)  (227.039, 227.608)  (227.611, 227.846)  (227.846, 228.435)  (-1.0, -1.0)        (228.993, 229.13)   (229.322, 229.391)  (229.391, 229.531) 
Token Types      : 0                   0                   0                   0                   0                   0                   0                   0                   0                   1                   1                   1                   0                   0                   0                  
turn_ids         : 0                   0                   0                   0                   0                   0                   0                   0                   0                   82395726348302      82395726348302      82395726348302      0                   0                   0                  
turn_end_types   : 0                   0                   0                   0                   0                   0                   0                   0                   0                   2                   2                   2                   0                   0                   0                  
speaker_ids      : 0                   0                   0                   0                   0                   0                   0                   0                   0                   1                   1                   1                   0                   0                   0                  

B                : Ġfor                Ġflash              Ġvalue              Ġlike               Ġuh                 Ġthe                Ġtrip               Ġto                 Ġmars               <eot>               Ġwhich              Ġis                 Ġwould              Ġwould              Ġwould             
Timings          : (224.379, 224.719)  (224.719, 225.259)  (225.259, 225.709)  (225.709, 226.009)  (226.009, 226.359)  (226.653, 226.699)  (226.699, 226.939)  (226.939, 227.039)  (227.039, 227.608)  (-1.0, -1.0)        (228.134, 228.331)  (228.331, 228.62)   (228.993, 229.13)   (229.322, 229.391)  (229.391, 229.531) 
Token Types      : 1                   1                   1                   1                   1                   1                   1                   1                   1                   1                   4                   4                   4                   4                   4                  
turn_ids         : 82396263219213      82396263219213      82396263219213      82396263219213      82396263219213      82396263219213      82396263219213      82396263219213      82396263219213      82396263219213      82399484444687      82399484444687      82399484444687      82399484444687      82399484444687     
turn_end_types   : 1                   1                   1                   1                   1                   1                   1                   1                   1                   1                   1                   1                   1                   1                   1                  
speaker_ids      : 2                   2                   2                   2                   2                   2                   2                   2                   2                   2                   2                   2                   2                   2                   2                  


A                : <emp>               <emp>               <emp>               <emp>               <emp>               <emp>               <emp>               <emp>               <emp>               <emp>               <emp>               <emp>               <emp>               <emp>               <emp>              
Timings          : (229.531, 229.811)  (229.811, 229.951)  (229.951, 230.421)  (230.421, 230.931)  (230.931, 231.431)  (231.431, 231.591)  (231.591, 231.721)  (231.721, 232.15)   (232.678, 232.974)  (234.08, 234.157)   (234.157, 234.407)  (234.407, 234.667)  (234.667, 234.807)  (234.807, 235.127)  (235.127, 235.277) 
Token Types      : 0                   0                   0                   0                   0                   0                   0                   0                   0                   0                   0                   0                   0                   0                   0                  
turn_ids         : 0                   0                   0                   0                   0                   0                   0                   0                   0                   0                   0                   0                   0                   0                   0                  
turn_end_types   : 0                   0                   0                   0                   0                   0                   0                   0                   0                   0                   0                   0                   0                   0                   0                  
speaker_ids      : 0                   0                   0                   0                   0                   0                   0                   0                   0                   0                   0                   0                   0                   0                   0                  

B                : Ġproduce            Ġsome               Ġuseful             Ġscientific         Ġresearch           Ġand                Ġso                 Ġforth              Ġbut                Ġthe                Ġsame               Ġmoney              Ġcould              Ġprobably           Ġbe                
Timings          : (229.531, 229.811)  (229.811, 229.951)  (229.951, 230.421)  (230.421, 230.931)  (230.931, 231.431)  (231.431, 231.591)  (231.591, 231.721)  (231.721, 232.15)   (232.678, 232.974)  (234.08, 234.157)   (234.157, 234.407)  (234.407, 234.667)  (234.667, 234.807)  (234.807, 235.127)  (235.127, 235.277) 
Token Types      : 4                   4                   4                   4                   4                   4                   4                   4                   4                   4                   4                   4                   4                   4                   4                  
turn_ids         : 82399484444687      82399484444687      82399484444687      82399484444687      82399484444687      82399484444687      82399484444687      82399484444687      82399484444687      82399484444687      82399484444687      82399484444687      82399484444687      82399484444687      82399484444687     
turn_end_types   : 1                   1                   1                   1                   1                   1                   1                   1                   1                   1                   1                   1                   1                   1                   1                  
speaker_ids      : 2                   2                   2                   2                   2                   2                   2                   2                   2                   2                   2                   2                   2                   2                   2                  


A                : <emp>               <emp>               <emp>               <emp>               <emp>               <emp>               <emp>               <emp>               <emp>               <emp>               <emp>               <emp>               <emp>               <emp>               <emp>              
Timings          : (235.277, 235.567)  (235.567, 235.917)  (235.917, 236.431)  (236.845, 237.352)  (237.714, 238.3)    (238.616, 239.048)  (239.214, 239.487)  (239.487, 240.107)  (240.107, 240.421)  (240.696, 241.175)  (241.291, 241.557)  (241.557, 242.067)  (242.067, 242.594)  (242.594, 242.771)  (243.177, 243.306) 
Token Types      : 0                   0                   0                   0                   0                   0                   0                   0                   0                   0                   0                   0                   0                   0                   0                  
turn_ids         : 0                   0                   0                   0                   0                   0                   0                   0                   0                   0                   0                   0                   0                   0                   0                  
turn_end_types   : 0                   0                   0                   0                   0                   0                   0                   0                   0                   0                   0                   0                   0                   0                   0                  
speaker_ids      : 0                   0                   0                   0                   0                   0                   0                   0                   0                   0                   0                   0                   0                   0                   0                  

B                : Ġfar                Ġbetter             Ġspent              Ġon                 Ġuh                 Ġuh                 Ġlunar              Ġbases              Ġand                Ġsolar              Ġpower              Ġsatellite          Ġresearch           Ġand                Ġand               
Timings          : (235.277, 235.567)  (235.567, 235.917)  (235.917, 236.431)  (236.845, 237.352)  (237.714, 238.3)    (238.616, 239.048)  (239.214, 239.487)  (239.487, 240.107)  (240.107, 240.421)  (240.696, 241.175)  (241.291, 241.557)  (241.557, 242.067)  (242.067, 242.594)  (242.594, 242.771)  (243.177, 243.306) 
Token Types      : 4                   4                   4                   4                   4                   4                   4                   4                   4                   4                   4                   4                   4                   4                   4                  
turn_ids         : 82399484444687      82399484444687      82399484444687      82399484444687      82399484444687      82399484444687      82399484444687      82399484444687      82399484444687      82399484444687      82399484444687      82399484444687      82399484444687      82399484444687      82399484444687     
turn_end_types   : 1                   1                   1                   1                   1                   1                   1                   1                   1                   1                   1                   1                   1                   1                   1                  
speaker_ids      : 2                   2                   2                   2                   2                   2                   2                   2                   2                   2                   2                   2                   2                   2                   2                  


A                : <emp>               <emp>               <emp>               <emp>               <emp>               Ġum                 hum                 <ebc>               <emp>               <emp>               <emp>               <emp>               <emp>               <emp>               <emp>              
Timings          : (243.306, 243.457)  (243.457, 243.547)  (243.547, 243.577)  (243.577, 243.803)  (243.803, 244.221)  (244.301, 244.462)  (244.462, 244.623)  (-1.0, -1.0)        (244.816, 244.914)  (244.914, 245.062)  (245.062, 245.198)  (245.198, 245.333)  (245.333, 245.423)  (245.423, 245.589)  (245.589, 245.759) 
Token Types      : 0                   0                   0                   0                   0                   3                   3                   3                   0                   0                   0                   0                   0                   0                   0                  
turn_ids         : 0                   0                   0                   0                   0                   82397873831958      82397873831958      82397873831958      0                   0                   0                   0                   0                   0                   0                  
turn_end_types   : 0                   0                   0                   0                   0                   0                   0                   0                   0                   0                   0                   0                   0                   0                   0                  
speaker_ids      : 0                   0                   0                   0                   0                   1                   1                   1                   0                   0                   0                   0                   0                   0                   0                  

B                : Ġuh                 Ġand                Ġuh                 Ġso                 Ġforth              <emp>               <emp>               Ġit                 Ġit                 Ġwould              Ġbe                 Ġdone               Ġit                 Ġwould              Ġbe                
Timings          : (243.306, 243.457)  (243.457, 243.547)  (243.547, 243.577)  (243.577, 243.803)  (243.803, 244.221)  (244.301, 244.462)  (244.462, 244.623)  (244.634, 244.816)  (244.816, 244.914)  (244.914, 245.062)  (245.062, 245.198)  (245.198, 245.333)  (245.333, 245.423)  (245.423, 245.589)  (245.589, 245.759) 
Token Types      : 4                   4                   4                   4                   4                   4                   4                   4                   4                   4                   4                   4                   4                   4                   4                  
turn_ids         : 82399484444687      82399484444687      82399484444687      82399484444687      82399484444687      82399484444687      82399484444687      82399484444687      82399484444687      82399484444687      82399484444687      82399484444687      82399484444687      82399484444687      82399484444687     
turn_end_types   : 1                   1                   1                   1                   1                   1                   1                   1                   1                   1                   1                   1                   1                   1                   1                  
speaker_ids      : 2                   2                   2                   2                   2                   2                   2                   2                   2                   2                   2                   2                   2                   2                   2                  


A                : <emp>               <emp>               <emp>               <emp>               <emp>               <emp>               <emp>               <emp>               <emp>               <emp>               Ġum                 hum                 <ebc>               <emp>               <emp>              
Timings          : (245.759, 246.109)  (246.109, 246.565)  (246.67, 246.849)   (246.849, 247.195)  (247.692, 248.159)  (248.159, 248.394)  (248.394, 248.629)  (248.629, 248.849)  (248.849, 249.194)  (249.194, 249.787)  (249.995, 250.136)  (250.136, 250.277)  (-1.0, -1.0)        (250.45, 250.66)    (250.66, 251.075)  
Token Types      : 0                   0                   0                   0                   0                   0                   0                   0                   0                   0                   3                   3                   3                   0                   0                  
turn_ids         : 0                   0                   0                   0                   0                   0                   0                   0                   0                   0                   82397873831959      82397873831959      82397873831959      0                   0                  
turn_end_types   : 0                   0                   0                   0                   0                   0                   0                   0                   0                   0                   0                   0                   0                   0                   0                  
speaker_ids      : 0                   0                   0                   0                   0                   0                   0                   0                   0                   0                   1                   1                   1                   0                   0                  

B                : Ġbeing              Ġdone               Ġfor                Ġthe                Ġuh                 Ġgl                 itz                 Ġand                Ġshow               Ġfactor             <emp>               <emp>               Ġto                 Ġget                Ġpolitician        
Timings          : (245.759, 246.109)  (246.109, 246.565)  (246.67, 246.849)   (246.849, 247.195)  (247.692, 248.159)  (248.159, 248.394)  (248.394, 248.629)  (248.629, 248.849)  (248.849, 249.194)  (249.194, 249.787)  (249.995, 250.136)  (250.136, 250.277)  (250.289, 250.45)   (250.45, 250.66)    (250.66, 251.075)  
Token Types      : 4                   4                   4                   4                   4                   4                   4                   4                   4                   4                   4                   4                   4                   4                   4                  
turn_ids         : 82399484444687      82399484444687      82399484444687      82399484444687      82399484444687      82399484444687      82399484444687      82399484444687      82399484444687      82399484444687      82399484444687      82399484444687      82399484444687      82399484444687      82399484444687     
turn_end_types   : 1                   1                   1                   1                   1                   1                   1                   1                   1                   1                   1                   1                   1                   1                   1                  
speaker_ids      : 2                   2                   2                   2                   2                   2                   2                   2                   2                   2                   2                   2                   2                   2                   2                  


A                : <emp>               <emp>               <emp>               <emp>               <emp>               <emp>               <emp>               <emp>               <emp>               <emp>               <emp>               <emp>               <emp>               <emp>               <emp>              
Timings          : (251.075, 251.49)   (251.49, 251.9)     (251.9, 252.25)     (252.25, 252.528)   (252.923, 253.33)   (253.33, 253.43)    (253.43, 253.9)     (253.9, 254.284)    (254.593, 254.66)   (254.66, 254.74)    (254.74, 254.84)    (254.84, 255.06)    (255.06, 255.54)    (255.54, 255.82)    (255.82, 256.16)   
Token Types      : 0                   0                   0                   0                   0                   0                   0                   0                   0                   0                   0                   0                   0                   0                   0                  
turn_ids         : 0                   0                   0                   0                   0                   0                   0                   0                   0                   0                   0                   0                   0                   0                   0                  
turn_end_types   : 0                   0                   0                   0                   0                   0                   0                   0                   0                   0                   0                   0                   0                   0                   0                  
speaker_ids      : 0                   0                   0                   0                   0                   0                   0                   0                   0                   0                   0                   0                   0                   0                   0                  

B                : 's                  Ġvotes              Ġinstead            Ġof                 Ġinstead            Ġof                 Ġfor                Ġfor                Ġyou                Ġknow               Ġwe                 Ġshould             Ġeventually         Ġsend               Ġsomeone           
Timings          : (251.075, 251.49)   (251.49, 251.9)     (251.9, 252.25)     (252.25, 252.528)   (252.923, 253.33)   (253.33, 253.43)    (253.43, 253.9)     (253.9, 254.284)    (254.593, 254.66)   (254.66, 254.74)    (254.74, 254.84)    (254.84, 255.06)    (255.06, 255.54)    (255.54, 255.82)    (255.82, 256.16)   
Token Types      : 4                   4                   4                   4                   4                   4                   4                   4                   4                   4                   4                   4                   4                   4                   4                  
turn_ids         : 82399484444687      82399484444687      82399484444687      82399484444687      82399484444687      82399484444687      82399484444687      82399484444687      82399484444687      82399484444687      82399484444687      82399484444687      82399484444687      82399484444687      82399484444687     
turn_end_types   : 1                   1                   1                   1                   1                   1                   1                   1                   1                   1                   1                   1                   1                   1                   1                  
speaker_ids      : 2                   2                   2                   2                   2                   2                   2                   2                   2                   2                   2                   2                   2                   2                   2                  


A                : <emp>               <emp>               <emp>               <emp>               <emp>               <emp>               <emp>               <emp>               <emp>               <emp>               <emp>               <emp>               <emp>               <emp>               <emp>              
Timings          : (256.16, 256.43)    (256.43, 256.5)     (256.5, 256.85)     (256.85, 256.98)    (256.98, 257.24)    (257.24, 257.46)    (257.46, 257.84)    (257.84, 257.935)   (257.935, 258.03)   (258.03, 258.17)    (258.17, 258.31)    (258.31, 258.45)    (258.45, 258.55)    (258.55, 258.74)    (258.74, 259.079)  
Token Types      : 0                   0                   0                   0                   0                   0                   0                   0                   0                   0                   0                   0                   0                   0                   0                  
turn_ids         : 0                   0                   0                   0                   0                   0                   0                   0                   0                   0                   0                   0                   0                   0                   0                  
turn_end_types   : 0                   0                   0                   0                   0                   0                   0                   0                   0                   0                   0                   0                   0                   0                   0                  
speaker_ids      : 0                   0                   0                   0                   0                   0                   0                   0                   0                   0                   0                   0                   0                   0                   0                  

B                : Ġpeople             Ġto                 Ġmars               Ġbut                Ġnot                Ġjust               Ġbecause            Ġit                 's                  Ġgl                 itz                 y                   Ġto                 Ġdo                 Ġso                
Timings          : (256.16, 256.43)    (256.43, 256.5)     (256.5, 256.85)     (256.85, 256.98)    (256.98, 257.24)    (257.24, 257.46)    (257.46, 257.84)    (257.84, 257.935)   (257.935, 258.03)   (258.03, 258.17)    (258.17, 258.31)    (258.31, 258.45)    (258.45, 258.55)    (258.55, 258.74)    (258.74, 259.079)  
Token Types      : 4                   4                   4                   4                   4                   4                   4                   4                   4                   4                   4                   4                   4                   4                   4                  
turn_ids         : 82399484444687      82399484444687      82399484444687      82399484444687      82399484444687      82399484444687      82399484444687      82399484444687      82399484444687      82399484444687      82399484444687      82399484444687      82399484444687      82399484444687      82399484444687     
turn_end_types   : 1                   1                   1                   1                   1                   1                   1                   1                   1                   1                   1                   1                   1                   1                   1                  
speaker_ids      : 2                   2                   2                   2                   2                   2                   2                   2                   2                   2                   2                   2                   2                   2                   2                  


A                : Ġright              <ebc>               <emp>               <emp>               <emp>               <emp>               <emp>               <emp>               <emp>               <emp>               <emp>               <emp>               <emp>               <emp>               <emp>              
Timings          : (259.339, 259.699)  (-1.0, -1.0)        (259.905, 260.095)  (260.095, 260.205)  (260.205, 260.325)  (260.325, 260.807)  (261.474, 261.655)  (261.655, 261.765)  (261.765, 262.015)  (262.015, 262.115)  (262.115, 262.585)  (262.585, 262.675)  (262.675, 262.865)  (262.865, 263.145)  (263.145, 263.211) 
Token Types      : 3                   3                   0                   0                   0                   0                   0                   0                   0                   0                   0                   0                   0                   0                   0                  
turn_ids         : 82397873831960      82397873831960      0                   0                   0                   0                   0                   0                   0                   0                   0                   0                   0                   0                   0                  
turn_end_types   : 0                   0                   0                   0                   0                   0                   0                   0                   0                   0                   0                   0                   0                   0                   0                  
speaker_ids      : 1                   1                   0                   0                   0                   0                   0                   0                   0                   0                   0                   0                   0                   0                   0                  

B                : <emp>               Ġwe                 Ġshould             Ġdo                 Ġit                 Ġbecause            Ġfor                Ġthe                Ġfor                Ġthe                Ġreturn             Ġwe                 Ġget                Ġfor                Ġit                
Timings          : (259.339, 259.699)  (259.85, 259.905)   (259.905, 260.095)  (260.095, 260.205)  (260.205, 260.325)  (260.325, 260.807)  (261.474, 261.655)  (261.655, 261.765)  (261.765, 262.015)  (262.015, 262.115)  (262.115, 262.585)  (262.585, 262.675)  (262.675, 262.865)  (262.865, 263.145)  (263.145, 263.211) 
Token Types      : 4                   4                   4                   4                   4                   4                   4                   4                   4                   4                   4                   4                   4                   4                   4                  
turn_ids         : 82399484444687      82399484444687      82399484444687      82399484444687      82399484444687      82399484444687      82399484444687      82399484444687      82399484444687      82399484444687      82399484444687      82399484444687      82399484444687      82399484444687      82399484444687     
turn_end_types   : 1                   1                   1                   1                   1                   1                   1                   1                   1                   1                   1                   1                   1                   1                   1                  
speaker_ids      : 2                   2                   2                   2                   2                   2                   2                   2                   2                   2                   2                   2                   2                   2                   2                  


A                : Ġum                 hum                 <ebc>               <emp>               <emp>               <emp>               <emp>               <emp>               <emp>               <emp>               <emp>               <emp>               Ġexactly            Ġleast              Ġnothing           
Timings          : (263.582, 263.739)  (263.739, 263.896)  (-1.0, -1.0)        (264.355, 264.631)  (265.913, 266.334)  (266.334, 266.994)  (266.994, 267.099)  (267.099, 267.204)  (267.204, 267.364)  (267.364, 267.559)  (267.559, 267.744)  (267.744, 268.168)  (268.42, 269.449)   (269.731, 269.931)  (269.931, 270.223) 
Token Types      : 3                   3                   3                   0                   0                   0                   0                   0                   0                   0                   0                   0                   1                   1                   1                  
turn_ids         : 82397873831961      82397873831961      82397873831961      0                   0                   0                   0                   0                   0                   0                   0                   0                   82395726348304      82395726348304      82395726348304     
turn_end_types   : 0                   0                   0                   0                   0                   0                   0                   0                   0                   0                   0                   0                   2                   2                   2                  
speaker_ids      : 1                   1                   1                   0                   0                   0                   0                   0                   0                   0                   0                   0                   1                   1                   1                  

B                : <emp>               <emp>               Ġand                Ġuh                 Ġuh                 Ġunfortunately      Ġthat               's                  Ġnot                Ġwhy                Ġthings             Ġhappen             <eot>               <emp>               Ġi                 
Timings          : (263.582, 263.739)  (263.739, 263.896)  (263.863, 264.355)  (264.355, 264.631)  (265.913, 266.334)  (266.334, 266.994)  (266.994, 267.099)  (267.099, 267.204)  (267.204, 267.364)  (267.364, 267.559)  (267.559, 267.744)  (267.744, 268.168)  (-1.0, -1.0)        (269.731, 269.931)  (269.907, 270.064) 
Token Types      : 4                   4                   4                   4                   4                   4                   4                   4                   4                   4                   4                   4                   4                   0                   4                  
turn_ids         : 82399484444687      82399484444687      82399484444687      82399484444687      82399484444687      82399484444687      82399484444687      82399484444687      82399484444687      82399484444687      82399484444687      82399484444687      82399484444687      0                   82399484444689     
turn_end_types   : 1                   1                   1                   1                   1                   1                   1                   1                   1                   1                   1                   1                   1                   0                   1                  
speaker_ids      : 2                   2                   2                   2                   2                   2                   2                   2                   2                   2                   2                   2                   2                   0                   2                  


A                : <yield>             <emp>               <emp>               <emp>               <emp>               <emp>               <emp>               <emp>               <emp>               <emp>               <emp>               <emp>               <emp>               <emp>               <emp>              
Timings          : (-1.0, -1.0)        (270.364, 270.574)  (270.574, 270.904)  (270.904, 271.054)  (271.054, 271.179)  (271.179, 271.316)  (271.316, 271.454)  (272.034, 272.144)  (272.144, 272.214)  (272.214, 272.409)  (272.409, 272.604)  (272.604, 273.034)  (273.034, 273.134)  (273.134, 273.424)  (273.424, 273.804) 
Token Types      : 1                   0                   0                   0                   0                   0                   0                   0                   0                   0                   0                   0                   0                   0                   0                  
turn_ids         : 82395726348304      0                   0                   0                   0                   0                   0                   0                   0                   0                   0                   0                   0                   0                   0                  
turn_end_types   : 2                   0                   0                   0                   0                   0                   0                   0                   0                   0                   0                   0                   0                   0                   0                  
speaker_ids      : 1                   0                   0                   0                   0                   0                   0                   0                   0                   0                   0                   0                   0                   0                   0                  

B                : Ġi                  Ġwould              Ġsettle             Ġfor                Ġthe                Ġgl                 itz                 Ġfor                Ġthe                Ġgl                 itz                 Ġif                 Ġthe                Ġside               Ġeffects           
Timings          : (270.064, 270.364)  (270.364, 270.574)  (270.574, 270.904)  (270.904, 271.054)  (271.054, 271.179)  (271.179, 271.316)  (271.316, 271.454)  (272.034, 272.144)  (272.144, 272.214)  (272.214, 272.409)  (272.409, 272.604)  (272.604, 273.034)  (273.034, 273.134)  (273.134, 273.424)  (273.424, 273.804) 
Token Types      : 4                   4                   4                   4                   4                   4                   4                   4                   4                   4                   4                   4                   4                   4                   4                  
turn_ids         : 82399484444689      82399484444689      82399484444689      82399484444689      82399484444689      82399484444689      82399484444689      82399484444689      82399484444689      82399484444689      82399484444689      82399484444689      82399484444689      82399484444689      82399484444689     
turn_end_types   : 1                   1                   1                   1                   1                   1                   1                   1                   1                   1                   1                   1                   1                   1                   1                  
speaker_ids      : 2                   2                   2                   2                   2                   2                   2                   2                   2                   2                   2                   2                   2                   2                   2                  


A                : <emp>               <emp>               <emp>               <emp>               <emp>               <emp>               <emp>               Ġyeah               <ebc>               <emp>               <emp>               <emp>               <emp>               <emp>               <emp>              
Timings          : (273.804, 273.904)  (273.904, 274.354)  (274.354, 274.514)  (274.514, 274.704)  (275.324, 275.611)  (275.825, 276.099)  (276.099, 276.291)  (277.294, 277.573)  (-1.0, -1.0)        (278.135, 278.49)   (278.49, 278.58)    (278.58, 278.76)    (278.76, 278.89)    (278.89, 279.01)    (279.01, 279.222)  
Token Types      : 0                   0                   0                   0                   0                   0                   0                   3                   3                   0                   0                   0                   0                   0                   0                  
turn_ids         : 0                   0                   0                   0                   0                   0                   0                   82397873831963      82397873831963      0                   0                   0                   0                   0                   0                  
turn_end_types   : 0                   0                   0                   0                   0                   0                   0                   0                   0                   0                   0                   0                   0                   0                   0                  
speaker_ids      : 0                   0                   0                   0                   0                   0                   0                   1                   1                   0                   0                   0                   0                   0                   0                  

B                : Ġwere               Ġuseful             Ġif                 Ġthey               Ġoh                 Ġbut                Ġuh                 <emp>               Ġthe                Ġdownside           Ġof                 Ġthat               Ġis                 Ġthat               Ġyou               
Timings          : (273.804, 273.904)  (273.904, 274.354)  (274.354, 274.514)  (274.514, 274.704)  (275.324, 275.611)  (275.825, 276.099)  (276.099, 276.291)  (277.294, 277.573)  (278.0, 278.135)    (278.135, 278.49)   (278.49, 278.58)    (278.58, 278.76)    (278.76, 278.89)    (278.89, 279.01)    (279.01, 279.222)  
Token Types      : 4                   4                   4                   4                   4                   4                   4                   4                   4                   4                   4                   4                   4                   4                   4                  
turn_ids         : 82399484444689      82399484444689      82399484444689      82399484444689      82399484444689      82399484444689      82399484444689      82399484444689      82399484444689      82399484444689      82399484444689      82399484444689      82399484444689      82399484444689      82399484444689     
turn_end_types   : 1                   1                   1                   1                   1                   1                   1                   1                   1                   1                   1                   1                   1                   1                   1                  
speaker_ids      : 2                   2                   2                   2                   2                   2                   2                   2                   2                   2                   2                   2                   2                   2                   2                  


A                : <emp>               <emp>               <emp>               <emp>               <emp>               <emp>               <emp>               <emp>               <emp>               <emp>               <emp>               <emp>               Ġright              Ġnow                Ġwe                
Timings          : (279.222, 279.62)   (279.62, 279.72)    (279.72, 279.85)    (279.85, 280.03)    (280.03, 280.1)     (280.1, 280.41)     (280.41, 280.64)    (280.64, 280.78)    (280.78, 281.027)   (281.027, 281.14)   (281.14, 281.32)    (281.32, 281.458)   (281.725, 281.982)  (282.228, 282.411)  (282.411, 282.601) 
Token Types      : 0                   0                   0                   0                   0                   0                   0                   0                   0                   0                   0                   0                   1                   1                   1                  
turn_ids         : 0                   0                   0                   0                   0                   0                   0                   0                   0                   0                   0                   0                   82395726348306      82395726348306      82395726348306     
turn_end_types   : 0                   0                   0                   0                   0                   0                   0                   0                   0                   0                   0                   0                   2                   2                   2                  
speaker_ids      : 0                   0                   0                   0                   0                   0                   0                   0                   0                   0                   0                   0                   1                   1                   1                  

B                : Ġafter              Ġyou                Ġdo                 Ġone                Ġof                 Ġthose              Ġpeople             Ġsay                Ġwell               Ġwe                 Ġdid                Ġit                 <eot>               Ġnow                Ġlet               
Timings          : (279.222, 279.62)   (279.62, 279.72)    (279.72, 279.85)    (279.85, 280.03)    (280.03, 280.1)     (280.1, 280.41)     (280.41, 280.64)    (280.64, 280.78)    (280.78, 281.027)   (281.027, 281.14)   (281.14, 281.32)    (281.32, 281.458)   (-1.0, -1.0)        (282.115, 282.372)  (282.372, 282.526) 
Token Types      : 4                   4                   4                   4                   4                   4                   4                   4                   4                   4                   4                   4                   4                   4                   4                  
turn_ids         : 82399484444689      82399484444689      82399484444689      82399484444689      82399484444689      82399484444689      82399484444689      82399484444689      82399484444689      82399484444689      82399484444689      82399484444689      82399484444689      82399484444691      82399484444691     
turn_end_types   : 1                   1                   1                   1                   1                   1                   1                   1                   1                   1                   1                   1                   1                   1                   1                  
speaker_ids      : 2                   2                   2                   2                   2                   2                   2                   2                   2                   2                   2                   2                   2                   2                   2                  


A                : 're                 Ġdone               <yield>             <emp>               <emp>               <emp>               <emp>               <emp>               <emp>               <emp>               <emp>               <emp>               <emp>               <emp>               <emp>              
Timings          : (282.601, 282.791)  (282.791, 283.094)  (-1.0, -1.0)        (283.432, 283.488)  (283.488, 283.543)  (283.543, 283.835)  (284.382, 284.46)   (284.46, 284.67)    (284.67, 284.73)    (284.73, 284.83)    (284.83, 284.99)    (284.99, 285.306)   (285.306, 285.47)   (285.47, 285.68)    (285.68, 285.88)   
Token Types      : 1                   1                   1                   0                   0                   0                   0                   0                   0                   0                   0                   0                   0                   0                   0                  
turn_ids         : 82395726348306      82395726348306      82395726348306      0                   0                   0                   0                   0                   0                   0                   0                   0                   0                   0                   0                  
turn_end_types   : 2                   2                   2                   0                   0                   0                   0                   0                   0                   0                   0                   0                   0                   0                   0                  
speaker_ids      : 1                   1                   1                   0                   0                   0                   0                   0                   0                   0                   0                   0                   0                   0                   0                  

B                : 's                  <emp>               Ġnow                Ġwe                 're                 Ġdone               Ġno                 Ġneed               Ġto                 Ġuse                Ġthis               Ġanymore            Ġto                 Ġplay               Ġaround            
Timings          : (282.526, 282.679)  (282.791, 283.094)  (283.35, 283.432)   (283.432, 283.488)  (283.488, 283.543)  (283.543, 283.835)  (284.382, 284.46)   (284.46, 284.67)    (284.67, 284.73)    (284.73, 284.83)    (284.83, 284.99)    (284.99, 285.306)   (285.306, 285.47)   (285.47, 285.68)    (285.68, 285.88)   
Token Types      : 4                   4                   4                   4                   4                   4                   4                   4                   4                   4                   4                   4                   4                   4                   4                  
turn_ids         : 82399484444691      82399484444691      82399484444691      82399484444691      82399484444691      82399484444691      82399484444691      82399484444691      82399484444691      82399484444691      82399484444691      82399484444691      82399484444691      82399484444691      82399484444691     
turn_end_types   : 1                   1                   1                   1                   1                   1                   1                   1                   1                   1                   1                   1                   1                   1                   1                  
speaker_ids      : 2                   2                   2                   2                   2                   2                   2                   2                   2                   2                   2                   2                   2                   2                   2                  


A                : <emp>               <emp>               <emp>               <emp>               <emp>               <emp>               <emp>               <emp>               <emp>               <emp>               <emp>               <emp>               Ġyeah               Ġi                  Ġthink             
Timings          : (285.88, 285.99)    (285.99, 286.15)    (286.15, 286.41)    (286.41, 286.67)    (286.67, 287.02)    (287.02, 287.115)   (287.115, 287.21)   (287.21, 287.3)     (287.3, 287.51)     (287.51, 287.64)    (287.64, 287.896)   (287.896, 288.151)  (288.325, 288.682)  (289.271, 289.425)  (289.425, 289.612) 
Token Types      : 0                   0                   0                   0                   0                   0                   0                   0                   0                   0                   0                   0                   1                   1                   1                  
turn_ids         : 0                   0                   0                   0                   0                   0                   0                   0                   0                   0                   0                   0                   82395726348308      82395726348308      82395726348308     
turn_end_types   : 0                   0                   0                   0                   0                   0                   0                   0                   0                   0                   0                   0                   2                   2                   2                  
speaker_ids      : 0                   0                   0                   0                   0                   0                   0                   0                   0                   0                   0                   0                   1                   1                   1                  

B                : Ġwith               Ġthis               Ġspace              Ġstuff              Ġanymore            Ġthat               's                  Ġwhat               Ġhappened           Ġwith               Ġap                 ollo                <eot>               Ġuh                 <eint>             
Timings          : (285.88, 285.99)    (285.99, 286.15)    (286.15, 286.41)    (286.41, 286.67)    (286.67, 287.02)    (287.02, 287.115)   (287.115, 287.21)   (287.21, 287.3)     (287.3, 287.51)     (287.51, 287.64)    (287.64, 287.896)   (287.896, 288.151)  (-1.0, -1.0)        (289.311, 289.703)  (-1.0, -1.0)       
Token Types      : 4                   4                   4                   4                   4                   4                   4                   4                   4                   4                   4                   4                   4                   5                   5                  
turn_ids         : 82399484444691      82399484444691      82399484444691      82399484444691      82399484444691      82399484444691      82399484444691      82399484444691      82399484444691      82399484444691      82399484444691      82399484444691      82399484444691      82400558186511      82400558186511     
turn_end_types   : 1                   1                   1                   1                   1                   1                   1                   1                   1                   1                   1                   1                   1                   0                   0                  
speaker_ids      : 2                   2                   2                   2                   2                   2                   2                   2                   2                   2                   2                   2                   2                   2                   2                  


A                : Ġyou                're                 Ġright              <yield>             <emp>               <emp>               <emp>               <emp>               <emp>               <emp>               <emp>               <emp>               <emp>               <emp>               Ġi                 
Timings          : (289.612, 289.677)  (289.677, 289.742)  (289.742, 290.032)  (-1.0, -1.0)        (291.39, 291.657)   (293.44, 293.58)    (293.58, 293.72)    (293.72, 293.88)    (293.88, 294.13)    (294.13, 294.41)    (294.41, 294.47)    (294.47, 294.59)    (294.59, 294.71)    (294.71, 295.167)   (295.457, 295.689) 
Token Types      : 1                   1                   1                   1                   0                   0                   0                   0                   0                   0                   0                   0                   0                   0                   1                  
turn_ids         : 82395726348308      82395726348308      82395726348308      82395726348308      0                   0                   0                   0                   0                   0                   0                   0                   0                   0                   82395726348310     
turn_end_types   : 2                   2                   2                   2                   0                   0                   0                   0                   0                   0                   0                   0                   0                   0                   1                  
speaker_ids      : 1                   1                   1                   1                   0                   0                   0                   0                   0                   0                   0                   0                   0                   0                   1                  

B                : <emp>               <emp>               <emp>               Ġbut                Ġuh                 Ġi                  'd                  Ġgive               Ġalmost             Ġanything           Ġto                 Ġget                Ġinto               Ġspace              <eot>              
Timings          : (289.612, 289.677)  (289.677, 289.742)  (289.742, 290.032)  (291.13, 291.39)    (291.39, 291.657)   (293.44, 293.58)    (293.58, 293.72)    (293.72, 293.88)    (293.88, 294.13)    (294.13, 294.41)    (294.41, 294.47)    (294.47, 294.59)    (294.59, 294.71)    (294.71, 295.167)   (-1.0, -1.0)       
Token Types      : 0                   0                   0                   1                   1                   1                   1                   1                   1                   1                   1                   1                   1                   1                   1                  
turn_ids         : 0                   0                   0                   82396263219221      82396263219221      82396263219221      82396263219221      82396263219221      82396263219221      82396263219221      82396263219221      82396263219221      82396263219221      82396263219221      82396263219221     
turn_end_types   : 0                   0                   0                   1                   1                   1                   1                   1                   1                   1                   1                   1                   1                   1                   1                  
speaker_ids      : 0                   0                   0                   2                   2                   2                   2                   2                   2                   2                   2                   2                   2                   2                   2                  


A                : Ġwould              Ġtoo                Ġi                  'd                  Ġi                  'd                  Ġuh                 Ġit                 Ġwas                Ġit                 Ġjohn               Ġden                ver                 Ġthat               Ġthat              
Timings          : (295.689, 295.869)  (295.869, 296.157)  (296.292, 296.37)   (296.37, 296.448)   (296.934, 297.041)  (297.041, 297.149)  (297.149, 297.367)  (297.367, 297.489)  (297.489, 297.689)  (297.689, 297.779)  (297.779, 297.979)  (297.979, 298.124)  (298.124, 298.269)  (298.269, 298.429)  (298.429, 298.669) 
Token Types      : 1                   1                   1                   1                   1                   1                   1                   1                   1                   1                   1                   1                   1                   1                   1                  
turn_ids         : 82395726348310      82395726348310      82395726348310      82395726348310      82395726348310      82395726348310      82395726348310      82395726348310      82395726348310      82395726348310      82395726348310      82395726348310      82395726348310      82395726348310      82395726348310     
turn_end_types   : 1                   1                   1                   1                   1                   1                   1                   1                   1                   1                   1                   1                   1                   1                   1                  
speaker_ids      : 1                   1                   1                   1                   1                   1                   1                   1                   1                   1                   1                   1                   1                   1                   1                  

B                : <emp>               <emp>               <emp>               <emp>               <emp>               <emp>               <emp>               <emp>               <emp>               <emp>               <emp>               <emp>               <emp>               <emp>               <emp>              
Timings          : (295.689, 295.869)  (295.869, 296.157)  (296.292, 296.37)   (296.37, 296.448)   (296.934, 297.041)  (297.041, 297.149)  (297.149, 297.367)  (297.367, 297.489)  (297.489, 297.689)  (297.689, 297.779)  (297.779, 297.979)  (297.979, 298.124)  (298.124, 298.269)  (298.269, 298.429)  (298.429, 298.669) 
Token Types      : 0                   0                   0                   0                   0                   0                   0                   0                   0                   0                   0                   0                   0                   0                   0                  
turn_ids         : 0                   0                   0                   0                   0                   0                   0                   0                   0                   0                   0                   0                   0                   0                   0                  
turn_end_types   : 0                   0                   0                   0                   0                   0                   0                   0                   0                   0                   0                   0                   0                   0                   0                  
speaker_ids      : 0                   0                   0                   0                   0                   0                   0                   0                   0                   0                   0                   0                   0                   0                   0                  


A                : Ġtried                    Ġto                       Ġbuy                      Ġhis                      Ġway                      Ġon                       Ġto                       Ġthe                      Ġspace                    Ġshuttle                  <eot>                    
Timings          : (298.669, 298.909)        (298.909, 299.229)        (299.229, 299.459)        (299.459, 299.599)        (299.599, 299.809)        (299.809, 299.919)        (299.919, 299.989)        (299.989, 300.049)        (300.049, 300.339)        (300.339, 300.463)        (-1.0, -1.0)             
Token Types      : 1                         1                         1                         1                         1                         1                         1                         1                         1                         1                         1                        
turn_ids         : 82395726348310            82395726348310            82395726348310            82395726348310            82395726348310            82395726348310            82395726348310            82395726348310            82395726348310            82395726348310            82395726348310           
turn_end_types   : 1                         1                         1                         1                         1                         1                         1                         1                         1                         1                         1                        
speaker_ids      : 1                         1                         1                         1                         1                         1                         1                         1                         1                         1                         1                        

B                : <emp>                     <emp>                     <emp>                     <emp>                     <emp>                     <emp>                     <emp>                     <emp>                     <emp>                     <emp>                     <emp>                    
Timings          : (298.669, 298.909)        (298.909, 299.229)        (299.229, 299.459)        (299.459, 299.599)        (299.599, 299.809)        (299.809, 299.919)        (299.919, 299.989)        (299.989, 300.049)        (300.049, 300.339)        (300.339, 300.463)        (-1.0, -1.0)             
Token Types      : 0                         0                         0                         0                         0                         0                         0                         0                         0                         0                         0                        
turn_ids         : 0                         0                         0                         0                         0                         0                         0                         0                         0                         0                         0                        
turn_end_types   : 0                         0                         0                         0                         0                         0                         0                         0                         0                         0                         0                        
speaker_ids      : 0                         0                         0                         0                         0                         0                         0                         0                         0                         0                         0                        


