A                : so                  <eot>               <emp>               <emp>               <emp>               Ġuh                 Ġi                  Ġcan                Ġstart              Ġthe                Ġnotion             Ġof                 Ġa                  Ġum                 Ġof                
Timings          : (0.082, 0.657)      (-1.0, -1.0)        (3.16, 3.32)        (3.32, 3.52)        (3.52, 3.999)       (4.234, 4.926)      (5.125, 5.314)      (5.314, 5.494)      (5.494, 5.906)      (9.734, 10.432)     (12.382, 12.902)    (12.902, 13.212)    (13.212, 13.602)    (13.851, 14.342)    (16.18, 16.38)     
Token Types      : 1                   1                   0                   0                   0                   1                   1                   1                   1                   1                   1                   1                   1                   1                   1                  
turn_ids         : 80780818644992      80780818644992      0                   0                   0                   80780818644994      80780818644994      80780818644994      80780818644994      80780818644994      80780818644994      80780818644994      80780818644994      80780818644994      80780818644994     
turn_end_types   : 1                   1                   0                   0                   0                   1                   1                   1                   1                   1                   1                   1                   1                   1                   1                  
speaker_ids      : 1                   1                   0                   0                   0                   1                   1                   1                   1                   1                   1                   1                   1                   1                   1                  

B                : <emp>               well                Ġyou                Ġcan                Ġstart              <eot>               <emp>               <emp>               <emp>               <emp>               <emp>               <emp>               <emp>               <emp>               <emp>              
Timings          : (0.082, 0.657)      (3.016, 3.16)       (3.16, 3.32)        (3.32, 3.52)        (3.52, 3.999)       (-1.0, -1.0)        (5.125, 5.314)      (5.314, 5.494)      (5.494, 5.906)      (9.734, 10.432)     (12.382, 12.902)    (12.902, 13.212)    (13.212, 13.602)    (13.851, 14.342)    (16.18, 16.38)     
Token Types      : 0                   1                   1                   1                   1                   1                   0                   0                   0                   0                   0                   0                   0                   0                   0                  
turn_ids         : 0                   80781355515905      80781355515905      80781355515905      80781355515905      80781355515905      0                   0                   0                   0                   0                   0                   0                   0                   0                  
turn_end_types   : 0                   1                   1                   1                   1                   1                   0                   0                   0                   0                   0                   0                   0                   0                   0                  
speaker_ids      : 0                   2                   2                   2                   2                   2                   0                   0                   0                   0                   0                   0                   0                   0                   0                  


A                : Ġuniversal          Ġservice            Ġsometimes          Ġsounds             Ġreal               Ġgood               Ġbut                Ġi                  Ġi                  Ġsometimes          Ġwonder             Ġwhether            Ġit                 's                  Ġif                
Timings          : (16.38, 16.93)      (16.93, 17.43)      (17.43, 17.88)      (17.88, 18.27)      (18.27, 18.48)      (18.48, 19.015)     (19.459, 19.912)    (22.155, 22.387)    (22.678, 22.831)    (22.831, 23.311)    (23.311, 23.701)    (23.701, 24.328)    (24.328, 24.704)    (24.704, 25.081)    (25.694, 25.831)   
Token Types      : 1                   1                   1                   1                   1                   1                   1                   1                   1                   1                   1                   1                   1                   1                   1                  
turn_ids         : 80780818644994      80780818644994      80780818644994      80780818644994      80780818644994      80780818644994      80780818644994      80780818644994      80780818644994      80780818644994      80780818644994      80780818644994      80780818644994      80780818644994      80780818644994     
turn_end_types   : 1                   1                   1                   1                   1                   1                   1                   1                   1                   1                   1                   1                   1                   1                   1                  
speaker_ids      : 1                   1                   1                   1                   1                   1                   1                   1                   1                   1                   1                   1                   1                   1                   1                  

B                : <emp>               <emp>               <emp>               <emp>               <emp>               <emp>               <emp>               <emp>               <emp>               <emp>               <emp>               <emp>               <emp>               <emp>               <emp>              
Timings          : (16.38, 16.93)      (16.93, 17.43)      (17.43, 17.88)      (17.88, 18.27)      (18.27, 18.48)      (18.48, 19.015)     (19.459, 19.912)    (22.155, 22.387)    (22.678, 22.831)    (22.831, 23.311)    (23.311, 23.701)    (23.701, 24.328)    (24.328, 24.704)    (24.704, 25.081)    (25.694, 25.831)   
Token Types      : 0                   0                   0                   0                   0                   0                   0                   0                   0                   0                   0                   0                   0                   0                   0                  
turn_ids         : 0                   0                   0                   0                   0                   0                   0                   0                   0                   0                   0                   0                   0                   0                   0                  
turn_end_types   : 0                   0                   0                   0                   0                   0                   0                   0                   0                   0                   0                   0                   0                   0                   0                  
speaker_ids      : 0                   0                   0                   0                   0                   0                   0                   0                   0                   0                   0                   0                   0                   0                   0                  


A                : Ġpeople             Ġaren               't                  Ġwilling            Ġto                 Ġdo                 Ġit                 Ġdo                 Ġanything           Ġlike               Ġthat               Ġon                 Ġtheir              Ġown                Ġand               
Timings          : (25.831, 26.161)    (26.161, 26.276)    (26.276, 26.391)    (26.391, 26.711)    (26.711, 26.881)    (26.881, 27.091)    (27.091, 27.544)    (28.611, 28.732)    (28.732, 29.092)    (29.092, 29.312)    (29.312, 29.522)    (29.522, 29.652)    (29.652, 29.832)    (29.832, 30.286)    (30.621, 30.722)   
Token Types      : 1                   1                   1                   1                   1                   1                   1                   1                   1                   1                   1                   1                   1                   1                   1                  
turn_ids         : 80780818644994      80780818644994      80780818644994      80780818644994      80780818644994      80780818644994      80780818644994      80780818644994      80780818644994      80780818644994      80780818644994      80780818644994      80780818644994      80780818644994      80780818644994     
turn_end_types   : 1                   1                   1                   1                   1                   1                   1                   1                   1                   1                   1                   1                   1                   1                   1                  
speaker_ids      : 1                   1                   1                   1                   1                   1                   1                   1                   1                   1                   1                   1                   1                   1                   1                  

B                : <emp>               <emp>               <emp>               <emp>               <emp>               <emp>               <emp>               <emp>               <emp>               <emp>               <emp>               <emp>               <emp>               <emp>               <emp>              
Timings          : (25.831, 26.161)    (26.161, 26.276)    (26.276, 26.391)    (26.391, 26.711)    (26.711, 26.881)    (26.881, 27.091)    (27.091, 27.544)    (28.611, 28.732)    (28.732, 29.092)    (29.092, 29.312)    (29.312, 29.522)    (29.522, 29.652)    (29.652, 29.832)    (29.832, 30.286)    (30.621, 30.722)   
Token Types      : 0                   0                   0                   0                   0                   0                   0                   0                   0                   0                   0                   0                   0                   0                   0                  
turn_ids         : 0                   0                   0                   0                   0                   0                   0                   0                   0                   0                   0                   0                   0                   0                   0                  
turn_end_types   : 0                   0                   0                   0                   0                   0                   0                   0                   0                   0                   0                   0                   0                   0                   0                  
speaker_ids      : 0                   0                   0                   0                   0                   0                   0                   0                   0                   0                   0                   0                   0                   0                   0                  


A                : Ġi                  Ġguess              Ġit                 Ġwould              Ġhave               Ġto                 Ġbe                 Ġreally             Ġand                Ġtruly              Ġuniversal          Ġand                Ġthen               Ġi                  Ġthink             
Timings          : (30.722, 30.752)    (30.752, 30.872)    (30.872, 30.932)    (30.932, 31.022)    (31.022, 31.192)    (31.192, 31.322)    (31.322, 31.442)    (31.442, 31.842)    (31.842, 31.952)    (31.952, 32.312)    (32.312, 33.099)    (33.321, 33.462)    (33.462, 33.592)    (33.592, 33.642)    (33.642, 33.882)   
Token Types      : 1                   1                   1                   1                   1                   1                   1                   1                   1                   1                   1                   1                   1                   1                   1                  
turn_ids         : 80780818644994      80780818644994      80780818644994      80780818644994      80780818644994      80780818644994      80780818644994      80780818644994      80780818644994      80780818644994      80780818644994      80780818644994      80780818644994      80780818644994      80780818644994     
turn_end_types   : 1                   1                   1                   1                   1                   1                   1                   1                   1                   1                   1                   1                   1                   1                   1                  
speaker_ids      : 1                   1                   1                   1                   1                   1                   1                   1                   1                   1                   1                   1                   1                   1                   1                  

B                : <emp>               <emp>               <emp>               <emp>               <emp>               <emp>               <emp>               <emp>               <emp>               <emp>               <emp>               <emp>               <emp>               <emp>               <emp>              
Timings          : (30.722, 30.752)    (30.752, 30.872)    (30.872, 30.932)    (30.932, 31.022)    (31.022, 31.192)    (31.192, 31.322)    (31.322, 31.442)    (31.442, 31.842)    (31.842, 31.952)    (31.952, 32.312)    (32.312, 33.099)    (33.321, 33.462)    (33.462, 33.592)    (33.592, 33.642)    (33.642, 33.882)   
Token Types      : 0                   0                   0                   0                   0                   0                   0                   0                   0                   0                   0                   0                   0                   0                   0                  
turn_ids         : 0                   0                   0                   0                   0                   0                   0                   0                   0                   0                   0                   0                   0                   0                   0                  
turn_end_types   : 0                   0                   0                   0                   0                   0                   0                   0                   0                   0                   0                   0                   0                   0                   0                  
speaker_ids      : 0                   0                   0                   0                   0                   0                   0                   0                   0                   0                   0                   0                   0                   0                   0                  


A                : Ġyou                Ġstart              Ġrunning            Ġinto               Ġall                Ġsorts              Ġof                 Ġpeople             's                  Ġreligious          Ġobjections         Ġand                Ġyou                Ġknow               Ġand               
Timings          : (33.882, 33.972)    (33.972, 34.212)    (34.212, 34.492)    (34.492, 34.712)    (34.712, 34.882)    (34.882, 35.162)    (35.162, 35.222)    (35.222, 35.526)    (35.526, 35.829)    (36.552, 37.002)    (37.002, 37.962)    (37.962, 38.511)    (38.932, 39.072)    (39.072, 39.362)    (39.362, 39.642)   
Token Types      : 1                   1                   1                   1                   1                   1                   1                   1                   1                   1                   1                   1                   1                   1                   1                  
turn_ids         : 80780818644994      80780818644994      80780818644994      80780818644994      80780818644994      80780818644994      80780818644994      80780818644994      80780818644994      80780818644994      80780818644994      80780818644994      80780818644994      80780818644994      80780818644994     
turn_end_types   : 1                   1                   1                   1                   1                   1                   1                   1                   1                   1                   1                   1                   1                   1                   1                  
speaker_ids      : 1                   1                   1                   1                   1                   1                   1                   1                   1                   1                   1                   1                   1                   1                   1                  

B                : <emp>               <emp>               <emp>               <emp>               <emp>               <emp>               <emp>               <emp>               <emp>               <emp>               <emp>               <emp>               <emp>               <emp>               <emp>              
Timings          : (33.882, 33.972)    (33.972, 34.212)    (34.212, 34.492)    (34.492, 34.712)    (34.712, 34.882)    (34.882, 35.162)    (35.162, 35.222)    (35.222, 35.526)    (35.526, 35.829)    (36.552, 37.002)    (37.002, 37.962)    (37.962, 38.511)    (38.932, 39.072)    (39.072, 39.362)    (39.362, 39.642)   
Token Types      : 0                   0                   0                   0                   0                   0                   0                   0                   0                   0                   0                   0                   0                   0                   0                  
turn_ids         : 0                   0                   0                   0                   0                   0                   0                   0                   0                   0                   0                   0                   0                   0                   0                  
turn_end_types   : 0                   0                   0                   0                   0                   0                   0                   0                   0                   0                   0                   0                   0                   0                   0                  
speaker_ids      : 0                   0                   0                   0                   0                   0                   0                   0                   0                   0                   0                   0                   0                   0                   0                  


A                : Ġand                Ġhow                Ġdo                 Ġyou                Ġmake               Ġallowances         Ġfor                Ġeverybody          's                  Ġculture            Ġif                 Ġyou                Ġtry                Ġto                 Ġforce             
Timings          : (39.642, 39.832)    (39.832, 40.012)    (40.012, 40.112)    (40.112, 40.532)    (42.278, 42.888)    (42.888, 43.522)    (43.522, 43.652)    (43.652, 43.892)    (43.892, 44.132)    (44.132, 44.678)    (44.678, 44.792)    (44.792, 44.872)    (44.872, 45.232)    (45.232, 45.302)    (45.302, 45.682)   
Token Types      : 1                   1                   1                   1                   1                   1                   1                   1                   1                   1                   1                   1                   1                   1                   1                  
turn_ids         : 80780818644994      80780818644994      80780818644994      80780818644994      80780818644994      80780818644994      80780818644994      80780818644994      80780818644994      80780818644994      80780818644994      80780818644994      80780818644994      80780818644994      80780818644994     
turn_end_types   : 1                   1                   1                   1                   1                   1                   1                   1                   1                   1                   1                   1                   1                   1                   1                  
speaker_ids      : 1                   1                   1                   1                   1                   1                   1                   1                   1                   1                   1                   1                   1                   1                   1                  

B                : <emp>               <emp>               <emp>               <emp>               <emp>               <emp>               <emp>               <emp>               <emp>               <emp>               <emp>               <emp>               <emp>               <emp>               <emp>              
Timings          : (39.642, 39.832)    (39.832, 40.012)    (40.012, 40.112)    (40.112, 40.532)    (42.278, 42.888)    (42.888, 43.522)    (43.522, 43.652)    (43.652, 43.892)    (43.892, 44.132)    (44.132, 44.678)    (44.678, 44.792)    (44.792, 44.872)    (44.872, 45.232)    (45.232, 45.302)    (45.302, 45.682)   
Token Types      : 0                   0                   0                   0                   0                   0                   0                   0                   0                   0                   0                   0                   0                   0                   0                  
turn_ids         : 0                   0                   0                   0                   0                   0                   0                   0                   0                   0                   0                   0                   0                   0                   0                  
turn_end_types   : 0                   0                   0                   0                   0                   0                   0                   0                   0                   0                   0                   0                   0                   0                   0                  
speaker_ids      : 0                   0                   0                   0                   0                   0                   0                   0                   0                   0                   0                   0                   0                   0                   0                  


A                : Ġfit                Ġeverybody          Ġinto               Ġthings             Ġand                Ġyeah               Ġi                  Ġjust               Ġi                  Ġthe                Ġlogistics          Ġof                 Ġit                 Ġjust               Ġseem              
Timings          : (45.682, 46.102)    (46.102, 46.552)    (46.552, 46.782)    (46.782, 47.332)    (47.332, 47.622)    (48.044, 48.192)    (48.192, 48.242)    (48.242, 48.539)    (48.715, 48.911)    (49.231, 49.355)    (49.355, 49.992)    (49.992, 50.162)    (50.162, 50.262)    (50.262, 50.472)    (50.472, 50.642)   
Token Types      : 1                   1                   1                   1                   1                   1                   1                   1                   1                   1                   1                   1                   1                   1                   1                  
turn_ids         : 80780818644994      80780818644994      80780818644994      80780818644994      80780818644994      80780818644994      80780818644994      80780818644994      80780818644994      80780818644994      80780818644994      80780818644994      80780818644994      80780818644994      80780818644994     
turn_end_types   : 1                   1                   1                   1                   1                   1                   1                   1                   1                   1                   1                   1                   1                   1                   1                  
speaker_ids      : 1                   1                   1                   1                   1                   1                   1                   1                   1                   1                   1                   1                   1                   1                   1                  

B                : <emp>               <emp>               <emp>               <emp>               <emp>               <emp>               <emp>               <emp>               <emp>               <emp>               <emp>               <emp>               <emp>               <emp>               <emp>              
Timings          : (45.682, 46.102)    (46.102, 46.552)    (46.552, 46.782)    (46.782, 47.332)    (47.332, 47.622)    (48.044, 48.192)    (48.192, 48.242)    (48.242, 48.539)    (48.715, 48.911)    (49.231, 49.355)    (49.355, 49.992)    (49.992, 50.162)    (50.162, 50.262)    (50.262, 50.472)    (50.472, 50.642)   
Token Types      : 0                   0                   0                   0                   0                   0                   0                   0                   0                   0                   0                   0                   0                   0                   0                  
turn_ids         : 0                   0                   0                   0                   0                   0                   0                   0                   0                   0                   0                   0                   0                   0                   0                  
turn_end_types   : 0                   0                   0                   0                   0                   0                   0                   0                   0                   0                   0                   0                   0                   0                   0                  
speaker_ids      : 0                   0                   0                   0                   0                   0                   0                   0                   0                   0                   0                   0                   0                   0                   0                  


A                : Ġhorrendous         Ġin                 Ġa                  Ġcountry            Ġis                 <eot>               <emp>               <emp>               <emp>               <emp>               <emp>               <emp>               <emp>               <emp>               <emp>              
Timings          : (50.642, 51.262)    (51.262, 51.352)    (51.352, 51.412)    (51.412, 51.872)    (51.872, 52.187)    (-1.0, -1.0)        (54.113, 54.47)     (54.47, 54.763)     (55.057, 55.681)    (55.681, 55.861)    (55.861, 56.041)    (56.041, 56.171)    (56.171, 56.661)    (56.661, 56.901)    (56.901, 56.971)   
Token Types      : 1                   1                   1                   1                   1                   1                   0                   0                   0                   0                   0                   0                   0                   0                   0                  
turn_ids         : 80780818644994      80780818644994      80780818644994      80780818644994      80780818644994      80780818644994      0                   0                   0                   0                   0                   0                   0                   0                   0                  
turn_end_types   : 1                   1                   1                   1                   1                   1                   0                   0                   0                   0                   0                   0                   0                   0                   0                  
speaker_ids      : 1                   1                   1                   1                   1                   1                   0                   0                   0                   0                   0                   0                   0                   0                   0                  

B                : <emp>               <emp>               <emp>               <emp>               <emp>               Ġyeah               Ġi                  Ġi                  Ġfrankly            Ġcan                't                  Ġgo                 Ġalong              Ġwith               Ġthe               
Timings          : (50.642, 51.262)    (51.262, 51.352)    (51.352, 51.412)    (51.412, 51.872)    (51.872, 52.187)    (53.81, 54.113)     (54.113, 54.47)     (54.47, 54.763)     (55.057, 55.681)    (55.681, 55.861)    (55.861, 56.041)    (56.041, 56.171)    (56.171, 56.661)    (56.661, 56.901)    (56.901, 56.971)   
Token Types      : 0                   0                   0                   0                   0                   1                   1                   1                   1                   1                   1                   1                   1                   1                   1                  
turn_ids         : 0                   0                   0                   0                   0                   80781355515907      80781355515907      80781355515907      80781355515907      80781355515907      80781355515907      80781355515907      80781355515907      80781355515907      80781355515907     
turn_end_types   : 0                   0                   0                   0                   0                   2                   2                   2                   2                   2                   2                   2                   2                   2                   2                  
speaker_ids      : 0                   0                   0                   0                   0                   2                   2                   2                   2                   2                   2                   2                   2                   2                   2                  


A                : <emp>               <emp>               <emp>               <emp>               <emp>               <emp>               <emp>               <emp>               <emp>               <emp>               <emp>               <emp>               <emp>               <emp>               <emp>              
Timings          : (56.971, 57.371)    (57.371, 57.741)    (57.741, 58.251)    (58.251, 58.411)    (58.411, 58.571)    (58.571, 58.661)    (58.661, 59.001)    (59.001, 59.331)    (59.331, 59.401)    (59.401, 59.901)    (59.901, 60.091)    (60.091, 60.281)    (60.281, 60.561)    (60.561, 60.771)    (60.771, 61.211)   
Token Types      : 0                   0                   0                   0                   0                   0                   0                   0                   0                   0                   0                   0                   0                   0                   0                  
turn_ids         : 0                   0                   0                   0                   0                   0                   0                   0                   0                   0                   0                   0                   0                   0                   0                  
turn_end_types   : 0                   0                   0                   0                   0                   0                   0                   0                   0                   0                   0                   0                   0                   0                   0                  
speaker_ids      : 0                   0                   0                   0                   0                   0                   0                   0                   0                   0                   0                   0                   0                   0                   0                  

B                : Ġidea               Ġonly               Ġbecause            Ġit                 's                  Ġthe                Ġsame               Ġkind               Ġof                 Ġthing              Ġthat               Ġyou                Ġsee                Ġin                 Ġcountries         
Timings          : (56.971, 57.371)    (57.371, 57.741)    (57.741, 58.251)    (58.251, 58.411)    (58.411, 58.571)    (58.571, 58.661)    (58.661, 59.001)    (59.001, 59.331)    (59.331, 59.401)    (59.401, 59.901)    (59.901, 60.091)    (60.091, 60.281)    (60.281, 60.561)    (60.561, 60.771)    (60.771, 61.211)   
Token Types      : 1                   1                   1                   1                   1                   1                   1                   1                   1                   1                   1                   1                   1                   1                   1                  
turn_ids         : 80781355515907      80781355515907      80781355515907      80781355515907      80781355515907      80781355515907      80781355515907      80781355515907      80781355515907      80781355515907      80781355515907      80781355515907      80781355515907      80781355515907      80781355515907     
turn_end_types   : 2                   2                   2                   2                   2                   2                   2                   2                   2                   2                   2                   2                   2                   2                   2                  
speaker_ids      : 2                   2                   2                   2                   2                   2                   2                   2                   2                   2                   2                   2                   2                   2                   2                  


A                : <emp>               <emp>               <emp>               <emp>               <emp>               <emp>               <emp>               <emp>               <emp>               <emp>               <emp>               <emp>               <emp>               <emp>               <emp>              
Timings          : (61.211, 61.441)    (61.441, 61.811)    (61.811, 62.181)    (62.181, 62.577)    (63.667, 63.99)     (63.99, 64.262)     (64.262, 64.752)    (64.752, 64.992)    (64.992, 65.082)    (65.082, 65.172)    (65.172, 65.872)    (65.872, 66.022)    (66.022, 66.172)    (66.172, 66.332)    (66.332, 66.462)   
Token Types      : 0                   0                   0                   0                   0                   0                   0                   0                   0                   0                   0                   0                   0                   0                   0                  
turn_ids         : 0                   0                   0                   0                   0                   0                   0                   0                   0                   0                   0                   0                   0                   0                   0                  
turn_end_types   : 0                   0                   0                   0                   0                   0                   0                   0                   0                   0                   0                   0                   0                   0                   0                  
speaker_ids      : 0                   0                   0                   0                   0                   0                   0                   0                   0                   0                   0                   0                   0                   0                   0                  

B                : Ġlike               Ġcub                a                   Ġand                Ġuh                 Ġother              Ġplaces             Ġwhere              Ġyou                're                 Ġsupposedly         Ġfor                Ġthe                Ġgood               Ġof                
Timings          : (61.211, 61.441)    (61.441, 61.811)    (61.811, 62.181)    (62.181, 62.577)    (63.667, 63.99)     (63.99, 64.262)     (64.262, 64.752)    (64.752, 64.992)    (64.992, 65.082)    (65.082, 65.172)    (65.172, 65.872)    (65.872, 66.022)    (66.022, 66.172)    (66.172, 66.332)    (66.332, 66.462)   
Token Types      : 1                   1                   1                   1                   1                   1                   1                   1                   1                   1                   1                   1                   1                   1                   1                  
turn_ids         : 80781355515907      80781355515907      80781355515907      80781355515907      80781355515907      80781355515907      80781355515907      80781355515907      80781355515907      80781355515907      80781355515907      80781355515907      80781355515907      80781355515907      80781355515907     
turn_end_types   : 2                   2                   2                   2                   2                   2                   2                   2                   2                   2                   2                   2                   2                   2                   2                  
speaker_ids      : 2                   2                   2                   2                   2                   2                   2                   2                   2                   2                   2                   2                   2                   2                   2                  


A                : <emp>               <emp>               <emp>               <emp>               <emp>               <emp>               <emp>               <emp>               <emp>               <emp>               <emp>               <emp>               <emp>               <emp>               <emp>              
Timings          : (66.462, 67.202)    (67.202, 67.307)    (67.307, 67.412)    (67.412, 67.552)    (67.552, 68.372)    (68.372, 68.522)    (68.522, 68.842)    (68.842, 69.244)    (69.654, 70.012)    (70.012, 70.212)    (70.212, 70.362)    (70.362, 71.092)    (71.205, 71.622)    (71.622, 72.222)    (72.222, 72.372)   
Token Types      : 0                   0                   0                   0                   0                   0                   0                   0                   0                   0                   0                   0                   0                   0                   0                  
turn_ids         : 0                   0                   0                   0                   0                   0                   0                   0                   0                   0                   0                   0                   0                   0                   0                  
turn_end_types   : 0                   0                   0                   0                   0                   0                   0                   0                   0                   0                   0                   0                   0                   0                   0                  
speaker_ids      : 0                   0                   0                   0                   0                   0                   0                   0                   0                   0                   0                   0                   0                   0                   0                  

B                : Ġsociety            Ġyou                're                 Ġto                 Ġvolunteer          Ġand                Ġhelp               Ġout                Ġand                Ġand                Ġdo                 Ġsomething          Ġvery               Ġnicely             Ġfor               
Timings          : (66.462, 67.202)    (67.202, 67.307)    (67.307, 67.412)    (67.412, 67.552)    (67.552, 68.372)    (68.372, 68.522)    (68.522, 68.842)    (68.842, 69.244)    (69.654, 70.012)    (70.012, 70.212)    (70.212, 70.362)    (70.362, 71.092)    (71.205, 71.622)    (71.622, 72.222)    (72.222, 72.372)   
Token Types      : 1                   1                   1                   1                   1                   1                   1                   1                   1                   1                   1                   1                   1                   1                   1                  
turn_ids         : 80781355515907      80781355515907      80781355515907      80781355515907      80781355515907      80781355515907      80781355515907      80781355515907      80781355515907      80781355515907      80781355515907      80781355515907      80781355515907      80781355515907      80781355515907     
turn_end_types   : 2                   2                   2                   2                   2                   2                   2                   2                   2                   2                   2                   2                   2                   2                   2                  
speaker_ids      : 2                   2                   2                   2                   2                   2                   2                   2                   2                   2                   2                   2                   2                   2                   2                  


A                : <emp>               <emp>               <emp>               <emp>               <emp>               <emp>               <emp>               <emp>               <emp>               <emp>               <emp>               <emp>               <emp>               <emp>               <emp>              
Timings          : (72.372, 73.212)    (73.212, 73.312)    (73.312, 73.372)    (73.372, 73.912)    (73.912, 74.282)    (74.282, 74.502)    (74.502, 74.802)    (74.802, 74.922)    (74.922, 75.082)    (75.082, 75.232)    (75.232, 75.312)    (75.312, 75.684)    (75.684, 75.833)    (75.833, 75.982)    (75.982, 76.492)   
Token Types      : 0                   0                   0                   0                   0                   0                   0                   0                   0                   0                   0                   0                   0                   0                   0                  
turn_ids         : 0                   0                   0                   0                   0                   0                   0                   0                   0                   0                   0                   0                   0                   0                   0                  
turn_end_types   : 0                   0                   0                   0                   0                   0                   0                   0                   0                   0                   0                   0                   0                   0                   0                  
speaker_ids      : 0                   0                   0                   0                   0                   0                   0                   0                   0                   0                   0                   0                   0                   0                   0                  

B                : Ġeveryone           Ġand                Ġthe                Ġproblem            Ġcomes              Ġinto               Ġplay               Ġin                 Ġthat               Ġif                 Ġthe                Ġpeople             Ġaren               't                  Ġinterested        
Timings          : (72.372, 73.212)    (73.212, 73.312)    (73.312, 73.372)    (73.372, 73.912)    (73.912, 74.282)    (74.282, 74.502)    (74.502, 74.802)    (74.802, 74.922)    (74.922, 75.082)    (75.082, 75.232)    (75.232, 75.312)    (75.312, 75.684)    (75.684, 75.833)    (75.833, 75.982)    (75.982, 76.492)   
Token Types      : 1                   1                   1                   1                   1                   1                   1                   1                   1                   1                   1                   1                   1                   1                   1                  
turn_ids         : 80781355515907      80781355515907      80781355515907      80781355515907      80781355515907      80781355515907      80781355515907      80781355515907      80781355515907      80781355515907      80781355515907      80781355515907      80781355515907      80781355515907      80781355515907     
turn_end_types   : 2                   2                   2                   2                   2                   2                   2                   2                   2                   2                   2                   2                   2                   2                   2                  
speaker_ids      : 2                   2                   2                   2                   2                   2                   2                   2                   2                   2                   2                   2                   2                   2                   2                  


A                : <emp>               <emp>               <emp>               <emp>               <emp>               <emp>               <emp>               <emp>               <emp>               <emp>               <emp>               <emp>               <emp>               <emp>               <emp>              
Timings          : (76.492, 76.672)    (76.672, 76.802)    (76.802, 76.867)    (76.867, 76.932)    (76.932, 77.662)    (77.662, 78.08)     (78.697, 78.808)    (78.808, 78.853)    (78.853, 78.898)    (78.898, 79.078)    (79.078, 79.358)    (79.358, 79.668)    (79.668, 79.793)    (79.793, 79.918)    (79.918, 80.108)   
Token Types      : 0                   0                   0                   0                   0                   0                   0                   0                   0                   0                   0                   0                   0                   0                   0                  
turn_ids         : 0                   0                   0                   0                   0                   0                   0                   0                   0                   0                   0                   0                   0                   0                   0                  
turn_end_types   : 0                   0                   0                   0                   0                   0                   0                   0                   0                   0                   0                   0                   0                   0                   0                  
speaker_ids      : 0                   0                   0                   0                   0                   0                   0                   0                   0                   0                   0                   0                   0                   0                   0                  

B                : Ġin                 Ġwhat               Ġthey               're                 Ġvolunteering       Ġfor                Ġand                Ġthey               're                 Ġnot                Ġgetting            Ġpaid               Ġthere              's                  Ġno                
Timings          : (76.492, 76.672)    (76.672, 76.802)    (76.802, 76.867)    (76.867, 76.932)    (76.932, 77.662)    (77.662, 78.08)     (78.697, 78.808)    (78.808, 78.853)    (78.853, 78.898)    (78.898, 79.078)    (79.078, 79.358)    (79.358, 79.668)    (79.668, 79.793)    (79.793, 79.918)    (79.918, 80.108)   
Token Types      : 1                   1                   1                   1                   1                   1                   1                   1                   1                   1                   1                   1                   1                   1                   1                  
turn_ids         : 80781355515907      80781355515907      80781355515907      80781355515907      80781355515907      80781355515907      80781355515907      80781355515907      80781355515907      80781355515907      80781355515907      80781355515907      80781355515907      80781355515907      80781355515907     
turn_end_types   : 2                   2                   2                   2                   2                   2                   2                   2                   2                   2                   2                   2                   2                   2                   2                  
speaker_ids      : 2                   2                   2                   2                   2                   2                   2                   2                   2                   2                   2                   2                   2                   2                   2                  


A                : <emp>               <emp>               <emp>               <emp>               <emp>               <emp>               <emp>               <emp>               <emp>               <emp>               <emp>               <emp>               <emp>               <emp>               <emp>              
Timings          : (80.108, 80.92)     (81.294, 82.226)    (82.226, 82.431)    (82.431, 82.988)    (82.988, 83.271)    (83.73, 83.911)     (83.911, 84.108)    (84.108, 84.358)    (84.358, 84.903)    (85.235, 85.418)    (85.418, 85.858)    (85.858, 86.038)    (86.038, 86.884)    (87.373, 87.748)    (87.748, 87.878)   
Token Types      : 0                   0                   0                   0                   0                   0                   0                   0                   0                   0                   0                   0                   0                   0                   0                  
turn_ids         : 0                   0                   0                   0                   0                   0                   0                   0                   0                   0                   0                   0                   0                   0                   0                  
turn_end_types   : 0                   0                   0                   0                   0                   0                   0                   0                   0                   0                   0                   0                   0                   0                   0                  
speaker_ids      : 0                   0                   0                   0                   0                   0                   0                   0                   0                   0                   0                   0                   0                   0                   0                  

B                : Ġincentive          Ġwhatsoever         Ġand                Ġreally             Ġyou                Ġin                 Ġin                 Ġany                Ġgroup              Ġthat               Ġdepends            Ġon                 Ġvolunteers         Ġsay                Ġuh                
Timings          : (80.108, 80.92)     (81.294, 82.226)    (82.226, 82.431)    (82.431, 82.988)    (82.988, 83.271)    (83.73, 83.911)     (83.911, 84.108)    (84.108, 84.358)    (84.358, 84.903)    (85.235, 85.418)    (85.418, 85.858)    (85.858, 86.038)    (86.038, 86.884)    (87.373, 87.748)    (87.748, 87.878)   
Token Types      : 1                   1                   1                   1                   1                   1                   1                   1                   1                   1                   1                   1                   1                   1                   1                  
turn_ids         : 80781355515907      80781355515907      80781355515907      80781355515907      80781355515907      80781355515907      80781355515907      80781355515907      80781355515907      80781355515907      80781355515907      80781355515907      80781355515907      80781355515907      80781355515907     
turn_end_types   : 2                   2                   2                   2                   2                   2                   2                   2                   2                   2                   2                   2                   2                   2                   2                  
speaker_ids      : 2                   2                   2                   2                   2                   2                   2                   2                   2                   2                   2                   2                   2                   2                   2                  


A                : <emp>               <emp>               <emp>               <emp>               <emp>               <emp>               <emp>               <emp>               <emp>               <emp>               <emp>               <emp>               <emp>               <emp>               <emp>              
Timings          : (87.878, 87.938)    (87.938, 88.153)    (88.153, 88.368)    (88.368, 88.558)    (88.558, 88.898)    (88.898, 88.998)    (88.998, 89.456)    (89.896, 90.168)    (90.327, 90.57)     (90.57, 90.81)      (90.81, 90.96)      (90.96, 91.35)      (91.35, 91.61)      (91.61, 91.76)      (91.76, 92.446)    
Token Types      : 0                   0                   0                   0                   0                   0                   0                   0                   0                   0                   0                   0                   0                   0                   0                  
turn_ids         : 0                   0                   0                   0                   0                   0                   0                   0                   0                   0                   0                   0                   0                   0                   0                  
turn_end_types   : 0                   0                   0                   0                   0                   0                   0                   0                   0                   0                   0                   0                   0                   0                   0                  
speaker_ids      : 0                   0                   0                   0                   0                   0                   0                   0                   0                   0                   0                   0                   0                   0                   0                  

B                : Ġthe                Ġameric             an                  Ġred                Ġcross              Ġand                Ġsomething          Ġuh                 Ġthose              Ġkind               Ġof                 Ġgroups             Ġyou                Ġcan                Ġactually          
Timings          : (87.878, 87.938)    (87.938, 88.153)    (88.153, 88.368)    (88.368, 88.558)    (88.558, 88.898)    (88.898, 88.998)    (88.998, 89.456)    (89.896, 90.168)    (90.327, 90.57)     (90.57, 90.81)      (90.81, 90.96)      (90.96, 91.35)      (91.35, 91.61)      (91.61, 91.76)      (91.76, 92.446)    
Token Types      : 1                   1                   1                   1                   1                   1                   1                   1                   1                   1                   1                   1                   1                   1                   1                  
turn_ids         : 80781355515907      80781355515907      80781355515907      80781355515907      80781355515907      80781355515907      80781355515907      80781355515907      80781355515907      80781355515907      80781355515907      80781355515907      80781355515907      80781355515907      80781355515907     
turn_end_types   : 2                   2                   2                   2                   2                   2                   2                   2                   2                   2                   2                   2                   2                   2                   2                  
speaker_ids      : 2                   2                   2                   2                   2                   2                   2                   2                   2                   2                   2                   2                   2                   2                   2                  


A                : <emp>               <emp>               <emp>               <emp>               <emp>               <emp>               <emp>               <emp>               <emp>               <emp>               <emp>               <emp>               <emp>               <emp>               <emp>              
Timings          : (92.584, 92.68)     (92.68, 92.8)       (92.8, 93.18)       (93.18, 93.61)      (93.61, 93.703)     (93.703, 94.104)    (94.104, 94.505)    (94.765, 95.023)    (95.023, 95.32)     (95.32, 95.752)     (96.186, 96.37)     (96.37, 96.58)      (96.58, 96.705)     (96.705, 96.83)     (96.83, 97.08)     
Token Types      : 0                   0                   0                   0                   0                   0                   0                   0                   0                   0                   0                   0                   0                   0                   0                  
turn_ids         : 0                   0                   0                   0                   0                   0                   0                   0                   0                   0                   0                   0                   0                   0                   0                  
turn_end_types   : 0                   0                   0                   0                   0                   0                   0                   0                   0                   0                   0                   0                   0                   0                   0                  
speaker_ids      : 0                   0                   0                   0                   0                   0                   0                   0                   0                   0                   0                   0                   0                   0                   0                  

B                : Ġyou                Ġcould              Ġactually           Ġbecome             Ġa                  Ġhind               rance               Ġto                 Ġthe                Ġgroup              Ġif                 Ġyou                Ġaren               't                  Ġreally            
Timings          : (92.584, 92.68)     (92.68, 92.8)       (92.8, 93.18)       (93.18, 93.61)      (93.61, 93.703)     (93.703, 94.104)    (94.104, 94.505)    (94.765, 95.023)    (95.023, 95.32)     (95.32, 95.752)     (96.186, 96.37)     (96.37, 96.58)      (96.58, 96.705)     (96.705, 96.83)     (96.83, 97.08)     
Token Types      : 1                   1                   1                   1                   1                   1                   1                   1                   1                   1                   1                   1                   1                   1                   1                  
turn_ids         : 80781355515907      80781355515907      80781355515907      80781355515907      80781355515907      80781355515907      80781355515907      80781355515907      80781355515907      80781355515907      80781355515907      80781355515907      80781355515907      80781355515907      80781355515907     
turn_end_types   : 2                   2                   2                   2                   2                   2                   2                   2                   2                   2                   2                   2                   2                   2                   2                  
speaker_ids      : 2                   2                   2                   2                   2                   2                   2                   2                   2                   2                   2                   2                   2                   2                   2                  


A                : <emp>               <emp>               <emp>               <emp>               in                  Ġwhat               Ġyou                're                 Ġdoing              <eint>              <emp>               <emp>               Ġyeah               Ġyeah               Ġit                
Timings          : (97.08, 97.63)      (97.63, 97.78)      (97.78, 97.86)      (97.86, 97.94)      (98.16, 98.303)     (98.303, 98.493)    (98.493, 98.563)    (98.563, 98.633)    (98.633, 98.999)    (-1.0, -1.0)        (99.49, 99.78)      (99.78, 100.062)    (100.753, 101.252)  (101.522, 101.895)  (101.895, 102.055) 
Token Types      : 0                   0                   0                   0                   5                   5                   5                   5                   5                   5                   0                   0                   1                   1                   1                  
turn_ids         : 0                   0                   0                   0                   80785113612290      80785113612290      80785113612290      80785113612290      80785113612290      80785113612290      0                   0                   80780818644996      80780818644996      80780818644996     
turn_end_types   : 0                   0                   0                   0                   0                   0                   0                   0                   0                   0                   0                   0                   1                   1                   1                  
speaker_ids      : 0                   0                   0                   0                   1                   1                   1                   1                   1                   1                   0                   0                   1                   1                   1                  

B                : Ġinterested         Ġand                Ġyou                're                 Ġjust               Ġthere              <emp>               <emp>               Ġbecause            Ġyou                Ġhave               Ġto                 <yield>             <emp>               <emp>              
Timings          : (97.08, 97.63)      (97.63, 97.78)      (97.78, 97.86)      (97.86, 97.94)      (97.94, 98.25)      (98.25, 98.611)     (98.493, 98.563)    (98.563, 98.633)    (98.611, 99.39)     (99.39, 99.49)      (99.49, 99.78)      (99.78, 100.062)    (-1.0, -1.0)        (101.522, 101.895)  (101.895, 102.055) 
Token Types      : 1                   1                   1                   1                   1                   1                   1                   1                   1                   1                   1                   1                   1                   0                   0                  
turn_ids         : 80781355515907      80781355515907      80781355515907      80781355515907      80781355515907      80781355515907      80781355515907      80781355515907      80781355515907      80781355515907      80781355515907      80781355515907      80781355515907      0                   0                  
turn_end_types   : 2                   2                   2                   2                   2                   2                   2                   2                   2                   2                   2                   2                   2                   0                   0                  
speaker_ids      : 2                   2                   2                   2                   2                   2                   2                   2                   2                   2                   2                   2                   2                   0                   0                  


A                : Ġit                 Ġi                  Ġdon                't                  Ġknow               Ġon                 Ġthe                Ġother              Ġhand               Ġthere              Ġare                Ġother              Ġcountries          Ġlike               Ġsw                
Timings          : (102.564, 102.829)  (104.349, 104.505)  (104.505, 104.577)  (104.577, 104.649)  (104.649, 104.758)  (104.758, 104.878)  (104.878, 104.958)  (104.958, 105.088)  (105.088, 105.498)  (105.498, 105.628)  (105.628, 105.688)  (105.688, 105.858)  (105.858, 106.578)  (106.578, 106.788)  (106.788, 107.308) 
Token Types      : 1                   1                   1                   1                   1                   1                   1                   1                   1                   1                   1                   1                   1                   1                   1                  
turn_ids         : 80780818644996      80780818644996      80780818644996      80780818644996      80780818644996      80780818644996      80780818644996      80780818644996      80780818644996      80780818644996      80780818644996      80780818644996      80780818644996      80780818644996      80780818644996     
turn_end_types   : 1                   1                   1                   1                   1                   1                   1                   1                   1                   1                   1                   1                   1                   1                   1                  
speaker_ids      : 1                   1                   1                   1                   1                   1                   1                   1                   1                   1                   1                   1                   1                   1                   1                  

B                : <emp>               <emp>               <emp>               <emp>               <emp>               <emp>               <emp>               <emp>               <emp>               <emp>               <emp>               <emp>               <emp>               <emp>               <emp>              
Timings          : (102.564, 102.829)  (104.349, 104.505)  (104.505, 104.577)  (104.577, 104.649)  (104.649, 104.758)  (104.758, 104.878)  (104.878, 104.958)  (104.958, 105.088)  (105.088, 105.498)  (105.498, 105.628)  (105.628, 105.688)  (105.688, 105.858)  (105.858, 106.578)  (106.578, 106.788)  (106.788, 107.308) 
Token Types      : 0                   0                   0                   0                   0                   0                   0                   0                   0                   0                   0                   0                   0                   0                   0                  
turn_ids         : 0                   0                   0                   0                   0                   0                   0                   0                   0                   0                   0                   0                   0                   0                   0                  
turn_end_types   : 0                   0                   0                   0                   0                   0                   0                   0                   0                   0                   0                   0                   0                   0                   0                  
speaker_ids      : 0                   0                   0                   0                   0                   0                   0                   0                   0                   0                   0                   0                   0                   0                   0                  


A                : itzerland           Ġand                Ġis                 rael                Ġand                Ġfr                 ance                Ġthat               Ġhave               Ġuniversal          Ġservice            <emp>               <emp>               Ġuh                 Ġyou               
Timings          : (107.308, 107.828)  (107.828, 108.018)  (108.018, 108.502)  (108.502, 108.986)  (108.986, 109.911)  (110.718, 111.244)  (111.244, 111.77)   (112.145, 112.348)  (112.348, 112.668)  (112.668, 113.248)  (113.248, 113.891)  (114.048, 114.234)  (114.234, 114.421)  (115.077, 116.179)  (116.528, 116.651) 
Token Types      : 1                   1                   1                   1                   1                   1                   1                   1                   1                   1                   1                   1                   1                   1                   1                  
turn_ids         : 80780818644996      80780818644996      80780818644996      80780818644996      80780818644996      80780818644996      80780818644996      80780818644996      80780818644996      80780818644996      80780818644996      80780818644996      80780818644996      80780818644996      80780818644996     
turn_end_types   : 1                   1                   1                   1                   1                   1                   1                   1                   1                   1                   1                   1                   1                   1                   1                  
speaker_ids      : 1                   1                   1                   1                   1                   1                   1                   1                   1                   1                   1                   1                   1                   1                   1                  

B                : <emp>               <emp>               <emp>               <emp>               <emp>               <emp>               <emp>               <emp>               <emp>               <emp>               <emp>               um                  hum                 <ebc>               <emp>              
Timings          : (107.308, 107.828)  (107.828, 108.018)  (108.018, 108.502)  (108.502, 108.986)  (108.986, 109.911)  (110.718, 111.244)  (111.244, 111.77)   (112.145, 112.348)  (112.348, 112.668)  (112.668, 113.248)  (113.248, 113.891)  (114.048, 114.234)  (114.234, 114.421)  (-1.0, -1.0)        (116.528, 116.651) 
Token Types      : 0                   0                   0                   0                   0                   0                   0                   0                   0                   0                   0                   3                   3                   3                   0                  
turn_ids         : 0                   0                   0                   0                   0                   0                   0                   0                   0                   0                   0                   80783502999554      80783502999554      80783502999554      0                  
turn_end_types   : 0                   0                   0                   0                   0                   0                   0                   0                   0                   0                   0                   0                   0                   0                   0                  
speaker_ids      : 0                   0                   0                   0                   0                   0                   0                   0                   0                   0                   0                   2                   2                   2                   0                  


A                : Ġknow               Ġwhich              Ġare                Ġdemocracies        Ġuh                 Ġi                  Ġdon                't                  Ġknow               Ġabout              Ġfr                 ance                Ġi                  Ġknow               Ġthat              
Timings          : (116.651, 116.831)  (116.831, 117.041)  (117.041, 117.251)  (117.251, 118.221)  (119.217, 120.167)  (121.056, 121.23)   (121.23, 121.31)    (121.31, 121.39)    (121.39, 121.57)    (121.57, 121.88)    (121.88, 122.255)   (122.255, 122.63)   (122.63, 122.72)    (122.72, 122.92)    (122.92, 123.07)   
Token Types      : 1                   1                   1                   1                   1                   1                   1                   1                   1                   1                   1                   1                   1                   1                   1                  
turn_ids         : 80780818644996      80780818644996      80780818644996      80780818644996      80780818644996      80780818644996      80780818644996      80780818644996      80780818644996      80780818644996      80780818644996      80780818644996      80780818644996      80780818644996      80780818644996     
turn_end_types   : 1                   1                   1                   1                   1                   1                   1                   1                   1                   1                   1                   1                   1                   1                   1                  
speaker_ids      : 1                   1                   1                   1                   1                   1                   1                   1                   1                   1                   1                   1                   1                   1                   1                  

B                : <emp>               <emp>               <emp>               <emp>               <emp>               <emp>               <emp>               <emp>               <emp>               <emp>               <emp>               <emp>               <emp>               <emp>               <emp>              
Timings          : (116.651, 116.831)  (116.831, 117.041)  (117.041, 117.251)  (117.251, 118.221)  (119.217, 120.167)  (121.056, 121.23)   (121.23, 121.31)    (121.31, 121.39)    (121.39, 121.57)    (121.57, 121.88)    (121.88, 122.255)   (122.255, 122.63)   (122.63, 122.72)    (122.72, 122.92)    (122.92, 123.07)   
Token Types      : 0                   0                   0                   0                   0                   0                   0                   0                   0                   0                   0                   0                   0                   0                   0                  
turn_ids         : 0                   0                   0                   0                   0                   0                   0                   0                   0                   0                   0                   0                   0                   0                   0                  
turn_end_types   : 0                   0                   0                   0                   0                   0                   0                   0                   0                   0                   0                   0                   0                   0                   0                  
speaker_ids      : 0                   0                   0                   0                   0                   0                   0                   0                   0                   0                   0                   0                   0                   0                   0                  


A                : Ġsw                 itzerland           Ġand                Ġis                 rael                Ġthough             Ġare                Ġsomewhat           Ġmore               Ġhom                ogeneous            Ġhom                ogeneous            <eot>               <emp>              
Timings          : (123.07, 123.39)    (123.39, 123.71)    (123.71, 124.0)     (124.0, 124.18)     (124.18, 124.36)    (124.36, 124.91)    (124.91, 125.06)    (125.06, 125.38)    (125.38, 125.62)    (125.62, 125.738)   (125.738, 125.856)  (125.856, 126.409)  (126.409, 126.961)  (-1.0, -1.0)        (127.392, 127.681) 
Token Types      : 1                   1                   1                   1                   1                   1                   1                   1                   1                   1                   1                   1                   1                   1                   0                  
turn_ids         : 80780818644996      80780818644996      80780818644996      80780818644996      80780818644996      80780818644996      80780818644996      80780818644996      80780818644996      80780818644996      80780818644996      80780818644996      80780818644996      80780818644996      0                  
turn_end_types   : 1                   1                   1                   1                   1                   1                   1                   1                   1                   1                   1                   1                   1                   1                   0                  
speaker_ids      : 1                   1                   1                   1                   1                   1                   1                   1                   1                   1                   1                   1                   1                   1                   0                  

B                : <emp>               <emp>               <emp>               <emp>               <emp>               <emp>               <emp>               <emp>               <emp>               <emp>               <emp>               <emp>               <emp>               Ġoh                 Ġyeah              
Timings          : (123.07, 123.39)    (123.39, 123.71)    (123.71, 124.0)     (124.0, 124.18)     (124.18, 124.36)    (124.36, 124.91)    (124.91, 125.06)    (125.06, 125.38)    (125.38, 125.62)    (125.62, 125.738)   (125.738, 125.856)  (125.856, 126.409)  (126.409, 126.961)  (127.174, 127.392)  (127.392, 127.681) 
Token Types      : 0                   0                   0                   0                   0                   0                   0                   0                   0                   0                   0                   0                   0                   1                   1                  
turn_ids         : 0                   0                   0                   0                   0                   0                   0                   0                   0                   0                   0                   0                   0                   80781355515909      80781355515909     
turn_end_types   : 0                   0                   0                   0                   0                   0                   0                   0                   0                   0                   0                   0                   0                   2                   2                  
speaker_ids      : 0                   0                   0                   0                   0                   0                   0                   0                   0                   0                   0                   0                   0                   2                   2                  


A                : <emp>               <emp>               <emp>               <emp>               <emp>               <emp>               <emp>               <emp>               <emp>               <emp>               <emp>               <emp>               <emp>               <emp>               <emp>              
Timings          : (127.681, 128.191)  (128.191, 128.291)  (128.291, 128.491)  (128.491, 128.691)  (128.691, 128.891)  (128.891, 129.133)  (129.133, 129.721)  (129.721, 129.821)  (129.821, 130.071)  (130.071, 130.321)  (130.321, 130.441)  (130.441, 130.561)  (130.561, 130.621)  (130.621, 131.305)  (131.418, 131.491) 
Token Types      : 0                   0                   0                   0                   0                   0                   0                   0                   0                   0                   0                   0                   0                   0                   0                  
turn_ids         : 0                   0                   0                   0                   0                   0                   0                   0                   0                   0                   0                   0                   0                   0                   0                  
turn_end_types   : 0                   0                   0                   0                   0                   0                   0                   0                   0                   0                   0                   0                   0                   0                   0                  
speaker_ids      : 0                   0                   0                   0                   0                   0                   0                   0                   0                   0                   0                   0                   0                   0                   0                  

B                : Ġcertainly          Ġi                  Ġmean               Ġthere              's                  Ġespecially         Ġespecially         Ġin                 Ġis                 rael                Ġthere              's                  Ġa                  Ġparticular         Ġthe               
Timings          : (127.681, 128.191)  (128.191, 128.291)  (128.291, 128.491)  (128.491, 128.691)  (128.691, 128.891)  (128.891, 129.133)  (129.133, 129.721)  (129.721, 129.821)  (129.821, 130.071)  (130.071, 130.321)  (130.321, 130.441)  (130.441, 130.561)  (130.561, 130.621)  (130.621, 131.305)  (131.418, 131.491) 
Token Types      : 1                   1                   1                   1                   1                   1                   1                   1                   1                   1                   1                   1                   1                   1                   1                  
turn_ids         : 80781355515909      80781355515909      80781355515909      80781355515909      80781355515909      80781355515909      80781355515909      80781355515909      80781355515909      80781355515909      80781355515909      80781355515909      80781355515909      80781355515909      80781355515909     
turn_end_types   : 2                   2                   2                   2                   2                   2                   2                   2                   2                   2                   2                   2                   2                   2                   2                  
speaker_ids      : 2                   2                   2                   2                   2                   2                   2                   2                   2                   2                   2                   2                   2                   2                   2                  


A                : <emp>               <emp>               <emp>               <emp>               <emp>               <emp>               <emp>               <emp>               <emp>               <emp>               <emp>               <emp>               <emp>               <emp>               <emp>              
Timings          : (131.491, 131.961)  (131.961, 132.131)  (132.131, 132.293)  (132.293, 132.441)  (132.441, 132.521)  (132.521, 132.601)  (132.601, 133.091)  (133.091, 133.661)  (133.661, 133.851)  (133.851, 134.002)  (134.002, 134.154)  (134.154, 134.381)  (134.381, 134.491)  (134.491, 135.194)  (135.815, 135.938) 
Token Types      : 0                   0                   0                   0                   0                   0                   0                   0                   0                   0                   0                   0                   0                   0                   0                  
turn_ids         : 0                   0                   0                   0                   0                   0                   0                   0                   0                   0                   0                   0                   0                   0                   0                  
turn_end_types   : 0                   0                   0                   0                   0                   0                   0                   0                   0                   0                   0                   0                   0                   0                   0                  
speaker_ids      : 0                   0                   0                   0                   0                   0                   0                   0                   0                   0                   0                   0                   0                   0                   0                  

B                : Ġcause              Ġfor                Ġthe                Ġgood               Ġof                 Ġthe                Ġnation             Ġespecially         Ġwhen               Ġit                 's                  Ġon                 Ġthe                Ġdefensive          Ġand               
Timings          : (131.491, 131.961)  (131.961, 132.131)  (132.131, 132.293)  (132.293, 132.441)  (132.441, 132.521)  (132.521, 132.601)  (132.601, 133.091)  (133.091, 133.661)  (133.661, 133.851)  (133.851, 134.002)  (134.002, 134.154)  (134.154, 134.381)  (134.381, 134.491)  (134.491, 135.194)  (135.815, 135.938) 
Token Types      : 1                   1                   1                   1                   1                   1                   1                   1                   1                   1                   1                   1                   1                   1                   1                  
turn_ids         : 80781355515909      80781355515909      80781355515909      80781355515909      80781355515909      80781355515909      80781355515909      80781355515909      80781355515909      80781355515909      80781355515909      80781355515909      80781355515909      80781355515909      80781355515909     
turn_end_types   : 2                   2                   2                   2                   2                   2                   2                   2                   2                   2                   2                   2                   2                   2                   2                  
speaker_ids      : 2                   2                   2                   2                   2                   2                   2                   2                   2                   2                   2                   2                   2                   2                   2                  


A                : <emp>               <emp>               yeah                <ebc>               <emp>               <emp>               <emp>               <emp>               <emp>               <emp>               <emp>               <emp>               <emp>               <emp>               <emp>              
Timings          : (135.938, 136.038)  (136.038, 136.692)  (137.049, 137.432)  (-1.0, -1.0)        (138.298, 138.698)  (138.698, 138.818)  (138.818, 139.108)  (139.108, 139.288)  (139.288, 139.418)  (139.418, 139.488)  (139.488, 139.678)  (139.678, 139.748)  (139.748, 139.808)  (139.808, 140.33)   (140.919, 141.068) 
Token Types      : 0                   0                   3                   3                   0                   0                   0                   0                   0                   0                   0                   0                   0                   0                   0                  
turn_ids         : 0                   0                   80782966128643      80782966128643      0                   0                   0                   0                   0                   0                   0                   0                   0                   0                   0                  
turn_end_types   : 0                   0                   0                   0                   0                   0                   0                   0                   0                   0                   0                   0                   0                   0                   0                  
speaker_ids      : 0                   0                   1                   1                   0                   0                   0                   0                   0                   0                   0                   0                   0                   0                   0                  

B                : Ġthe                Ġregion             Ġreally             Ġinspires           Ġpeople             Ġto                 Ġhelp               Ġout                Ġfor                Ġthe                Ġgood               Ġof                 Ġthe                Ġcountry            Ġbut               
Timings          : (135.938, 136.038)  (136.038, 136.692)  (136.88, 137.488)   (137.488, 138.298)  (138.298, 138.698)  (138.698, 138.818)  (138.818, 139.108)  (139.108, 139.288)  (139.288, 139.418)  (139.418, 139.488)  (139.488, 139.678)  (139.678, 139.748)  (139.748, 139.808)  (139.808, 140.33)   (140.919, 141.068) 
Token Types      : 1                   1                   1                   1                   1                   1                   1                   1                   1                   1                   1                   1                   1                   1                   1                  
turn_ids         : 80781355515909      80781355515909      80781355515909      80781355515909      80781355515909      80781355515909      80781355515909      80781355515909      80781355515909      80781355515909      80781355515909      80781355515909      80781355515909      80781355515909      80781355515909     
turn_end_types   : 2                   2                   2                   2                   2                   2                   2                   2                   2                   2                   2                   2                   2                   2                   2                  
speaker_ids      : 2                   2                   2                   2                   2                   2                   2                   2                   2                   2                   2                   2                   2                   2                   2                  


A                : Ġwell               Ġbut                Ġthey               Ġstill              Ġhave               Ġa                  Ġuniversal          Ġwell               Ġuh                 Ġclose              Ġto                 Ġuniversal          Ġdraft              <emp>               <emp>              
Timings          : (141.122, 141.361)  (141.361, 141.52)   (141.52, 141.671)   (141.671, 142.01)   (142.01, 142.581)   (142.581, 142.671)  (142.671, 143.4)    (143.4, 143.661)    (143.661, 143.73)   (143.73, 144.1)     (144.1, 144.201)    (144.201, 144.77)   (144.77, 145.233)   (145.288, 145.435)  (145.435, 145.583) 
Token Types      : 4                   4                   4                   4                   4                   4                   4                   4                   4                   4                   4                   4                   4                   4                   4                  
turn_ids         : 80784039870470      80784039870470      80784039870470      80784039870470      80784039870470      80784039870470      80784039870470      80784039870470      80784039870470      80784039870470      80784039870470      80784039870470      80784039870470      80784039870470      80784039870470     
turn_end_types   : 1                   1                   1                   1                   1                   1                   1                   1                   1                   1                   1                   1                   1                   1                   1                  
speaker_ids      : 1                   1                   1                   1                   1                   1                   1                   1                   1                   1                   1                   1                   1                   1                   1                  

B                : Ġwe                 Ġhave               <yield>             <emp>               <emp>               <emp>               <emp>               <emp>               <emp>               <emp>               <emp>               <emp>               <emp>               Ġum                 hum                
Timings          : (141.068, 141.219)  (141.219, 141.461)  (-1.0, -1.0)        (141.671, 142.01)   (142.01, 142.581)   (142.581, 142.671)  (142.671, 143.4)    (143.4, 143.661)    (143.661, 143.73)   (143.73, 144.1)     (144.1, 144.201)    (144.201, 144.77)   (144.77, 145.233)   (145.288, 145.435)  (145.435, 145.583) 
Token Types      : 1                   1                   1                   0                   0                   0                   0                   0                   0                   0                   0                   0                   0                   3                   3                  
turn_ids         : 80781355515909      80781355515909      80781355515909      0                   0                   0                   0                   0                   0                   0                   0                   0                   0                   80783502999556      80783502999556     
turn_end_types   : 2                   2                   2                   0                   0                   0                   0                   0                   0                   0                   0                   0                   0                   0                   0                  
speaker_ids      : 2                   2                   2                   0                   0                   0                   0                   0                   0                   0                   0                   0                   0                   2                   2                  


A                : Ġuh                 Ġand                Ġthey               Ġstill              Ġrun                Ġinto               Ġto                 Ġproblems           Ġthere              Ġare                Ġsome               Ġpeople             Ġwho                Ġfeel               Ġthat              
Timings          : (145.773, 146.125)  (146.125, 146.27)   (146.27, 146.39)    (146.39, 146.671)   (146.671, 146.85)   (146.85, 147.495)   (148.471, 148.604)  (148.604, 149.365)  (149.365, 149.534)  (149.534, 149.67)   (149.67, 150.124)   (150.124, 150.464)  (150.464, 150.574)  (150.574, 150.914)  (150.914, 151.044) 
Token Types      : 4                   4                   4                   4                   4                   4                   4                   4                   4                   4                   4                   4                   4                   4                   4                  
turn_ids         : 80784039870470      80784039870470      80784039870470      80784039870470      80784039870470      80784039870470      80784039870470      80784039870470      80784039870470      80784039870470      80784039870470      80784039870470      80784039870470      80784039870470      80784039870470     
turn_end_types   : 1                   1                   1                   1                   1                   1                   1                   1                   1                   1                   1                   1                   1                   1                   1                  
speaker_ids      : 1                   1                   1                   1                   1                   1                   1                   1                   1                   1                   1                   1                   1                   1                   1                  

B                : <ebc>               <emp>               <emp>               <emp>               <emp>               <emp>               <emp>               <emp>               <emp>               <emp>               <emp>               <emp>               <emp>               <emp>               <emp>              
Timings          : (-1.0, -1.0)        (146.125, 146.27)   (146.27, 146.39)    (146.39, 146.671)   (146.671, 146.85)   (146.85, 147.495)   (148.471, 148.604)  (148.604, 149.365)  (149.365, 149.534)  (149.534, 149.67)   (149.67, 150.124)   (150.124, 150.464)  (150.464, 150.574)  (150.574, 150.914)  (150.914, 151.044) 
Token Types      : 3                   0                   0                   0                   0                   0                   0                   0                   0                   0                   0                   0                   0                   0                   0                  
turn_ids         : 80783502999556      0                   0                   0                   0                   0                   0                   0                   0                   0                   0                   0                   0                   0                   0                  
turn_end_types   : 0                   0                   0                   0                   0                   0                   0                   0                   0                   0                   0                   0                   0                   0                   0                  
speaker_ids      : 2                   0                   0                   0                   0                   0                   0                   0                   0                   0                   0                   0                   0                   0                   0                  


A                : Ġwomen              Ġshould             Ġnot                Ġhave               Ġto                 Ġtake               Ġorders             Ġfrom               Ġmen                Ġbecause            Ġit                 Ġleads              Ġto                 Ġmorality           Ġproblems          
Timings          : (151.044, 151.394)  (151.394, 151.614)  (151.614, 151.949)  (152.529, 152.824)  (152.824, 152.964)  (152.964, 153.274)  (153.274, 153.694)  (153.694, 153.874)  (153.874, 154.164)  (154.164, 154.474)  (154.474, 154.645)  (154.645, 155.018)  (155.018, 155.533)  (156.561, 157.179)  (157.179, 157.609) 
Token Types      : 4                   4                   4                   4                   4                   4                   4                   4                   4                   4                   4                   4                   4                   4                   4                  
turn_ids         : 80784039870470      80784039870470      80784039870470      80784039870470      80784039870470      80784039870470      80784039870470      80784039870470      80784039870470      80784039870470      80784039870470      80784039870470      80784039870470      80784039870470      80784039870470     
turn_end_types   : 1                   1                   1                   1                   1                   1                   1                   1                   1                   1                   1                   1                   1                   1                   1                  
speaker_ids      : 1                   1                   1                   1                   1                   1                   1                   1                   1                   1                   1                   1                   1                   1                   1                  

B                : <emp>               <emp>               <emp>               <emp>               <emp>               <emp>               <emp>               <emp>               <emp>               <emp>               <emp>               <emp>               <emp>               <emp>               <emp>              
Timings          : (151.044, 151.394)  (151.394, 151.614)  (151.614, 151.949)  (152.529, 152.824)  (152.824, 152.964)  (152.964, 153.274)  (153.274, 153.694)  (153.694, 153.874)  (153.874, 154.164)  (154.164, 154.474)  (154.474, 154.645)  (154.645, 155.018)  (155.018, 155.533)  (156.561, 157.179)  (157.179, 157.609) 
Token Types      : 0                   0                   0                   0                   0                   0                   0                   0                   0                   0                   0                   0                   0                   0                   0                  
turn_ids         : 0                   0                   0                   0                   0                   0                   0                   0                   0                   0                   0                   0                   0                   0                   0                  
turn_end_types   : 0                   0                   0                   0                   0                   0                   0                   0                   0                   0                   0                   0                   0                   0                   0                  
speaker_ids      : 0                   0                   0                   0                   0                   0                   0                   0                   0                   0                   0                   0                   0                   0                   0                  


A                : Ġand                Ġi                  Ġjust               Ġthink              Ġthat               Ġyou                'd                  Ġrun                Ġinto               Ġpeople             Ġwho                Ġfelt               Ġthat               Ġway                Ġhere              
Timings          : (157.609, 157.719)  (157.719, 157.789)  (157.789, 157.969)  (157.969, 158.149)  (158.149, 158.239)  (158.239, 158.339)  (158.339, 158.439)  (158.439, 158.609)  (158.609, 158.909)  (158.909, 159.279)  (159.279, 159.389)  (159.389, 159.689)  (159.689, 159.899)  (159.899, 160.156)  (160.156, 160.529) 
Token Types      : 4                   4                   4                   4                   4                   4                   4                   4                   4                   4                   4                   4                   4                   4                   4                  
turn_ids         : 80784039870470      80784039870470      80784039870470      80784039870470      80784039870470      80784039870470      80784039870470      80784039870470      80784039870470      80784039870470      80784039870470      80784039870470      80784039870470      80784039870470      80784039870470     
turn_end_types   : 1                   1                   1                   1                   1                   1                   1                   1                   1                   1                   1                   1                   1                   1                   1                  
speaker_ids      : 1                   1                   1                   1                   1                   1                   1                   1                   1                   1                   1                   1                   1                   1                   1                  

B                : <emp>               <emp>               <emp>               <emp>               <emp>               <emp>               <emp>               <emp>               <emp>               <emp>               <emp>               <emp>               <emp>               <emp>               <emp>              
Timings          : (157.609, 157.719)  (157.719, 157.789)  (157.789, 157.969)  (157.969, 158.149)  (158.149, 158.239)  (158.239, 158.339)  (158.339, 158.439)  (158.439, 158.609)  (158.609, 158.909)  (158.909, 159.279)  (159.279, 159.389)  (159.389, 159.689)  (159.689, 159.899)  (159.899, 160.156)  (160.156, 160.529) 
Token Types      : 0                   0                   0                   0                   0                   0                   0                   0                   0                   0                   0                   0                   0                   0                   0                  
turn_ids         : 0                   0                   0                   0                   0                   0                   0                   0                   0                   0                   0                   0                   0                   0                   0                  
turn_end_types   : 0                   0                   0                   0                   0                   0                   0                   0                   0                   0                   0                   0                   0                   0                   0                  
speaker_ids      : 0                   0                   0                   0                   0                   0                   0                   0                   0                   0                   0                   0                   0                   0                   0                  


A                : Ġnot                Ġonly               Ġuh                 Ġpeoples            Ġof                 Ġa                  Ġvery               Ġstrict             Ġjew                ish                 Ġcast               Ġbut                Ġalso               Ġi                  Ġthink             
Timings          : (160.529, 160.739)  (160.739, 161.258)  (161.883, 162.424)  (162.424, 163.069)  (163.069, 163.229)  (163.229, 163.319)  (163.319, 163.579)  (163.579, 163.999)  (163.999, 164.139)  (164.139, 164.279)  (164.279, 164.659)  (164.659, 164.799)  (164.799, 165.159)  (165.159, 165.229)  (165.229, 165.479) 
Token Types      : 4                   4                   4                   4                   4                   4                   4                   4                   4                   4                   4                   4                   4                   4                   4                  
turn_ids         : 80784039870470      80784039870470      80784039870470      80784039870470      80784039870470      80784039870470      80784039870470      80784039870470      80784039870470      80784039870470      80784039870470      80784039870470      80784039870470      80784039870470      80784039870470     
turn_end_types   : 1                   1                   1                   1                   1                   1                   1                   1                   1                   1                   1                   1                   1                   1                   1                  
speaker_ids      : 1                   1                   1                   1                   1                   1                   1                   1                   1                   1                   1                   1                   1                   1                   1                  

B                : <emp>               um                  <eint>              <emp>               <emp>               <emp>               <emp>               <emp>               <emp>               <emp>               <emp>               <emp>               <emp>               <emp>               <emp>              
Timings          : (160.529, 160.739)  (160.927, 161.027)  (-1.0, -1.0)        (162.424, 163.069)  (163.069, 163.229)  (163.229, 163.319)  (163.319, 163.579)  (163.579, 163.999)  (163.999, 164.139)  (164.139, 164.279)  (164.279, 164.659)  (164.659, 164.799)  (164.799, 165.159)  (165.159, 165.229)  (165.229, 165.479) 
Token Types      : 0                   5                   5                   0                   0                   0                   0                   0                   0                   0                   0                   0                   0                   0                   0                  
turn_ids         : 0                   80785650483205      80785650483205      0                   0                   0                   0                   0                   0                   0                   0                   0                   0                   0                   0                  
turn_end_types   : 0                   0                   0                   0                   0                   0                   0                   0                   0                   0                   0                   0                   0                   0                   0                  
speaker_ids      : 0                   2                   2                   0                   0                   0                   0                   0                   0                   0                   0                   0                   0                   0                   0                  


A                : Ġthat               Ġa                  Ġlot                Ġof                 Ġthe                Ġfundamental        ists                Ġwould              Ġhave               Ġproblems           Ġwith               <emp>               Ġtheir              Ġdaughters          Ġbeing             
Timings          : (165.479, 165.579)  (165.579, 165.619)  (165.619, 165.789)  (165.789, 165.849)  (165.849, 165.909)  (165.909, 166.289)  (166.289, 166.669)  (166.669, 166.769)  (166.769, 166.959)  (166.959, 167.539)  (167.539, 167.725)  (167.792, 167.886)  (167.905, 168.099)  (168.099, 168.699)  (168.699, 168.969) 
Token Types      : 4                   4                   4                   4                   4                   4                   4                   4                   4                   4                   4                   4                   4                   4                   4                  
turn_ids         : 80784039870470      80784039870470      80784039870470      80784039870470      80784039870470      80784039870470      80784039870470      80784039870470      80784039870470      80784039870470      80784039870470      80784039870470      80784039870470      80784039870470      80784039870470     
turn_end_types   : 1                   1                   1                   1                   1                   1                   1                   1                   1                   1                   1                   1                   1                   1                   1                  
speaker_ids      : 1                   1                   1                   1                   1                   1                   1                   1                   1                   1                   1                   1                   1                   1                   1                  

B                : <emp>               <emp>               <emp>               <emp>               <emp>               <emp>               <emp>               <emp>               <emp>               <emp>               <emp>               Ġum                 <eint>              <emp>               <emp>              
Timings          : (165.479, 165.579)  (165.579, 165.619)  (165.619, 165.789)  (165.789, 165.849)  (165.849, 165.909)  (165.909, 166.289)  (166.289, 166.669)  (166.669, 166.769)  (166.769, 166.959)  (166.959, 167.539)  (167.539, 167.725)  (167.792, 167.886)  (-1.0, -1.0)        (168.099, 168.699)  (168.699, 168.969) 
Token Types      : 0                   0                   0                   0                   0                   0                   0                   0                   0                   0                   0                   5                   5                   0                   0                  
turn_ids         : 0                   0                   0                   0                   0                   0                   0                   0                   0                   0                   0                   80785650483206      80785650483206      0                   0                  
turn_end_types   : 0                   0                   0                   0                   0                   0                   0                   0                   0                   0                   0                   0                   0                   0                   0                  
speaker_ids      : 0                   0                   0                   0                   0                   0                   0                   0                   0                   0                   0                   2                   2                   0                   0                  


A                : Ġunder              Ġthe                Ġyou                Ġknow               Ġhaving             Ġto                 Ġtake               Ġorders             Ġfrom               Ġa                  Ġman                Ġand                Ġwho                Ġknows              Ġwhat              
Timings          : (168.969, 169.299)  (169.299, 169.585)  (171.059, 171.163)  (171.163, 171.418)  (171.872, 172.133)  (172.133, 172.203)  (172.203, 172.433)  (172.433, 172.783)  (172.783, 172.973)  (172.973, 173.023)  (173.023, 173.343)  (173.343, 173.473)  (173.473, 173.633)  (173.633, 174.023)  (174.023, 174.313) 
Token Types      : 4                   4                   4                   4                   4                   4                   4                   4                   4                   4                   4                   4                   4                   4                   4                  
turn_ids         : 80784039870470      80784039870470      80784039870470      80784039870470      80784039870470      80784039870470      80784039870470      80784039870470      80784039870470      80784039870470      80784039870470      80784039870470      80784039870470      80784039870470      80784039870470     
turn_end_types   : 1                   1                   1                   1                   1                   1                   1                   1                   1                   1                   1                   1                   1                   1                   1                  
speaker_ids      : 1                   1                   1                   1                   1                   1                   1                   1                   1                   1                   1                   1                   1                   1                   1                  

B                : <emp>               <emp>               <emp>               <emp>               <emp>               <emp>               <emp>               <emp>               <emp>               <emp>               <emp>               <emp>               <emp>               <emp>               <emp>              
Timings          : (168.969, 169.299)  (169.299, 169.585)  (171.059, 171.163)  (171.163, 171.418)  (171.872, 172.133)  (172.133, 172.203)  (172.203, 172.433)  (172.433, 172.783)  (172.783, 172.973)  (172.973, 173.023)  (173.023, 173.343)  (173.343, 173.473)  (173.473, 173.633)  (173.633, 174.023)  (174.023, 174.313) 
Token Types      : 0                   0                   0                   0                   0                   0                   0                   0                   0                   0                   0                   0                   0                   0                   0                  
turn_ids         : 0                   0                   0                   0                   0                   0                   0                   0                   0                   0                   0                   0                   0                   0                   0                  
turn_end_types   : 0                   0                   0                   0                   0                   0                   0                   0                   0                   0                   0                   0                   0                   0                   0                  
speaker_ids      : 0                   0                   0                   0                   0                   0                   0                   0                   0                   0                   0                   0                   0                   0                   0                  


A                : Ġand                Ġuh                 Ġyou                Ġknow               Ġi                  Ġjust               Ġso                 Ġi                  Ġi                  Ġyou                Ġget                Ġyou                Ġget                Ġreally             Ġtorn              
Timings          : (174.313, 174.887)  (176.626, 177.477)  (178.602, 178.682)  (178.682, 178.762)  (178.762, 178.863)  (178.863, 179.113)  (179.113, 179.514)  (179.514, 179.871)  (179.871, 180.214)  (180.406, 180.585)  (180.585, 180.893)  (180.893, 181.072)  (181.072, 181.28)   (181.28, 181.555)   (181.555, 182.014) 
Token Types      : 4                   4                   4                   4                   4                   4                   4                   4                   4                   4                   4                   4                   4                   4                   4                  
turn_ids         : 80784039870470      80784039870470      80784039870470      80784039870470      80784039870470      80784039870470      80784039870470      80784039870470      80784039870470      80784039870470      80784039870470      80784039870470      80784039870470      80784039870470      80784039870470     
turn_end_types   : 1                   1                   1                   1                   1                   1                   1                   1                   1                   1                   1                   1                   1                   1                   1                  
speaker_ids      : 1                   1                   1                   1                   1                   1                   1                   1                   1                   1                   1                   1                   1                   1                   1                  

B                : <emp>               <emp>               <emp>               <emp>               <emp>               <emp>               <emp>               <emp>               <emp>               <emp>               <emp>               <emp>               <emp>               <emp>               <emp>              
Timings          : (174.313, 174.887)  (176.626, 177.477)  (178.602, 178.682)  (178.682, 178.762)  (178.762, 178.863)  (178.863, 179.113)  (179.113, 179.514)  (179.514, 179.871)  (179.871, 180.214)  (180.406, 180.585)  (180.585, 180.893)  (180.893, 181.072)  (181.072, 181.28)   (181.28, 181.555)   (181.555, 182.014) 
Token Types      : 0                   0                   0                   0                   0                   0                   0                   0                   0                   0                   0                   0                   0                   0                   0                  
turn_ids         : 0                   0                   0                   0                   0                   0                   0                   0                   0                   0                   0                   0                   0                   0                   0                  
turn_end_types   : 0                   0                   0                   0                   0                   0                   0                   0                   0                   0                   0                   0                   0                   0                   0                  
speaker_ids      : 0                   0                   0                   0                   0                   0                   0                   0                   0                   0                   0                   0                   0                   0                   0                  


A                : Ġon                 Ġthe                Ġother              Ġhand               Ġone                Ġof                 Ġmy                 Ġone                Ġof                 Ġmy                 Ġfavorite           Ġscience            Ġfiction            Ġbooks              Ġis                
Timings          : (182.014, 182.174)  (182.174, 182.292)  (182.292, 182.592)  (182.592, 183.32)   (184.88, 185.092)   (185.092, 185.182)  (185.182, 185.432)  (185.432, 185.592)  (185.592, 185.672)  (185.672, 185.849)  (185.849, 186.498)  (187.156, 187.562)  (187.562, 187.982)  (187.982, 188.292)  (188.292, 188.422) 
Token Types      : 4                   4                   4                   4                   4                   4                   4                   4                   4                   4                   4                   4                   4                   4                   4                  
turn_ids         : 80784039870470      80784039870470      80784039870470      80784039870470      80784039870470      80784039870470      80784039870470      80784039870470      80784039870470      80784039870470      80784039870470      80784039870470      80784039870470      80784039870470      80784039870470     
turn_end_types   : 1                   1                   1                   1                   1                   1                   1                   1                   1                   1                   1                   1                   1                   1                   1                  
speaker_ids      : 1                   1                   1                   1                   1                   1                   1                   1                   1                   1                   1                   1                   1                   1                   1                  

B                : <emp>               <emp>               <emp>               <emp>               <emp>               <emp>               <emp>               <emp>               <emp>               <emp>               <emp>               <emp>               <emp>               <emp>               <emp>              
Timings          : (182.014, 182.174)  (182.174, 182.292)  (182.292, 182.592)  (182.592, 183.32)   (184.88, 185.092)   (185.092, 185.182)  (185.182, 185.432)  (185.432, 185.592)  (185.592, 185.672)  (185.672, 185.849)  (185.849, 186.498)  (187.156, 187.562)  (187.562, 187.982)  (187.982, 188.292)  (188.292, 188.422) 
Token Types      : 0                   0                   0                   0                   0                   0                   0                   0                   0                   0                   0                   0                   0                   0                   0                  
turn_ids         : 0                   0                   0                   0                   0                   0                   0                   0                   0                   0                   0                   0                   0                   0                   0                  
turn_end_types   : 0                   0                   0                   0                   0                   0                   0                   0                   0                   0                   0                   0                   0                   0                   0                  
speaker_ids      : 0                   0                   0                   0                   0                   0                   0                   0                   0                   0                   0                   0                   0                   0                   0                  


A                : Ġa                  Ġbook               Ġby                 Ġuh                 Ġro                 bert                Ġhe                 in                  l                   ien                 Ġyeah               Ġuh                 Ġcalled             Ġstarship           Ġtrooper           
Timings          : (188.422, 188.552)  (188.552, 188.691)  (188.812, 189.33)   (189.481, 190.111)  (190.111, 190.281)  (190.281, 190.452)  (190.452, 190.602)  (190.602, 190.752)  (190.752, 190.902)  (190.902, 191.052)  (192.282, 192.592)  (195.393, 196.005)  (197.264, 197.702)  (197.702, 198.242)  (198.242, 198.572) 
Token Types      : 4                   4                   4                   4                   4                   4                   4                   4                   4                   4                   4                   4                   4                   4                   4                  
turn_ids         : 80784039870470      80784039870470      80784039870470      80784039870470      80784039870470      80784039870470      80784039870470      80784039870470      80784039870470      80784039870470      80784039870470      80784039870470      80784039870470      80784039870470      80784039870470     
turn_end_types   : 1                   1                   1                   1                   1                   1                   1                   1                   1                   1                   1                   1                   1                   1                   1                  
speaker_ids      : 1                   1                   1                   1                   1                   1                   1                   1                   1                   1                   1                   1                   1                   1                   1                  

B                : <emp>               <emp>               <emp>               <emp>               <emp>               <emp>               <emp>               <emp>               <emp>               <emp>               <emp>               <emp>               <emp>               <emp>               <emp>              
Timings          : (188.422, 188.552)  (188.552, 188.691)  (188.812, 189.33)   (189.481, 190.111)  (190.111, 190.281)  (190.281, 190.452)  (190.452, 190.602)  (190.602, 190.752)  (190.752, 190.902)  (190.902, 191.052)  (192.282, 192.592)  (195.393, 196.005)  (197.264, 197.702)  (197.702, 198.242)  (198.242, 198.572) 
Token Types      : 0                   0                   0                   0                   0                   0                   0                   0                   0                   0                   0                   0                   0                   0                   0                  
turn_ids         : 0                   0                   0                   0                   0                   0                   0                   0                   0                   0                   0                   0                   0                   0                   0                  
turn_end_types   : 0                   0                   0                   0                   0                   0                   0                   0                   0                   0                   0                   0                   0                   0                   0                  
speaker_ids      : 0                   0                   0                   0                   0                   0                   0                   0                   0                   0                   0                   0                   0                   0                   0                  


A                : Ġor                 Ġsomething          Ġand                Ġhe                 Ġtalks              Ġabout              Ġyou                Ġhad                Ġto                 Ġserve              Ġthe                Ġcountry            Ġin                 Ġorder              Ġto                
Timings          : (198.572, 198.682)  (198.682, 199.032)  (199.032, 199.135)  (199.135, 199.471)  (200.299, 200.632)  (200.632, 201.106)  (201.641, 201.812)  (201.812, 202.062)  (202.062, 202.392)  (202.392, 203.122)  (203.122, 203.192)  (203.192, 203.592)  (203.592, 203.682)  (203.682, 203.882)  (203.882, 203.992) 
Token Types      : 4                   4                   4                   4                   4                   4                   4                   4                   4                   4                   4                   4                   4                   4                   4                  
turn_ids         : 80784039870470      80784039870470      80784039870470      80784039870470      80784039870470      80784039870470      80784039870470      80784039870470      80784039870470      80784039870470      80784039870470      80784039870470      80784039870470      80784039870470      80784039870470     
turn_end_types   : 1                   1                   1                   1                   1                   1                   1                   1                   1                   1                   1                   1                   1                   1                   1                  
speaker_ids      : 1                   1                   1                   1                   1                   1                   1                   1                   1                   1                   1                   1                   1                   1                   1                  

B                : <emp>               <emp>               <emp>               <emp>               <emp>               <emp>               <emp>               <emp>               <emp>               <emp>               <emp>               <emp>               <emp>               <emp>               <emp>              
Timings          : (198.572, 198.682)  (198.682, 199.032)  (199.032, 199.135)  (199.135, 199.471)  (200.299, 200.632)  (200.632, 201.106)  (201.641, 201.812)  (201.812, 202.062)  (202.062, 202.392)  (202.392, 203.122)  (203.122, 203.192)  (203.192, 203.592)  (203.592, 203.682)  (203.682, 203.882)  (203.882, 203.992) 
Token Types      : 0                   0                   0                   0                   0                   0                   0                   0                   0                   0                   0                   0                   0                   0                   0                  
turn_ids         : 0                   0                   0                   0                   0                   0                   0                   0                   0                   0                   0                   0                   0                   0                   0                  
turn_end_types   : 0                   0                   0                   0                   0                   0                   0                   0                   0                   0                   0                   0                   0                   0                   0                  
speaker_ids      : 0                   0                   0                   0                   0                   0                   0                   0                   0                   0                   0                   0                   0                   0                   0                  


A                : Ġhave               Ġthe                Ġright              Ġto                 Ġvote               <eot>               Ġin                 Ġother              Ġwords              Ġyou                Ġhad                Ġto                 Ġfirst              Ġshow               Ġthat              
Timings          : (203.992, 204.262)  (204.262, 204.352)  (204.352, 204.572)  (204.572, 204.682)  (204.682, 205.11)   (-1.0, -1.0)        (205.926, 205.964)  (205.964, 206.054)  (206.054, 206.214)  (206.214, 206.294)  (206.294, 206.504)  (206.504, 206.574)  (206.574, 206.964)  (206.964, 207.601)  (208.057, 208.164) 
Token Types      : 4                   4                   4                   4                   4                   4                   1                   1                   1                   1                   1                   1                   1                   1                   1                  
turn_ids         : 80784039870470      80784039870470      80784039870470      80784039870470      80784039870470      80784039870470      80780818645000      80780818645000      80780818645000      80780818645000      80780818645000      80780818645000      80780818645000      80780818645000      80780818645000     
turn_end_types   : 1                   1                   1                   1                   1                   1                   1                   1                   1                   1                   1                   1                   1                   1                   1                  
speaker_ids      : 1                   1                   1                   1                   1                   1                   1                   1                   1                   1                   1                   1                   1                   1                   1                  

B                : <emp>               <emp>               <emp>               <emp>               <emp>               Ġsure               <eot>               <emp>               <emp>               <emp>               <emp>               <emp>               <emp>               <emp>               <emp>              
Timings          : (203.992, 204.262)  (204.262, 204.352)  (204.352, 204.572)  (204.572, 204.682)  (204.682, 205.11)   (205.505, 205.891)  (-1.0, -1.0)        (205.964, 206.054)  (206.054, 206.214)  (206.214, 206.294)  (206.294, 206.504)  (206.504, 206.574)  (206.574, 206.964)  (206.964, 207.601)  (208.057, 208.164) 
Token Types      : 0                   0                   0                   0                   0                   1                   1                   0                   0                   0                   0                   0                   0                   0                   0                  
turn_ids         : 0                   0                   0                   0                   0                   80781355515911      80781355515911      0                   0                   0                   0                   0                   0                   0                   0                  
turn_end_types   : 0                   0                   0                   0                   0                   1                   1                   0                   0                   0                   0                   0                   0                   0                   0                  
speaker_ids      : 0                   0                   0                   0                   0                   2                   2                   0                   0                   0                   0                   0                   0                   0                   0                  


A                : Ġit                 Ġmeant              Ġsomething          Ġto                 Ġyou                Ġin                 Ġorder              Ġto                 Ġto                 Ġhave               Ġthe                Ġright              Ġto                 Ġsay                Ġwhat              
Timings          : (208.164, 208.274)  (208.274, 208.524)  (208.524, 208.884)  (208.884, 209.053)  (209.053, 209.411)  (209.411, 209.544)  (209.544, 210.1)    (211.627, 211.999)  (212.213, 212.305)  (212.305, 212.555)  (212.555, 212.665)  (212.665, 212.915)  (212.915, 213.035)  (213.035, 213.729)  (213.729, 213.965) 
Token Types      : 1                   1                   1                   1                   1                   1                   1                   1                   1                   1                   1                   1                   1                   1                   1                  
turn_ids         : 80780818645000      80780818645000      80780818645000      80780818645000      80780818645000      80780818645000      80780818645000      80780818645000      80780818645000      80780818645000      80780818645000      80780818645000      80780818645000      80780818645000      80780818645000     
turn_end_types   : 1                   1                   1                   1                   1                   1                   1                   1                   1                   1                   1                   1                   1                   1                   1                  
speaker_ids      : 1                   1                   1                   1                   1                   1                   1                   1                   1                   1                   1                   1                   1                   1                   1                  

B                : <emp>               <emp>               <emp>               <emp>               <emp>               <emp>               <emp>               <emp>               <emp>               <emp>               <emp>               <emp>               <emp>               <emp>               <emp>              
Timings          : (208.164, 208.274)  (208.274, 208.524)  (208.524, 208.884)  (208.884, 209.053)  (209.053, 209.411)  (209.411, 209.544)  (209.544, 210.1)    (211.627, 211.999)  (212.213, 212.305)  (212.305, 212.555)  (212.555, 212.665)  (212.665, 212.915)  (212.915, 213.035)  (213.035, 213.729)  (213.729, 213.965) 
Token Types      : 0                   0                   0                   0                   0                   0                   0                   0                   0                   0                   0                   0                   0                   0                   0                  
turn_ids         : 0                   0                   0                   0                   0                   0                   0                   0                   0                   0                   0                   0                   0                   0                   0                  
turn_end_types   : 0                   0                   0                   0                   0                   0                   0                   0                   0                   0                   0                   0                   0                   0                   0                  
speaker_ids      : 0                   0                   0                   0                   0                   0                   0                   0                   0                   0                   0                   0                   0                   0                   0                  


A                : Ġought              Ġto                 Ġhappen             Ġuh                 Ġand                Ġso                 Ġthat               Ġyou                Ġyou                Ġknow               Ġi                  'm                  Ġsort               Ġof                 Ġtorn              
Timings          : (213.965, 214.125)  (214.125, 214.215)  (214.215, 214.619)  (215.696, 216.368)  (216.881, 217.028)  (217.028, 217.144)  (217.144, 217.456)  (217.456, 217.667)  (217.667, 217.874)  (217.874, 217.984)  (217.984, 218.064)  (218.064, 218.144)  (218.144, 218.324)  (218.324, 218.414)  (218.414, 218.884) 
Token Types      : 1                   1                   1                   1                   1                   1                   1                   1                   1                   1                   1                   1                   1                   1                   1                  
turn_ids         : 80780818645000      80780818645000      80780818645000      80780818645000      80780818645000      80780818645000      80780818645000      80780818645000      80780818645000      80780818645000      80780818645000      80780818645000      80780818645000      80780818645000      80780818645000     
turn_end_types   : 1                   1                   1                   1                   1                   1                   1                   1                   1                   1                   1                   1                   1                   1                   1                  
speaker_ids      : 1                   1                   1                   1                   1                   1                   1                   1                   1                   1                   1                   1                   1                   1                   1                  

B                : <emp>               <emp>               <emp>               <emp>               <emp>               <emp>               <emp>               <emp>               <emp>               <emp>               <emp>               <emp>               <emp>               <emp>               <emp>              
Timings          : (213.965, 214.125)  (214.125, 214.215)  (214.215, 214.619)  (215.696, 216.368)  (216.881, 217.028)  (217.028, 217.144)  (217.144, 217.456)  (217.456, 217.667)  (217.667, 217.874)  (217.874, 217.984)  (217.984, 218.064)  (218.064, 218.144)  (218.144, 218.324)  (218.324, 218.414)  (218.414, 218.884) 
Token Types      : 0                   0                   0                   0                   0                   0                   0                   0                   0                   0                   0                   0                   0                   0                   0                  
turn_ids         : 0                   0                   0                   0                   0                   0                   0                   0                   0                   0                   0                   0                   0                   0                   0                  
turn_end_types   : 0                   0                   0                   0                   0                   0                   0                   0                   0                   0                   0                   0                   0                   0                   0                  
speaker_ids      : 0                   0                   0                   0                   0                   0                   0                   0                   0                   0                   0                   0                   0                   0                   0                  


A                : Ġthat               Ġidea               Ġmakes              Ġa                  Ġwhole              Ġlot                Ġof                 Ġsense              Ġtoo                Ġpeople             Ġwho                Ġare                Ġjust               Ġalong              Ġfor               
Timings          : (218.884, 219.144)  (219.144, 219.694)  (219.694, 220.034)  (220.034, 220.104)  (220.104, 220.254)  (220.254, 220.414)  (220.414, 220.514)  (220.514, 220.864)  (220.864, 221.074)  (221.074, 221.644)  (221.644, 221.764)  (221.764, 221.874)  (221.874, 222.104)  (222.104, 222.444)  (222.444, 222.604) 
Token Types      : 1                   1                   1                   1                   1                   1                   1                   1                   1                   1                   1                   1                   1                   1                   1                  
turn_ids         : 80780818645000      80780818645000      80780818645000      80780818645000      80780818645000      80780818645000      80780818645000      80780818645000      80780818645000      80780818645000      80780818645000      80780818645000      80780818645000      80780818645000      80780818645000     
turn_end_types   : 1                   1                   1                   1                   1                   1                   1                   1                   1                   1                   1                   1                   1                   1                   1                  
speaker_ids      : 1                   1                   1                   1                   1                   1                   1                   1                   1                   1                   1                   1                   1                   1                   1                  

B                : <emp>               <emp>               <emp>               <emp>               <emp>               <emp>               <emp>               <emp>               <emp>               <emp>               <emp>               <emp>               <emp>               <emp>               <emp>              
Timings          : (218.884, 219.144)  (219.144, 219.694)  (219.694, 220.034)  (220.034, 220.104)  (220.104, 220.254)  (220.254, 220.414)  (220.414, 220.514)  (220.514, 220.864)  (220.864, 221.074)  (221.074, 221.644)  (221.644, 221.764)  (221.764, 221.874)  (221.874, 222.104)  (222.104, 222.444)  (222.444, 222.604) 
Token Types      : 0                   0                   0                   0                   0                   0                   0                   0                   0                   0                   0                   0                   0                   0                   0                  
turn_ids         : 0                   0                   0                   0                   0                   0                   0                   0                   0                   0                   0                   0                   0                   0                   0                  
turn_end_types   : 0                   0                   0                   0                   0                   0                   0                   0                   0                   0                   0                   0                   0                   0                   0                  
speaker_ids      : 0                   0                   0                   0                   0                   0                   0                   0                   0                   0                   0                   0                   0                   0                   0                  


A                : Ġthe                Ġride               Ġwhy                Ġshould             Ġthey               Ġsay                Ġhow                Ġmy                 Ġmoney              Ġshould             Ġbe                 Ġspent              Ġand                Ġwhy                Ġshould            
Timings          : (222.604, 222.714)  (222.714, 223.134)  (223.134, 223.384)  (223.384, 223.604)  (223.604, 223.824)  (223.824, 224.104)  (224.104, 224.304)  (224.304, 224.514)  (224.514, 224.824)  (224.824, 225.004)  (225.004, 225.124)  (225.124, 225.454)  (225.454, 225.594)  (225.594, 225.734)  (225.734, 225.934) 
Token Types      : 1                   1                   1                   1                   1                   1                   1                   1                   1                   1                   1                   1                   1                   1                   1                  
turn_ids         : 80780818645000      80780818645000      80780818645000      80780818645000      80780818645000      80780818645000      80780818645000      80780818645000      80780818645000      80780818645000      80780818645000      80780818645000      80780818645000      80780818645000      80780818645000     
turn_end_types   : 1                   1                   1                   1                   1                   1                   1                   1                   1                   1                   1                   1                   1                   1                   1                  
speaker_ids      : 1                   1                   1                   1                   1                   1                   1                   1                   1                   1                   1                   1                   1                   1                   1                  

B                : <emp>               <emp>               <emp>               <emp>               <emp>               <emp>               <emp>               <emp>               <emp>               <emp>               <emp>               <emp>               <emp>               <emp>               <emp>              
Timings          : (222.604, 222.714)  (222.714, 223.134)  (223.134, 223.384)  (223.384, 223.604)  (223.604, 223.824)  (223.824, 224.104)  (224.104, 224.304)  (224.304, 224.514)  (224.514, 224.824)  (224.824, 225.004)  (225.004, 225.124)  (225.124, 225.454)  (225.454, 225.594)  (225.594, 225.734)  (225.734, 225.934) 
Token Types      : 0                   0                   0                   0                   0                   0                   0                   0                   0                   0                   0                   0                   0                   0                   0                  
turn_ids         : 0                   0                   0                   0                   0                   0                   0                   0                   0                   0                   0                   0                   0                   0                   0                  
turn_end_types   : 0                   0                   0                   0                   0                   0                   0                   0                   0                   0                   0                   0                   0                   0                   0                  
speaker_ids      : 0                   0                   0                   0                   0                   0                   0                   0                   0                   0                   0                   0                   0                   0                   0                  


A                : Ġthey               Ġsay                Ġwhat               Ġi                  Ġought              Ġto                 Ġdo                 <eot>               <emp>               <emp>               <emp>               <emp>               <emp>               <emp>               <emp>              
Timings          : (225.934, 226.114)  (226.114, 226.314)  (226.314, 226.504)  (226.504, 226.654)  (226.654, 226.794)  (226.794, 226.884)  (226.884, 227.304)  (-1.0, -1.0)        (228.208, 228.348)  (228.348, 228.598)  (228.598, 228.748)  (228.748, 229.058)  (229.058, 229.638)  (229.638, 230.158)  (230.624, 231.095) 
Token Types      : 1                   1                   1                   1                   1                   1                   1                   1                   0                   0                   0                   0                   0                   0                   0                  
turn_ids         : 80780818645000      80780818645000      80780818645000      80780818645000      80780818645000      80780818645000      80780818645000      80780818645000      0                   0                   0                   0                   0                   0                   0                  
turn_end_types   : 1                   1                   1                   1                   1                   1                   1                   1                   0                   0                   0                   0                   0                   0                   0                  
speaker_ids      : 1                   1                   1                   1                   1                   1                   1                   1                   0                   0                   0                   0                   0                   0                   0                  

B                : <emp>               <emp>               <emp>               <emp>               <emp>               <emp>               <emp>               Ġwell               Ġthere              Ġshould             Ġbe                 Ġsome               Ġtangible           Ġbenefit            Ġuh                
Timings          : (225.934, 226.114)  (226.114, 226.314)  (226.314, 226.504)  (226.504, 226.654)  (226.654, 226.794)  (226.794, 226.884)  (226.884, 227.304)  (228.122, 228.208)  (228.208, 228.348)  (228.348, 228.598)  (228.598, 228.748)  (228.748, 229.058)  (229.058, 229.638)  (229.638, 230.158)  (230.624, 231.095) 
Token Types      : 0                   0                   0                   0                   0                   0                   0                   1                   1                   1                   1                   1                   1                   1                   1                  
turn_ids         : 0                   0                   0                   0                   0                   0                   0                   80781355515913      80781355515913      80781355515913      80781355515913      80781355515913      80781355515913      80781355515913      80781355515913     
turn_end_types   : 0                   0                   0                   0                   0                   0                   0                   2                   2                   2                   2                   2                   2                   2                   2                  
speaker_ids      : 0                   0                   0                   0                   0                   0                   0                   2                   2                   2                   2                   2                   2                   2                   2                  


A                : <emp>               <emp>               <emp>               <emp>               <emp>               <emp>               <emp>               <emp>               <emp>               <emp>               <emp>               <emp>               <emp>               <emp>               <emp>              
Timings          : (231.095, 231.305)  (231.305, 231.458)  (231.458, 231.558)  (231.558, 231.808)  (231.808, 231.988)  (231.988, 232.048)  (232.048, 232.218)  (232.218, 232.428)  (232.428, 232.988)  (232.988, 233.446)  (233.891, 234.118)  (234.118, 234.368)  (234.368, 234.438)  (234.438, 234.728)  (234.728, 234.788) 
Token Types      : 0                   0                   0                   0                   0                   0                   0                   0                   0                   0                   0                   0                   0                   0                   0                  
turn_ids         : 0                   0                   0                   0                   0                   0                   0                   0                   0                   0                   0                   0                   0                   0                   0                  
turn_end_types   : 0                   0                   0                   0                   0                   0                   0                   0                   0                   0                   0                   0                   0                   0                   0                  
speaker_ids      : 0                   0                   0                   0                   0                   0                   0                   0                   0                   0                   0                   0                   0                   0                   0                  

B                : Ġif                 Ġif                 Ġyou                Ġreally             Ġwant               Ġto                 Ġget                Ġinto               Ġsomething          Ġwhere              Ġyou                Ġwant               Ġto                 Ġhave               Ġa                 
Timings          : (231.095, 231.305)  (231.305, 231.458)  (231.458, 231.558)  (231.558, 231.808)  (231.808, 231.988)  (231.988, 232.048)  (232.048, 232.218)  (232.218, 232.428)  (232.428, 232.988)  (232.988, 233.446)  (233.891, 234.118)  (234.118, 234.368)  (234.368, 234.438)  (234.438, 234.728)  (234.728, 234.788) 
Token Types      : 1                   1                   1                   1                   1                   1                   1                   1                   1                   1                   1                   1                   1                   1                   1                  
turn_ids         : 80781355515913      80781355515913      80781355515913      80781355515913      80781355515913      80781355515913      80781355515913      80781355515913      80781355515913      80781355515913      80781355515913      80781355515913      80781355515913      80781355515913      80781355515913     
turn_end_types   : 2                   2                   2                   2                   2                   2                   2                   2                   2                   2                   2                   2                   2                   2                   2                  
speaker_ids      : 2                   2                   2                   2                   2                   2                   2                   2                   2                   2                   2                   2                   2                   2                   2                  


A                : <emp>               <emp>               <emp>               <emp>               <emp>               <emp>               <emp>               <emp>               <emp>               <emp>               <emp>               <emp>               <emp>               <emp>               <emp>              
Timings          : (234.788, 235.038)  (235.038, 235.998)  (235.998, 236.158)  (236.158, 236.438)  (236.438, 236.558)  (236.558, 236.868)  (236.868, 237.238)  (237.238, 237.388)  (237.388, 237.508)  (237.508, 237.728)  (237.728, 238.148)  (238.148, 238.268)  (238.268, 238.458)  (238.458, 239.038)  (239.764, 239.852) 
Token Types      : 0                   0                   0                   0                   0                   0                   0                   0                   0                   0                   0                   0                   0                   0                   0                  
turn_ids         : 0                   0                   0                   0                   0                   0                   0                   0                   0                   0                   0                   0                   0                   0                   0                  
turn_end_types   : 0                   0                   0                   0                   0                   0                   0                   0                   0                   0                   0                   0                   0                   0                   0                  
speaker_ids      : 0                   0                   0                   0                   0                   0                   0                   0                   0                   0                   0                   0                   0                   0                   0                  

B                : Ġfull               Ġparticipation      Ġand                Ġhave               Ġit                 Ġwork               Ġwell               Ġis                 Ġto                 Ġhave               Ġsomething          Ġwhere              Ġthey               Ġselect             Ġthe               
Timings          : (234.788, 235.038)  (235.038, 235.998)  (235.998, 236.158)  (236.158, 236.438)  (236.438, 236.558)  (236.558, 236.868)  (236.868, 237.238)  (237.238, 237.388)  (237.388, 237.508)  (237.508, 237.728)  (237.728, 238.148)  (238.148, 238.268)  (238.268, 238.458)  (238.458, 239.038)  (239.764, 239.852) 
Token Types      : 1                   1                   1                   1                   1                   1                   1                   1                   1                   1                   1                   1                   1                   1                   1                  
turn_ids         : 80781355515913      80781355515913      80781355515913      80781355515913      80781355515913      80781355515913      80781355515913      80781355515913      80781355515913      80781355515913      80781355515913      80781355515913      80781355515913      80781355515913      80781355515913     
turn_end_types   : 2                   2                   2                   2                   2                   2                   2                   2                   2                   2                   2                   2                   2                   2                   2                  
speaker_ids      : 2                   2                   2                   2                   2                   2                   2                   2                   2                   2                   2                   2                   2                   2                   2                  


A                : <emp>               <emp>               <emp>               <emp>               <emp>               Ġyeah               <ebc>               <emp>               <emp>               <emp>               <emp>               <emp>               <emp>               <emp>               <emp>              
Timings          : (239.852, 240.512)  (240.512, 240.663)  (240.663, 241.023)  (241.023, 241.193)  (241.193, 241.352)  (241.365, 241.724)  (-1.0, -1.0)        (241.773, 242.452)  (242.452, 242.672)  (242.672, 243.042)  (243.042, 243.242)  (243.242, 243.452)  (243.452, 243.693)  (243.693, 244.322)  (244.322, 244.87)  
Token Types      : 0                   0                   0                   0                   0                   3                   3                   0                   0                   0                   0                   0                   0                   0                   0                  
turn_ids         : 0                   0                   0                   0                   0                   80782966128646      80782966128646      0                   0                   0                   0                   0                   0                   0                   0                  
turn_end_types   : 0                   0                   0                   0                   0                   0                   0                   0                   0                   0                   0                   0                   0                   0                   0                  
speaker_ids      : 0                   0                   0                   0                   0                   1                   1                   0                   0                   0                   0                   0                   0                   0                   0                  

B                : Ġprograms           Ġor                 Ġwhatever           Ġthat               Ġthey               Ġwish               Ġto                 Ġparticipate        Ġin                 Ġand                Ġgive               Ġthem               Ġsome               Ġtangible           Ġbenefit           
Timings          : (239.852, 240.512)  (240.512, 240.663)  (240.663, 241.023)  (241.023, 241.193)  (241.193, 241.352)  (241.352, 241.663)  (241.663, 241.773)  (241.773, 242.452)  (242.452, 242.672)  (242.672, 243.042)  (243.042, 243.242)  (243.242, 243.452)  (243.452, 243.693)  (243.693, 244.322)  (244.322, 244.87)  
Token Types      : 1                   1                   1                   1                   1                   1                   1                   1                   1                   1                   1                   1                   1                   1                   1                  
turn_ids         : 80781355515913      80781355515913      80781355515913      80781355515913      80781355515913      80781355515913      80781355515913      80781355515913      80781355515913      80781355515913      80781355515913      80781355515913      80781355515913      80781355515913      80781355515913     
turn_end_types   : 2                   2                   2                   2                   2                   2                   2                   2                   2                   2                   2                   2                   2                   2                   2                  
speaker_ids      : 2                   2                   2                   2                   2                   2                   2                   2                   2                   2                   2                   2                   2                   2                   2                  


A                : <emp>               <emp>               <emp>               <emp>               <emp>               <emp>               <emp>               <emp>               <emp>               <emp>               <emp>               Ġright              <ebc>               <emp>               <emp>              
Timings          : (245.394, 245.583)  (245.583, 246.033)  (246.033, 246.393)  (246.393, 246.49)   (246.49, 247.373)   (247.531, 247.789)  (247.789, 248.092)  (248.092, 248.732)  (248.732, 248.893)  (248.893, 249.072)  (249.072, 249.491)  (249.64, 249.941)   (-1.0, -1.0)        (250.262, 250.322)  (250.322, 250.652) 
Token Types      : 0                   0                   0                   0                   0                   0                   0                   0                   0                   0                   0                   3                   3                   0                   0                  
turn_ids         : 0                   0                   0                   0                   0                   0                   0                   0                   0                   0                   0                   80782966128647      80782966128647      0                   0                  
turn_end_types   : 0                   0                   0                   0                   0                   0                   0                   0                   0                   0                   0                   0                   0                   0                   0                  
speaker_ids      : 0                   0                   0                   0                   0                   0                   0                   0                   0                   0                   0                   1                   1                   0                   0                  

B                : Ġfor                Ġdoing              Ġso                 Ġto                 Ġinspire            Ġuh                 Ġmore               Ġinvolvement        Ġon                 Ġtheir              Ġpart               <emp>               Ġin                 Ġthe                Ġand               
Timings          : (245.394, 245.583)  (245.583, 246.033)  (246.033, 246.393)  (246.393, 246.49)   (246.49, 247.373)   (247.531, 247.789)  (247.789, 248.092)  (248.092, 248.732)  (248.732, 248.893)  (248.893, 249.072)  (249.072, 249.491)  (249.64, 249.941)   (250.106, 250.262)  (250.262, 250.322)  (250.322, 250.652) 
Token Types      : 1                   1                   1                   1                   1                   1                   1                   1                   1                   1                   1                   1                   1                   1                   1                  
turn_ids         : 80781355515913      80781355515913      80781355515913      80781355515913      80781355515913      80781355515913      80781355515913      80781355515913      80781355515913      80781355515913      80781355515913      80781355515913      80781355515913      80781355515913      80781355515913     
turn_end_types   : 2                   2                   2                   2                   2                   2                   2                   2                   2                   2                   2                   2                   2                   2                   2                  
speaker_ids      : 2                   2                   2                   2                   2                   2                   2                   2                   2                   2                   2                   2                   2                   2                   2                  


A                : <emp>               <emp>               <emp>               <emp>               <emp>               <emp>               <emp>               <emp>               <emp>               <emp>               <emp>               <emp>               <emp>               <emp>               <emp>              
Timings          : (250.652, 250.802)  (250.802, 250.952)  (250.952, 251.022)  (251.022, 251.262)  (251.262, 251.372)  (251.372, 251.672)  (251.672, 251.762)  (251.762, 252.146)  (252.372, 252.792)  (253.184, 253.422)  (253.422, 253.702)  (253.702, 253.992)  (253.992, 254.432)  (254.432, 254.64)   (254.64, 254.83)   
Token Types      : 0                   0                   0                   0                   0                   0                   0                   0                   0                   0                   0                   0                   0                   0                   0                  
turn_ids         : 0                   0                   0                   0                   0                   0                   0                   0                   0                   0                   0                   0                   0                   0                   0                  
turn_end_types   : 0                   0                   0                   0                   0                   0                   0                   0                   0                   0                   0                   0                   0                   0                   0                  
speaker_ids      : 0                   0                   0                   0                   0                   0                   0                   0                   0                   0                   0                   0                   0                   0                   0                  

B                : Ġthat               's                  Ġthe                Ġway                Ġi                  Ġthink              Ġyou                Ġreally             Ġover               Ġtake               Ġover               Ġthis               Ġproblem            Ġor                 Ġget               
Timings          : (250.652, 250.802)  (250.802, 250.952)  (250.952, 251.022)  (251.022, 251.262)  (251.262, 251.372)  (251.372, 251.672)  (251.672, 251.762)  (251.762, 252.146)  (252.372, 252.792)  (253.184, 253.422)  (253.422, 253.702)  (253.702, 253.992)  (253.992, 254.432)  (254.432, 254.64)   (254.64, 254.83)   
Token Types      : 1                   1                   1                   1                   1                   1                   1                   1                   1                   1                   1                   1                   1                   1                   1                  
turn_ids         : 80781355515913      80781355515913      80781355515913      80781355515913      80781355515913      80781355515913      80781355515913      80781355515913      80781355515913      80781355515913      80781355515913      80781355515913      80781355515913      80781355515913      80781355515913     
turn_end_types   : 2                   2                   2                   2                   2                   2                   2                   2                   2                   2                   2                   2                   2                   2                   2                  
speaker_ids      : 2                   2                   2                   2                   2                   2                   2                   2                   2                   2                   2                   2                   2                   2                   2                  


A                : <emp>               <emp>               <emp>               <emp>               <emp>               <emp>               <emp>               <emp>               <emp>               <emp>               <emp>               <emp>               <emp>               <emp>               <emp>              
Timings          : (254.83, 255.062)   (255.062, 255.132)  (255.132, 255.202)  (255.202, 255.582)  (255.582, 255.722)  (255.722, 256.001)  (256.528, 256.587)  (256.587, 256.687)  (256.687, 257.477)  (257.477, 258.167)  (258.619, 258.97)   (258.97, 259.107)   (259.107, 259.377)  (259.377, 259.557)  (259.557, 259.697) 
Token Types      : 0                   0                   0                   0                   0                   0                   0                   0                   0                   0                   0                   0                   0                   0                   0                  
turn_ids         : 0                   0                   0                   0                   0                   0                   0                   0                   0                   0                   0                   0                   0                   0                   0                  
turn_end_types   : 0                   0                   0                   0                   0                   0                   0                   0                   0                   0                   0                   0                   0                   0                   0                  
speaker_ids      : 0                   0                   0                   0                   0                   0                   0                   0                   0                   0                   0                   0                   0                   0                   0                  

B                : Ġrid                Ġof                 Ġthe                Ġproblem            Ġof                 Ġthem               Ġyou                Ġknow               Ġconscientious      Ġobjection          Ġor                 Ġwhat               Ġhave               Ġyou                Ġif                
Timings          : (254.83, 255.062)   (255.062, 255.132)  (255.132, 255.202)  (255.202, 255.582)  (255.582, 255.722)  (255.722, 256.001)  (256.528, 256.587)  (256.587, 256.687)  (256.687, 257.477)  (257.477, 258.167)  (258.619, 258.97)   (258.97, 259.107)   (259.107, 259.377)  (259.377, 259.557)  (259.557, 259.697) 
Token Types      : 1                   1                   1                   1                   1                   1                   1                   1                   1                   1                   1                   1                   1                   1                   1                  
turn_ids         : 80781355515913      80781355515913      80781355515913      80781355515913      80781355515913      80781355515913      80781355515913      80781355515913      80781355515913      80781355515913      80781355515913      80781355515913      80781355515913      80781355515913      80781355515913     
turn_end_types   : 2                   2                   2                   2                   2                   2                   2                   2                   2                   2                   2                   2                   2                   2                   2                  
speaker_ids      : 2                   2                   2                   2                   2                   2                   2                   2                   2                   2                   2                   2                   2                   2                   2                  


A                : <emp>               <emp>               <emp>               <emp>               <emp>               <emp>               <emp>               <emp>               <emp>               Ġright              <ebc>               <emp>               <emp>               <emp>               <emp>              
Timings          : (259.697, 259.797)  (259.797, 259.987)  (259.987, 260.226)  (260.226, 260.366)  (260.366, 260.717)  (260.717, 260.827)  (260.827, 261.632)  (261.888, 262.127)  (262.127, 262.227)  (262.186, 262.7)    (-1.0, -1.0)        (262.577, 262.697)  (262.697, 262.957)  (262.957, 263.037)  (263.037, 263.376) 
Token Types      : 0                   0                   0                   0                   0                   0                   0                   0                   0                   3                   3                   0                   0                   0                   0                  
turn_ids         : 0                   0                   0                   0                   0                   0                   0                   0                   0                   80782966128648      80782966128648      0                   0                   0                   0                  
turn_end_types   : 0                   0                   0                   0                   0                   0                   0                   0                   0                   0                   0                   0                   0                   0                   0                  
speaker_ids      : 0                   0                   0                   0                   0                   0                   0                   0                   0                   1                   1                   0                   0                   0                   0                  

B                : Ġyou                Ġgive               Ġthem               Ġthe                Ġoption             Ġof                 Ġselecting          Ġwhat               Ġit                 Ġis                 Ġthat               Ġthey               Ġwant               Ġto                 Ġdo                
Timings          : (259.697, 259.797)  (259.797, 259.987)  (259.987, 260.226)  (260.226, 260.366)  (260.366, 260.717)  (260.717, 260.827)  (260.827, 261.632)  (261.888, 262.127)  (262.127, 262.227)  (262.227, 262.448)  (262.448, 262.577)  (262.577, 262.697)  (262.697, 262.957)  (262.957, 263.037)  (263.037, 263.376) 
Token Types      : 1                   1                   1                   1                   1                   1                   1                   1                   1                   1                   1                   1                   1                   1                   1                  
turn_ids         : 80781355515913      80781355515913      80781355515913      80781355515913      80781355515913      80781355515913      80781355515913      80781355515913      80781355515913      80781355515913      80781355515913      80781355515913      80781355515913      80781355515913      80781355515913     
turn_end_types   : 2                   2                   2                   2                   2                   2                   2                   2                   2                   2                   2                   2                   2                   2                   2                  
speaker_ids      : 2                   2                   2                   2                   2                   2                   2                   2                   2                   2                   2                   2                   2                   2                   2                  


A                : Ġright              Ġand                Ġand                Ġthat               's                  Ġthat               'd                  Ġbe                 Ġkind               Ġof                 Ġan                 Ġinteresting        Ġway                Ġof                 Ġdoing             
Timings          : (263.983, 264.211)  (264.211, 264.456)  (264.701, 264.791)  (264.791, 264.961)  (264.961, 265.131)  (265.131, 265.253)  (265.253, 265.375)  (265.375, 265.496)  (265.496, 265.691)  (265.691, 265.771)  (265.771, 265.871)  (265.871, 266.72)   (266.72, 267.071)   (267.071, 267.181)  (267.181, 267.551) 
Token Types      : 4                   4                   4                   4                   4                   4                   4                   4                   4                   4                   4                   4                   4                   4                   4                  
turn_ids         : 80784039870474      80784039870474      80784039870474      80784039870474      80784039870474      80784039870474      80784039870474      80784039870474      80784039870474      80784039870474      80784039870474      80784039870474      80784039870474      80784039870474      80784039870474     
turn_end_types   : 1                   1                   1                   1                   1                   1                   1                   1                   1                   1                   1                   1                   1                   1                   1                  
speaker_ids      : 1                   1                   1                   1                   1                   1                   1                   1                   1                   1                   1                   1                   1                   1                   1                  

B                : Ġi                  <yield>             <emp>               <emp>               <emp>               <emp>               <emp>               <emp>               <emp>               <emp>               <emp>               <emp>               <emp>               <emp>               <emp>              
Timings          : (263.994, 264.214)  (-1.0, -1.0)        (264.701, 264.791)  (264.791, 264.961)  (264.961, 265.131)  (265.131, 265.253)  (265.253, 265.375)  (265.375, 265.496)  (265.496, 265.691)  (265.691, 265.771)  (265.771, 265.871)  (265.871, 266.72)   (266.72, 267.071)   (267.071, 267.181)  (267.181, 267.551) 
Token Types      : 1                   1                   0                   0                   0                   0                   0                   0                   0                   0                   0                   0                   0                   0                   0                  
turn_ids         : 80781355515913      80781355515913      0                   0                   0                   0                   0                   0                   0                   0                   0                   0                   0                   0                   0                  
turn_end_types   : 2                   2                   0                   0                   0                   0                   0                   0                   0                   0                   0                   0                   0                   0                   0                  
speaker_ids      : 2                   2                   0                   0                   0                   0                   0                   0                   0                   0                   0                   0                   0                   0                   0                  


A                : Ġit                 Ġi                  Ġthink              Ġif                 Ġyou                're                 Ġgoing              Ġto                 Ġdo                 Ġsomething          Ġlike               Ġthat               Ġbecause            Ġit                 Ġinstead           
Timings          : (267.551, 267.641)  (267.641, 267.802)  (267.802, 268.111)  (268.111, 268.251)  (268.251, 268.316)  (268.316, 268.381)  (268.381, 268.601)  (268.601, 268.721)  (268.721, 268.911)  (268.911, 269.271)  (269.271, 269.491)  (269.491, 269.721)  (269.721, 270.141)  (270.141, 270.244)  (270.845, 271.501) 
Token Types      : 4                   4                   4                   4                   4                   4                   4                   4                   4                   4                   4                   4                   4                   4                   4                  
turn_ids         : 80784039870474      80784039870474      80784039870474      80784039870474      80784039870474      80784039870474      80784039870474      80784039870474      80784039870474      80784039870474      80784039870474      80784039870474      80784039870474      80784039870474      80784039870474     
turn_end_types   : 1                   1                   1                   1                   1                   1                   1                   1                   1                   1                   1                   1                   1                   1                   1                  
speaker_ids      : 1                   1                   1                   1                   1                   1                   1                   1                   1                   1                   1                   1                   1                   1                   1                  

B                : <emp>               <emp>               <emp>               <emp>               <emp>               <emp>               <emp>               <emp>               <emp>               <emp>               <emp>               <emp>               <emp>               <emp>               <emp>              
Timings          : (267.551, 267.641)  (267.641, 267.802)  (267.802, 268.111)  (268.111, 268.251)  (268.251, 268.316)  (268.316, 268.381)  (268.381, 268.601)  (268.601, 268.721)  (268.721, 268.911)  (268.911, 269.271)  (269.271, 269.491)  (269.491, 269.721)  (269.721, 270.141)  (270.141, 270.244)  (270.845, 271.501) 
Token Types      : 0                   0                   0                   0                   0                   0                   0                   0                   0                   0                   0                   0                   0                   0                   0                  
turn_ids         : 0                   0                   0                   0                   0                   0                   0                   0                   0                   0                   0                   0                   0                   0                   0                  
turn_end_types   : 0                   0                   0                   0                   0                   0                   0                   0                   0                   0                   0                   0                   0                   0                   0                  
speaker_ids      : 0                   0                   0                   0                   0                   0                   0                   0                   0                   0                   0                   0                   0                   0                   0                  


A                : Ġof                 Ġvoting             Ġfor                Ġa                  Ġrepresentative     Ġwho                Ġvotes              Ġfor                Ġlaws               Ġor                 Ġwhatever           Ġyou                Ġvote               Ġby                 Ġwhat              
Timings          : (271.501, 271.871)  (271.871, 272.763)  (273.471, 273.681)  (273.681, 273.741)  (273.741, 274.681)  (274.681, 275.191)  (275.688, 276.121)  (276.121, 276.241)  (276.241, 276.731)  (276.731, 276.831)  (276.831, 277.599)  (277.599, 277.928)  (277.928, 278.413)  (278.413, 278.751)  (278.751, 279.011) 
Token Types      : 4                   4                   4                   4                   4                   4                   4                   4                   4                   4                   4                   4                   4                   4                   4                  
turn_ids         : 80784039870474      80784039870474      80784039870474      80784039870474      80784039870474      80784039870474      80784039870474      80784039870474      80784039870474      80784039870474      80784039870474      80784039870474      80784039870474      80784039870474      80784039870474     
turn_end_types   : 1                   1                   1                   1                   1                   1                   1                   1                   1                   1                   1                   1                   1                   1                   1                  
speaker_ids      : 1                   1                   1                   1                   1                   1                   1                   1                   1                   1                   1                   1                   1                   1                   1                  

B                : <emp>               <emp>               <emp>               <emp>               <emp>               <emp>               <emp>               <emp>               <emp>               <emp>               <emp>               <emp>               <emp>               <emp>               <emp>              
Timings          : (271.501, 271.871)  (271.871, 272.763)  (273.471, 273.681)  (273.681, 273.741)  (273.741, 274.681)  (274.681, 275.191)  (275.688, 276.121)  (276.121, 276.241)  (276.241, 276.731)  (276.731, 276.831)  (276.831, 277.599)  (277.599, 277.928)  (277.928, 278.413)  (278.413, 278.751)  (278.751, 279.011) 
Token Types      : 0                   0                   0                   0                   0                   0                   0                   0                   0                   0                   0                   0                   0                   0                   0                  
turn_ids         : 0                   0                   0                   0                   0                   0                   0                   0                   0                   0                   0                   0                   0                   0                   0                  
turn_end_types   : 0                   0                   0                   0                   0                   0                   0                   0                   0                   0                   0                   0                   0                   0                   0                  
speaker_ids      : 0                   0                   0                   0                   0                   0                   0                   0                   0                   0                   0                   0                   0                   0                   0                  


A                : Ġyou                're                 Ġwilling            Ġto                 Ġparticipate        Ġin                 <eot>               <emp>               <emp>               <emp>               <emp>               <emp>               <emp>               Ġyes                Ġbut               
Timings          : (279.011, 279.116)  (279.116, 279.221)  (279.221, 279.823)  (280.048, 280.151)  (280.151, 280.871)  (280.871, 281.044)  (-1.0, -1.0)        (282.355, 282.538)  (282.538, 282.74)   (282.74, 282.954)   (282.954, 283.038)  (283.038, 283.248)  (283.248, 283.308)  (283.408, 283.511)  (283.511, 283.608) 
Token Types      : 4                   4                   4                   4                   4                   4                   4                   0                   0                   0                   0                   0                   0                   5                   5                  
turn_ids         : 80784039870474      80784039870474      80784039870474      80784039870474      80784039870474      80784039870474      80784039870474      0                   0                   0                   0                   0                   0                   80785113612299      80785113612299     
turn_end_types   : 1                   1                   1                   1                   1                   1                   1                   0                   0                   0                   0                   0                   0                   0                   0                  
speaker_ids      : 1                   1                   1                   1                   1                   1                   1                   0                   0                   0                   0                   0                   0                   1                   1                  

B                : <emp>               <emp>               <emp>               <emp>               <emp>               <emp>               Ġyeah               Ġi                  Ġi                  Ġthink              Ġit                 Ġhas                Ġa                  Ġlot                Ġof                
Timings          : (279.011, 279.116)  (279.116, 279.221)  (279.221, 279.823)  (280.048, 280.151)  (280.151, 280.871)  (280.871, 281.044)  (281.432, 281.715)  (282.355, 282.538)  (282.538, 282.74)   (282.74, 282.954)   (282.954, 283.038)  (283.038, 283.248)  (283.248, 283.308)  (283.308, 283.508)  (283.508, 283.598) 
Token Types      : 0                   0                   0                   0                   0                   0                   1                   1                   1                   1                   1                   1                   1                   1                   1                  
turn_ids         : 0                   0                   0                   0                   0                   0                   80781355515915      80781355515915      80781355515915      80781355515915      80781355515915      80781355515915      80781355515915      80781355515915      80781355515915     
turn_end_types   : 0                   0                   0                   0                   0                   0                   2                   2                   2                   2                   2                   2                   2                   2                   2                  
speaker_ids      : 0                   0                   0                   0                   0                   0                   2                   2                   2                   2                   2                   2                   2                   2                   2                  


A                : Ġi                  Ġcan                't                  Ġget                Ġone                Ġright              <emp>               Ġnow                <eint>              <emp>               <emp>               <emp>               <emp>               <emp>               <emp>              
Timings          : (283.608, 283.89)   (283.89, 283.977)   (283.977, 284.064)  (284.064, 284.196)  (284.196, 284.428)  (284.428, 284.657)  (284.578, 284.698)  (284.657, 284.831)  (-1.0, -1.0)        (285.068, 285.143)  (285.143, 285.218)  (285.218, 285.348)  (285.348, 285.428)  (285.428, 285.638)  (285.638, 285.918) 
Token Types      : 5                   5                   5                   5                   5                   5                   5                   5                   5                   0                   0                   0                   0                   0                   0                  
turn_ids         : 80785113612299      80785113612299      80785113612299      80785113612299      80785113612299      80785113612299      80785113612299      80785113612299      80785113612299      0                   0                   0                   0                   0                   0                  
turn_end_types   : 0                   0                   0                   0                   0                   0                   0                   0                   0                   0                   0                   0                   0                   0                   0                  
speaker_ids      : 1                   1                   1                   1                   1                   1                   1                   1                   1                   0                   0                   0                   0                   0                   0                  

B                : Ġpotential          <emp>               <emp>               Ġbut                Ġi                  Ġdon                't                  Ġthink              Ġthat               Ġwe                 're                 Ġgoing              Ġto                 Ġever               Ġsee               
Timings          : (283.598, 284.128)  (283.89, 283.977)   (283.977, 284.064)  (284.128, 284.368)  (284.368, 284.458)  (284.458, 284.578)  (284.578, 284.698)  (284.698, 284.908)  (284.908, 285.068)  (285.068, 285.143)  (285.143, 285.218)  (285.218, 285.348)  (285.348, 285.428)  (285.428, 285.638)  (285.638, 285.918) 
Token Types      : 1                   1                   1                   1                   1                   1                   1                   1                   1                   1                   1                   1                   1                   1                   1                  
turn_ids         : 80781355515915      80781355515915      80781355515915      80781355515915      80781355515915      80781355515915      80781355515915      80781355515915      80781355515915      80781355515915      80781355515915      80781355515915      80781355515915      80781355515915      80781355515915     
turn_end_types   : 2                   2                   2                   2                   2                   2                   2                   2                   2                   2                   2                   2                   2                   2                   2                  
speaker_ids      : 2                   2                   2                   2                   2                   2                   2                   2                   2                   2                   2                   2                   2                   2                   2                  


A                : <emp>               <emp>               <emp>               <emp>               <emp>               <emp>               <emp>               <emp>               Ġno                 Ġprobably           <emp>               Ġnot                <eot>               <emp>               <emp>              
Timings          : (285.918, 286.338)  (286.338, 286.558)  (286.558, 286.808)  (286.808, 286.988)  (286.988, 287.188)  (287.188, 287.328)  (287.328, 287.498)  (287.498, 287.898)  (287.827, 288.239)  (288.239, 288.859)  (288.418, 288.622)  (288.859, 289.228)  (-1.0, -1.0)        (290.294, 290.414)  (290.414, 290.974) 
Token Types      : 0                   0                   0                   0                   0                   0                   0                   0                   4                   4                   4                   4                   4                   0                   0                  
turn_ids         : 0                   0                   0                   0                   0                   0                   0                   0                   80784039870476      80784039870476      80784039870476      80784039870476      80784039870476      0                   0                  
turn_end_types   : 0                   0                   0                   0                   0                   0                   0                   0                   1                   1                   1                   1                   1                   0                   0                  
speaker_ids      : 0                   0                   0                   0                   0                   0                   0                   0                   1                   1                   1                   1                   1                   0                   0                  

B                : Ġsomething          Ġlike               Ġthat               Ġget                Ġthrough            Ġin                 Ġthis               Ġcountry            Ġbecause            Ġof                 Ġthe                <yield>             Ġmismatch           Ġof                 Ġpolitical         
Timings          : (285.918, 286.338)  (286.338, 286.558)  (286.558, 286.808)  (286.808, 286.988)  (286.988, 287.188)  (287.188, 287.328)  (287.328, 287.498)  (287.498, 287.898)  (287.898, 288.298)  (288.298, 288.418)  (288.418, 288.622)  (-1.0, -1.0)        (289.546, 290.294)  (290.294, 290.414)  (290.414, 290.974) 
Token Types      : 1                   1                   1                   1                   1                   1                   1                   1                   1                   1                   1                   1                   1                   1                   1                  
turn_ids         : 80781355515915      80781355515915      80781355515915      80781355515915      80781355515915      80781355515915      80781355515915      80781355515915      80781355515915      80781355515915      80781355515915      80781355515915      80781355515917      80781355515917      80781355515917     
turn_end_types   : 2                   2                   2                   2                   2                   2                   2                   2                   2                   2                   2                   2                   1                   1                   1                  
speaker_ids      : 2                   2                   2                   2                   2                   2                   2                   2                   2                   2                   2                   2                   2                   2                   2                  


A                : <emp>               <emp>               <emp>               <emp>               <emp>               <emp>               <emp>               Ġyeah               Ġwell               Ġand                Ġand                Ġthe                Ġother              Ġthing              Ġis                
Timings          : (290.974, 291.724)  (291.724, 291.854)  (291.854, 292.094)  (292.094, 292.324)  (292.324, 292.454)  (292.454, 292.891)  (292.891, 293.327)  (293.398, 293.737)  (294.121, 294.257)  (294.257, 294.617)  (294.617, 294.797)  (294.797, 294.857)  (294.857, 295.227)  (295.227, 295.467)  (295.467, 295.762) 
Token Types      : 0                   0                   0                   0                   0                   0                   0                   1                   1                   1                   1                   1                   1                   1                   1                  
turn_ids         : 0                   0                   0                   0                   0                   0                   0                   80780818645006      80780818645006      80780818645006      80780818645006      80780818645006      80780818645006      80780818645006      80780818645006     
turn_end_types   : 0                   0                   0                   0                   0                   0                   0                   1                   1                   1                   1                   1                   1                   1                   1                  
speaker_ids      : 0                   0                   0                   0                   0                   0                   0                   1                   1                   1                   1                   1                   1                   1                   1                  

B                : Ġnonsense           Ġthat               Ġgoes               Ġon                 Ġin                 Ġwashing            ton                 <eot>               <emp>               <emp>               <emp>               <emp>               <emp>               <emp>               <emp>              
Timings          : (290.974, 291.724)  (291.724, 291.854)  (291.854, 292.094)  (292.094, 292.324)  (292.324, 292.454)  (292.454, 292.891)  (292.891, 293.327)  (-1.0, -1.0)        (294.121, 294.257)  (294.257, 294.617)  (294.617, 294.797)  (294.797, 294.857)  (294.857, 295.227)  (295.227, 295.467)  (295.467, 295.762) 
Token Types      : 1                   1                   1                   1                   1                   1                   1                   1                   0                   0                   0                   0                   0                   0                   0                  
turn_ids         : 80781355515917      80781355515917      80781355515917      80781355515917      80781355515917      80781355515917      80781355515917      80781355515917      0                   0                   0                   0                   0                   0                   0                  
turn_end_types   : 1                   1                   1                   1                   1                   1                   1                   1                   0                   0                   0                   0                   0                   0                   0                  
speaker_ids      : 2                   2                   2                   2                   2                   2                   2                   2                   0                   0                   0                   0                   0                   0                   0                  


A                : Ġsuch                           Ġfor                            Ġit                             Ġto                             Ġto                             Ġtruly                          Ġbe                             Ġhelp                           <eot>                          
Timings          : (295.762, 295.952)              (295.952, 296.193)              (296.193, 296.687)              (296.687, 296.867)              (296.867, 297.067)              (297.067, 297.941)              (298.3, 298.539)                (298.539, 298.918)              (-1.0, -1.0)                   
Token Types      : 1                               1                               1                               1                               1                               1                               1                               1                               1                              
turn_ids         : 80780818645006                  80780818645006                  80780818645006                  80780818645006                  80780818645006                  80780818645006                  80780818645006                  80780818645006                  80780818645006                 
turn_end_types   : 1                               1                               1                               1                               1                               1                               1                               1                               1                              
speaker_ids      : 1                               1                               1                               1                               1                               1                               1                               1                               1                              

B                : <emp>                           <emp>                           <emp>                           <emp>                           <emp>                           <emp>                           <emp>                           <emp>                           <emp>                          
Timings          : (295.762, 295.952)              (295.952, 296.193)              (296.193, 296.687)              (296.687, 296.867)              (296.867, 297.067)              (297.067, 297.941)              (298.3, 298.539)                (298.539, 298.918)              (-1.0, -1.0)                   
Token Types      : 0                               0                               0                               0                               0                               0                               0                               0                               0                              
turn_ids         : 0                               0                               0                               0                               0                               0                               0                               0                               0                              
turn_end_types   : 0                               0                               0                               0                               0                               0                               0                               0                               0                              
speaker_ids      : 0                               0                               0                               0                               0                               0                               0                               0                               0                              


