A                : i                   Ġthink              Ġthat               Ġthe                Ġmiddle             Ġeast               Ġis                 Ġof                 Ġall                Ġthe                Ġuh                 Ġregions            Ġof                 Ġthe                Ġworld             
Timings          : (0.03, 0.257)       (0.257, 0.479)      (0.553, 0.69)       (0.77, 0.83)        (0.83, 1.09)        (1.09, 1.42)        (1.42, 1.85)        (1.85, 1.991)       (1.991, 2.277)      (2.277, 2.549)      (2.549, 2.832)      (2.832, 3.24)       (3.24, 3.32)        (3.32, 3.38)        (3.38, 3.82)       
Token Types      : 1                   1                   1                   1                   1                   1                   1                   1                   1                   1                   1                   1                   1                   1                   1                  
turn_ids         : 82859582816256      82859582816256      82859582816256      82859582816256      82859582816256      82859582816256      82859582816256      82859582816256      82859582816256      82859582816256      82859582816256      82859582816256      82859582816256      82859582816256      82859582816256     
turn_end_types   : 1                   1                   1                   1                   1                   1                   1                   1                   1                   1                   1                   1                   1                   1                   1                  
speaker_ids      : 1                   1                   1                   1                   1                   1                   1                   1                   1                   1                   1                   1                   1                   1                   1                  

B                : <emp>               <emp>               <emp>               <emp>               <emp>               <emp>               <emp>               <emp>               <emp>               <emp>               <emp>               <emp>               <emp>               <emp>               <emp>              
Timings          : (0.03, 0.257)       (0.257, 0.479)      (0.553, 0.69)       (0.77, 0.83)        (0.83, 1.09)        (1.09, 1.42)        (1.42, 1.85)        (1.85, 1.991)       (1.991, 2.277)      (2.277, 2.549)      (2.549, 2.832)      (2.832, 3.24)       (3.24, 3.32)        (3.32, 3.38)        (3.38, 3.82)       
Token Types      : 0                   0                   0                   0                   0                   0                   0                   0                   0                   0                   0                   0                   0                   0                   0                  
turn_ids         : 0                   0                   0                   0                   0                   0                   0                   0                   0                   0                   0                   0                   0                   0                   0                  
turn_end_types   : 0                   0                   0                   0                   0                   0                   0                   0                   0                   0                   0                   0                   0                   0                   0                  
speaker_ids      : 0                   0                   0                   0                   0                   0                   0                   0                   0                   0                   0                   0                   0                   0                   0                  


A                : Ġthe                Ġmost               Ġvolatile           Ġthat               Ġwe                 Ġseem               Ġto                 Ġbe                 Ġgetting            Ġourselves          Ġinvolved           Ġin                 Ġand                Ġuh                 Ġi                 
Timings          : (3.82, 3.88)        (3.88, 4.18)        (4.18, 4.79)        (4.79, 4.93)        (4.93, 5.12)        (5.12, 5.38)        (5.38, 5.46)        (5.46, 5.65)        (5.65, 5.93)        (5.93, 6.43)        (6.43, 7.07)        (7.07, 7.39)        (8.481, 9.191)      (9.191, 9.628)      (10.564, 10.716)   
Token Types      : 1                   1                   1                   1                   1                   1                   1                   1                   1                   1                   1                   1                   1                   1                   1                  
turn_ids         : 82859582816256      82859582816256      82859582816256      82859582816256      82859582816256      82859582816256      82859582816256      82859582816256      82859582816256      82859582816256      82859582816256      82859582816256      82859582816256      82859582816256      82859582816256     
turn_end_types   : 1                   1                   1                   1                   1                   1                   1                   1                   1                   1                   1                   1                   1                   1                   1                  
speaker_ids      : 1                   1                   1                   1                   1                   1                   1                   1                   1                   1                   1                   1                   1                   1                   1                  

B                : <emp>               <emp>               <emp>               <emp>               <emp>               <emp>               <emp>               <emp>               <emp>               <emp>               <emp>               <emp>               <emp>               <emp>               <emp>              
Timings          : (3.82, 3.88)        (3.88, 4.18)        (4.18, 4.79)        (4.79, 4.93)        (4.93, 5.12)        (5.12, 5.38)        (5.38, 5.46)        (5.46, 5.65)        (5.65, 5.93)        (5.93, 6.43)        (6.43, 7.07)        (7.07, 7.39)        (8.481, 9.191)      (9.191, 9.628)      (10.564, 10.716)   
Token Types      : 0                   0                   0                   0                   0                   0                   0                   0                   0                   0                   0                   0                   0                   0                   0                  
turn_ids         : 0                   0                   0                   0                   0                   0                   0                   0                   0                   0                   0                   0                   0                   0                   0                  
turn_end_types   : 0                   0                   0                   0                   0                   0                   0                   0                   0                   0                   0                   0                   0                   0                   0                  
speaker_ids      : 0                   0                   0                   0                   0                   0                   0                   0                   0                   0                   0                   0                   0                   0                   0                  


A                : 'm                  Ġnot                Ġsure               Ġwe                 're                 Ġdoing              Ġso                 Ġwith               Ġsufficient         Ġknowledge          Ġabout              Ġthe                Ġhistory            Ġof                 Ġthe               
Timings          : (10.716, 10.868)    (10.868, 11.106)    (11.106, 11.396)    (11.396, 11.496)    (11.496, 11.596)    (11.596, 12.026)    (12.026, 12.639)    (12.639, 12.952)    (14.006, 14.666)    (14.666, 15.216)    (15.216, 15.566)    (15.566, 15.666)    (15.666, 16.096)    (16.096, 16.206)    (16.206, 16.276)   
Token Types      : 1                   1                   1                   1                   1                   1                   1                   1                   1                   1                   1                   1                   1                   1                   1                  
turn_ids         : 82859582816256      82859582816256      82859582816256      82859582816256      82859582816256      82859582816256      82859582816256      82859582816256      82859582816256      82859582816256      82859582816256      82859582816256      82859582816256      82859582816256      82859582816256     
turn_end_types   : 1                   1                   1                   1                   1                   1                   1                   1                   1                   1                   1                   1                   1                   1                   1                  
speaker_ids      : 1                   1                   1                   1                   1                   1                   1                   1                   1                   1                   1                   1                   1                   1                   1                  

B                : <emp>               <emp>               <emp>               <emp>               <emp>               <emp>               <emp>               <emp>               <emp>               <emp>               <emp>               <emp>               <emp>               <emp>               <emp>              
Timings          : (10.716, 10.868)    (10.868, 11.106)    (11.106, 11.396)    (11.396, 11.496)    (11.496, 11.596)    (11.596, 12.026)    (12.026, 12.639)    (12.639, 12.952)    (14.006, 14.666)    (14.666, 15.216)    (15.216, 15.566)    (15.566, 15.666)    (15.666, 16.096)    (16.096, 16.206)    (16.206, 16.276)   
Token Types      : 0                   0                   0                   0                   0                   0                   0                   0                   0                   0                   0                   0                   0                   0                   0                  
turn_ids         : 0                   0                   0                   0                   0                   0                   0                   0                   0                   0                   0                   0                   0                   0                   0                  
turn_end_types   : 0                   0                   0                   0                   0                   0                   0                   0                   0                   0                   0                   0                   0                   0                   0                  
speaker_ids      : 0                   0                   0                   0                   0                   0                   0                   0                   0                   0                   0                   0                   0                   0                   0                  


A                : Ġarea               Ġand                Ġum                 Ġwith               Ġwhat               Ġuh                 Ġthe                Ġpeople             Ġthere              Ġexpect             Ġi                  Ġthink              Ġwe                 're                 Ġjust              
Timings          : (16.276, 16.919)    (16.919, 17.746)    (17.746, 18.133)    (18.528, 18.766)    (18.766, 19.127)    (19.779, 19.936)    (19.936, 20.046)    (20.046, 20.456)    (20.456, 20.706)    (20.706, 21.406)    (21.865, 21.975)    (21.975, 22.136)    (22.136, 22.181)    (22.181, 22.226)    (22.226, 22.416)   
Token Types      : 1                   1                   1                   1                   1                   1                   1                   1                   1                   1                   1                   1                   1                   1                   1                  
turn_ids         : 82859582816256      82859582816256      82859582816256      82859582816256      82859582816256      82859582816256      82859582816256      82859582816256      82859582816256      82859582816256      82859582816256      82859582816256      82859582816256      82859582816256      82859582816256     
turn_end_types   : 1                   1                   1                   1                   1                   1                   1                   1                   1                   1                   1                   1                   1                   1                   1                  
speaker_ids      : 1                   1                   1                   1                   1                   1                   1                   1                   1                   1                   1                   1                   1                   1                   1                  

B                : <emp>               <emp>               <emp>               <emp>               <emp>               <emp>               <emp>               <emp>               <emp>               <emp>               <emp>               <emp>               <emp>               <emp>               <emp>              
Timings          : (16.276, 16.919)    (16.919, 17.746)    (17.746, 18.133)    (18.528, 18.766)    (18.766, 19.127)    (19.779, 19.936)    (19.936, 20.046)    (20.046, 20.456)    (20.456, 20.706)    (20.706, 21.406)    (21.865, 21.975)    (21.975, 22.136)    (22.136, 22.181)    (22.181, 22.226)    (22.226, 22.416)   
Token Types      : 0                   0                   0                   0                   0                   0                   0                   0                   0                   0                   0                   0                   0                   0                   0                  
turn_ids         : 0                   0                   0                   0                   0                   0                   0                   0                   0                   0                   0                   0                   0                   0                   0                  
turn_end_types   : 0                   0                   0                   0                   0                   0                   0                   0                   0                   0                   0                   0                   0                   0                   0                  
speaker_ids      : 0                   0                   0                   0                   0                   0                   0                   0                   0                   0                   0                   0                   0                   0                   0                  


A                : Ġgetting            Ġourselves          Ġinto               Ġa                  Ġbarrel             Ġof                 Ġtrouble            <eot>               <emp>               <emp>               <emp>               <emp>               <emp>               <emp>               <emp>              
Timings          : (22.416, 22.686)    (22.686, 23.096)    (23.096, 23.326)    (23.326, 23.386)    (23.386, 23.816)    (23.816, 23.916)    (23.916, 24.534)    (-1.0, -1.0)        (25.847, 25.969)    (25.969, 26.071)    (26.071, 26.267)    (26.267, 26.378)    (26.378, 26.448)    (26.448, 26.608)    (26.608, 26.688)   
Token Types      : 1                   1                   1                   1                   1                   1                   1                   1                   0                   0                   0                   0                   0                   0                   0                  
turn_ids         : 82859582816256      82859582816256      82859582816256      82859582816256      82859582816256      82859582816256      82859582816256      82859582816256      0                   0                   0                   0                   0                   0                   0                  
turn_end_types   : 1                   1                   1                   1                   1                   1                   1                   1                   0                   0                   0                   0                   0                   0                   0                  
speaker_ids      : 1                   1                   1                   1                   1                   1                   1                   1                   0                   0                   0                   0                   0                   0                   0                  

B                : <emp>               <emp>               <emp>               <emp>               <emp>               <emp>               <emp>               yeah                Ġwell               Ġi                  Ġthink              Ġwe                 Ġmay                Ġhave               Ġthe               
Timings          : (22.416, 22.686)    (22.686, 23.096)    (23.096, 23.326)    (23.326, 23.386)    (23.386, 23.816)    (23.816, 23.916)    (23.916, 24.534)    (25.166, 25.847)    (25.847, 25.969)    (25.969, 26.071)    (26.071, 26.267)    (26.267, 26.378)    (26.378, 26.448)    (26.448, 26.608)    (26.608, 26.688)   
Token Types      : 0                   0                   0                   0                   0                   0                   0                   1                   1                   1                   1                   1                   1                   1                   1                  
turn_ids         : 0                   0                   0                   0                   0                   0                   0                   82860119687169      82860119687169      82860119687169      82860119687169      82860119687169      82860119687169      82860119687169      82860119687169     
turn_end_types   : 0                   0                   0                   0                   0                   0                   0                   1                   1                   1                   1                   1                   1                   1                   1                  
speaker_ids      : 0                   0                   0                   0                   0                   0                   0                   2                   2                   2                   2                   2                   2                   2                   2                  


A                : <emp>               <emp>               <emp>               <emp>               <emp>               <emp>               <emp>               <emp>               <emp>               <emp>               <emp>               <emp>               <emp>               <emp>               <emp>              
Timings          : (26.688, 26.962)    (27.071, 27.417)    (27.417, 27.507)    (27.507, 27.587)    (27.587, 27.938)    (27.938, 28.087)    (28.087, 28.468)    (28.468, 28.647)    (28.647, 28.788)    (28.788, 29.537)    (29.665, 29.767)    (29.767, 29.827)    (29.827, 30.276)    (31.116, 31.316)    (32.387, 32.496)   
Token Types      : 0                   0                   0                   0                   0                   0                   0                   0                   0                   0                   0                   0                   0                   0                   0                  
turn_ids         : 0                   0                   0                   0                   0                   0                   0                   0                   0                   0                   0                   0                   0                   0                   0                  
turn_end_types   : 0                   0                   0                   0                   0                   0                   0                   0                   0                   0                   0                   0                   0                   0                   0                  
speaker_ids      : 0                   0                   0                   0                   0                   0                   0                   0                   0                   0                   0                   0                   0                   0                   0                  

B                : Ġknowledge          Ġknowledge          Ġof                 Ġthe                Ġhistory            Ġbut                Ġcertainly          Ġnot                Ġany                Ġunderstanding      Ġof                 Ġthe                Ġhistory            Ġuh                 Ġwe                
Timings          : (26.688, 26.962)    (27.071, 27.417)    (27.417, 27.507)    (27.507, 27.587)    (27.587, 27.938)    (27.938, 28.087)    (28.087, 28.468)    (28.468, 28.647)    (28.647, 28.788)    (28.788, 29.537)    (29.665, 29.767)    (29.767, 29.827)    (29.827, 30.276)    (31.116, 31.316)    (32.387, 32.496)   
Token Types      : 1                   1                   1                   1                   1                   1                   1                   1                   1                   1                   1                   1                   1                   1                   1                  
turn_ids         : 82860119687169      82860119687169      82860119687169      82860119687169      82860119687169      82860119687169      82860119687169      82860119687169      82860119687169      82860119687169      82860119687169      82860119687169      82860119687169      82860119687169      82860119687169     
turn_end_types   : 1                   1                   1                   1                   1                   1                   1                   1                   1                   1                   1                   1                   1                   1                   1                  
speaker_ids      : 2                   2                   2                   2                   2                   2                   2                   2                   2                   2                   2                   2                   2                   2                   2                  


A                : <emp>               <emp>               <emp>               <emp>               <emp>               <emp>               <emp>               <emp>               <emp>               <emp>               <emp>               <emp>               <emp>               <emp>               <emp>              
Timings          : (32.496, 32.706)    (32.706, 32.816)    (32.816, 33.046)    (33.216, 33.306)    (33.306, 33.376)    (33.376, 33.623)    (33.623, 33.728)    (33.728, 33.855)    (33.855, 33.955)    (33.955, 34.055)    (34.055, 34.236)    (34.236, 34.296)    (34.296, 34.496)    (34.496, 34.646)    (34.646, 35.056)   
Token Types      : 0                   0                   0                   0                   0                   0                   0                   0                   0                   0                   0                   0                   0                   0                   0                  
turn_ids         : 0                   0                   0                   0                   0                   0                   0                   0                   0                   0                   0                   0                   0                   0                   0                  
turn_end_types   : 0                   0                   0                   0                   0                   0                   0                   0                   0                   0                   0                   0                   0                   0                   0                  
speaker_ids      : 0                   0                   0                   0                   0                   0                   0                   0                   0                   0                   0                   0                   0                   0                   0                  

B                : Ġseem               Ġto                 Ġbe                 Ġyou                Ġknow               Ġdoing              Ġthe                Ġsame               Ġwe                 've                 Ġdone               Ġin                 Ġmany               Ġother              Ġcases             
Timings          : (32.496, 32.706)    (32.706, 32.816)    (32.816, 33.046)    (33.216, 33.306)    (33.306, 33.376)    (33.376, 33.623)    (33.623, 33.728)    (33.728, 33.855)    (33.855, 33.955)    (33.955, 34.055)    (34.055, 34.236)    (34.236, 34.296)    (34.296, 34.496)    (34.496, 34.646)    (34.646, 35.056)   
Token Types      : 1                   1                   1                   1                   1                   1                   1                   1                   1                   1                   1                   1                   1                   1                   1                  
turn_ids         : 82860119687169      82860119687169      82860119687169      82860119687169      82860119687169      82860119687169      82860119687169      82860119687169      82860119687169      82860119687169      82860119687169      82860119687169      82860119687169      82860119687169      82860119687169     
turn_end_types   : 1                   1                   1                   1                   1                   1                   1                   1                   1                   1                   1                   1                   1                   1                   1                  
speaker_ids      : 2                   2                   2                   2                   2                   2                   2                   2                   2                   2                   2                   2                   2                   2                   2                  


A                : <emp>               <emp>               <emp>               <emp>               <emp>               <emp>               <emp>               <emp>               <emp>               <emp>               <emp>               <emp>               <emp>               <emp>               <emp>              
Timings          : (35.056, 35.186)    (35.186, 35.358)    (35.531, 35.846)    (35.846, 35.946)    (35.946, 36.355)    (36.355, 36.46)     (36.46, 36.634)     (36.634, 36.716)    (36.716, 36.816)    (36.816, 36.916)    (36.916, 37.358)    (38.235, 38.352)    (38.352, 38.458)    (38.458, 38.575)    (38.575, 38.64)    
Token Types      : 0                   0                   0                   0                   0                   0                   0                   0                   0                   0                   0                   0                   0                   0                   0                  
turn_ids         : 0                   0                   0                   0                   0                   0                   0                   0                   0                   0                   0                   0                   0                   0                   0                  
turn_end_types   : 0                   0                   0                   0                   0                   0                   0                   0                   0                   0                   0                   0                   0                   0                   0                  
speaker_ids      : 0                   0                   0                   0                   0                   0                   0                   0                   0                   0                   0                   0                   0                   0                   0                  

B                : Ġwhich              Ġis                 Ġsticking           Ġour                Ġnoses              Ġin                 Ġwhere              Ġit                 Ġdoesn              't                  Ġbelong             Ġand                Ġi                  Ġthink              Ġit                
Timings          : (35.056, 35.186)    (35.186, 35.358)    (35.531, 35.846)    (35.846, 35.946)    (35.946, 36.355)    (36.355, 36.46)     (36.46, 36.634)     (36.634, 36.716)    (36.716, 36.816)    (36.816, 36.916)    (36.916, 37.358)    (38.235, 38.352)    (38.352, 38.458)    (38.458, 38.575)    (38.575, 38.64)    
Token Types      : 1                   1                   1                   1                   1                   1                   1                   1                   1                   1                   1                   1                   1                   1                   1                  
turn_ids         : 82860119687169      82860119687169      82860119687169      82860119687169      82860119687169      82860119687169      82860119687169      82860119687169      82860119687169      82860119687169      82860119687169      82860119687169      82860119687169      82860119687169      82860119687169     
turn_end_types   : 1                   1                   1                   1                   1                   1                   1                   1                   1                   1                   1                   1                   1                   1                   1                  
speaker_ids      : 2                   2                   2                   2                   2                   2                   2                   2                   2                   2                   2                   2                   2                   2                   2                  


A                : <emp>               <emp>               <emp>               <emp>               <emp>               <emp>               <emp>               <emp>               <emp>               <emp>               <emp>               <emp>               <emp>               <emp>               <emp>              
Timings          : (38.64, 38.705)     (39.035, 39.125)    (39.125, 39.205)    (39.205, 39.714)    (40.466, 40.577)    (40.577, 40.68)     (40.68, 41.017)     (41.017, 41.277)    (41.277, 41.367)    (41.367, 41.687)    (41.687, 41.805)    (42.019, 42.277)    (42.277, 42.777)    (42.777, 42.867)    (42.867, 42.927)   
Token Types      : 0                   0                   0                   0                   0                   0                   0                   0                   0                   0                   0                   0                   0                   0                   0                  
turn_ids         : 0                   0                   0                   0                   0                   0                   0                   0                   0                   0                   0                   0                   0                   0                   0                  
turn_end_types   : 0                   0                   0                   0                   0                   0                   0                   0                   0                   0                   0                   0                   0                   0                   0                  
speaker_ids      : 0                   0                   0                   0                   0                   0                   0                   0                   0                   0                   0                   0                   0                   0                   0                  

B                : 's                  Ġyou                Ġknow               Ġmotivated          Ġyou                Ġknow               Ġclearly            Ġby                 Ġthe                Ġfact               Ġof                 Ġthe                Ġresources          Ġthat               Ġare               
Timings          : (38.64, 38.705)     (39.035, 39.125)    (39.125, 39.205)    (39.205, 39.714)    (40.466, 40.577)    (40.577, 40.68)     (40.68, 41.017)     (41.017, 41.277)    (41.277, 41.367)    (41.367, 41.687)    (41.687, 41.805)    (42.019, 42.277)    (42.277, 42.777)    (42.777, 42.867)    (42.867, 42.927)   
Token Types      : 1                   1                   1                   1                   1                   1                   1                   1                   1                   1                   1                   1                   1                   1                   1                  
turn_ids         : 82860119687169      82860119687169      82860119687169      82860119687169      82860119687169      82860119687169      82860119687169      82860119687169      82860119687169      82860119687169      82860119687169      82860119687169      82860119687169      82860119687169      82860119687169     
turn_end_types   : 1                   1                   1                   1                   1                   1                   1                   1                   1                   1                   1                   1                   1                   1                   1                  
speaker_ids      : 2                   2                   2                   2                   2                   2                   2                   2                   2                   2                   2                   2                   2                   2                   2                  


A                : <emp>               <emp>               <emp>               <emp>               <emp>               <emp>               Ġoh                 Ġclearly            Ġyes                Ġand                Ġum                 <yield>             <emp>               <emp>               <emp>              
Timings          : (42.927, 43.287)    (43.287, 43.367)    (43.367, 43.475)    (43.475, 43.758)    (44.435, 44.529)    (44.529, 44.743)    (45.031, 45.272)    (45.272, 45.702)    (45.702, 46.152)    (46.152, 46.522)    (46.522, 46.954)    (-1.0, -1.0)        (47.237, 47.544)    (47.544, 47.692)    (47.964, 48.225)   
Token Types      : 0                   0                   0                   0                   0                   0                   1                   1                   1                   1                   1                   1                   0                   0                   0                  
turn_ids         : 0                   0                   0                   0                   0                   0                   82859582816258      82859582816258      82859582816258      82859582816258      82859582816258      82859582816258      0                   0                   0                  
turn_end_types   : 0                   0                   0                   0                   0                   0                   2                   2                   2                   2                   2                   2                   0                   0                   0                  
speaker_ids      : 0                   0                   0                   0                   0                   0                   1                   1                   1                   1                   1                   1                   0                   0                   0                  

B                : Ġcontrolled         Ġby                 Ġthe                Ġregion             Ġwhich              Ġis                 <eot>               <emp>               <emp>               <emp>               Ġof                 Ġthe                Ġyou                Ġknow               Ġused              
Timings          : (42.927, 43.287)    (43.287, 43.367)    (43.367, 43.475)    (43.475, 43.758)    (44.435, 44.529)    (44.529, 44.743)    (-1.0, -1.0)        (45.272, 45.702)    (45.702, 46.152)    (46.152, 46.522)    (46.631, 46.864)    (46.864, 47.237)    (47.237, 47.544)    (47.544, 47.692)    (47.964, 48.225)   
Token Types      : 1                   1                   1                   1                   1                   1                   1                   0                   0                   0                   4                   4                   4                   4                   4                  
turn_ids         : 82860119687169      82860119687169      82860119687169      82860119687169      82860119687169      82860119687169      82860119687169      0                   0                   0                   82863340912643      82863340912643      82863340912643      82863340912643      82863340912643     
turn_end_types   : 1                   1                   1                   1                   1                   1                   1                   0                   0                   0                   1                   1                   1                   1                   1                  
speaker_ids      : 2                   2                   2                   2                   2                   2                   2                   0                   0                   0                   2                   2                   2                   2                   2                  


A                : <emp>               <emp>               <emp>               <emp>               <emp>               <emp>               <emp>               hum                 <eint>              <emp>               <emp>               <emp>               <emp>               <emp>               <emp>              
Timings          : (48.225, 48.375)    (48.375, 48.445)    (48.445, 48.505)    (48.505, 48.975)    (48.975, 49.215)    (49.215, 49.285)    (49.285, 49.585)    (49.756, 49.864)    (-1.0, -1.0)        (50.215, 50.318)    (50.318, 50.421)    (50.421, 50.704)    (50.704, 50.858)    (50.858, 51.043)    (51.043, 51.305)   
Token Types      : 0                   0                   0                   0                   0                   0                   0                   5                   5                   0                   0                   0                   0                   0                   0                  
turn_ids         : 0                   0                   0                   0                   0                   0                   0                   82863877783554      82863877783554      0                   0                   0                   0                   0                   0                  
turn_end_types   : 0                   0                   0                   0                   0                   0                   0                   0                   0                   0                   0                   0                   0                   0                   0                  
speaker_ids      : 0                   0                   0                   0                   0                   0                   0                   1                   1                   0                   0                   0                   0                   0                   0                  

B                : Ġup                 Ġin                 Ġthe                Ġnext               Ġtwenty             Ġto                 Ġfifty              Ġyears              Ġthere              Ġwon                't                  Ġany                Ġoil                Ġany                Ġoil               
Timings          : (48.225, 48.375)    (48.375, 48.445)    (48.445, 48.505)    (48.505, 48.975)    (48.975, 49.215)    (49.215, 49.285)    (49.285, 49.585)    (49.585, 50.106)    (50.106, 50.215)    (50.215, 50.318)    (50.318, 50.421)    (50.421, 50.704)    (50.704, 50.858)    (50.858, 51.043)    (51.043, 51.305)   
Token Types      : 4                   4                   4                   4                   4                   4                   4                   4                   4                   4                   4                   4                   4                   4                   4                  
turn_ids         : 82863340912643      82863340912643      82863340912643      82863340912643      82863340912643      82863340912643      82863340912643      82863340912643      82863340912643      82863340912643      82863340912643      82863340912643      82863340912643      82863340912643      82863340912643     
turn_end_types   : 1                   1                   1                   1                   1                   1                   1                   1                   1                   1                   1                   1                   1                   1                   1                  
speaker_ids      : 2                   2                   2                   2                   2                   2                   2                   2                   2                   2                   2                   2                   2                   2                   2                  


A                : <emp>               <emp>               <emp>               <emp>               Ġwell               Ġi                  Ġfeel               Ġthat               Ġas                 Ġfar                Ġas                 Ġus                 Ġpolicy             's                  Ġbeen              
Timings          : (51.305, 51.575)    (51.745, 51.814)    (51.814, 51.884)    (51.884, 52.216)    (53.458, 53.646)    (53.646, 53.805)    (53.925, 54.255)    (54.255, 54.505)    (55.065, 55.285)    (55.285, 55.545)    (55.545, 55.665)    (55.665, 55.965)    (55.965, 56.34)     (56.34, 56.715)     (56.715, 56.975)   
Token Types      : 0                   0                   0                   0                   1                   1                   1                   1                   1                   1                   1                   1                   1                   1                   1                  
turn_ids         : 0                   0                   0                   0                   82859582816260      82859582816260      82859582816260      82859582816260      82859582816260      82859582816260      82859582816260      82859582816260      82859582816260      82859582816260      82859582816260     
turn_end_types   : 0                   0                   0                   0                   1                   1                   1                   1                   1                   1                   1                   1                   1                   1                   1                  
speaker_ids      : 0                   0                   0                   0                   1                   1                   1                   1                   1                   1                   1                   1                   1                   1                   1                  

B                : Ġleft               Ġi                  'm                  Ġsure               <eot>               <emp>               <emp>               <emp>               <emp>               <emp>               <emp>               <emp>               <emp>               <emp>               <emp>              
Timings          : (51.305, 51.575)    (51.745, 51.814)    (51.814, 51.884)    (51.884, 52.216)    (-1.0, -1.0)        (53.646, 53.805)    (53.925, 54.255)    (54.255, 54.505)    (55.065, 55.285)    (55.285, 55.545)    (55.545, 55.665)    (55.665, 55.965)    (55.965, 56.34)     (56.34, 56.715)     (56.715, 56.975)   
Token Types      : 4                   4                   4                   4                   4                   0                   0                   0                   0                   0                   0                   0                   0                   0                   0                  
turn_ids         : 82863340912643      82863340912643      82863340912643      82863340912643      82863340912643      0                   0                   0                   0                   0                   0                   0                   0                   0                   0                  
turn_end_types   : 1                   1                   1                   1                   1                   0                   0                   0                   0                   0                   0                   0                   0                   0                   0                  
speaker_ids      : 2                   2                   2                   2                   2                   0                   0                   0                   0                   0                   0                   0                   0                   0                   0                  


A                : Ġconcerned          Ġwhile              Ġi                  Ġunderstand         Ġum                 Ġa                  Ġposition           Ġin                 Ġallied             Ġum                 Ġfriendship         Ġwith               Ġis                 rael                Ġi                 
Timings          : (56.975, 57.755)    (57.755, 57.985)    (57.985, 58.045)    (58.045, 58.975)    (58.975, 59.314)    (59.759, 59.895)    (59.895, 60.465)    (60.465, 60.605)    (60.605, 61.356)    (61.56, 61.884)     (61.884, 62.555)    (62.555, 62.775)    (62.775, 63.047)    (63.047, 63.319)    (64.059, 64.298)   
Token Types      : 1                   1                   1                   1                   1                   1                   1                   1                   1                   1                   1                   1                   1                   1                   1                  
turn_ids         : 82859582816260      82859582816260      82859582816260      82859582816260      82859582816260      82859582816260      82859582816260      82859582816260      82859582816260      82859582816260      82859582816260      82859582816260      82859582816260      82859582816260      82859582816260     
turn_end_types   : 1                   1                   1                   1                   1                   1                   1                   1                   1                   1                   1                   1                   1                   1                   1                  
speaker_ids      : 1                   1                   1                   1                   1                   1                   1                   1                   1                   1                   1                   1                   1                   1                   1                  

B                : <emp>               <emp>               <emp>               <emp>               <emp>               <emp>               <emp>               <emp>               <emp>               <emp>               <emp>               <emp>               <emp>               <emp>               <emp>              
Timings          : (56.975, 57.755)    (57.755, 57.985)    (57.985, 58.045)    (58.045, 58.975)    (58.975, 59.314)    (59.759, 59.895)    (59.895, 60.465)    (60.465, 60.605)    (60.605, 61.356)    (61.56, 61.884)     (61.884, 62.555)    (62.555, 62.775)    (62.775, 63.047)    (63.047, 63.319)    (64.059, 64.298)   
Token Types      : 0                   0                   0                   0                   0                   0                   0                   0                   0                   0                   0                   0                   0                   0                   0                  
turn_ids         : 0                   0                   0                   0                   0                   0                   0                   0                   0                   0                   0                   0                   0                   0                   0                  
turn_end_types   : 0                   0                   0                   0                   0                   0                   0                   0                   0                   0                   0                   0                   0                   0                   0                  
speaker_ids      : 0                   0                   0                   0                   0                   0                   0                   0                   0                   0                   0                   0                   0                   0                   0                  


A                : Ġthink              Ġthat               Ġwe                 've                 Ġapplied            Ġa                  Ġlot                Ġof                 Ġdouble             Ġstandards          Ġin                 Ġthe                Ġlegion             Ġuh                 Ġin                
Timings          : (64.298, 64.552)    (64.552, 64.722)    (64.722, 64.832)    (64.832, 64.942)    (64.942, 65.472)    (65.472, 65.532)    (65.532, 65.772)    (65.772, 65.922)    (65.922, 66.222)    (66.222, 66.872)    (66.872, 67.022)    (67.022, 67.122)    (67.122, 67.638)    (68.312, 68.632)    (68.632, 68.782)   
Token Types      : 1                   1                   1                   1                   1                   1                   1                   1                   1                   1                   1                   1                   1                   1                   1                  
turn_ids         : 82859582816260      82859582816260      82859582816260      82859582816260      82859582816260      82859582816260      82859582816260      82859582816260      82859582816260      82859582816260      82859582816260      82859582816260      82859582816260      82859582816260      82859582816260     
turn_end_types   : 1                   1                   1                   1                   1                   1                   1                   1                   1                   1                   1                   1                   1                   1                   1                  
speaker_ids      : 1                   1                   1                   1                   1                   1                   1                   1                   1                   1                   1                   1                   1                   1                   1                  

B                : <emp>               <emp>               <emp>               <emp>               <emp>               <emp>               <emp>               <emp>               <emp>               <emp>               <emp>               <emp>               <emp>               um                  <eint>             
Timings          : (64.298, 64.552)    (64.552, 64.722)    (64.722, 64.832)    (64.832, 64.942)    (64.942, 65.472)    (65.472, 65.532)    (65.532, 65.772)    (65.772, 65.922)    (65.922, 66.222)    (66.222, 66.872)    (66.872, 67.022)    (67.022, 67.122)    (67.122, 67.638)    (68.252, 68.42)     (-1.0, -1.0)       
Token Types      : 0                   0                   0                   0                   0                   0                   0                   0                   0                   0                   0                   0                   0                   5                   5                  
turn_ids         : 0                   0                   0                   0                   0                   0                   0                   0                   0                   0                   0                   0                   0                   82864414654466      82864414654466     
turn_end_types   : 0                   0                   0                   0                   0                   0                   0                   0                   0                   0                   0                   0                   0                   0                   0                  
speaker_ids      : 0                   0                   0                   0                   0                   0                   0                   0                   0                   0                   0                   0                   0                   2                   2                  


A                : Ġthe                Ġpast               Ġas                 Ġfar                Ġas                 Ġdealing            Ġwith               Ġthe                Ġar                 abs                 Ġversus             Ġdealing            Ġwith               Ġthe                Ġis                
Timings          : (68.782, 68.852)    (68.852, 69.539)    (69.814, 69.962)    (69.962, 70.242)    (70.242, 70.402)    (70.402, 70.742)    (70.742, 71.022)    (71.022, 71.092)    (71.092, 71.257)    (71.257, 71.422)    (71.422, 71.734)    (71.734, 72.035)    (72.035, 72.197)    (72.197, 72.284)    (72.284, 72.55)    
Token Types      : 1                   1                   1                   1                   1                   1                   1                   1                   1                   1                   1                   1                   1                   1                   1                  
turn_ids         : 82859582816260      82859582816260      82859582816260      82859582816260      82859582816260      82859582816260      82859582816260      82859582816260      82859582816260      82859582816260      82859582816260      82859582816260      82859582816260      82859582816260      82859582816260     
turn_end_types   : 1                   1                   1                   1                   1                   1                   1                   1                   1                   1                   1                   1                   1                   1                   1                  
speaker_ids      : 1                   1                   1                   1                   1                   1                   1                   1                   1                   1                   1                   1                   1                   1                   1                  

B                : <emp>               <emp>               <emp>               <emp>               <emp>               <emp>               <emp>               <emp>               <emp>               <emp>               <emp>               <emp>               <emp>               <emp>               <emp>              
Timings          : (68.782, 68.852)    (68.852, 69.539)    (69.814, 69.962)    (69.962, 70.242)    (70.242, 70.402)    (70.402, 70.742)    (70.742, 71.022)    (71.022, 71.092)    (71.092, 71.257)    (71.257, 71.422)    (71.422, 71.734)    (71.734, 72.035)    (72.035, 72.197)    (72.197, 72.284)    (72.284, 72.55)    
Token Types      : 0                   0                   0                   0                   0                   0                   0                   0                   0                   0                   0                   0                   0                   0                   0                  
turn_ids         : 0                   0                   0                   0                   0                   0                   0                   0                   0                   0                   0                   0                   0                   0                   0                  
turn_end_types   : 0                   0                   0                   0                   0                   0                   0                   0                   0                   0                   0                   0                   0                   0                   0                  
speaker_ids      : 0                   0                   0                   0                   0                   0                   0                   0                   0                   0                   0                   0                   0                   0                   0                  


A                : rael                is                  Ġand                Ġthe                Ġexpectations       Ġthat               Ġwe                 Ġput                Ġon                 Ġthe                Ġuh                 Ġar                 ab                  Ġnations            Ġuh                
Timings          : (72.55, 72.816)     (72.816, 73.082)    (73.082, 73.362)    (73.362, 73.432)    (73.432, 74.292)    (74.292, 74.452)    (74.452, 74.552)    (74.552, 74.892)    (74.892, 75.092)    (75.092, 75.3)      (76.412, 76.638)    (76.638, 76.814)    (76.814, 76.99)     (76.99, 77.781)     (77.996, 78.381)   
Token Types      : 1                   1                   1                   1                   1                   1                   1                   1                   1                   1                   1                   1                   1                   1                   1                  
turn_ids         : 82859582816260      82859582816260      82859582816260      82859582816260      82859582816260      82859582816260      82859582816260      82859582816260      82859582816260      82859582816260      82859582816260      82859582816260      82859582816260      82859582816260      82859582816260     
turn_end_types   : 1                   1                   1                   1                   1                   1                   1                   1                   1                   1                   1                   1                   1                   1                   1                  
speaker_ids      : 1                   1                   1                   1                   1                   1                   1                   1                   1                   1                   1                   1                   1                   1                   1                  

B                : <emp>               <emp>               <emp>               <emp>               <emp>               <emp>               <emp>               <emp>               <emp>               <emp>               <emp>               <emp>               <emp>               <emp>               <emp>              
Timings          : (72.55, 72.816)     (72.816, 73.082)    (73.082, 73.362)    (73.362, 73.432)    (73.432, 74.292)    (74.292, 74.452)    (74.452, 74.552)    (74.552, 74.892)    (74.892, 75.092)    (75.092, 75.3)      (76.412, 76.638)    (76.638, 76.814)    (76.814, 76.99)     (76.99, 77.781)     (77.996, 78.381)   
Token Types      : 0                   0                   0                   0                   0                   0                   0                   0                   0                   0                   0                   0                   0                   0                   0                  
turn_ids         : 0                   0                   0                   0                   0                   0                   0                   0                   0                   0                   0                   0                   0                   0                   0                  
turn_end_types   : 0                   0                   0                   0                   0                   0                   0                   0                   0                   0                   0                   0                   0                   0                   0                  
speaker_ids      : 0                   0                   0                   0                   0                   0                   0                   0                   0                   0                   0                   0                   0                   0                   0                  


A                : Ġwhile              Ġbasically          Ġsucc               umbing              Ġto                 Ġa                  Ġvery               Ġpowerful           Ġis                 rael                i                   Ġlobby              Ġin                 Ġthis               Ġcountry           
Timings          : (78.757, 79.05)     (79.05, 79.819)     (80.003, 80.353)    (80.353, 80.703)    (80.703, 81.278)    (81.717, 81.912)    (81.912, 82.14)     (82.14, 82.76)      (82.76, 82.906)     (82.906, 83.053)    (83.053, 83.2)      (83.2, 83.56)       (83.56, 83.72)      (83.72, 83.9)       (83.9, 84.45)      
Token Types      : 1                   1                   1                   1                   1                   1                   1                   1                   1                   1                   1                   1                   1                   1                   1                  
turn_ids         : 82859582816260      82859582816260      82859582816260      82859582816260      82859582816260      82859582816260      82859582816260      82859582816260      82859582816260      82859582816260      82859582816260      82859582816260      82859582816260      82859582816260      82859582816260     
turn_end_types   : 1                   1                   1                   1                   1                   1                   1                   1                   1                   1                   1                   1                   1                   1                   1                  
speaker_ids      : 1                   1                   1                   1                   1                   1                   1                   1                   1                   1                   1                   1                   1                   1                   1                  

B                : <emp>               <emp>               <emp>               <emp>               <emp>               <emp>               <emp>               <emp>               <emp>               <emp>               <emp>               <emp>               <emp>               <emp>               <emp>              
Timings          : (78.757, 79.05)     (79.05, 79.819)     (80.003, 80.353)    (80.353, 80.703)    (80.703, 81.278)    (81.717, 81.912)    (81.912, 82.14)     (82.14, 82.76)      (82.76, 82.906)     (82.906, 83.053)    (83.053, 83.2)      (83.2, 83.56)       (83.56, 83.72)      (83.72, 83.9)       (83.9, 84.45)      
Token Types      : 0                   0                   0                   0                   0                   0                   0                   0                   0                   0                   0                   0                   0                   0                   0                  
turn_ids         : 0                   0                   0                   0                   0                   0                   0                   0                   0                   0                   0                   0                   0                   0                   0                  
turn_end_types   : 0                   0                   0                   0                   0                   0                   0                   0                   0                   0                   0                   0                   0                   0                   0                  
speaker_ids      : 0                   0                   0                   0                   0                   0                   0                   0                   0                   0                   0                   0                   0                   0                   0                  


A                : <emp>               Ġand                Ġi                  Ġi                  Ġthink              Ġthat               Ġthe                Ġpal                est                 inian               Ġquestion           Ġis                 Ġa                  Ġkey                Ġto                
Timings          : (84.721, 85.032)    (85.342, 85.778)    (85.778, 86.008)    (86.008, 86.301)    (86.301, 86.576)    (86.576, 86.752)    (87.088, 87.189)    (87.189, 87.462)    (87.462, 87.735)    (87.735, 88.008)    (88.008, 88.661)    (88.661, 89.075)    (89.075, 89.289)    (89.289, 89.588)    (89.588, 89.648)   
Token Types      : 1                   1                   1                   1                   1                   1                   1                   1                   1                   1                   1                   1                   1                   1                   1                  
turn_ids         : 82859582816260      82859582816260      82859582816260      82859582816260      82859582816260      82859582816260      82859582816260      82859582816260      82859582816260      82859582816260      82859582816260      82859582816260      82859582816260      82859582816260      82859582816260     
turn_end_types   : 1                   1                   1                   1                   1                   1                   1                   1                   1                   1                   1                   1                   1                   1                   1                  
speaker_ids      : 1                   1                   1                   1                   1                   1                   1                   1                   1                   1                   1                   1                   1                   1                   1                  

B                : yeah                <ebc>               <emp>               <emp>               <emp>               <emp>               <emp>               <emp>               <emp>               <emp>               <emp>               <emp>               <emp>               <emp>               <emp>              
Timings          : (84.721, 85.032)    (-1.0, -1.0)        (85.778, 86.008)    (86.008, 86.301)    (86.301, 86.576)    (86.576, 86.752)    (87.088, 87.189)    (87.189, 87.462)    (87.462, 87.735)    (87.735, 88.008)    (88.008, 88.661)    (88.661, 89.075)    (89.075, 89.289)    (89.289, 89.588)    (89.588, 89.648)   
Token Types      : 3                   3                   0                   0                   0                   0                   0                   0                   0                   0                   0                   0                   0                   0                   0                  
turn_ids         : 82862267170818      82862267170818      0                   0                   0                   0                   0                   0                   0                   0                   0                   0                   0                   0                   0                  
turn_end_types   : 0                   0                   0                   0                   0                   0                   0                   0                   0                   0                   0                   0                   0                   0                   0                  
speaker_ids      : 2                   2                   0                   0                   0                   0                   0                   0                   0                   0                   0                   0                   0                   0                   0                  


A                : Ġa                  Ġlot                Ġof                 Ġproblems           Ġin                 Ġthe                Ġregion             Ġand                Ġi                  Ġdon                't                  Ġthink              Ġthat               Ġthis               Ġcountry           
Timings          : (89.648, 89.678)    (89.678, 90.088)    (90.088, 90.178)    (90.178, 90.858)    (90.858, 91.008)    (91.008, 91.088)    (91.088, 91.626)    (92.666, 93.171)    (93.171, 93.333)    (93.333, 93.422)    (93.422, 93.511)    (93.511, 93.721)    (93.721, 93.841)    (93.841, 94.011)    (94.011, 94.241)   
Token Types      : 1                   1                   1                   1                   1                   1                   1                   1                   1                   1                   1                   1                   1                   1                   1                  
turn_ids         : 82859582816260      82859582816260      82859582816260      82859582816260      82859582816260      82859582816260      82859582816260      82859582816260      82859582816260      82859582816260      82859582816260      82859582816260      82859582816260      82859582816260      82859582816260     
turn_end_types   : 1                   1                   1                   1                   1                   1                   1                   1                   1                   1                   1                   1                   1                   1                   1                  
speaker_ids      : 1                   1                   1                   1                   1                   1                   1                   1                   1                   1                   1                   1                   1                   1                   1                  

B                : <emp>               <emp>               <emp>               <emp>               <emp>               <emp>               <emp>               <emp>               <emp>               <emp>               <emp>               <emp>               <emp>               <emp>               <emp>              
Timings          : (89.648, 89.678)    (89.678, 90.088)    (90.088, 90.178)    (90.178, 90.858)    (90.858, 91.008)    (91.008, 91.088)    (91.088, 91.626)    (92.666, 93.171)    (93.171, 93.333)    (93.333, 93.422)    (93.422, 93.511)    (93.511, 93.721)    (93.721, 93.841)    (93.841, 94.011)    (94.011, 94.241)   
Token Types      : 0                   0                   0                   0                   0                   0                   0                   0                   0                   0                   0                   0                   0                   0                   0                  
turn_ids         : 0                   0                   0                   0                   0                   0                   0                   0                   0                   0                   0                   0                   0                   0                   0                  
turn_end_types   : 0                   0                   0                   0                   0                   0                   0                   0                   0                   0                   0                   0                   0                   0                   0                  
speaker_ids      : 0                   0                   0                   0                   0                   0                   0                   0                   0                   0                   0                   0                   0                   0                   0                  


A                : 's                  Ġhandled            Ġthat               Ġwell               Ġat                 Ġall                <eot>               <emp>               <emp>               <emp>               <emp>               <emp>               <emp>               <emp>               <emp>              
Timings          : (94.241, 94.471)    (94.471, 94.871)    (94.871, 95.121)    (95.121, 95.387)    (95.387, 95.521)    (95.521, 95.944)    (-1.0, -1.0)        (97.001, 97.191)    (97.706, 97.946)    (97.946, 98.136)    (98.136, 98.296)    (98.296, 98.396)    (98.396, 98.487)    (98.696, 99.029)    (100.178, 100.475) 
Token Types      : 1                   1                   1                   1                   1                   1                   1                   0                   0                   0                   0                   0                   0                   0                   0                  
turn_ids         : 82859582816260      82859582816260      82859582816260      82859582816260      82859582816260      82859582816260      82859582816260      0                   0                   0                   0                   0                   0                   0                   0                  
turn_end_types   : 1                   1                   1                   1                   1                   1                   1                   0                   0                   0                   0                   0                   0                   0                   0                  
speaker_ids      : 1                   1                   1                   1                   1                   1                   1                   0                   0                   0                   0                   0                   0                   0                   0                  

B                : <emp>               <emp>               <emp>               <emp>               <emp>               <emp>               Ġyeah               Ġwell               Ġprobably           Ġfrom               Ġthere              Ġis                 Ġthat               Ġthe                Ġsame              
Timings          : (94.241, 94.471)    (94.471, 94.871)    (94.871, 95.121)    (95.121, 95.387)    (95.387, 95.521)    (95.521, 95.944)    (96.704, 97.001)    (97.001, 97.191)    (97.706, 97.946)    (97.946, 98.136)    (98.136, 98.296)    (98.296, 98.396)    (98.396, 98.487)    (98.696, 99.029)    (100.178, 100.475) 
Token Types      : 0                   0                   0                   0                   0                   0                   1                   1                   1                   1                   1                   1                   1                   1                   1                  
turn_ids         : 0                   0                   0                   0                   0                   0                   82860119687173      82860119687173      82860119687173      82860119687173      82860119687173      82860119687173      82860119687173      82860119687173      82860119687173     
turn_end_types   : 0                   0                   0                   0                   0                   0                   1                   1                   1                   1                   1                   1                   1                   1                   1                  
speaker_ids      : 0                   0                   0                   0                   0                   0                   2                   2                   2                   2                   2                   2                   2                   2                   2                  


A                : <emp>               <emp>               <emp>               <emp>               <emp>               <emp>               <emp>               <emp>               <emp>               <emp>               <emp>               <emp>               <emp>               <emp>               <emp>              
Timings          : (100.475, 100.668)  (100.668, 100.736)  (100.736, 101.038)  (101.038, 101.248)  (101.248, 101.478)  (101.478, 101.64)   (101.742, 101.978)  (101.978, 102.178)  (102.178, 102.348)  (102.348, 102.488)  (102.488, 102.798)  (102.798, 102.918)  (102.918, 103.038)  (103.038, 103.108)  (103.108, 103.168) 
Token Types      : 0                   0                   0                   0                   0                   0                   0                   0                   0                   0                   0                   0                   0                   0                   0                  
turn_ids         : 0                   0                   0                   0                   0                   0                   0                   0                   0                   0                   0                   0                   0                   0                   0                  
turn_end_types   : 0                   0                   0                   0                   0                   0                   0                   0                   0                   0                   0                   0                   0                   0                   0                  
speaker_ids      : 0                   0                   0                   0                   0                   0                   0                   0                   0                   0                   0                   0                   0                   0                   0                  

B                : Ġproblem            Ġas                 Ġanywhere           Ġelse               Ġanytime            Ġyou                Ġtake               Ġsomething          Ġaway               Ġfrom               Ġsomebody           Ġand                Ġgive               Ġit                 Ġto                
Timings          : (100.475, 100.668)  (100.668, 100.736)  (100.736, 101.038)  (101.038, 101.248)  (101.248, 101.478)  (101.478, 101.64)   (101.742, 101.978)  (101.978, 102.178)  (102.178, 102.348)  (102.348, 102.488)  (102.488, 102.798)  (102.798, 102.918)  (102.918, 103.038)  (103.038, 103.108)  (103.108, 103.168) 
Token Types      : 1                   1                   1                   1                   1                   1                   1                   1                   1                   1                   1                   1                   1                   1                   1                  
turn_ids         : 82860119687173      82860119687173      82860119687173      82860119687173      82860119687173      82860119687173      82860119687173      82860119687173      82860119687173      82860119687173      82860119687173      82860119687173      82860119687173      82860119687173      82860119687173     
turn_end_types   : 1                   1                   1                   1                   1                   1                   1                   1                   1                   1                   1                   1                   1                   1                   1                  
speaker_ids      : 2                   2                   2                   2                   2                   2                   2                   2                   2                   2                   2                   2                   2                   2                   2                  


A                : <emp>               <emp>               um                  hum                 <ebc>               <emp>               <emp>               <emp>               <emp>               <emp>               <emp>               <emp>               <emp>               <emp>               <emp>              
Timings          : (103.168, 103.528)  (103.528, 103.938)  (104.226, 104.393)  (104.393, 104.56)   (-1.0, -1.0)        (104.652, 104.763)  (104.935, 105.045)  (105.045, 105.156)  (105.156, 105.315)  (105.315, 105.396)  (105.396, 105.455)  (105.455, 105.745)  (105.745, 106.206)  (106.692, 106.809)  (106.809, 106.925) 
Token Types      : 0                   0                   3                   3                   3                   0                   0                   0                   0                   0                   0                   0                   0                   0                   0                  
turn_ids         : 0                   0                   82861730299907      82861730299907      82861730299907      0                   0                   0                   0                   0                   0                   0                   0                   0                   0                  
turn_end_types   : 0                   0                   0                   0                   0                   0                   0                   0                   0                   0                   0                   0                   0                   0                   0                  
speaker_ids      : 0                   0                   1                   1                   1                   0                   0                   0                   0                   0                   0                   0                   0                   0                   0                  

B                : Ġsomebody           Ġelse               <emp>               <emp>               Ġthat               Ġyou                Ġdidn               't                  Ġown                Ġin                 Ġthe                Ġfirst              Ġplace              Ġthere              's                 
Timings          : (103.168, 103.528)  (103.528, 103.938)  (104.226, 104.393)  (104.393, 104.56)   (104.538, 104.652)  (104.652, 104.763)  (104.935, 105.045)  (105.045, 105.156)  (105.156, 105.315)  (105.315, 105.396)  (105.396, 105.455)  (105.455, 105.745)  (105.745, 106.206)  (106.692, 106.809)  (106.809, 106.925) 
Token Types      : 1                   1                   1                   1                   1                   1                   1                   1                   1                   1                   1                   1                   1                   1                   1                  
turn_ids         : 82860119687173      82860119687173      82860119687173      82860119687173      82860119687173      82860119687173      82860119687173      82860119687173      82860119687173      82860119687173      82860119687173      82860119687173      82860119687173      82860119687173      82860119687173     
turn_end_types   : 1                   1                   1                   1                   1                   1                   1                   1                   1                   1                   1                   1                   1                   1                   1                  
speaker_ids      : 2                   2                   2                   2                   2                   2                   2                   2                   2                   2                   2                   2                   2                   2                   2                  


A                : <emp>               <emp>               <emp>               <emp>               <emp>               <emp>               <emp>               <emp>               Ġyeah               <ebc>               <emp>               <emp>               <emp>               <emp>               <emp>              
Timings          : (106.925, 106.995)  (106.995, 107.116)  (107.116, 107.266)  (107.266, 107.326)  (107.326, 107.415)  (107.415, 108.015)  (108.153, 108.236)  (108.236, 108.326)  (108.295, 108.581)  (-1.0, -1.0)        (108.713, 109.095)  (109.095, 109.186)  (109.186, 109.275)  (109.275, 109.565)  (109.565, 109.595) 
Token Types      : 0                   0                   0                   0                   0                   0                   0                   0                   3                   3                   0                   0                   0                   0                   0                  
turn_ids         : 0                   0                   0                   0                   0                   0                   0                   0                   82861730299908      82861730299908      0                   0                   0                   0                   0                  
turn_end_types   : 0                   0                   0                   0                   0                   0                   0                   0                   0                   0                   0                   0                   0                   0                   0                  
speaker_ids      : 0                   0                   0                   0                   0                   0                   0                   0                   1                   1                   0                   0                   0                   0                   0                  

B                : Ġyou                Ġknow               Ġgoing              Ġto                 Ġbe                 Ġproblems           Ġi                  Ġmean               Ġthat               's                  Ġbasically          Ġwhat               's                  Ġhappened           Ġi                 
Timings          : (106.925, 106.995)  (106.995, 107.116)  (107.116, 107.266)  (107.266, 107.326)  (107.326, 107.415)  (107.415, 108.015)  (108.153, 108.236)  (108.236, 108.326)  (108.326, 108.453)  (108.453, 108.581)  (108.713, 109.095)  (109.095, 109.186)  (109.186, 109.275)  (109.275, 109.565)  (109.565, 109.595) 
Token Types      : 1                   1                   1                   1                   1                   1                   1                   1                   1                   1                   1                   1                   1                   1                   1                  
turn_ids         : 82860119687173      82860119687173      82860119687173      82860119687173      82860119687173      82860119687173      82860119687173      82860119687173      82860119687173      82860119687173      82860119687173      82860119687173      82860119687173      82860119687173      82860119687173     
turn_end_types   : 1                   1                   1                   1                   1                   1                   1                   1                   1                   1                   1                   1                   1                   1                   1                  
speaker_ids      : 2                   2                   2                   2                   2                   2                   2                   2                   2                   2                   2                   2                   2                   2                   2                  


A                : <emp>               <emp>               <emp>               <emp>               <emp>               <emp>               <emp>               <emp>               <emp>               <emp>               <emp>               <emp>               <emp>               <emp>               <emp>              
Timings          : (109.595, 109.836)  (110.513, 110.89)   (110.89, 111.002)   (111.002, 111.218)  (111.218, 111.279)  (111.279, 111.638)  (111.638, 111.858)  (111.858, 112.239)  (112.239, 112.419)  (112.419, 112.586)  (112.586, 112.754)  (112.754, 112.921)  (112.921, 113.089)  (113.089, 113.229)  (113.229, 113.339) 
Token Types      : 0                   0                   0                   0                   0                   0                   0                   0                   0                   0                   0                   0                   0                   0                   0                  
turn_ids         : 0                   0                   0                   0                   0                   0                   0                   0                   0                   0                   0                   0                   0                   0                   0                  
turn_end_types   : 0                   0                   0                   0                   0                   0                   0                   0                   0                   0                   0                   0                   0                   0                   0                  
speaker_ids      : 0                   0                   0                   0                   0                   0                   0                   0                   0                   0                   0                   0                   0                   0                   0                  

B                : Ġmean               Ġbasically          Ġa                  Ġhandful            Ġof                 Ġnations            Ġtook               Ġaway               Ġfrom               Ġpal                est                 in                  ians                Ġwhat               Ġwas               
Timings          : (109.595, 109.836)  (110.513, 110.89)   (110.89, 111.002)   (111.002, 111.218)  (111.218, 111.279)  (111.279, 111.638)  (111.638, 111.858)  (111.858, 112.239)  (112.239, 112.419)  (112.419, 112.586)  (112.586, 112.754)  (112.754, 112.921)  (112.921, 113.089)  (113.089, 113.229)  (113.229, 113.339) 
Token Types      : 1                   1                   1                   1                   1                   1                   1                   1                   1                   1                   1                   1                   1                   1                   1                  
turn_ids         : 82860119687173      82860119687173      82860119687173      82860119687173      82860119687173      82860119687173      82860119687173      82860119687173      82860119687173      82860119687173      82860119687173      82860119687173      82860119687173      82860119687173      82860119687173     
turn_end_types   : 1                   1                   1                   1                   1                   1                   1                   1                   1                   1                   1                   1                   1                   1                   1                  
speaker_ids      : 2                   2                   2                   2                   2                   2                   2                   2                   2                   2                   2                   2                   2                   2                   2                  


A                : <emp>               <emp>               <emp>               <emp>               <emp>               <emp>               <emp>               <emp>               <emp>               <emp>               <emp>               <emp>               <emp>               <emp>               <emp>              
Timings          : (113.339, 113.479)  (113.479, 113.849)  (113.849, 113.938)  (113.938, 114.108)  (114.108, 114.169)  (114.169, 114.269)  (114.269, 114.339)  (114.339, 114.418)  (114.418, 114.498)  (114.498, 114.577)  (114.815, 114.909)  (114.909, 114.968)  (114.968, 115.099)  (115.099, 115.159)  (115.159, 115.328) 
Token Types      : 0                   0                   0                   0                   0                   0                   0                   0                   0                   0                   0                   0                   0                   0                   0                  
turn_ids         : 0                   0                   0                   0                   0                   0                   0                   0                   0                   0                   0                   0                   0                   0                   0                  
turn_end_types   : 0                   0                   0                   0                   0                   0                   0                   0                   0                   0                   0                   0                   0                   0                   0                  
speaker_ids      : 0                   0                   0                   0                   0                   0                   0                   0                   0                   0                   0                   0                   0                   0                   0                  

B                : Ġtheir              Ġhomeland           Ġand                Ġgave               Ġit                 Ġto                 Ġthe                Ġis                 rael                is                  Ġyou                Ġknow               Ġto                 Ġthe                Ġis                
Timings          : (113.339, 113.479)  (113.479, 113.849)  (113.849, 113.938)  (113.938, 114.108)  (114.108, 114.169)  (114.169, 114.269)  (114.269, 114.339)  (114.339, 114.418)  (114.418, 114.498)  (114.498, 114.577)  (114.815, 114.909)  (114.909, 114.968)  (114.968, 115.099)  (115.099, 115.159)  (115.159, 115.328) 
Token Types      : 1                   1                   1                   1                   1                   1                   1                   1                   1                   1                   1                   1                   1                   1                   1                  
turn_ids         : 82860119687173      82860119687173      82860119687173      82860119687173      82860119687173      82860119687173      82860119687173      82860119687173      82860119687173      82860119687173      82860119687173      82860119687173      82860119687173      82860119687173      82860119687173     
turn_end_types   : 1                   1                   1                   1                   1                   1                   1                   1                   1                   1                   1                   1                   1                   1                   1                  
speaker_ids      : 2                   2                   2                   2                   2                   2                   2                   2                   2                   2                   2                   2                   2                   2                   2                  


A                : <emp>               <emp>               <emp>               <emp>               <emp>               <emp>               <emp>               <emp>               <emp>               <emp>               <emp>               <emp>               <emp>               <emp>               <emp>              
Timings          : (115.328, 115.498)  (115.498, 115.669)  (116.388, 116.785)  (116.785, 116.881)  (116.881, 116.991)  (116.991, 117.087)  (117.087, 117.182)  (117.691, 117.881)  (117.881, 117.941)  (117.941, 118.041)  (118.041, 118.111)  (118.111, 118.201)  (118.201, 118.461)  (118.461, 118.627)  (118.627, 118.789) 
Token Types      : 0                   0                   0                   0                   0                   0                   0                   0                   0                   0                   0                   0                   0                   0                   0                  
turn_ids         : 0                   0                   0                   0                   0                   0                   0                   0                   0                   0                   0                   0                   0                   0                   0                  
turn_end_types   : 0                   0                   0                   0                   0                   0                   0                   0                   0                   0                   0                   0                   0                   0                   0                  
speaker_ids      : 0                   0                   0                   0                   0                   0                   0                   0                   0                   0                   0                   0                   0                   0                   0                  

B                : rael                is                  Ġand                Ġyou                Ġknow               Ġit                 's                  Ġnot                Ġthe                Ġway                Ġto                 Ġgo                 Ġabout              Ġany                Ġkind              
Timings          : (115.328, 115.498)  (115.498, 115.669)  (116.388, 116.785)  (116.785, 116.881)  (116.881, 116.991)  (116.991, 117.087)  (117.087, 117.182)  (117.691, 117.881)  (117.881, 117.941)  (117.941, 118.041)  (118.041, 118.111)  (118.111, 118.201)  (118.201, 118.461)  (118.461, 118.627)  (118.627, 118.789) 
Token Types      : 1                   1                   1                   1                   1                   1                   1                   1                   1                   1                   1                   1                   1                   1                   1                  
turn_ids         : 82860119687173      82860119687173      82860119687173      82860119687173      82860119687173      82860119687173      82860119687173      82860119687173      82860119687173      82860119687173      82860119687173      82860119687173      82860119687173      82860119687173      82860119687173     
turn_end_types   : 1                   1                   1                   1                   1                   1                   1                   1                   1                   1                   1                   1                   1                   1                   1                  
speaker_ids      : 2                   2                   2                   2                   2                   2                   2                   2                   2                   2                   2                   2                   2                   2                   2                  


A                : <emp>               <emp>               <emp>               <emp>               <emp>               <emp>               <emp>               <emp>               <emp>               <emp>               <emp>               <emp>               <emp>               <emp>               <emp>              
Timings          : (118.789, 118.923)  (118.923, 119.26)   (120.13, 120.526)   (120.526, 120.608)  (120.608, 120.689)  (120.689, 120.859)  (120.859, 120.979)  (120.979, 121.039)  (121.039, 121.119)  (121.119, 121.354)  (121.354, 121.589)  (121.825, 121.93)   (121.93, 122.057)   (122.057, 122.123)  (122.123, 122.406) 
Token Types      : 0                   0                   0                   0                   0                   0                   0                   0                   0                   0                   0                   0                   0                   0                   0                  
turn_ids         : 0                   0                   0                   0                   0                   0                   0                   0                   0                   0                   0                   0                   0                   0                   0                  
turn_end_types   : 0                   0                   0                   0                   0                   0                   0                   0                   0                   0                   0                   0                   0                   0                   0                  
speaker_ids      : 0                   0                   0                   0                   0                   0                   0                   0                   0                   0                   0                   0                   0                   0                   0                  

B                : Ġof                 Ġuh                 Ġsolution           Ġthat               's                  Ġever               Ġgoing              Ġto                 Ġbe                 Ġwork               able                Ġyou                Ġknow               Ġi                  Ġmean              
Timings          : (118.789, 118.923)  (118.923, 119.26)   (120.13, 120.526)   (120.526, 120.608)  (120.608, 120.689)  (120.689, 120.859)  (120.859, 120.979)  (120.979, 121.039)  (121.039, 121.119)  (121.119, 121.354)  (121.354, 121.589)  (121.825, 121.93)   (121.93, 122.057)   (122.057, 122.123)  (122.123, 122.406) 
Token Types      : 1                   1                   1                   1                   1                   1                   1                   1                   1                   1                   1                   1                   1                   1                   1                  
turn_ids         : 82860119687173      82860119687173      82860119687173      82860119687173      82860119687173      82860119687173      82860119687173      82860119687173      82860119687173      82860119687173      82860119687173      82860119687173      82860119687173      82860119687173      82860119687173     
turn_end_types   : 1                   1                   1                   1                   1                   1                   1                   1                   1                   1                   1                   1                   1                   1                   1                  
speaker_ids      : 2                   2                   2                   2                   2                   2                   2                   2                   2                   2                   2                   2                   2                   2                   2                  


A                : <emp>               Ġyeah               <ebc>               <emp>               <emp>               <emp>               <emp>               Ġyeah               Ġi                  Ġkind               Ġof                 Ġanticipate         Ġthat               Ġbecause            Ġyou               
Timings          : (122.406, 122.581)  (122.718, 122.991)  (-1.0, -1.0)        (123.229, 123.379)  (123.379, 124.107)  (124.107, 124.639)  (124.639, 125.096)  (125.633, 125.761)  (125.761, 125.945)  (125.945, 126.166)  (126.166, 126.297)  (126.297, 127.177)  (127.177, 127.433)  (128.197, 128.788)  (129.18, 129.257)  
Token Types      : 0                   3                   3                   0                   0                   0                   0                   1                   1                   1                   1                   1                   1                   1                   1                  
turn_ids         : 0                   82861730299909      82861730299909      0                   0                   0                   0                   82859582816262      82859582816262      82859582816262      82859582816262      82859582816262      82859582816262      82859582816262      82859582816262     
turn_end_types   : 0                   0                   0                   0                   0                   0                   0                   1                   1                   1                   1                   1                   1                   1                   1                  
speaker_ids      : 0                   1                   1                   0                   0                   0                   0                   1                   1                   1                   1                   1                   1                   1                   1                  

B                : Ġyou                Ġneither            Ġparty              Ġwas                Ġconsulted          Ġup                 Ġfront              <eot>               <emp>               <emp>               <emp>               <emp>               <emp>               <emp>               <emp>              
Timings          : (122.406, 122.581)  (122.701, 122.989)  (122.989, 123.229)  (123.229, 123.379)  (123.379, 124.107)  (124.107, 124.639)  (124.639, 125.096)  (-1.0, -1.0)        (125.761, 125.945)  (125.945, 126.166)  (126.166, 126.297)  (126.297, 127.177)  (127.177, 127.433)  (128.197, 128.788)  (129.18, 129.257)  
Token Types      : 1                   1                   1                   1                   1                   1                   1                   1                   0                   0                   0                   0                   0                   0                   0                  
turn_ids         : 82860119687173      82860119687173      82860119687173      82860119687173      82860119687173      82860119687173      82860119687173      82860119687173      0                   0                   0                   0                   0                   0                   0                  
turn_end_types   : 1                   1                   1                   1                   1                   1                   1                   1                   0                   0                   0                   0                   0                   0                   0                  
speaker_ids      : 2                   2                   2                   2                   2                   2                   2                   2                   0                   0                   0                   0                   0                   0                   0                  


A                : Ġknow               Ġwe                 Ġset                Ġthe                Ġstage              Ġand                Ġhow                Ġwe                 've                 Ġdealt              Ġwith               Ġthat               Ġissue              Ġin                 Ġsuch              
Timings          : (129.257, 129.367)  (129.367, 129.537)  (129.537, 129.867)  (129.867, 129.947)  (129.947, 130.728)  (130.882, 131.027)  (131.027, 131.224)  (131.224, 131.331)  (131.331, 131.439)  (131.439, 131.687)  (131.687, 131.837)  (131.837, 132.037)  (132.037, 132.387)  (132.387, 132.507)  (132.507, 132.747) 
Token Types      : 1                   1                   1                   1                   1                   1                   1                   1                   1                   1                   1                   1                   1                   1                   1                  
turn_ids         : 82859582816262      82859582816262      82859582816262      82859582816262      82859582816262      82859582816262      82859582816262      82859582816262      82859582816262      82859582816262      82859582816262      82859582816262      82859582816262      82859582816262      82859582816262     
turn_end_types   : 1                   1                   1                   1                   1                   1                   1                   1                   1                   1                   1                   1                   1                   1                   1                  
speaker_ids      : 1                   1                   1                   1                   1                   1                   1                   1                   1                   1                   1                   1                   1                   1                   1                  

B                : <emp>               <emp>               <emp>               <emp>               <emp>               <emp>               <emp>               <emp>               <emp>               <emp>               <emp>               <emp>               <emp>               <emp>               <emp>              
Timings          : (129.257, 129.367)  (129.367, 129.537)  (129.537, 129.867)  (129.867, 129.947)  (129.947, 130.728)  (130.882, 131.027)  (131.027, 131.224)  (131.224, 131.331)  (131.331, 131.439)  (131.439, 131.687)  (131.687, 131.837)  (131.837, 132.037)  (132.037, 132.387)  (132.387, 132.507)  (132.507, 132.747) 
Token Types      : 0                   0                   0                   0                   0                   0                   0                   0                   0                   0                   0                   0                   0                   0                   0                  
turn_ids         : 0                   0                   0                   0                   0                   0                   0                   0                   0                   0                   0                   0                   0                   0                   0                  
turn_end_types   : 0                   0                   0                   0                   0                   0                   0                   0                   0                   0                   0                   0                   0                   0                   0                  
speaker_ids      : 0                   0                   0                   0                   0                   0                   0                   0                   0                   0                   0                   0                   0                   0                   0                  


A                : Ġa                  Ġpoor               Ġmanner             Ġby                 Ġbasically          Ġyou                Ġknow               Ġpaying             Ġlip                Ġservice            Ġto                 Ġthe                Ġpal                est                 in                 
Timings          : (132.747, 132.807)  (132.807, 133.147)  (133.147, 133.573)  (134.341, 134.855)  (135.126, 135.697)  (135.697, 136.127)  (136.127, 136.397)  (137.445, 137.762)  (137.762, 137.964)  (137.964, 138.454)  (138.454, 138.914)  (139.038, 139.139)  (139.139, 139.39)   (139.39, 139.641)   (139.641, 139.892) 
Token Types      : 1                   1                   1                   1                   1                   1                   1                   1                   1                   1                   1                   1                   1                   1                   1                  
turn_ids         : 82859582816262      82859582816262      82859582816262      82859582816262      82859582816262      82859582816262      82859582816262      82859582816262      82859582816262      82859582816262      82859582816262      82859582816262      82859582816262      82859582816262      82859582816262     
turn_end_types   : 1                   1                   1                   1                   1                   1                   1                   1                   1                   1                   1                   1                   1                   1                   1                  
speaker_ids      : 1                   1                   1                   1                   1                   1                   1                   1                   1                   1                   1                   1                   1                   1                   1                  

B                : <emp>               <emp>               <emp>               <emp>               <emp>               <emp>               <emp>               <emp>               <emp>               <emp>               <emp>               <emp>               <emp>               <emp>               <emp>              
Timings          : (132.747, 132.807)  (132.807, 133.147)  (133.147, 133.573)  (134.341, 134.855)  (135.126, 135.697)  (135.697, 136.127)  (136.127, 136.397)  (137.445, 137.762)  (137.762, 137.964)  (137.964, 138.454)  (138.454, 138.914)  (139.038, 139.139)  (139.139, 139.39)   (139.39, 139.641)   (139.641, 139.892) 
Token Types      : 0                   0                   0                   0                   0                   0                   0                   0                   0                   0                   0                   0                   0                   0                   0                  
turn_ids         : 0                   0                   0                   0                   0                   0                   0                   0                   0                   0                   0                   0                   0                   0                   0                  
turn_end_types   : 0                   0                   0                   0                   0                   0                   0                   0                   0                   0                   0                   0                   0                   0                   0                  
speaker_ids      : 0                   0                   0                   0                   0                   0                   0                   0                   0                   0                   0                   0                   0                   0                   0                  


A                : ians                Ġin                 Ġthe                Ġpast               Ġuh                 Ġi                  Ġthink              Ġthat               's                  Ġup                 Ġthe                Ġstage              Ġfor                Ġthe                Ġend               
Timings          : (139.892, 140.143)  (140.714, 140.854)  (140.854, 140.946)  (140.946, 141.56)   (142.025, 142.526)  (142.71, 142.857)   (142.857, 143.107)  (143.107, 143.252)  (143.252, 143.397)  (143.397, 143.557)  (143.557, 143.617)  (143.617, 144.097)  (144.097, 144.687)  (144.992, 145.327)  (145.327, 145.557) 
Token Types      : 1                   1                   1                   1                   1                   1                   1                   1                   1                   1                   1                   1                   1                   1                   1                  
turn_ids         : 82859582816262      82859582816262      82859582816262      82859582816262      82859582816262      82859582816262      82859582816262      82859582816262      82859582816262      82859582816262      82859582816262      82859582816262      82859582816262      82859582816262      82859582816262     
turn_end_types   : 1                   1                   1                   1                   1                   1                   1                   1                   1                   1                   1                   1                   1                   1                   1                  
speaker_ids      : 1                   1                   1                   1                   1                   1                   1                   1                   1                   1                   1                   1                   1                   1                   1                  

B                : <emp>               <emp>               <emp>               <emp>               Ġhum                <eint>              <emp>               <emp>               <emp>               <emp>               <emp>               <emp>               <emp>               <emp>               <emp>              
Timings          : (139.892, 140.143)  (140.714, 140.854)  (140.854, 140.946)  (140.946, 141.56)   (142.169, 142.294)  (-1.0, -1.0)        (142.857, 143.107)  (143.107, 143.252)  (143.252, 143.397)  (143.397, 143.557)  (143.557, 143.617)  (143.617, 144.097)  (144.097, 144.687)  (144.992, 145.327)  (145.327, 145.557) 
Token Types      : 0                   0                   0                   0                   5                   5                   0                   0                   0                   0                   0                   0                   0                   0                   0                  
turn_ids         : 0                   0                   0                   0                   82864414654469      82864414654469      0                   0                   0                   0                   0                   0                   0                   0                   0                  
turn_end_types   : 0                   0                   0                   0                   0                   0                   0                   0                   0                   0                   0                   0                   0                   0                   0                  
speaker_ids      : 0                   0                   0                   0                   2                   2                   0                   0                   0                   0                   0                   0                   0                   0                   0                  


A                : Ġeffect             Ġto                 Ġfor                Ġthis               Ġuh                 Ġuh                 Ġrevolution         Ġof                 Ġis                 lam                 ic                  Ġfundamental        ism                 Ġwhat               Ġseems             
Timings          : (145.557, 145.987)  (145.987, 146.117)  (146.117, 146.317)  (146.317, 146.637)  (146.637, 146.861)  (147.542, 147.917)  (147.917, 148.687)  (148.687, 148.867)  (148.867, 149.071)  (149.071, 149.274)  (149.274, 149.477)  (149.477, 149.88)   (149.88, 150.284)   (150.284, 150.393)  (150.393, 150.657) 
Token Types      : 1                   1                   1                   1                   1                   1                   1                   1                   1                   1                   1                   1                   1                   1                   1                  
turn_ids         : 82859582816262      82859582816262      82859582816262      82859582816262      82859582816262      82859582816262      82859582816262      82859582816262      82859582816262      82859582816262      82859582816262      82859582816262      82859582816262      82859582816262      82859582816262     
turn_end_types   : 1                   1                   1                   1                   1                   1                   1                   1                   1                   1                   1                   1                   1                   1                   1                  
speaker_ids      : 1                   1                   1                   1                   1                   1                   1                   1                   1                   1                   1                   1                   1                   1                   1                  

B                : <emp>               <emp>               <emp>               <emp>               <emp>               <emp>               <emp>               <emp>               <emp>               <emp>               <emp>               <emp>               <emp>               <emp>               <emp>              
Timings          : (145.557, 145.987)  (145.987, 146.117)  (146.117, 146.317)  (146.317, 146.637)  (146.637, 146.861)  (147.542, 147.917)  (147.917, 148.687)  (148.687, 148.867)  (148.867, 149.071)  (149.071, 149.274)  (149.274, 149.477)  (149.477, 149.88)   (149.88, 150.284)   (150.284, 150.393)  (150.393, 150.657) 
Token Types      : 0                   0                   0                   0                   0                   0                   0                   0                   0                   0                   0                   0                   0                   0                   0                  
turn_ids         : 0                   0                   0                   0                   0                   0                   0                   0                   0                   0                   0                   0                   0                   0                   0                  
turn_end_types   : 0                   0                   0                   0                   0                   0                   0                   0                   0                   0                   0                   0                   0                   0                   0                  
speaker_ids      : 0                   0                   0                   0                   0                   0                   0                   0                   0                   0                   0                   0                   0                   0                   0                  


A                : Ġto                 Ġbe                 Ġsweeping           Ġdefinitely         Ġthrough            Ġnorth              Ġaf                 rica                Ġand                Ġuh                 Ġwithin             Ġparts              Ġof                 Ġthe                Ġmiddle            
Timings          : (150.657, 150.757)  (150.757, 150.867)  (150.867, 151.413)  (152.086, 152.598)  (152.598, 152.781)  (152.781, 153.081)  (153.081, 153.387)  (153.387, 153.694)  (154.165, 154.636)  (154.636, 154.997)  (155.245, 155.661)  (155.661, 156.011)  (156.011, 156.071)  (156.071, 156.131)  (156.131, 156.401) 
Token Types      : 1                   1                   1                   1                   1                   1                   1                   1                   1                   1                   1                   1                   1                   1                   1                  
turn_ids         : 82859582816262      82859582816262      82859582816262      82859582816262      82859582816262      82859582816262      82859582816262      82859582816262      82859582816262      82859582816262      82859582816262      82859582816262      82859582816262      82859582816262      82859582816262     
turn_end_types   : 1                   1                   1                   1                   1                   1                   1                   1                   1                   1                   1                   1                   1                   1                   1                  
speaker_ids      : 1                   1                   1                   1                   1                   1                   1                   1                   1                   1                   1                   1                   1                   1                   1                  

B                : <emp>               <emp>               <emp>               <emp>               <emp>               <emp>               <emp>               <emp>               <emp>               <emp>               <emp>               <emp>               <emp>               <emp>               <emp>              
Timings          : (150.657, 150.757)  (150.757, 150.867)  (150.867, 151.413)  (152.086, 152.598)  (152.598, 152.781)  (152.781, 153.081)  (153.081, 153.387)  (153.387, 153.694)  (154.165, 154.636)  (154.636, 154.997)  (155.245, 155.661)  (155.661, 156.011)  (156.011, 156.071)  (156.071, 156.131)  (156.131, 156.401) 
Token Types      : 0                   0                   0                   0                   0                   0                   0                   0                   0                   0                   0                   0                   0                   0                   0                  
turn_ids         : 0                   0                   0                   0                   0                   0                   0                   0                   0                   0                   0                   0                   0                   0                   0                  
turn_end_types   : 0                   0                   0                   0                   0                   0                   0                   0                   0                   0                   0                   0                   0                   0                   0                  
speaker_ids      : 0                   0                   0                   0                   0                   0                   0                   0                   0                   0                   0                   0                   0                   0                   0                  


A                : Ġeast               Ġas                 Ġwell               Ġsomething          Ġwhich              Ġterr               ifies               Ġthe                Ġmoderate           Ġar                 ab                  Ġstates             <emp>               Ġuh                 <eot>              
Timings          : (156.401, 156.691)  (156.691, 156.861)  (156.861, 157.291)  (157.702, 158.078)  (158.078, 158.271)  (158.271, 158.606)  (158.606, 158.941)  (158.941, 159.021)  (159.021, 159.471)  (159.471, 159.606)  (159.606, 159.741)  (159.741, 160.432)  (160.794, 161.108)  (161.402, 162.046)  (-1.0, -1.0)       
Token Types      : 1                   1                   1                   1                   1                   1                   1                   1                   1                   1                   1                   1                   1                   1                   1                  
turn_ids         : 82859582816262      82859582816262      82859582816262      82859582816262      82859582816262      82859582816262      82859582816262      82859582816262      82859582816262      82859582816262      82859582816262      82859582816262      82859582816262      82859582816262      82859582816262     
turn_end_types   : 1                   1                   1                   1                   1                   1                   1                   1                   1                   1                   1                   1                   1                   1                   1                  
speaker_ids      : 1                   1                   1                   1                   1                   1                   1                   1                   1                   1                   1                   1                   1                   1                   1                  

B                : <emp>               <emp>               <emp>               <emp>               <emp>               <emp>               <emp>               <emp>               <emp>               <emp>               <emp>               <emp>               Ġyeah               <ebc>               Ġwell              
Timings          : (156.401, 156.691)  (156.691, 156.861)  (156.861, 157.291)  (157.702, 158.078)  (158.078, 158.271)  (158.271, 158.606)  (158.606, 158.941)  (158.941, 159.021)  (159.021, 159.471)  (159.471, 159.606)  (159.606, 159.741)  (159.741, 160.432)  (160.794, 161.108)  (-1.0, -1.0)        (162.214, 162.443) 
Token Types      : 0                   0                   0                   0                   0                   0                   0                   0                   0                   0                   0                   0                   3                   3                   1                  
turn_ids         : 0                   0                   0                   0                   0                   0                   0                   0                   0                   0                   0                   0                   82862267170820      82862267170820      82860119687175     
turn_end_types   : 0                   0                   0                   0                   0                   0                   0                   0                   0                   0                   0                   0                   0                   0                   1                  
speaker_ids      : 0                   0                   0                   0                   0                   0                   0                   0                   0                   0                   0                   0                   2                   2                   2                  


A                : <emp>               <emp>               <emp>               <emp>               <emp>               <emp>               <emp>               <emp>               <emp>               <emp>               <emp>               <emp>               <emp>               <emp>               <emp>              
Timings          : (162.443, 162.519)  (162.519, 162.595)  (162.595, 162.895)  (162.895, 163.185)  (163.185, 163.595)  (163.595, 163.695)  (163.695, 163.775)  (163.775, 163.925)  (163.925, 164.095)  (164.095, 164.17)   (164.17, 164.32)    (164.32, 164.55)    (164.55, 164.686)   (164.686, 164.835)  (164.835, 164.905) 
Token Types      : 0                   0                   0                   0                   0                   0                   0                   0                   0                   0                   0                   0                   0                   0                   0                  
turn_ids         : 0                   0                   0                   0                   0                   0                   0                   0                   0                   0                   0                   0                   0                   0                   0                  
turn_end_types   : 0                   0                   0                   0                   0                   0                   0                   0                   0                   0                   0                   0                   0                   0                   0                  
speaker_ids      : 0                   0                   0                   0                   0                   0                   0                   0                   0                   0                   0                   0                   0                   0                   0                  

B                : Ġit                 's                  Ġpretty             Ġscary              Ġanybody            Ġif                 Ġyou                Ġthink              Ġabout              Ġi                  Ġmean               Ġany                Ġany                Ġtime               Ġyou               
Timings          : (162.443, 162.519)  (162.519, 162.595)  (162.595, 162.895)  (162.895, 163.185)  (163.185, 163.595)  (163.595, 163.695)  (163.695, 163.775)  (163.775, 163.925)  (163.925, 164.095)  (164.095, 164.17)   (164.17, 164.32)    (164.32, 164.55)    (164.55, 164.686)   (164.686, 164.835)  (164.835, 164.905) 
Token Types      : 1                   1                   1                   1                   1                   1                   1                   1                   1                   1                   1                   1                   1                   1                   1                  
turn_ids         : 82860119687175      82860119687175      82860119687175      82860119687175      82860119687175      82860119687175      82860119687175      82860119687175      82860119687175      82860119687175      82860119687175      82860119687175      82860119687175      82860119687175      82860119687175     
turn_end_types   : 1                   1                   1                   1                   1                   1                   1                   1                   1                   1                   1                   1                   1                   1                   1                  
speaker_ids      : 2                   2                   2                   2                   2                   2                   2                   2                   2                   2                   2                   2                   2                   2                   2                  


A                : <emp>               <emp>               <emp>               <emp>               <emp>               <emp>               <emp>               Ġy                  ep                  <eot>               <emp>               <emp>               <emp>               <emp>               <emp>              
Timings          : (164.905, 165.025)  (165.025, 165.7)    (165.7, 166.375)    (166.375, 166.495)  (166.495, 166.686)  (166.762, 167.115)  (167.115, 167.546)  (167.981, 168.158)  (168.158, 168.335)  (-1.0, -1.0)        (168.804, 168.963)  (168.963, 169.293)  (169.293, 169.641)  (169.641, 169.702)  (169.702, 169.939) 
Token Types      : 0                   0                   0                   0                   0                   0                   0                   1                   1                   1                   0                   0                   0                   0                   0                  
turn_ids         : 0                   0                   0                   0                   0                   0                   0                   82859582816264      82859582816264      82859582816264      0                   0                   0                   0                   0                  
turn_end_types   : 0                   0                   0                   0                   0                   0                   0                   1                   1                   1                   0                   0                   0                   0                   0                  
speaker_ids      : 0                   0                   0                   0                   0                   0                   0                   1                   1                   1                   0                   0                   0                   0                   0                  

B                : Ġget                Ġfundamental        ists                Ġyou                Ġknow               Ġwhatever           Ġnature             <eot>               <emp>               Ġand                Ġin                 Ġpower              Ġanywhere           Ġi                  Ġmean              
Timings          : (164.905, 165.025)  (165.025, 165.7)    (165.7, 166.375)    (166.375, 166.495)  (166.495, 166.686)  (166.762, 167.115)  (167.115, 167.546)  (-1.0, -1.0)        (168.158, 168.335)  (168.652, 168.804)  (168.804, 168.963)  (168.963, 169.293)  (169.293, 169.641)  (169.641, 169.702)  (169.702, 169.939) 
Token Types      : 1                   1                   1                   1                   1                   1                   1                   1                   0                   1                   1                   1                   1                   1                   1                  
turn_ids         : 82860119687175      82860119687175      82860119687175      82860119687175      82860119687175      82860119687175      82860119687175      82860119687175      0                   82860119687177      82860119687177      82860119687177      82860119687177      82860119687177      82860119687177     
turn_end_types   : 1                   1                   1                   1                   1                   1                   1                   1                   0                   1                   1                   1                   1                   1                   1                  
speaker_ids      : 2                   2                   2                   2                   2                   2                   2                   2                   0                   2                   2                   2                   2                   2                   2                  


A                : <emp>               <emp>               <emp>               <emp>               <emp>               <emp>               <emp>               <emp>               <emp>               <emp>               <emp>               <emp>               <emp>               <emp>               <emp>              
Timings          : (169.939, 170.023)  (170.023, 170.108)  (170.108, 170.175)  (170.175, 170.243)  (170.243, 170.483)  (170.483, 170.813)  (170.813, 171.143)  (171.363, 171.483)  (171.483, 171.637)  (171.637, 171.792)  (172.188, 172.363)  (172.363, 172.423)  (172.423, 172.594)  (172.899, 173.283)  (173.283, 173.433) 
Token Types      : 0                   0                   0                   0                   0                   0                   0                   0                   0                   0                   0                   0                   0                   0                   0                  
turn_ids         : 0                   0                   0                   0                   0                   0                   0                   0                   0                   0                   0                   0                   0                   0                   0                  
turn_end_types   : 0                   0                   0                   0                   0                   0                   0                   0                   0                   0                   0                   0                   0                   0                   0                  
speaker_ids      : 0                   0                   0                   0                   0                   0                   0                   0                   0                   0                   0                   0                   0                   0                   0                  

B                : Ġthey               're                 Ġthey               're                 Ġpure               Ġfan                atics               Ġand                Ġthere              's                  Ġthat               Ġyou                Ġknow               Ġfundamentally      Ġno                
Timings          : (169.939, 170.023)  (170.023, 170.108)  (170.108, 170.175)  (170.175, 170.243)  (170.243, 170.483)  (170.483, 170.813)  (170.813, 171.143)  (171.363, 171.483)  (171.483, 171.637)  (171.637, 171.792)  (172.188, 172.363)  (172.363, 172.423)  (172.423, 172.594)  (172.899, 173.283)  (173.283, 173.433) 
Token Types      : 1                   1                   1                   1                   1                   1                   1                   1                   1                   1                   1                   1                   1                   1                   1                  
turn_ids         : 82860119687177      82860119687177      82860119687177      82860119687177      82860119687177      82860119687177      82860119687177      82860119687177      82860119687177      82860119687177      82860119687177      82860119687177      82860119687177      82860119687177      82860119687177     
turn_end_types   : 1                   1                   1                   1                   1                   1                   1                   1                   1                   1                   1                   1                   1                   1                   1                  
speaker_ids      : 2                   2                   2                   2                   2                   2                   2                   2                   2                   2                   2                   2                   2                   2                   2                  


A                : <emp>               <emp>               <emp>               <emp>               <emp>               <emp>               <emp>               <emp>               <emp>               <emp>               <emp>               <emp>               <emp>               <emp>               <emp>              
Timings          : (173.433, 173.563)  (173.563, 173.653)  (173.653, 173.873)  (173.873, 173.983)  (173.983, 174.023)  (174.023, 174.436)  (175.029, 175.151)  (175.151, 175.294)  (175.294, 175.43)   (175.43, 175.564)   (175.564, 175.824)  (175.824, 175.964)  (175.964, 176.094)  (176.094, 176.204)  (176.204, 176.385) 
Token Types      : 0                   0                   0                   0                   0                   0                   0                   0                   0                   0                   0                   0                   0                   0                   0                  
turn_ids         : 0                   0                   0                   0                   0                   0                   0                   0                   0                   0                   0                   0                   0                   0                   0                  
turn_end_types   : 0                   0                   0                   0                   0                   0                   0                   0                   0                   0                   0                   0                   0                   0                   0                  
speaker_ids      : 0                   0                   0                   0                   0                   0                   0                   0                   0                   0                   0                   0                   0                   0                   0                  

B                : Ġway                Ġto                 Ġdeal               Ġwith               Ġa                  Ġfanatic            Ġand                Ġyou                Ġcan                't                  Ġargue              Ġwith               Ġthem               Ġon                 Ġany               
Timings          : (173.433, 173.563)  (173.563, 173.653)  (173.653, 173.873)  (173.873, 173.983)  (173.983, 174.023)  (174.023, 174.436)  (175.029, 175.151)  (175.151, 175.294)  (175.294, 175.43)   (175.43, 175.564)   (175.564, 175.824)  (175.824, 175.964)  (175.964, 176.094)  (176.094, 176.204)  (176.204, 176.385) 
Token Types      : 1                   1                   1                   1                   1                   1                   1                   1                   1                   1                   1                   1                   1                   1                   1                  
turn_ids         : 82860119687177      82860119687177      82860119687177      82860119687177      82860119687177      82860119687177      82860119687177      82860119687177      82860119687177      82860119687177      82860119687177      82860119687177      82860119687177      82860119687177      82860119687177     
turn_end_types   : 1                   1                   1                   1                   1                   1                   1                   1                   1                   1                   1                   1                   1                   1                   1                  
speaker_ids      : 2                   2                   2                   2                   2                   2                   2                   2                   2                   2                   2                   2                   2                   2                   2                  


A                : <emp>               <emp>               <emp>               <emp>               <emp>               <emp>               Ġyeah               Ġi                  Ġi                  Ġsuspect            <yield>             <emp>               <emp>               <emp>               <emp>              
Timings          : (176.385, 176.594)  (176.594, 176.704)  (176.704, 177.105)  (177.105, 177.225)  (177.225, 177.624)  (177.624, 178.066)  (178.986, 179.253)  (179.253, 179.508)  (179.508, 179.695)  (179.695, 179.995)  (-1.0, -1.0)        (180.209, 180.437)  (180.723, 180.927)  (180.927, 181.087)  (181.087, 181.287) 
Token Types      : 0                   0                   0                   0                   0                   0                   1                   1                   1                   1                   1                   0                   0                   0                   0                  
turn_ids         : 0                   0                   0                   0                   0                   0                   82859582816266      82859582816266      82859582816266      82859582816266      82859582816266      0                   0                   0                   0                  
turn_end_types   : 0                   0                   0                   0                   0                   0                   2                   2                   2                   2                   2                   0                   0                   0                   0                  
speaker_ids      : 0                   0                   0                   0                   0                   0                   1                   1                   1                   1                   1                   0                   0                   0                   0                  

B                : Ġsort               Ġof                 Ġlogical            Ġor                 Ġemotional          Ġbasis              <eot>               Ġa                  Ġfanatic            Ġwill               Ġbelieve            Ġin                 Ġx                  Ġy                  Ġz                 
Timings          : (176.385, 176.594)  (176.594, 176.704)  (176.704, 177.105)  (177.105, 177.225)  (177.225, 177.624)  (177.624, 178.066)  (-1.0, -1.0)        (179.305, 179.482)  (179.482, 179.753)  (179.753, 179.877)  (179.877, 180.209)  (180.209, 180.437)  (180.723, 180.927)  (180.927, 181.087)  (181.087, 181.287) 
Token Types      : 1                   1                   1                   1                   1                   1                   1                   4                   4                   4                   4                   4                   4                   4                   4                  
turn_ids         : 82860119687177      82860119687177      82860119687177      82860119687177      82860119687177      82860119687177      82860119687177      82863340912651      82863340912651      82863340912651      82863340912651      82863340912651      82863340912651      82863340912651      82863340912651     
turn_end_types   : 1                   1                   1                   1                   1                   1                   1                   1                   1                   1                   1                   1                   1                   1                   1                  
speaker_ids      : 2                   2                   2                   2                   2                   2                   2                   2                   2                   2                   2                   2                   2                   2                   2                  


A                : <emp>               <emp>               <emp>               <emp>               <emp>               <emp>               <emp>               <emp>               Ġyeah               <ebc>               <emp>               <emp>               <emp>               <emp>               <emp>              
Timings          : (181.287, 181.637)  (181.637, 181.692)  (181.692, 181.747)  (181.747, 181.957)  (181.957, 182.117)  (182.117, 182.197)  (182.197, 182.407)  (182.407, 182.684)  (182.967, 183.268)  (-1.0, -1.0)        (183.497, 183.631)  (183.631, 183.751)  (183.751, 183.841)  (183.841, 183.951)  (183.951, 184.021) 
Token Types      : 0                   0                   0                   0                   0                   0                   0                   0                   3                   3                   0                   0                   0                   0                   0                  
turn_ids         : 0                   0                   0                   0                   0                   0                   0                   0                   82861730299913      82861730299913      0                   0                   0                   0                   0                  
turn_end_types   : 0                   0                   0                   0                   0                   0                   0                   0                   0                   0                   0                   0                   0                   0                   0                  
speaker_ids      : 0                   0                   0                   0                   0                   0                   0                   0                   1                   1                   0                   0                   0                   0                   0                  

B                : Ġand                Ġyou                're                 Ġnever              Ġgoing              Ġto                 Ġchange             Ġthat               <emp>               Ġyou                Ġknow               Ġso                 Ġyou                Ġmight              Ġas                
Timings          : (181.287, 181.637)  (181.637, 181.692)  (181.692, 181.747)  (181.747, 181.957)  (181.957, 182.117)  (182.117, 182.197)  (182.197, 182.407)  (182.407, 182.684)  (182.967, 183.268)  (183.416, 183.497)  (183.497, 183.631)  (183.631, 183.751)  (183.751, 183.841)  (183.841, 183.951)  (183.951, 184.021) 
Token Types      : 4                   4                   4                   4                   4                   4                   4                   4                   4                   4                   4                   4                   4                   4                   4                  
turn_ids         : 82863340912651      82863340912651      82863340912651      82863340912651      82863340912651      82863340912651      82863340912651      82863340912651      82863340912651      82863340912651      82863340912651      82863340912651      82863340912651      82863340912651      82863340912651     
turn_end_types   : 1                   1                   1                   1                   1                   1                   1                   1                   1                   1                   1                   1                   1                   1                   1                  
speaker_ids      : 2                   2                   2                   2                   2                   2                   2                   2                   2                   2                   2                   2                   2                   2                   2                  


A                : <emp>               <emp>               <emp>               <emp>               Ġi                  Ġsuspect            Ġthat               Ġwe                 'll                 Ġprobably           Ġin                 Ġuh                 Ġwith               Ġthe                Ġdemise            
Timings          : (184.021, 184.111)  (184.111, 184.201)  (184.201, 184.331)  (184.331, 184.786)  (185.411, 185.589)  (185.589, 186.236)  (186.236, 186.507)  (186.639, 186.772)  (186.772, 186.906)  (186.906, 187.756)  (187.756, 187.856)  (187.856, 187.886)  (187.886, 188.066)  (188.066, 188.146)  (188.146, 188.676) 
Token Types      : 0                   0                   0                   0                   1                   1                   1                   1                   1                   1                   1                   1                   1                   1                   1                  
turn_ids         : 0                   0                   0                   0                   82859582816268      82859582816268      82859582816268      82859582816268      82859582816268      82859582816268      82859582816268      82859582816268      82859582816268      82859582816268      82859582816268     
turn_end_types   : 0                   0                   0                   0                   1                   1                   1                   1                   1                   1                   1                   1                   1                   1                   1                  
speaker_ids      : 0                   0                   0                   0                   1                   1                   1                   1                   1                   1                   1                   1                   1                   1                   1                  

B                : Ġwell               Ġnot                Ġeven               Ġtry                <eot>               <emp>               <emp>               <emp>               <emp>               <emp>               <emp>               <emp>               <emp>               <emp>               <emp>              
Timings          : (184.021, 184.111)  (184.111, 184.201)  (184.201, 184.331)  (184.331, 184.786)  (-1.0, -1.0)        (185.589, 186.236)  (186.236, 186.507)  (186.639, 186.772)  (186.772, 186.906)  (186.906, 187.756)  (187.756, 187.856)  (187.856, 187.886)  (187.886, 188.066)  (188.066, 188.146)  (188.146, 188.676) 
Token Types      : 4                   4                   4                   4                   4                   0                   0                   0                   0                   0                   0                   0                   0                   0                   0                  
turn_ids         : 82863340912651      82863340912651      82863340912651      82863340912651      82863340912651      0                   0                   0                   0                   0                   0                   0                   0                   0                   0                  
turn_end_types   : 1                   1                   1                   1                   1                   0                   0                   0                   0                   0                   0                   0                   0                   0                   0                  
speaker_ids      : 2                   2                   2                   2                   2                   0                   0                   0                   0                   0                   0                   0                   0                   0                   0                  


A                : Ġof                 Ġthe                Ġso                 v                   iet                 Ġunion              Ġformation          Ġof                 Ġr                  ussia               Ġwhatever           Ġends               Ġup                 Ġcoming             Ġout               
Timings          : (188.676, 188.76)   (188.76, 188.805)   (188.805, 188.935)  (188.935, 189.065)  (189.065, 189.196)  (189.196, 189.786)  (189.786, 190.386)  (190.386, 190.606)  (190.606, 190.766)  (190.766, 190.926)  (190.926, 191.276)  (191.276, 191.496)  (191.496, 191.676)  (191.676, 191.976)  (191.976, 192.136) 
Token Types      : 1                   1                   1                   1                   1                   1                   1                   1                   1                   1                   1                   1                   1                   1                   1                  
turn_ids         : 82859582816268      82859582816268      82859582816268      82859582816268      82859582816268      82859582816268      82859582816268      82859582816268      82859582816268      82859582816268      82859582816268      82859582816268      82859582816268      82859582816268      82859582816268     
turn_end_types   : 1                   1                   1                   1                   1                   1                   1                   1                   1                   1                   1                   1                   1                   1                   1                  
speaker_ids      : 1                   1                   1                   1                   1                   1                   1                   1                   1                   1                   1                   1                   1                   1                   1                  

B                : <emp>               <emp>               <emp>               <emp>               <emp>               <emp>               <emp>               <emp>               <emp>               <emp>               <emp>               <emp>               <emp>               <emp>               <emp>              
Timings          : (188.676, 188.76)   (188.76, 188.805)   (188.805, 188.935)  (188.935, 189.065)  (189.065, 189.196)  (189.196, 189.786)  (189.786, 190.386)  (190.386, 190.606)  (190.606, 190.766)  (190.766, 190.926)  (190.926, 191.276)  (191.276, 191.496)  (191.496, 191.676)  (191.676, 191.976)  (191.976, 192.136) 
Token Types      : 0                   0                   0                   0                   0                   0                   0                   0                   0                   0                   0                   0                   0                   0                   0                  
turn_ids         : 0                   0                   0                   0                   0                   0                   0                   0                   0                   0                   0                   0                   0                   0                   0                  
turn_end_types   : 0                   0                   0                   0                   0                   0                   0                   0                   0                   0                   0                   0                   0                   0                   0                  
speaker_ids      : 0                   0                   0                   0                   0                   0                   0                   0                   0                   0                   0                   0                   0                   0                   0                  


A                : Ġof                 Ġthat               <emp>               Ġthat               Ġprobably           Ġthe                Ġbiggest            Ġproblems           Ġwe                 're                 Ġgoing              Ġto                 Ġhave               Ġin                 Ġforeign           
Timings          : (192.136, 192.266)  (192.266, 192.533)  (192.962, 193.122)  (193.19, 193.342)   (193.342, 194.102)  (194.632, 194.715)  (194.715, 195.022)  (195.022, 195.412)  (195.412, 195.457)  (195.457, 195.502)  (195.502, 195.622)  (195.622, 195.682)  (195.682, 195.912)  (195.912, 196.022)  (196.022, 196.332) 
Token Types      : 1                   1                   1                   1                   1                   1                   1                   1                   1                   1                   1                   1                   1                   1                   1                  
turn_ids         : 82859582816268      82859582816268      82859582816268      82859582816268      82859582816268      82859582816268      82859582816268      82859582816268      82859582816268      82859582816268      82859582816268      82859582816268      82859582816268      82859582816268      82859582816268     
turn_end_types   : 1                   1                   1                   1                   1                   1                   1                   1                   1                   1                   1                   1                   1                   1                   1                  
speaker_ids      : 1                   1                   1                   1                   1                   1                   1                   1                   1                   1                   1                   1                   1                   1                   1                  

B                : <emp>               <emp>               Ġum                 hum                 <ebc>               <emp>               <emp>               <emp>               <emp>               <emp>               <emp>               <emp>               <emp>               <emp>               <emp>              
Timings          : (192.136, 192.266)  (192.266, 192.533)  (192.962, 193.122)  (193.122, 193.282)  (-1.0, -1.0)        (194.632, 194.715)  (194.715, 195.022)  (195.022, 195.412)  (195.412, 195.457)  (195.457, 195.502)  (195.502, 195.622)  (195.622, 195.682)  (195.682, 195.912)  (195.912, 196.022)  (196.022, 196.332) 
Token Types      : 0                   0                   3                   3                   3                   0                   0                   0                   0                   0                   0                   0                   0                   0                   0                  
turn_ids         : 0                   0                   82862267170824      82862267170824      82862267170824      0                   0                   0                   0                   0                   0                   0                   0                   0                   0                  
turn_end_types   : 0                   0                   0                   0                   0                   0                   0                   0                   0                   0                   0                   0                   0                   0                   0                  
speaker_ids      : 0                   0                   2                   2                   2                   0                   0                   0                   0                   0                   0                   0                   0                   0                   0                  


A                : Ġpolicy             Ġare                Ġgoing              Ġto                 Ġhave               Ġmiddle             Ġeast               Ġin                 Ġthe                Ġfuture             Ġi                  Ġthink              Ġthat               Ġwe                 're                
Timings          : (196.332, 196.832)  (196.832, 196.902)  (196.902, 197.172)  (197.172, 197.382)  (197.382, 197.472)  (197.472, 197.752)  (197.752, 198.132)  (198.132, 198.252)  (198.252, 198.312)  (198.312, 198.925)  (199.71, 199.87)    (199.87, 200.212)   (200.212, 200.458)  (201.095, 201.218)  (201.218, 201.342) 
Token Types      : 1                   1                   1                   1                   1                   1                   1                   1                   1                   1                   1                   1                   1                   1                   1                  
turn_ids         : 82859582816268      82859582816268      82859582816268      82859582816268      82859582816268      82859582816268      82859582816268      82859582816268      82859582816268      82859582816268      82859582816268      82859582816268      82859582816268      82859582816268      82859582816268     
turn_end_types   : 1                   1                   1                   1                   1                   1                   1                   1                   1                   1                   1                   1                   1                   1                   1                  
speaker_ids      : 1                   1                   1                   1                   1                   1                   1                   1                   1                   1                   1                   1                   1                   1                   1                  

B                : <emp>               <emp>               <emp>               <emp>               <emp>               <emp>               <emp>               <emp>               <emp>               <emp>               <emp>               <emp>               <emp>               <emp>               <emp>              
Timings          : (196.332, 196.832)  (196.832, 196.902)  (196.902, 197.172)  (197.172, 197.382)  (197.382, 197.472)  (197.472, 197.752)  (197.752, 198.132)  (198.132, 198.252)  (198.252, 198.312)  (198.312, 198.925)  (199.71, 199.87)    (199.87, 200.212)   (200.212, 200.458)  (201.095, 201.218)  (201.218, 201.342) 
Token Types      : 0                   0                   0                   0                   0                   0                   0                   0                   0                   0                   0                   0                   0                   0                   0                  
turn_ids         : 0                   0                   0                   0                   0                   0                   0                   0                   0                   0                   0                   0                   0                   0                   0                  
turn_end_types   : 0                   0                   0                   0                   0                   0                   0                   0                   0                   0                   0                   0                   0                   0                   0                  
speaker_ids      : 0                   0                   0                   0                   0                   0                   0                   0                   0                   0                   0                   0                   0                   0                   0                  


A                : Ġgoing              Ġto                 Ġcontinue           Ġto                 Ġsee                Ġa                  Ġlot                Ġmore               Ġfundamentalist     Ġinfluence          Ġin                 Ġthe                Ġarea               Ġit                 's                 
Timings          : (201.342, 201.602)  (201.602, 201.671)  (201.671, 202.152)  (202.152, 202.271)  (202.271, 202.755)  (203.332, 203.43)   (203.43, 203.732)   (203.732, 203.971)  (203.971, 204.831)  (204.831, 205.482)  (205.482, 205.611)  (205.611, 205.671)  (205.671, 206.221)  (206.771, 206.856)  (206.856, 206.941) 
Token Types      : 1                   1                   1                   1                   1                   1                   1                   1                   1                   1                   1                   1                   1                   1                   1                  
turn_ids         : 82859582816268      82859582816268      82859582816268      82859582816268      82859582816268      82859582816268      82859582816268      82859582816268      82859582816268      82859582816268      82859582816268      82859582816268      82859582816268      82859582816268      82859582816268     
turn_end_types   : 1                   1                   1                   1                   1                   1                   1                   1                   1                   1                   1                   1                   1                   1                   1                  
speaker_ids      : 1                   1                   1                   1                   1                   1                   1                   1                   1                   1                   1                   1                   1                   1                   1                  

B                : <emp>               <emp>               <emp>               <emp>               <emp>               <emp>               <emp>               <emp>               <emp>               <emp>               <emp>               <emp>               <emp>               <emp>               <emp>              
Timings          : (201.342, 201.602)  (201.602, 201.671)  (201.671, 202.152)  (202.152, 202.271)  (202.271, 202.755)  (203.332, 203.43)   (203.43, 203.732)   (203.732, 203.971)  (203.971, 204.831)  (204.831, 205.482)  (205.482, 205.611)  (205.611, 205.671)  (205.671, 206.221)  (206.771, 206.856)  (206.856, 206.941) 
Token Types      : 0                   0                   0                   0                   0                   0                   0                   0                   0                   0                   0                   0                   0                   0                   0                  
turn_ids         : 0                   0                   0                   0                   0                   0                   0                   0                   0                   0                   0                   0                   0                   0                   0                  
turn_end_types   : 0                   0                   0                   0                   0                   0                   0                   0                   0                   0                   0                   0                   0                   0                   0                  
speaker_ids      : 0                   0                   0                   0                   0                   0                   0                   0                   0                   0                   0                   0                   0                   0                   0                  


A                : Ġbeen               Ġspawning           Ġfor                Ġa                  Ġlong               Ġtime               Ġthe                Ġmore               Ġmoderate           Ġstates             Ġuh                 Ġeven               Ġincluding          Ġsa                 udi                
Timings          : (206.941, 207.152)  (207.152, 207.531)  (207.531, 207.671)  (207.671, 207.721)  (207.721, 208.081)  (208.081, 208.646)  (209.331, 209.712)  (209.712, 209.918)  (209.918, 210.368)  (210.368, 210.788)  (210.788, 210.818)  (210.818, 211.158)  (211.158, 211.868)  (211.868, 212.048)  (212.048, 212.228) 
Token Types      : 1                   1                   1                   1                   1                   1                   1                   1                   1                   1                   1                   1                   1                   1                   1                  
turn_ids         : 82859582816268      82859582816268      82859582816268      82859582816268      82859582816268      82859582816268      82859582816268      82859582816268      82859582816268      82859582816268      82859582816268      82859582816268      82859582816268      82859582816268      82859582816268     
turn_end_types   : 1                   1                   1                   1                   1                   1                   1                   1                   1                   1                   1                   1                   1                   1                   1                  
speaker_ids      : 1                   1                   1                   1                   1                   1                   1                   1                   1                   1                   1                   1                   1                   1                   1                  

B                : <emp>               <emp>               <emp>               <emp>               <emp>               <emp>               <emp>               <emp>               <emp>               <emp>               <emp>               <emp>               <emp>               <emp>               <emp>              
Timings          : (206.941, 207.152)  (207.152, 207.531)  (207.531, 207.671)  (207.671, 207.721)  (207.721, 208.081)  (208.081, 208.646)  (209.331, 209.712)  (209.712, 209.918)  (209.918, 210.368)  (210.368, 210.788)  (210.788, 210.818)  (210.818, 211.158)  (211.158, 211.868)  (211.868, 212.048)  (212.048, 212.228) 
Token Types      : 0                   0                   0                   0                   0                   0                   0                   0                   0                   0                   0                   0                   0                   0                   0                  
turn_ids         : 0                   0                   0                   0                   0                   0                   0                   0                   0                   0                   0                   0                   0                   0                   0                  
turn_end_types   : 0                   0                   0                   0                   0                   0                   0                   0                   0                   0                   0                   0                   0                   0                   0                  
speaker_ids      : 0                   0                   0                   0                   0                   0                   0                   0                   0                   0                   0                   0                   0                   0                   0                  


A                : Ġar                 ab                  ia                  Ġwhich              Ġis                 Ġa                  Ġvery               Ġreligious          Ġcountry            Ġis                 lam                 ic                  Ġwise               Ġit                 's                 
Timings          : (212.228, 212.351)  (212.351, 212.475)  (212.475, 212.598)  (212.598, 212.738)  (212.738, 212.858)  (212.858, 212.918)  (212.918, 213.178)  (213.178, 213.688)  (213.688, 214.306)  (214.815, 215.039)  (215.039, 215.264)  (215.264, 215.488)  (215.488, 216.008)  (216.008, 216.103)  (216.103, 216.198) 
Token Types      : 1                   1                   1                   1                   1                   1                   1                   1                   1                   1                   1                   1                   1                   1                   1                  
turn_ids         : 82859582816268      82859582816268      82859582816268      82859582816268      82859582816268      82859582816268      82859582816268      82859582816268      82859582816268      82859582816268      82859582816268      82859582816268      82859582816268      82859582816268      82859582816268     
turn_end_types   : 1                   1                   1                   1                   1                   1                   1                   1                   1                   1                   1                   1                   1                   1                   1                  
speaker_ids      : 1                   1                   1                   1                   1                   1                   1                   1                   1                   1                   1                   1                   1                   1                   1                  

B                : <emp>               <emp>               <emp>               <emp>               <emp>               <emp>               <emp>               <emp>               <emp>               <emp>               <emp>               <emp>               <emp>               <emp>               <emp>              
Timings          : (212.228, 212.351)  (212.351, 212.475)  (212.475, 212.598)  (212.598, 212.738)  (212.738, 212.858)  (212.858, 212.918)  (212.918, 213.178)  (213.178, 213.688)  (213.688, 214.306)  (214.815, 215.039)  (215.039, 215.264)  (215.264, 215.488)  (215.488, 216.008)  (216.008, 216.103)  (216.103, 216.198) 
Token Types      : 0                   0                   0                   0                   0                   0                   0                   0                   0                   0                   0                   0                   0                   0                   0                  
turn_ids         : 0                   0                   0                   0                   0                   0                   0                   0                   0                   0                   0                   0                   0                   0                   0                  
turn_end_types   : 0                   0                   0                   0                   0                   0                   0                   0                   0                   0                   0                   0                   0                   0                   0                  
speaker_ids      : 0                   0                   0                   0                   0                   0                   0                   0                   0                   0                   0                   0                   0                   0                   0                  


A                : Ġnot                Ġallowed            Ġthe                Ġfundamentalist     Ġto                 Ġgain               Ġcontrol            Ġbut                Ġuh                 Ġi                  Ġyou                Ġknow               Ġtun                is                  ia                 
Timings          : (216.198, 216.438)  (216.438, 216.688)  (216.688, 216.748)  (216.748, 217.318)  (217.318, 217.418)  (217.418, 217.658)  (217.658, 218.315)  (219.38, 219.626)   (219.626, 219.885)  (219.885, 220.015)  (220.015, 220.205)  (220.205, 220.325)  (220.325, 220.631)  (220.631, 220.937)  (220.937, 221.243) 
Token Types      : 1                   1                   1                   1                   1                   1                   1                   1                   1                   1                   1                   1                   1                   1                   1                  
turn_ids         : 82859582816268      82859582816268      82859582816268      82859582816268      82859582816268      82859582816268      82859582816268      82859582816268      82859582816268      82859582816268      82859582816268      82859582816268      82859582816268      82859582816268      82859582816268     
turn_end_types   : 1                   1                   1                   1                   1                   1                   1                   1                   1                   1                   1                   1                   1                   1                   1                  
speaker_ids      : 1                   1                   1                   1                   1                   1                   1                   1                   1                   1                   1                   1                   1                   1                   1                  

B                : <emp>               <emp>               <emp>               <emp>               <emp>               <emp>               <emp>               <emp>               <emp>               <emp>               <emp>               <emp>               <emp>               <emp>               <emp>              
Timings          : (216.198, 216.438)  (216.438, 216.688)  (216.688, 216.748)  (216.748, 217.318)  (217.318, 217.418)  (217.418, 217.658)  (217.658, 218.315)  (219.38, 219.626)   (219.626, 219.885)  (219.885, 220.015)  (220.015, 220.205)  (220.205, 220.325)  (220.325, 220.631)  (220.631, 220.937)  (220.937, 221.243) 
Token Types      : 0                   0                   0                   0                   0                   0                   0                   0                   0                   0                   0                   0                   0                   0                   0                  
turn_ids         : 0                   0                   0                   0                   0                   0                   0                   0                   0                   0                   0                   0                   0                   0                   0                  
turn_end_types   : 0                   0                   0                   0                   0                   0                   0                   0                   0                   0                   0                   0                   0                   0                   0                  
speaker_ids      : 0                   0                   0                   0                   0                   0                   0                   0                   0                   0                   0                   0                   0                   0                   0                  


A                : Ġand                Ġuh                 Ġnow                Ġwe                 Ġhave               Ġproblems           Ġwith               Ġsu                 dan                 <emp>               <emp>               Ġand                Ġuh                 Ġthese              Ġplaces            
Timings          : (222.038, 222.645)  (222.645, 222.895)  (222.895, 223.135)  (223.135, 223.285)  (223.285, 223.435)  (223.435, 223.835)  (223.835, 223.945)  (223.945, 224.315)  (224.315, 224.684)  (225.107, 225.355)  (225.355, 225.603)  (225.505, 225.995)  (225.995, 226.224)  (226.45, 226.835)   (226.835, 227.455) 
Token Types      : 1                   1                   1                   1                   1                   1                   1                   1                   1                   1                   1                   1                   1                   1                   1                  
turn_ids         : 82859582816268      82859582816268      82859582816268      82859582816268      82859582816268      82859582816268      82859582816268      82859582816268      82859582816268      82859582816268      82859582816268      82859582816268      82859582816268      82859582816268      82859582816268     
turn_end_types   : 1                   1                   1                   1                   1                   1                   1                   1                   1                   1                   1                   1                   1                   1                   1                  
speaker_ids      : 1                   1                   1                   1                   1                   1                   1                   1                   1                   1                   1                   1                   1                   1                   1                  

B                : <emp>               <emp>               <emp>               <emp>               <emp>               <emp>               <emp>               <emp>               <emp>               Ġum                 hum                 <ebc>               <emp>               <emp>               <emp>              
Timings          : (222.038, 222.645)  (222.645, 222.895)  (222.895, 223.135)  (223.135, 223.285)  (223.285, 223.435)  (223.435, 223.835)  (223.835, 223.945)  (223.945, 224.315)  (224.315, 224.684)  (225.107, 225.355)  (225.355, 225.603)  (-1.0, -1.0)        (225.995, 226.224)  (226.45, 226.835)   (226.835, 227.455) 
Token Types      : 0                   0                   0                   0                   0                   0                   0                   0                   0                   3                   3                   3                   0                   0                   0                  
turn_ids         : 0                   0                   0                   0                   0                   0                   0                   0                   0                   82862267170825      82862267170825      82862267170825      0                   0                   0                  
turn_end_types   : 0                   0                   0                   0                   0                   0                   0                   0                   0                   0                   0                   0                   0                   0                   0                  
speaker_ids      : 0                   0                   0                   0                   0                   0                   0                   0                   0                   2                   2                   2                   0                   0                   0                  


A                : Ġi                  Ġthink              Ġthat               Ġyou                Ġknow               Ġwe                 're                 Ġjust               Ġin                 Ġthe                Ġbeginning          Ġhere               Ġof                 Ġuh                 Ġwhat              
Timings          : (227.455, 227.625)  (227.625, 227.935)  (227.935, 228.135)  (228.135, 228.245)  (228.245, 228.365)  (228.365, 228.445)  (228.445, 228.525)  (228.525, 228.795)  (228.795, 228.875)  (228.875, 228.945)  (228.945, 229.405)  (229.405, 229.735)  (229.735, 229.995)  (229.995, 230.215)  (230.475, 230.685) 
Token Types      : 1                   1                   1                   1                   1                   1                   1                   1                   1                   1                   1                   1                   1                   1                   1                  
turn_ids         : 82859582816268      82859582816268      82859582816268      82859582816268      82859582816268      82859582816268      82859582816268      82859582816268      82859582816268      82859582816268      82859582816268      82859582816268      82859582816268      82859582816268      82859582816268     
turn_end_types   : 1                   1                   1                   1                   1                   1                   1                   1                   1                   1                   1                   1                   1                   1                   1                  
speaker_ids      : 1                   1                   1                   1                   1                   1                   1                   1                   1                   1                   1                   1                   1                   1                   1                  

B                : <emp>               <emp>               <emp>               <emp>               <emp>               <emp>               <emp>               <emp>               <emp>               <emp>               <emp>               <emp>               <emp>               <emp>               <emp>              
Timings          : (227.455, 227.625)  (227.625, 227.935)  (227.935, 228.135)  (228.135, 228.245)  (228.245, 228.365)  (228.365, 228.445)  (228.445, 228.525)  (228.525, 228.795)  (228.795, 228.875)  (228.875, 228.945)  (228.945, 229.405)  (229.405, 229.735)  (229.735, 229.995)  (229.995, 230.215)  (230.475, 230.685) 
Token Types      : 0                   0                   0                   0                   0                   0                   0                   0                   0                   0                   0                   0                   0                   0                   0                  
turn_ids         : 0                   0                   0                   0                   0                   0                   0                   0                   0                   0                   0                   0                   0                   0                   0                  
turn_end_types   : 0                   0                   0                   0                   0                   0                   0                   0                   0                   0                   0                   0                   0                   0                   0                  
speaker_ids      : 0                   0                   0                   0                   0                   0                   0                   0                   0                   0                   0                   0                   0                   0                   0                  


A                : Ġwill               Ġprobably           Ġsweep              Ġthrough            Ġi                  Ġmean               Ġe                  gypt                's                  Ġsuffering          Ġthe                Ġsame               Ġkinds              Ġof                 Ġproblems          
Timings          : (230.685, 230.815)  (230.815, 231.425)  (231.425, 231.895)  (231.895, 232.394)  (232.559, 232.649)  (232.649, 232.805)  (232.805, 232.948)  (232.948, 233.092)  (233.092, 233.235)  (233.235, 233.675)  (233.675, 233.745)  (233.745, 234.015)  (234.015, 234.315)  (234.315, 234.405)  (234.405, 234.855) 
Token Types      : 1                   1                   1                   1                   1                   1                   1                   1                   1                   1                   1                   1                   1                   1                   1                  
turn_ids         : 82859582816268      82859582816268      82859582816268      82859582816268      82859582816268      82859582816268      82859582816268      82859582816268      82859582816268      82859582816268      82859582816268      82859582816268      82859582816268      82859582816268      82859582816268     
turn_end_types   : 1                   1                   1                   1                   1                   1                   1                   1                   1                   1                   1                   1                   1                   1                   1                  
speaker_ids      : 1                   1                   1                   1                   1                   1                   1                   1                   1                   1                   1                   1                   1                   1                   1                  

B                : <emp>               <emp>               <emp>               <emp>               <emp>               <emp>               <emp>               <emp>               <emp>               <emp>               <emp>               <emp>               <emp>               <emp>               <emp>              
Timings          : (230.685, 230.815)  (230.815, 231.425)  (231.425, 231.895)  (231.895, 232.394)  (232.559, 232.649)  (232.649, 232.805)  (232.805, 232.948)  (232.948, 233.092)  (233.092, 233.235)  (233.235, 233.675)  (233.675, 233.745)  (233.745, 234.015)  (234.015, 234.315)  (234.315, 234.405)  (234.405, 234.855) 
Token Types      : 0                   0                   0                   0                   0                   0                   0                   0                   0                   0                   0                   0                   0                   0                   0                  
turn_ids         : 0                   0                   0                   0                   0                   0                   0                   0                   0                   0                   0                   0                   0                   0                   0                  
turn_end_types   : 0                   0                   0                   0                   0                   0                   0                   0                   0                   0                   0                   0                   0                   0                   0                  
speaker_ids      : 0                   0                   0                   0                   0                   0                   0                   0                   0                   0                   0                   0                   0                   0                   0                  


A                : Ġwith               Ġfundamental        ism                 Ġright              Ġnow                <emp>               Ġthe                Ġmore               Ġnations            Ġthat               Ġjoin               Ġwith               Ġthis               Ġkind               Ġof                
Timings          : (234.855, 234.975)  (234.975, 235.3)    (235.3, 235.625)    (235.625, 235.825)  (235.825, 236.14)   (236.42, 236.808)   (237.005, 237.082)  (237.082, 237.314)  (237.314, 237.844)  (237.844, 238.017)  (238.326, 238.864)  (238.864, 239.014)  (239.014, 239.204)  (239.204, 239.574)  (239.574, 239.734) 
Token Types      : 1                   1                   1                   1                   1                   1                   1                   1                   1                   1                   1                   1                   1                   1                   1                  
turn_ids         : 82859582816268      82859582816268      82859582816268      82859582816268      82859582816268      82859582816268      82859582816268      82859582816268      82859582816268      82859582816268      82859582816268      82859582816268      82859582816268      82859582816268      82859582816268     
turn_end_types   : 1                   1                   1                   1                   1                   1                   1                   1                   1                   1                   1                   1                   1                   1                   1                  
speaker_ids      : 1                   1                   1                   1                   1                   1                   1                   1                   1                   1                   1                   1                   1                   1                   1                  

B                : <emp>               <emp>               <emp>               <emp>               <emp>               Ġyeah               <ebc>               <emp>               <emp>               <emp>               <emp>               <emp>               <emp>               <emp>               <emp>              
Timings          : (234.855, 234.975)  (234.975, 235.3)    (235.3, 235.625)    (235.625, 235.825)  (235.825, 236.14)   (236.42, 236.808)   (-1.0, -1.0)        (237.082, 237.314)  (237.314, 237.844)  (237.844, 238.017)  (238.326, 238.864)  (238.864, 239.014)  (239.014, 239.204)  (239.204, 239.574)  (239.574, 239.734) 
Token Types      : 0                   0                   0                   0                   0                   3                   3                   0                   0                   0                   0                   0                   0                   0                   0                  
turn_ids         : 0                   0                   0                   0                   0                   82862267170826      82862267170826      0                   0                   0                   0                   0                   0                   0                   0                  
turn_end_types   : 0                   0                   0                   0                   0                   0                   0                   0                   0                   0                   0                   0                   0                   0                   0                  
speaker_ids      : 0                   0                   0                   0                   0                   2                   2                   0                   0                   0                   0                   0                   0                   0                   0                  


A                : Ġuh                 Ġthinking           Ġin                 Ġgovernment         Ġthe                Ġmore               Ġstronger           Ġuh                 Ġdifficulty         Ġwe                 're                 Ġgoing              Ġto                 Ġhave               Ġas                
Timings          : (239.734, 240.117)  (240.832, 241.264)  (241.264, 241.414)  (241.414, 242.029)  (242.512, 242.624)  (242.624, 242.904)  (242.904, 243.807)  (244.537, 244.816)  (244.816, 245.434)  (245.434, 245.524)  (245.524, 245.614)  (245.614, 245.754)  (245.754, 245.854)  (245.854, 246.305)  (246.797, 246.907) 
Token Types      : 1                   1                   1                   1                   1                   1                   1                   1                   1                   1                   1                   1                   1                   1                   1                  
turn_ids         : 82859582816268      82859582816268      82859582816268      82859582816268      82859582816268      82859582816268      82859582816268      82859582816268      82859582816268      82859582816268      82859582816268      82859582816268      82859582816268      82859582816268      82859582816268     
turn_end_types   : 1                   1                   1                   1                   1                   1                   1                   1                   1                   1                   1                   1                   1                   1                   1                  
speaker_ids      : 1                   1                   1                   1                   1                   1                   1                   1                   1                   1                   1                   1                   1                   1                   1                  

B                : <emp>               <emp>               <emp>               <emp>               <emp>               <emp>               <emp>               <emp>               <emp>               <emp>               <emp>               <emp>               <emp>               <emp>               <emp>              
Timings          : (239.734, 240.117)  (240.832, 241.264)  (241.264, 241.414)  (241.414, 242.029)  (242.512, 242.624)  (242.624, 242.904)  (242.904, 243.807)  (244.537, 244.816)  (244.816, 245.434)  (245.434, 245.524)  (245.524, 245.614)  (245.614, 245.754)  (245.754, 245.854)  (245.854, 246.305)  (246.797, 246.907) 
Token Types      : 0                   0                   0                   0                   0                   0                   0                   0                   0                   0                   0                   0                   0                   0                   0                  
turn_ids         : 0                   0                   0                   0                   0                   0                   0                   0                   0                   0                   0                   0                   0                   0                   0                  
turn_end_types   : 0                   0                   0                   0                   0                   0                   0                   0                   0                   0                   0                   0                   0                   0                   0                  
speaker_ids      : 0                   0                   0                   0                   0                   0                   0                   0                   0                   0                   0                   0                   0                   0                   0                  


A                : Ġa                  Ġnation             Ġin                 Ġdealing            Ġwith               Ġthe                Ġregion             Ġbecause            Ġof                 Ġour                Ġpast               Ġexperiences        Ġwith               Ġthe                Ġpal               
Timings          : (246.907, 246.993)  (246.993, 247.413)  (247.413, 247.523)  (247.523, 247.953)  (247.953, 248.093)  (248.093, 248.203)  (248.203, 248.613)  (248.613, 248.893)  (248.893, 248.983)  (248.983, 249.103)  (249.103, 249.573)  (249.573, 250.323)  (250.323, 250.413)  (250.413, 250.473)  (250.473, 250.705) 
Token Types      : 1                   1                   1                   1                   1                   1                   1                   1                   1                   1                   1                   1                   1                   1                   1                  
turn_ids         : 82859582816268      82859582816268      82859582816268      82859582816268      82859582816268      82859582816268      82859582816268      82859582816268      82859582816268      82859582816268      82859582816268      82859582816268      82859582816268      82859582816268      82859582816268     
turn_end_types   : 1                   1                   1                   1                   1                   1                   1                   1                   1                   1                   1                   1                   1                   1                   1                  
speaker_ids      : 1                   1                   1                   1                   1                   1                   1                   1                   1                   1                   1                   1                   1                   1                   1                  

B                : <emp>               <emp>               <emp>               <emp>               <emp>               <emp>               <emp>               <emp>               <emp>               <emp>               <emp>               <emp>               <emp>               <emp>               <emp>              
Timings          : (246.907, 246.993)  (246.993, 247.413)  (247.413, 247.523)  (247.523, 247.953)  (247.953, 248.093)  (248.093, 248.203)  (248.203, 248.613)  (248.613, 248.893)  (248.893, 248.983)  (248.983, 249.103)  (249.103, 249.573)  (249.573, 250.323)  (250.323, 250.413)  (250.413, 250.473)  (250.473, 250.705) 
Token Types      : 0                   0                   0                   0                   0                   0                   0                   0                   0                   0                   0                   0                   0                   0                   0                  
turn_ids         : 0                   0                   0                   0                   0                   0                   0                   0                   0                   0                   0                   0                   0                   0                   0                  
turn_end_types   : 0                   0                   0                   0                   0                   0                   0                   0                   0                   0                   0                   0                   0                   0                   0                  
speaker_ids      : 0                   0                   0                   0                   0                   0                   0                   0                   0                   0                   0                   0                   0                   0                   0                  


A                : est                 in                  ians                <eot>               <emp>               <emp>               <emp>               <emp>               <emp>               <emp>               <emp>               <emp>               <emp>               <emp>               <emp>              
Timings          : (250.705, 250.937)  (250.937, 251.169)  (251.169, 251.401)  (-1.0, -1.0)        (252.098, 252.164)  (252.164, 252.258)  (252.258, 252.306)  (252.306, 252.436)  (252.436, 252.516)  (252.516, 252.666)  (252.666, 252.726)  (252.726, 252.816)  (252.816, 253.046)  (253.046, 253.54)   (253.54, 253.653)  
Token Types      : 1                   1                   1                   1                   0                   0                   0                   0                   0                   0                   0                   0                   0                   0                   0                  
turn_ids         : 82859582816268      82859582816268      82859582816268      82859582816268      0                   0                   0                   0                   0                   0                   0                   0                   0                   0                   0                  
turn_end_types   : 1                   1                   1                   1                   0                   0                   0                   0                   0                   0                   0                   0                   0                   0                   0                  
speaker_ids      : 1                   1                   1                   1                   0                   0                   0                   0                   0                   0                   0                   0                   0                   0                   0                  

B                : <emp>               <emp>               <emp>               Ġyeah               Ġi                  Ġthink              Ġa                  Ġlot                Ġof                 Ġit                 Ġis                 Ġis                 Ġjust               Ġrejection          Ġof                
Timings          : (250.705, 250.937)  (250.937, 251.169)  (251.169, 251.401)  (251.91, 252.098)   (252.098, 252.164)  (252.164, 252.258)  (252.258, 252.306)  (252.306, 252.436)  (252.436, 252.516)  (252.516, 252.666)  (252.666, 252.726)  (252.726, 252.816)  (252.816, 253.046)  (253.046, 253.54)   (253.54, 253.653)  
Token Types      : 0                   0                   0                   1                   1                   1                   1                   1                   1                   1                   1                   1                   1                   1                   1                  
turn_ids         : 0                   0                   0                   82860119687181      82860119687181      82860119687181      82860119687181      82860119687181      82860119687181      82860119687181      82860119687181      82860119687181      82860119687181      82860119687181      82860119687181     
turn_end_types   : 0                   0                   0                   1                   1                   1                   1                   1                   1                   1                   1                   1                   1                   1                   1                  
speaker_ids      : 0                   0                   0                   2                   2                   2                   2                   2                   2                   2                   2                   2                   2                   2                   2                  


A                : <emp>               <emp>               <emp>               <emp>               <emp>               <emp>               <emp>               <emp>               <emp>               <emp>               <emp>               <emp>               <emp>               <emp>               <emp>              
Timings          : (253.653, 253.75)   (253.75, 254.046)   (254.838, 254.893)  (254.893, 255.047)  (255.047, 255.35)   (255.35, 255.824)   (256.133, 256.383)  (256.383, 256.498)  (256.63, 256.853)   (256.853, 257.153)  (257.153, 257.373)  (257.373, 257.463)  (257.463, 257.733)  (257.733, 258.223)  (258.223, 258.713) 
Token Types      : 0                   0                   0                   0                   0                   0                   0                   0                   0                   0                   0                   0                   0                   0                   0                  
turn_ids         : 0                   0                   0                   0                   0                   0                   0                   0                   0                   0                   0                   0                   0                   0                   0                  
turn_end_types   : 0                   0                   0                   0                   0                   0                   0                   0                   0                   0                   0                   0                   0                   0                   0                  
speaker_ids      : 0                   0                   0                   0                   0                   0                   0                   0                   0                   0                   0                   0                   0                   0                   0                  

B                : Ġthe                Ġcurrent            Ġyou                Ġknow               Ġpower              Ġstructure          Ġand                Ġthat               Ġpower              Ġstructure          Ġhappens            Ġto                 Ġbe                 Ġreligiously        Ġaligned           
Timings          : (253.653, 253.75)   (253.75, 254.046)   (254.838, 254.893)  (254.893, 255.047)  (255.047, 255.35)   (255.35, 255.824)   (256.133, 256.383)  (256.383, 256.498)  (256.63, 256.853)   (256.853, 257.153)  (257.153, 257.373)  (257.373, 257.463)  (257.463, 257.733)  (257.733, 258.223)  (258.223, 258.713) 
Token Types      : 1                   1                   1                   1                   1                   1                   1                   1                   1                   1                   1                   1                   1                   1                   1                  
turn_ids         : 82860119687181      82860119687181      82860119687181      82860119687181      82860119687181      82860119687181      82860119687181      82860119687181      82860119687181      82860119687181      82860119687181      82860119687181      82860119687181      82860119687181      82860119687181     
turn_end_types   : 1                   1                   1                   1                   1                   1                   1                   1                   1                   1                   1                   1                   1                   1                   1                  
speaker_ids      : 2                   2                   2                   2                   2                   2                   2                   2                   2                   2                   2                   2                   2                   2                   2                  


A                : <emp>               <emp>               <emp>               <emp>               <emp>               <emp>               <emp>               <emp>               <emp>               <emp>               <emp>               <emp>               <emp>               <emp>               <emp>              
Timings          : (258.713, 258.963)  (259.656, 259.975)  (259.975, 260.137)  (260.137, 260.483)  (260.593, 260.653)  (260.653, 260.923)  (260.923, 261.168)  (261.48, 261.803)   (261.803, 262.093)  (262.093, 262.657)  (262.86, 262.943)   (262.943, 262.973)  (262.973, 263.103)  (263.103, 263.163)  (263.163, 263.313) 
Token Types      : 0                   0                   0                   0                   0                   0                   0                   0                   0                   0                   0                   0                   0                   0                   0                  
turn_ids         : 0                   0                   0                   0                   0                   0                   0                   0                   0                   0                   0                   0                   0                   0                   0                  
turn_end_types   : 0                   0                   0                   0                   0                   0                   0                   0                   0                   0                   0                   0                   0                   0                   0                  
speaker_ids      : 0                   0                   0                   0                   0                   0                   0                   0                   0                   0                   0                   0                   0                   0                   0                  

B                : Ġand                Ġaligned            Ġwith               Ġuh                 Ġyou                Ġknow               Ġa                  Ġreligious          Ġbased              Ġmonarchy           Ġin                 Ġa                  Ġlot                Ġof                 Ġthose             
Timings          : (258.713, 258.963)  (259.656, 259.975)  (259.975, 260.137)  (260.137, 260.483)  (260.593, 260.653)  (260.653, 260.923)  (260.923, 261.168)  (261.48, 261.803)   (261.803, 262.093)  (262.093, 262.657)  (262.86, 262.943)   (262.943, 262.973)  (262.973, 263.103)  (263.103, 263.163)  (263.163, 263.313) 
Token Types      : 1                   1                   1                   1                   1                   1                   1                   1                   1                   1                   1                   1                   1                   1                   1                  
turn_ids         : 82860119687181      82860119687181      82860119687181      82860119687181      82860119687181      82860119687181      82860119687181      82860119687181      82860119687181      82860119687181      82860119687181      82860119687181      82860119687181      82860119687181      82860119687181     
turn_end_types   : 1                   1                   1                   1                   1                   1                   1                   1                   1                   1                   1                   1                   1                   1                   1                  
speaker_ids      : 2                   2                   2                   2                   2                   2                   2                   2                   2                   2                   2                   2                   2                   2                   2                  


A                : <emp>               <emp>               <emp>               <emp>               <emp>               <emp>               <emp>               <emp>               <emp>               <emp>               <emp>               <emp>               <emp>               <emp>               <emp>              
Timings          : (263.313, 263.797)  (264.49, 264.82)    (265.363, 265.517)  (265.728, 265.786)  (265.786, 265.844)  (265.844, 266.113)  (266.113, 266.594)  (266.594, 266.736)  (267.034, 267.254)  (267.254, 267.603)  (267.603, 267.703)  (267.703, 268.064)  (268.064, 268.164)  (268.164, 268.493)  (268.493, 268.684) 
Token Types      : 0                   0                   0                   0                   0                   0                   0                   0                   0                   0                   0                   0                   0                   0                   0                  
turn_ids         : 0                   0                   0                   0                   0                   0                   0                   0                   0                   0                   0                   0                   0                   0                   0                  
turn_end_types   : 0                   0                   0                   0                   0                   0                   0                   0                   0                   0                   0                   0                   0                   0                   0                  
speaker_ids      : 0                   0                   0                   0                   0                   0                   0                   0                   0                   0                   0                   0                   0                   0                   0                  

B                : Ġcountries          Ġand                Ġthat               Ġthey               're                 Ġbasically          Ġrejecting          Ġthat               Ġpower              Ġstructure          Ġin                 Ġfavor              Ġof                 Ġanother            Ġwhich             
Timings          : (263.313, 263.797)  (264.49, 264.82)    (265.363, 265.517)  (265.728, 265.786)  (265.786, 265.844)  (265.844, 266.113)  (266.113, 266.594)  (266.594, 266.736)  (267.034, 267.254)  (267.254, 267.603)  (267.603, 267.703)  (267.703, 268.064)  (268.064, 268.164)  (268.164, 268.493)  (268.493, 268.684) 
Token Types      : 1                   1                   1                   1                   1                   1                   1                   1                   1                   1                   1                   1                   1                   1                   1                  
turn_ids         : 82860119687181      82860119687181      82860119687181      82860119687181      82860119687181      82860119687181      82860119687181      82860119687181      82860119687181      82860119687181      82860119687181      82860119687181      82860119687181      82860119687181      82860119687181     
turn_end_types   : 1                   1                   1                   1                   1                   1                   1                   1                   1                   1                   1                   1                   1                   1                   1                  
speaker_ids      : 2                   2                   2                   2                   2                   2                   2                   2                   2                   2                   2                   2                   2                   2                   2                  


A                : <emp>               <emp>               <emp>               <emp>               <emp>               <emp>               <emp>               <emp>               <emp>               <emp>               <emp>               <emp>               <emp>               <emp>               <emp>              
Timings          : (268.684, 268.934)  (268.934, 269.004)  (269.004, 269.094)  (269.094, 269.363)  (269.363, 269.444)  (269.444, 269.483)  (269.483, 270.254)  (270.254, 270.384)  (270.384, 270.414)  (270.414, 270.553)  (270.553, 270.624)  (270.624, 270.694)  (270.694, 270.819)  (271.007, 271.158)  (271.158, 271.433) 
Token Types      : 0                   0                   0                   0                   0                   0                   0                   0                   0                   0                   0                   0                   0                   0                   0                  
turn_ids         : 0                   0                   0                   0                   0                   0                   0                   0                   0                   0                   0                   0                   0                   0                   0                  
turn_end_types   : 0                   0                   0                   0                   0                   0                   0                   0                   0                   0                   0                   0                   0                   0                   0                  
speaker_ids      : 0                   0                   0                   0                   0                   0                   0                   0                   0                   0                   0                   0                   0                   0                   0                  

B                : Ġis                 Ġyou                Ġknow               Ġreturn             Ġto                 Ġa                  Ġfundamentalist     Ġthing              Ġi                  Ġmean               Ġit                 's                  Ġnot                Ġto                 Ġunlike            
Timings          : (268.684, 268.934)  (268.934, 269.004)  (269.004, 269.094)  (269.094, 269.363)  (269.363, 269.444)  (269.444, 269.483)  (269.483, 270.254)  (270.254, 270.384)  (270.384, 270.414)  (270.414, 270.553)  (270.553, 270.624)  (270.624, 270.694)  (270.694, 270.819)  (271.007, 271.158)  (271.158, 271.433) 
Token Types      : 1                   1                   1                   1                   1                   1                   1                   1                   1                   1                   1                   1                   1                   1                   1                  
turn_ids         : 82860119687181      82860119687181      82860119687181      82860119687181      82860119687181      82860119687181      82860119687181      82860119687181      82860119687181      82860119687181      82860119687181      82860119687181      82860119687181      82860119687181      82860119687181     
turn_end_types   : 1                   1                   1                   1                   1                   1                   1                   1                   1                   1                   1                   1                   1                   1                   1                  
speaker_ids      : 2                   2                   2                   2                   2                   2                   2                   2                   2                   2                   2                   2                   2                   2                   2                  


A                : <emp>               <emp>               <emp>               <emp>               <emp>               <emp>               <emp>               <emp>               <emp>               <emp>               <emp>               <emp>               <emp>               <emp>               <emp>              
Timings          : (271.433, 271.543)  (271.543, 271.754)  (271.754, 271.814)  (271.814, 271.874)  (271.874, 272.094)  (272.094, 272.485)  (273.155, 273.315)  (273.315, 273.414)  (273.414, 273.675)  (273.675, 273.792)  (273.792, 274.104)  (274.104, 274.134)  (274.134, 274.224)  (274.224, 274.5)    (274.602, 274.784) 
Token Types      : 0                   0                   0                   0                   0                   0                   0                   0                   0                   0                   0                   0                   0                   0                   0                  
turn_ids         : 0                   0                   0                   0                   0                   0                   0                   0                   0                   0                   0                   0                   0                   0                   0                  
turn_end_types   : 0                   0                   0                   0                   0                   0                   0                   0                   0                   0                   0                   0                   0                   0                   0                  
speaker_ids      : 0                   0                   0                   0                   0                   0                   0                   0                   0                   0                   0                   0                   0                   0                   0                  

B                : Ġwhat               Ġhappened           Ġin                 Ġthe                Ġunited             Ġstates             Ġover               Ġthe                Ġlast               Ġten                Ġyears              Ġi                  Ġmean               Ġbasically          Ġpeople            
Timings          : (271.433, 271.543)  (271.543, 271.754)  (271.754, 271.814)  (271.814, 271.874)  (271.874, 272.094)  (272.094, 272.485)  (273.155, 273.315)  (273.315, 273.414)  (273.414, 273.675)  (273.675, 273.792)  (273.792, 274.104)  (274.104, 274.134)  (274.134, 274.224)  (274.224, 274.5)    (274.602, 274.784) 
Token Types      : 1                   1                   1                   1                   1                   1                   1                   1                   1                   1                   1                   1                   1                   1                   1                  
turn_ids         : 82860119687181      82860119687181      82860119687181      82860119687181      82860119687181      82860119687181      82860119687181      82860119687181      82860119687181      82860119687181      82860119687181      82860119687181      82860119687181      82860119687181      82860119687181     
turn_end_types   : 1                   1                   1                   1                   1                   1                   1                   1                   1                   1                   1                   1                   1                   1                   1                  
speaker_ids      : 2                   2                   2                   2                   2                   2                   2                   2                   2                   2                   2                   2                   2                   2                   2                  


A                : <emp>               <emp>               <emp>               <emp>               <emp>               <emp>               <emp>               <emp>               <emp>               Ġyeah               <ebc>               <emp>               <emp>               <emp>               <emp>              
Timings          : (274.784, 275.229)  (275.38, 275.454)   (275.454, 275.682)  (275.765, 275.886)  (275.886, 276.007)  (276.455, 277.262)  (277.886, 277.944)  (277.944, 278.004)  (278.004, 278.362)  (278.906, 279.28)   (-1.0, -1.0)        (279.14, 279.354)   (279.354, 279.424)  (279.424, 279.854)  (279.854, 280.064) 
Token Types      : 0                   0                   0                   0                   0                   0                   0                   0                   0                   3                   3                   0                   0                   0                   0                  
turn_ids         : 0                   0                   0                   0                   0                   0                   0                   0                   0                   82861730299915      82861730299915      0                   0                   0                   0                  
turn_end_types   : 0                   0                   0                   0                   0                   0                   0                   0                   0                   0                   0                   0                   0                   0                   0                  
speaker_ids      : 0                   0                   0                   0                   0                   0                   0                   0                   0                   1                   1                   0                   0                   0                   0                  

B                : Ġrejected           Ġyou                Ġknow               Ġthere              's                  Ġfundamentalist     Ġyou                Ġknow               Ġmovement           Ġwasn               't                  Ġquite              Ġas                 Ġsevere             Ġor                
Timings          : (274.784, 275.229)  (275.38, 275.454)   (275.454, 275.682)  (275.765, 275.886)  (275.886, 276.007)  (276.455, 277.262)  (277.886, 277.944)  (277.944, 278.004)  (278.004, 278.362)  (278.952, 279.046)  (279.046, 279.14)   (279.14, 279.354)   (279.354, 279.424)  (279.424, 279.854)  (279.854, 280.064) 
Token Types      : 1                   1                   1                   1                   1                   1                   1                   1                   1                   1                   1                   1                   1                   1                   1                  
turn_ids         : 82860119687181      82860119687181      82860119687181      82860119687181      82860119687181      82860119687181      82860119687181      82860119687181      82860119687181      82860119687181      82860119687181      82860119687181      82860119687181      82860119687181      82860119687181     
turn_end_types   : 1                   1                   1                   1                   1                   1                   1                   1                   1                   1                   1                   1                   1                   1                   1                  
speaker_ids      : 2                   2                   2                   2                   2                   2                   2                   2                   2                   2                   2                   2                   2                   2                   2                  


A                : <emp>               <emp>               <emp>               <emp>               <emp>               <emp>               <emp>               <emp>               <emp>               <emp>               <emp>               <emp>               <emp>               <emp>               <emp>              
Timings          : (280.064, 280.309)  (280.309, 280.403)  (280.403, 280.484)  (280.484, 280.719)  (280.719, 280.954)  (280.954, 281.442)  (281.742, 281.824)  (281.824, 281.994)  (281.994, 282.344)  (282.344, 282.484)  (283.397, 283.733)  (284.66, 284.758)   (285.044, 285.368)  (285.368, 285.634)  (285.634, 285.853) 
Token Types      : 0                   0                   0                   0                   0                   0                   0                   0                   0                   0                   0                   0                   0                   0                   0                  
turn_ids         : 0                   0                   0                   0                   0                   0                   0                   0                   0                   0                   0                   0                   0                   0                   0                  
turn_end_types   : 0                   0                   0                   0                   0                   0                   0                   0                   0                   0                   0                   0                   0                   0                   0                  
speaker_ids      : 0                   0                   0                   0                   0                   0                   0                   0                   0                   0                   0                   0                   0                   0                   0                  

B                : Ġas                 Ġyou                Ġknow               Ġfan                atically            Ġradical            Ġi                  Ġmean               Ġbecause            Ġthe                Ġuh                 Ġthe                Ġclass              Ġstructure          Ġis                
Timings          : (280.064, 280.309)  (280.309, 280.403)  (280.403, 280.484)  (280.484, 280.719)  (280.719, 280.954)  (280.954, 281.442)  (281.742, 281.824)  (281.824, 281.994)  (281.994, 282.344)  (282.344, 282.484)  (283.397, 283.733)  (284.66, 284.758)   (285.044, 285.368)  (285.368, 285.634)  (285.634, 285.853) 
Token Types      : 1                   1                   1                   1                   1                   1                   1                   1                   1                   1                   1                   1                   1                   1                   1                  
turn_ids         : 82860119687181      82860119687181      82860119687181      82860119687181      82860119687181      82860119687181      82860119687181      82860119687181      82860119687181      82860119687181      82860119687181      82860119687181      82860119687181      82860119687181      82860119687181     
turn_end_types   : 1                   1                   1                   1                   1                   1                   1                   1                   1                   1                   1                   1                   1                   1                   1                  
speaker_ids      : 2                   2                   2                   2                   2                   2                   2                   2                   2                   2                   2                   2                   2                   2                   2                  


A                : <emp>               <emp>               <emp>               <emp>               <emp>               <emp>               <emp>               <emp>               <emp>               <emp>               <emp>               <emp>               <emp>               <emp>               <emp>              
Timings          : (285.853, 286.248)  (286.248, 286.328)  (286.328, 286.438)  (286.438, 286.886)  (287.871, 288.312)  (288.312, 288.642)  (288.642, 288.764)  (288.764, 289.025)  (289.354, 289.44)   (289.44, 289.559)   (289.559, 289.761)  (289.761, 289.962)  (289.962, 290.482)  (290.482, 290.78)   (290.78, 291.001)  
Token Types      : 0                   0                   0                   0                   0                   0                   0                   0                   0                   0                   0                   0                   0                   0                   0                  
turn_ids         : 0                   0                   0                   0                   0                   0                   0                   0                   0                   0                   0                   0                   0                   0                   0                  
turn_end_types   : 0                   0                   0                   0                   0                   0                   0                   0                   0                   0                   0                   0                   0                   0                   0                  
speaker_ids      : 0                   0                   0                   0                   0                   0                   0                   0                   0                   0                   0                   0                   0                   0                   0                  

B                : Ġis                 Ġyou                Ġknow               Ġless               Ġprolific           Ġhere               Ġor                 Ġless               Ġyou                Ġknow               Ġregion             ally                Ġdefined            Ġhere               Ġand               
Timings          : (285.853, 286.248)  (286.248, 286.328)  (286.328, 286.438)  (286.438, 286.886)  (287.871, 288.312)  (288.312, 288.642)  (288.642, 288.764)  (288.764, 289.025)  (289.354, 289.44)   (289.44, 289.559)   (289.559, 289.761)  (289.761, 289.962)  (289.962, 290.482)  (290.482, 290.78)   (290.78, 291.001)  
Token Types      : 1                   1                   1                   1                   1                   1                   1                   1                   1                   1                   1                   1                   1                   1                   1                  
turn_ids         : 82860119687181      82860119687181      82860119687181      82860119687181      82860119687181      82860119687181      82860119687181      82860119687181      82860119687181      82860119687181      82860119687181      82860119687181      82860119687181      82860119687181      82860119687181     
turn_end_types   : 1                   1                   1                   1                   1                   1                   1                   1                   1                   1                   1                   1                   1                   1                   1                  
speaker_ids      : 2                   2                   2                   2                   2                   2                   2                   2                   2                   2                   2                   2                   2                   2                   2                  


A                : <emp>               <emp>               <emp>               <emp>               <emp>               <emp>               <emp>               <emp>               <emp>               <emp>               <emp>               <emp>               <emp>               <emp>               <emp>              
Timings          : (291.001, 291.159)  (291.976, 292.133)  (292.133, 292.346)  (293.226, 293.35)   (293.35, 293.727)   (293.727, 293.822)  (293.822, 293.917)  (293.917, 294.191)  (294.846, 294.957)  (294.957, 295.467)  (295.467, 295.587)  (295.587, 295.707)  (295.707, 296.042)  (296.042, 296.155)  (296.155, 296.243) 
Token Types      : 0                   0                   0                   0                   0                   0                   0                   0                   0                   0                   0                   0                   0                   0                   0                  
turn_ids         : 0                   0                   0                   0                   0                   0                   0                   0                   0                   0                   0                   0                   0                   0                   0                  
turn_end_types   : 0                   0                   0                   0                   0                   0                   0                   0                   0                   0                   0                   0                   0                   0                   0                  
speaker_ids      : 0                   0                   0                   0                   0                   0                   0                   0                   0                   0                   0                   0                   0                   0                   0                  

B                : Ġuh                 Ġthe                Ġuh                 Ġthe                Ġdifferences        Ġaren               't                  Ġso                 Ġso                 Ġstrong             Ġas                 Ġin                 Ġsay                Ġtalking            Ġabout             
Timings          : (291.001, 291.159)  (291.976, 292.133)  (292.133, 292.346)  (293.226, 293.35)   (293.35, 293.727)   (293.727, 293.822)  (293.822, 293.917)  (293.917, 294.191)  (294.846, 294.957)  (294.957, 295.467)  (295.467, 295.587)  (295.587, 295.707)  (295.707, 296.042)  (296.042, 296.155)  (296.155, 296.243) 
Token Types      : 1                   1                   1                   1                   1                   1                   1                   1                   1                   1                   1                   1                   1                   1                   1                  
turn_ids         : 82860119687181      82860119687181      82860119687181      82860119687181      82860119687181      82860119687181      82860119687181      82860119687181      82860119687181      82860119687181      82860119687181      82860119687181      82860119687181      82860119687181      82860119687181     
turn_end_types   : 1                   1                   1                   1                   1                   1                   1                   1                   1                   1                   1                   1                   1                   1                   1                  
speaker_ids      : 2                   2                   2                   2                   2                   2                   2                   2                   2                   2                   2                   2                   2                   2                   2                  


A                : <emp>               <emp>               <emp>               <emp>               <emp>               <emp>               <emp>               <emp>               <emp>               <emp>               <emp>               <emp>               <emp>               <emp>               <emp>              
Timings          : (296.243, 296.367)  (296.367, 296.563)  (296.563, 296.759)  (297.305, 297.336)  (297.336, 297.367)  (297.367, 297.442)  (297.442, 297.517)  (297.517, 297.882)  (297.961, 298.087)  (298.087, 298.247)  (298.247, 298.357)  (298.357, 298.827)  (298.827, 298.867)  (298.867, 299.257)  (-1.0, -1.0)       
Token Types      : 0                   0                   0                   0                   0                   0                   0                   0                   0                   0                   0                   0                   0                   0                   0                  
turn_ids         : 0                   0                   0                   0                   0                   0                   0                   0                   0                   0                   0                   0                   0                   0                   0                  
turn_end_types   : 0                   0                   0                   0                   0                   0                   0                   0                   0                   0                   0                   0                   0                   0                   0                  
speaker_ids      : 0                   0                   0                   0                   0                   0                   0                   0                   0                   0                   0                   0                   0                   0                   0                  

B                : Ġlike               Ġsa                 udi                 Ġwe                 're                 Ġyou                've                 Ġgot                Ġyou                Ġknow               Ġuh                 Ġbasically          Ġa                  Ġruling             <eot>              
Timings          : (296.243, 296.367)  (296.367, 296.563)  (296.563, 296.759)  (297.305, 297.336)  (297.336, 297.367)  (297.367, 297.442)  (297.442, 297.517)  (297.517, 297.882)  (297.961, 298.087)  (298.087, 298.247)  (298.247, 298.357)  (298.357, 298.827)  (298.827, 298.867)  (298.867, 299.257)  (-1.0, -1.0)       
Token Types      : 1                   1                   1                   1                   1                   1                   1                   1                   1                   1                   1                   1                   1                   1                   1                  
turn_ids         : 82860119687181      82860119687181      82860119687181      82860119687181      82860119687181      82860119687181      82860119687181      82860119687181      82860119687181      82860119687181      82860119687181      82860119687181      82860119687181      82860119687181      82860119687181     
turn_end_types   : 1                   1                   1                   1                   1                   1                   1                   1                   1                   1                   1                   1                   1                   1                   1                  
speaker_ids      : 2                   2                   2                   2                   2                   2                   2                   2                   2                   2                   2                   2                   2                   2                   2                  


