A                : what                Ġwhat               Ġwhat               Ġsort               Ġof                 Ġcompany            Ġdo                 Ġyou                Ġwork               Ġfor                Ġdo                 Ġyou                Ġwork               Ġfor                Ġa                 
Timings          : (1.057, 1.167)      (1.227, 1.357)      (1.477, 1.607)      (1.607, 1.797)      (1.797, 2.017)      (2.057, 2.457)      (2.457, 2.547)      (2.547, 2.607)      (2.607, 2.817)      (2.817, 2.907)      (2.907, 2.967)      (2.967, 3.027)      (3.027, 3.157)      (3.157, 3.257)      (3.257, 3.287)     
Token Types      : 1                   1                   1                   1                   1                   1                   1                   1                   1                   1                   1                   1                   1                   1                   1                  
turn_ids         : 79509508325376      79509508325376      79509508325376      79509508325376      79509508325376      79509508325376      79509508325376      79509508325376      79509508325376      79509508325376      79509508325376      79509508325376      79509508325376      79509508325376      79509508325376     
turn_end_types   : 1                   1                   1                   1                   1                   1                   1                   1                   1                   1                   1                   1                   1                   1                   1                  
speaker_ids      : 1                   1                   1                   1                   1                   1                   1                   1                   1                   1                   1                   1                   1                   1                   1                  

B                : <emp>               <emp>               <emp>               <emp>               <emp>               <emp>               <emp>               <emp>               <emp>               <emp>               <emp>               <emp>               <emp>               <emp>               <emp>              
Timings          : (1.057, 1.167)      (1.227, 1.357)      (1.477, 1.607)      (1.607, 1.797)      (1.797, 2.017)      (2.057, 2.457)      (2.457, 2.547)      (2.547, 2.607)      (2.607, 2.817)      (2.817, 2.907)      (2.907, 2.967)      (2.967, 3.027)      (3.027, 3.157)      (3.157, 3.257)      (3.257, 3.287)     
Token Types      : 0                   0                   0                   0                   0                   0                   0                   0                   0                   0                   0                   0                   0                   0                   0                  
turn_ids         : 0                   0                   0                   0                   0                   0                   0                   0                   0                   0                   0                   0                   0                   0                   0                  
turn_end_types   : 0                   0                   0                   0                   0                   0                   0                   0                   0                   0                   0                   0                   0                   0                   0                  
speaker_ids      : 0                   0                   0                   0                   0                   0                   0                   0                   0                   0                   0                   0                   0                   0                   0                  


A                : Ġbig                Ġplace              Ġor                 Ġa                  Ġlittle             Ġplace              <eot>               <emp>               <emp>               <emp>               <emp>               <emp>               <emp>               <emp>               <emp>              
Timings          : (3.287, 3.447)      (3.447, 3.747)      (3.787, 3.867)      (3.867, 3.897)      (3.897, 4.077)      (4.077, 4.397)      (-1.0, -1.0)        (4.798, 4.847)      (4.847, 5.077)      (5.077, 5.188)      (5.188, 5.298)      (5.298, 5.407)      (5.407, 5.517)      (5.517, 5.907)      (5.907, 6.117)     
Token Types      : 1                   1                   1                   1                   1                   1                   1                   0                   0                   0                   0                   0                   0                   0                   0                  
turn_ids         : 79509508325376      79509508325376      79509508325376      79509508325376      79509508325376      79509508325376      79509508325376      0                   0                   0                   0                   0                   0                   0                   0                  
turn_end_types   : 1                   1                   1                   1                   1                   1                   1                   0                   0                   0                   0                   0                   0                   0                   0                  
speaker_ids      : 1                   1                   1                   1                   1                   1                   1                   0                   0                   0                   0                   0                   0                   0                   0                  

B                : <emp>               <emp>               <emp>               <emp>               <emp>               <emp>               uh                  Ġi                  Ġwork               Ġfor                Ġge                 org                 ia                  Ġtech               Ġyes               
Timings          : (3.287, 3.447)      (3.447, 3.747)      (3.787, 3.867)      (3.867, 3.897)      (3.897, 4.077)      (4.077, 4.397)      (4.528, 4.798)      (4.798, 4.847)      (4.847, 5.077)      (5.077, 5.188)      (5.188, 5.298)      (5.298, 5.407)      (5.407, 5.517)      (5.517, 5.907)      (5.907, 6.117)     
Token Types      : 0                   0                   0                   0                   0                   0                   1                   1                   1                   1                   1                   1                   1                   1                   1                  
turn_ids         : 0                   0                   0                   0                   0                   0                   79510045196289      79510045196289      79510045196289      79510045196289      79510045196289      79510045196289      79510045196289      79510045196289      79510045196289     
turn_end_types   : 0                   0                   0                   0                   0                   0                   2                   2                   2                   2                   2                   2                   2                   2                   2                  
speaker_ids      : 0                   0                   0                   0                   0                   0                   2                   2                   2                   2                   2                   2                   2                   2                   2                  


A                : <emp>               <emp>               <emp>               <emp>               <emp>               <emp>               <emp>               <emp>               <emp>               <emp>               <emp>               <emp>               <emp>               <emp>               <emp>              
Timings          : (6.117, 6.407)      (6.407, 6.448)      (6.448, 6.688)      (6.688, 6.838)      (6.838, 6.948)      (6.948, 7.508)      (7.508, 8.377)      (9.619, 10.369)     (10.849, 11.279)    (11.279, 11.424)    (11.424, 11.569)    (11.639, 11.879)    (11.879, 12.119)    (12.119, 12.439)    (12.439, 12.509)   
Token Types      : 0                   0                   0                   0                   0                   0                   0                   0                   0                   0                   0                   0                   0                   0                   0                  
turn_ids         : 0                   0                   0                   0                   0                   0                   0                   0                   0                   0                   0                   0                   0                   0                   0                  
turn_end_types   : 0                   0                   0                   0                   0                   0                   0                   0                   0                   0                   0                   0                   0                   0                   0                  
speaker_ids      : 0                   0                   0                   0                   0                   0                   0                   0                   0                   0                   0                   0                   0                   0                   0                  

B                : Ġsir                Ġi                  Ġwork               Ġfor                Ġthe                Ġresearch           Ġfacility           Ġum                 Ġand                Ġit                 's                  Ġit                 's                  Ġkind               Ġof                
Timings          : (6.117, 6.407)      (6.407, 6.448)      (6.448, 6.688)      (6.688, 6.838)      (6.838, 6.948)      (6.948, 7.508)      (7.508, 8.377)      (9.619, 10.369)     (10.849, 11.279)    (11.279, 11.424)    (11.424, 11.569)    (11.639, 11.879)    (11.879, 12.119)    (12.119, 12.439)    (12.439, 12.509)   
Token Types      : 1                   1                   1                   1                   1                   1                   1                   1                   1                   1                   1                   1                   1                   1                   1                  
turn_ids         : 79510045196289      79510045196289      79510045196289      79510045196289      79510045196289      79510045196289      79510045196289      79510045196289      79510045196289      79510045196289      79510045196289      79510045196289      79510045196289      79510045196289      79510045196289     
turn_end_types   : 2                   2                   2                   2                   2                   2                   2                   2                   2                   2                   2                   2                   2                   2                   2                  
speaker_ids      : 2                   2                   2                   2                   2                   2                   2                   2                   2                   2                   2                   2                   2                   2                   2                  


A                : <emp>               <emp>               <emp>               <emp>               <emp>               <emp>               <emp>               <emp>               <emp>               <emp>               <emp>               <emp>               <emp>               <emp>               <emp>              
Timings          : (12.509, 13.319)    (14.029, 14.139)    (14.139, 14.209)    (14.209, 14.639)    (14.639, 14.839)    (14.839, 15.179)    (15.179, 15.289)    (15.289, 15.579)    (15.579, 15.799)    (15.799, 16.069)    (16.069, 16.159)    (16.279, 16.569)    (16.569, 16.839)    (16.839, 17.029)    (17.029, 17.449)   
Token Types      : 0                   0                   0                   0                   0                   0                   0                   0                   0                   0                   0                   0                   0                   0                   0                  
turn_ids         : 0                   0                   0                   0                   0                   0                   0                   0                   0                   0                   0                   0                   0                   0                   0                  
turn_end_types   : 0                   0                   0                   0                   0                   0                   0                   0                   0                   0                   0                   0                   0                   0                   0                  
speaker_ids      : 0                   0                   0                   0                   0                   0                   0                   0                   0                   0                   0                   0                   0                   0                   0                  

B                : Ġsmall              Ġin                 Ġa                  Ġsense              Ġbut                Ġit                 Ġit                 Ġdoes               Ġhave               Ġabout              Ġuh                 Ġi                  Ġguess              Ġtwo                Ġthousand          
Timings          : (12.509, 13.319)    (14.029, 14.139)    (14.139, 14.209)    (14.209, 14.639)    (14.639, 14.839)    (14.839, 15.179)    (15.179, 15.289)    (15.289, 15.579)    (15.579, 15.799)    (15.799, 16.069)    (16.069, 16.159)    (16.279, 16.569)    (16.569, 16.839)    (16.839, 17.029)    (17.029, 17.449)   
Token Types      : 1                   1                   1                   1                   1                   1                   1                   1                   1                   1                   1                   1                   1                   1                   1                  
turn_ids         : 79510045196289      79510045196289      79510045196289      79510045196289      79510045196289      79510045196289      79510045196289      79510045196289      79510045196289      79510045196289      79510045196289      79510045196289      79510045196289      79510045196289      79510045196289     
turn_end_types   : 2                   2                   2                   2                   2                   2                   2                   2                   2                   2                   2                   2                   2                   2                   2                  
speaker_ids      : 2                   2                   2                   2                   2                   2                   2                   2                   2                   2                   2                   2                   2                   2                   2                  


A                : <emp>               <emp>               um                  hum                 <ebc>               <emp>               <emp>               <emp>               <emp>               <emp>               <emp>               <emp>               <emp>               <emp>               <emp>              
Timings          : (17.449, 17.679)    (17.679, 18.629)    (19.061, 19.236)    (19.236, 19.411)    (-1.0, -1.0)        (20.768, 21.088)    (21.088, 21.378)    (21.998, 22.078)    (22.078, 22.608)    (22.608, 22.678)    (22.678, 22.888)    (22.888, 22.953)    (22.953, 23.018)    (23.018, 23.238)    (23.238, 23.688)   
Token Types      : 0                   0                   3                   3                   3                   0                   0                   0                   0                   0                   0                   0                   0                   0                   0                  
turn_ids         : 0                   0                   79511655809025      79511655809025      79511655809025      0                   0                   0                   0                   0                   0                   0                   0                   0                   0                  
turn_end_types   : 0                   0                   0                   0                   0                   0                   0                   0                   0                   0                   0                   0                   0                   0                   0                  
speaker_ids      : 0                   0                   1                   1                   1                   0                   0                   0                   0                   0                   0                   0                   0                   0                   0                  

B                : Ġcivil              Ġemployees          <emp>               <emp>               Ġand                Ġon                 Ġa                  Ġa                  Ġscale              Ġi                  Ġguess              Ġit                 's                  Ġstill              Ġconsidered        
Timings          : (17.449, 17.679)    (17.679, 18.629)    (19.061, 19.236)    (19.236, 19.411)    (19.738, 20.638)    (20.768, 21.088)    (21.088, 21.378)    (21.998, 22.078)    (22.078, 22.608)    (22.608, 22.678)    (22.678, 22.888)    (22.888, 22.953)    (22.953, 23.018)    (23.018, 23.238)    (23.238, 23.688)   
Token Types      : 1                   1                   1                   1                   1                   1                   1                   1                   1                   1                   1                   1                   1                   1                   1                  
turn_ids         : 79510045196289      79510045196289      79510045196289      79510045196289      79510045196289      79510045196289      79510045196289      79510045196289      79510045196289      79510045196289      79510045196289      79510045196289      79510045196289      79510045196289      79510045196289     
turn_end_types   : 2                   2                   2                   2                   2                   2                   2                   2                   2                   2                   2                   2                   2                   2                   2                  
speaker_ids      : 2                   2                   2                   2                   2                   2                   2                   2                   2                   2                   2                   2                   2                   2                   2                  


A                : <emp>               <emp>               <emp>               <emp>               <emp>               <emp>               <emp>               <emp>               <emp>               Ġum                 hum                 <ebc>               <emp>               <emp>               <emp>              
Timings          : (23.688, 24.198)    (24.198, 24.258)    (24.598, 24.758)    (24.758, 24.908)    (24.908, 24.938)    (24.938, 25.238)    (25.238, 25.338)    (25.338, 25.658)    (25.658, 26.578)    (26.709, 26.984)    (26.984, 27.259)    (-1.0, -1.0)        (27.399, 27.719)    (27.719, 27.77)     (27.77, 28.199)    
Token Types      : 0                   0                   0                   0                   0                   0                   0                   0                   0                   3                   3                   3                   0                   0                   0                  
turn_ids         : 0                   0                   0                   0                   0                   0                   0                   0                   0                   79511655809026      79511655809026      79511655809026      0                   0                   0                  
turn_end_types   : 0                   0                   0                   0                   0                   0                   0                   0                   0                   0                   0                   0                   0                   0                   0                  
speaker_ids      : 0                   0                   0                   0                   0                   0                   0                   0                   0                   1                   1                   1                   0                   0                   0                  

B                : Ġsmall              Ġit                 Ġjust               Ġhave               Ġa                  Ġlot                Ġof                 Ġdifferent          Ġlaboratories       <emp>               <emp>               Ġthe                Ġarea               Ġi                  Ġwork              
Timings          : (23.688, 24.198)    (24.198, 24.258)    (24.598, 24.758)    (24.758, 24.908)    (24.908, 24.938)    (24.938, 25.238)    (25.238, 25.338)    (25.338, 25.658)    (25.658, 26.578)    (26.709, 26.984)    (26.984, 27.259)    (27.289, 27.399)    (27.399, 27.719)    (27.719, 27.77)     (27.77, 28.199)    
Token Types      : 1                   1                   1                   1                   1                   1                   1                   1                   1                   1                   1                   1                   1                   1                   1                  
turn_ids         : 79510045196289      79510045196289      79510045196289      79510045196289      79510045196289      79510045196289      79510045196289      79510045196289      79510045196289      79510045196289      79510045196289      79510045196289      79510045196289      79510045196289      79510045196289     
turn_end_types   : 2                   2                   2                   2                   2                   2                   2                   2                   2                   2                   2                   2                   2                   2                   2                  
speaker_ids      : 2                   2                   2                   2                   2                   2                   2                   2                   2                   2                   2                   2                   2                   2                   2                  


A                : <emp>               <emp>               <emp>               <emp>               <emp>               <emp>               <emp>               <emp>               <emp>               <emp>               <emp>               Ġum                 hum                 <ebc>               <emp>              
Timings          : (28.199, 28.58)     (28.58, 28.85)      (29.369, 29.61)     (29.61, 30.379)     (30.379, 30.809)    (30.809, 31.42)     (31.42, 31.49)      (31.49, 31.94)      (31.94, 32.41)      (32.41, 32.47)      (32.47, 32.939)     (33.081, 33.286)    (33.286, 33.491)    (-1.0, -1.0)        (34.089, 34.354)   
Token Types      : 0                   0                   0                   0                   0                   0                   0                   0                   0                   0                   0                   3                   3                   3                   0                  
turn_ids         : 0                   0                   0                   0                   0                   0                   0                   0                   0                   0                   0                   79511655809027      79511655809027      79511655809027      0                  
turn_end_types   : 0                   0                   0                   0                   0                   0                   0                   0                   0                   0                   0                   0                   0                   0                   0                  
speaker_ids      : 0                   0                   0                   0                   0                   0                   0                   0                   0                   0                   0                   1                   1                   1                   0                  

B                : Ġin                 Ġit                 Ġit                 Ġprimarily          Ġhave               Ġmaybe              Ġa                  Ġhundred            Ġpeople             Ġor                 Ġso                 <emp>               <emp>               Ġso                 Ġthat              
Timings          : (28.199, 28.58)     (28.58, 28.85)      (29.369, 29.61)     (29.61, 30.379)     (30.379, 30.809)    (30.809, 31.42)     (31.42, 31.49)      (31.49, 31.94)      (31.94, 32.41)      (32.41, 32.47)      (32.47, 32.939)     (33.081, 33.286)    (33.286, 33.491)    (33.839, 34.089)    (34.089, 34.354)   
Token Types      : 1                   1                   1                   1                   1                   1                   1                   1                   1                   1                   1                   1                   1                   1                   1                  
turn_ids         : 79510045196289      79510045196289      79510045196289      79510045196289      79510045196289      79510045196289      79510045196289      79510045196289      79510045196289      79510045196289      79510045196289      79510045196289      79510045196289      79510045196289      79510045196289     
turn_end_types   : 2                   2                   2                   2                   2                   2                   2                   2                   2                   2                   2                   2                   2                   2                   2                  
speaker_ids      : 2                   2                   2                   2                   2                   2                   2                   2                   2                   2                   2                   2                   2                   2                   2                  


A                : <emp>               <emp>               <emp>               <emp>               <emp>               <emp>               <emp>               <emp>               <emp>               <emp>               <emp>               <emp>               <emp>               <emp>               <emp>              
Timings          : (34.354, 34.619)    (34.619, 34.939)    (34.939, 35.269)    (35.889, 36.289)    (36.289, 36.439)    (36.439, 36.589)    (36.589, 37.539)    (38.681, 39.321)    (39.321, 39.811)    (40.401, 40.751)    (40.751, 40.961)    (40.961, 41.491)    (41.491, 41.551)    (41.551, 41.611)    (41.611, 41.881)   
Token Types      : 0                   0                   0                   0                   0                   0                   0                   0                   0                   0                   0                   0                   0                   0                   0                  
turn_ids         : 0                   0                   0                   0                   0                   0                   0                   0                   0                   0                   0                   0                   0                   0                   0                  
turn_end_types   : 0                   0                   0                   0                   0                   0                   0                   0                   0                   0                   0                   0                   0                   0                   0                  
speaker_ids      : 0                   0                   0                   0                   0                   0                   0                   0                   0                   0                   0                   0                   0                   0                   0                  

B                : 's                  Ġmake               Ġup                 Ġmost               Ġof                 Ġthe                Ġlaboratory         Ġso                 Ġfrom               Ġfrom               Ġthat               Ġstandpoint         Ġit                 's                  Ġpretty            
Timings          : (34.354, 34.619)    (34.619, 34.939)    (34.939, 35.269)    (35.889, 36.289)    (36.289, 36.439)    (36.439, 36.589)    (36.589, 37.539)    (38.681, 39.321)    (39.321, 39.811)    (40.401, 40.751)    (40.751, 40.961)    (40.961, 41.491)    (41.491, 41.551)    (41.551, 41.611)    (41.611, 41.881)   
Token Types      : 1                   1                   1                   1                   1                   1                   1                   1                   1                   1                   1                   1                   1                   1                   1                  
turn_ids         : 79510045196289      79510045196289      79510045196289      79510045196289      79510045196289      79510045196289      79510045196289      79510045196289      79510045196289      79510045196289      79510045196289      79510045196289      79510045196289      79510045196289      79510045196289     
turn_end_types   : 2                   2                   2                   2                   2                   2                   2                   2                   2                   2                   2                   2                   2                   2                   2                  
speaker_ids      : 2                   2                   2                   2                   2                   2                   2                   2                   2                   2                   2                   2                   2                   2                   2                  


A                : <emp>               <emp>               <emp>               Ġum                 hum                 <ebc>               <emp>               <emp>               hm                  <eint>              Ġwell               Ġi                  Ġi                  Ġwork               Ġfor               
Timings          : (41.881, 42.371)    (42.461, 42.531)    (42.531, 42.601)    (42.687, 42.836)    (42.836, 42.986)    (-1.0, -1.0)        (43.381, 43.791)    (44.261, 44.351)    (44.375, 44.445)    (-1.0, -1.0)        (45.585, 45.815)    (45.815, 45.935)    (45.935, 46.055)    (46.055, 46.385)    (46.385, 46.985)   
Token Types      : 0                   0                   0                   3                   3                   3                   0                   0                   5                   5                   1                   1                   1                   1                   1                  
turn_ids         : 0                   0                   0                   79511655809028      79511655809028      79511655809028      0                   0                   79513803292677      79513803292677      79509508325378      79509508325378      79509508325378      79509508325378      79509508325378     
turn_end_types   : 0                   0                   0                   0                   0                   0                   0                   0                   0                   0                   1                   1                   1                   1                   1                  
speaker_ids      : 0                   0                   0                   1                   1                   1                   0                   0                   1                   1                   1                   1                   1                   1                   1                  

B                : Ġsmall              Ġit                 's                  <emp>               <emp>               Ġpretty             Ġsmall              Ġwhat               Ġabout              Ġyourself           <yield>             <emp>               <emp>               <emp>               <emp>              
Timings          : (41.881, 42.371)    (42.461, 42.531)    (42.531, 42.601)    (42.687, 42.836)    (42.836, 42.986)    (43.101, 43.381)    (43.381, 43.791)    (44.261, 44.351)    (44.351, 44.581)    (44.581, 45.271)    (-1.0, -1.0)        (45.815, 45.935)    (45.935, 46.055)    (46.055, 46.385)    (46.385, 46.985)   
Token Types      : 1                   1                   1                   1                   1                   1                   1                   1                   1                   1                   1                   0                   0                   0                   0                  
turn_ids         : 79510045196289      79510045196289      79510045196289      79510045196289      79510045196289      79510045196289      79510045196289      79510045196289      79510045196289      79510045196289      79510045196289      0                   0                   0                   0                  
turn_end_types   : 2                   2                   2                   2                   2                   2                   2                   2                   2                   2                   2                   0                   0                   0                   0                  
speaker_ids      : 2                   2                   2                   2                   2                   2                   2                   2                   2                   2                   2                   0                   0                   0                   0                  


A                : Ġuh                 Ġactually           Ġprobably           Ġsimilar            Ġkind               Ġof                 Ġplace              Ġi                  Ġwork               Ġfor                Ġuh                 Ġl                  incoln              Ġlaboratory         <eot>              
Timings          : (46.985, 47.435)    (47.535, 47.865)    (47.865, 48.175)    (48.185, 48.455)    (48.455, 48.655)    (48.655, 48.725)    (48.725, 48.955)    (48.975, 49.005)    (49.005, 49.195)    (49.195, 49.655)    (49.655, 49.895)    (49.895, 50.025)    (50.025, 50.155)    (50.155, 50.745)    (-1.0, -1.0)       
Token Types      : 1                   1                   1                   1                   1                   1                   1                   1                   1                   1                   1                   1                   1                   1                   1                  
turn_ids         : 79509508325378      79509508325378      79509508325378      79509508325378      79509508325378      79509508325378      79509508325378      79509508325378      79509508325378      79509508325378      79509508325378      79509508325378      79509508325378      79509508325378      79509508325378     
turn_end_types   : 1                   1                   1                   1                   1                   1                   1                   1                   1                   1                   1                   1                   1                   1                   1                  
speaker_ids      : 1                   1                   1                   1                   1                   1                   1                   1                   1                   1                   1                   1                   1                   1                   1                  

B                : <emp>               <emp>               <emp>               <emp>               <emp>               <emp>               <emp>               <emp>               <emp>               <emp>               <emp>               <emp>               <emp>               <emp>               Ġoh                
Timings          : (46.985, 47.435)    (47.535, 47.865)    (47.865, 48.175)    (48.185, 48.455)    (48.455, 48.655)    (48.655, 48.725)    (48.725, 48.955)    (48.975, 49.005)    (49.005, 49.195)    (49.195, 49.655)    (49.655, 49.895)    (49.895, 50.025)    (50.025, 50.155)    (50.155, 50.745)    (51.013, 51.183)   
Token Types      : 0                   0                   0                   0                   0                   0                   0                   0                   0                   0                   0                   0                   0                   0                   1                  
turn_ids         : 0                   0                   0                   0                   0                   0                   0                   0                   0                   0                   0                   0                   0                   0                   79510045196291     
turn_end_types   : 0                   0                   0                   0                   0                   0                   0                   0                   0                   0                   0                   0                   0                   0                   1                  
speaker_ids      : 0                   0                   0                   0                   0                   0                   0                   0                   0                   0                   0                   0                   0                   0                   2                  


A                : <emp>               Ġuh                 Ġyeah               Ġwe                 Ġactually           Ġwe                 Ġdo                 Ġsome               Ġwork               Ġwith               Ġsome               Ġpeople             Ġdown               Ġat                 Ġge                
Timings          : (51.183, 51.843)    (52.048, 52.498)    (52.618, 52.908)    (52.908, 53.048)    (53.048, 53.468)    (53.518, 53.588)    (53.628, 53.778)    (53.778, 53.948)    (53.948, 54.148)    (54.188, 54.308)    (54.328, 54.458)    (54.458, 54.728)    (54.728, 54.968)    (54.968, 55.058)    (55.058, 55.171)   
Token Types      : 0                   1                   1                   1                   1                   1                   1                   1                   1                   1                   1                   1                   1                   1                   1                  
turn_ids         : 0                   79509508325380      79509508325380      79509508325380      79509508325380      79509508325380      79509508325380      79509508325380      79509508325380      79509508325380      79509508325380      79509508325380      79509508325380      79509508325380      79509508325380     
turn_end_types   : 0                   1                   1                   1                   1                   1                   1                   1                   1                   1                   1                   1                   1                   1                   1                  
speaker_ids      : 0                   1                   1                   1                   1                   1                   1                   1                   1                   1                   1                   1                   1                   1                   1                  

B                : Ġokay               <eot>               <emp>               <emp>               <emp>               <emp>               <emp>               <emp>               <emp>               <emp>               <emp>               <emp>               <emp>               <emp>               <emp>              
Timings          : (51.183, 51.843)    (-1.0, -1.0)        (52.618, 52.908)    (52.908, 53.048)    (53.048, 53.468)    (53.518, 53.588)    (53.628, 53.778)    (53.778, 53.948)    (53.948, 54.148)    (54.188, 54.308)    (54.328, 54.458)    (54.458, 54.728)    (54.728, 54.968)    (54.968, 55.058)    (55.058, 55.171)   
Token Types      : 1                   1                   0                   0                   0                   0                   0                   0                   0                   0                   0                   0                   0                   0                   0                  
turn_ids         : 79510045196291      79510045196291      0                   0                   0                   0                   0                   0                   0                   0                   0                   0                   0                   0                   0                  
turn_end_types   : 1                   1                   0                   0                   0                   0                   0                   0                   0                   0                   0                   0                   0                   0                   0                  
speaker_ids      : 2                   2                   0                   0                   0                   0                   0                   0                   0                   0                   0                   0                   0                   0                   0                  


A                : org                 ia                  Ġtech               <eot>               <emp>               <emp>               Ġum                 Ġand                Ġuh                 Ġso                 Ġwe                 're                 Ġwe                 're                 Ġpart              
Timings          : (55.171, 55.284)    (55.284, 55.398)    (55.398, 55.718)    (-1.0, -1.0)        (56.237, 56.747)    (58.387, 58.767)    (59.684, 59.744)    (59.744, 59.834)    (59.834, 59.864)    (59.864, 60.044)    (60.044, 60.169)    (60.169, 60.294)    (60.294, 60.379)    (60.379, 60.464)    (60.464, 60.834)   
Token Types      : 1                   1                   1                   1                   0                   0                   1                   1                   1                   1                   1                   1                   1                   1                   1                  
turn_ids         : 79509508325380      79509508325380      79509508325380      79509508325380      0                   0                   79509508325382      79509508325382      79509508325382      79509508325382      79509508325382      79509508325382      79509508325382      79509508325382      79509508325382     
turn_end_types   : 1                   1                   1                   1                   0                   0                   2                   2                   2                   2                   2                   2                   2                   2                   2                  
speaker_ids      : 1                   1                   1                   1                   0                   0                   1                   1                   1                   1                   1                   1                   1                   1                   1                  

B                : <emp>               <emp>               <emp>               Ġoh                 Ġokay               Ġyes                <eot>               <emp>               <emp>               <emp>               <emp>               <emp>               <emp>               <emp>               <emp>              
Timings          : (55.171, 55.284)    (55.284, 55.398)    (55.398, 55.718)    (56.017, 56.237)    (56.237, 56.747)    (58.387, 58.767)    (-1.0, -1.0)        (59.744, 59.834)    (59.834, 59.864)    (59.864, 60.044)    (60.044, 60.169)    (60.169, 60.294)    (60.294, 60.379)    (60.379, 60.464)    (60.464, 60.834)   
Token Types      : 0                   0                   0                   1                   1                   1                   1                   0                   0                   0                   0                   0                   0                   0                   0                  
turn_ids         : 0                   0                   0                   79510045196293      79510045196293      79510045196293      79510045196293      0                   0                   0                   0                   0                   0                   0                   0                  
turn_end_types   : 0                   0                   0                   1                   1                   1                   1                   0                   0                   0                   0                   0                   0                   0                   0                  
speaker_ids      : 0                   0                   0                   2                   2                   2                   2                   0                   0                   0                   0                   0                   0                   0                   0                  


A                : Ġwe                 're                 Ġactually           Ġpart               Ġof                 Ġmit                Ġso                 Ġit                 's                  Ġvery               Ġmuch               Ġthe                Ġsame               Ġkind               Ġof                
Timings          : (60.834, 60.884)    (60.884, 60.934)    (60.934, 61.154)    (61.154, 61.354)    (61.354, 61.434)    (61.434, 62.014)    (62.014, 62.174)    (62.174, 62.429)    (62.429, 62.684)    (62.684, 62.874)    (62.874, 63.084)    (63.114, 63.194)    (63.214, 63.434)    (63.434, 63.654)    (63.654, 63.714)   
Token Types      : 1                   1                   1                   1                   1                   1                   1                   1                   1                   1                   1                   1                   1                   1                   1                  
turn_ids         : 79509508325382      79509508325382      79509508325382      79509508325382      79509508325382      79509508325382      79509508325382      79509508325382      79509508325382      79509508325382      79509508325382      79509508325382      79509508325382      79509508325382      79509508325382     
turn_end_types   : 2                   2                   2                   2                   2                   2                   2                   2                   2                   2                   2                   2                   2                   2                   2                  
speaker_ids      : 1                   1                   1                   1                   1                   1                   1                   1                   1                   1                   1                   1                   1                   1                   1                  

B                : <emp>               <emp>               <emp>               <emp>               <emp>               <emp>               <emp>               <emp>               <emp>               <emp>               <emp>               <emp>               <emp>               <emp>               <emp>              
Timings          : (60.834, 60.884)    (60.884, 60.934)    (60.934, 61.154)    (61.154, 61.354)    (61.354, 61.434)    (61.434, 62.014)    (62.014, 62.174)    (62.174, 62.429)    (62.429, 62.684)    (62.684, 62.874)    (62.874, 63.084)    (63.114, 63.194)    (63.214, 63.434)    (63.434, 63.654)    (63.654, 63.714)   
Token Types      : 0                   0                   0                   0                   0                   0                   0                   0                   0                   0                   0                   0                   0                   0                   0                  
turn_ids         : 0                   0                   0                   0                   0                   0                   0                   0                   0                   0                   0                   0                   0                   0                   0                  
turn_end_types   : 0                   0                   0                   0                   0                   0                   0                   0                   0                   0                   0                   0                   0                   0                   0                  
speaker_ids      : 0                   0                   0                   0                   0                   0                   0                   0                   0                   0                   0                   0                   0                   0                   0                  


A                : Ġplace              Ġand                <emp>               Ġa                  Ġtechnical          Ġinstitution        <yield>             <emp>               Ġuh                 Ġwhile              Ġi                  Ġwas                Ġsitting            Ġhere               Ġwaiting           
Timings          : (63.724, 64.164)    (64.164, 64.394)    (64.459, 65.069)    (65.244, 65.564)    (65.604, 66.104)    (66.104, 66.794)    (-1.0, -1.0)        (-1.0, -1.0)        (69.033, 69.093)    (69.093, 69.193)    (69.193, 69.223)    (69.223, 69.323)    (69.323, 69.583)    (69.583, 69.773)    (69.773, 70.093)   
Token Types      : 1                   1                   1                   1                   1                   1                   1                   0                   1                   1                   1                   1                   1                   1                   1                  
turn_ids         : 79509508325382      79509508325382      79509508325382      79509508325382      79509508325382      79509508325382      79509508325382      0                   79509508325384      79509508325384      79509508325384      79509508325384      79509508325384      79509508325384      79509508325384     
turn_end_types   : 2                   2                   2                   2                   2                   2                   2                   0                   1                   1                   1                   1                   1                   1                   1                  
speaker_ids      : 1                   1                   1                   1                   1                   1                   1                   0                   1                   1                   1                   1                   1                   1                   1                  

B                : <emp>               oh                  Ġokay               <eint>              <emp>               <emp>               right               <ebc>               Ġuh                 <eot>               <emp>               <emp>               <emp>               <emp>               <emp>              
Timings          : (63.724, 64.164)    (64.269, 64.459)    (64.459, 65.069)    (-1.0, -1.0)        (65.604, 66.104)    (66.104, 66.794)    (67.302, 67.922)    (-1.0, -1.0)        (68.945, 69.145)    (-1.0, -1.0)        (69.193, 69.223)    (69.223, 69.323)    (69.323, 69.583)    (69.583, 69.773)    (69.773, 70.093)   
Token Types      : 0                   5                   5                   5                   0                   0                   3                   3                   1                   1                   0                   0                   0                   0                   0                  
turn_ids         : 0                   79514340163587      79514340163587      79514340163587      0                   0                   79512192679939      79512192679939      79510045196295      79510045196295      0                   0                   0                   0                   0                  
turn_end_types   : 0                   0                   0                   0                   0                   0                   0                   0                   1                   1                   0                   0                   0                   0                   0                  
speaker_ids      : 0                   2                   2                   2                   0                   0                   2                   2                   2                   2                   0                   0                   0                   0                   0                  


A                : Ġwhile              Ġthey               Ġtried              Ġto                 Ġfind               Ġsomebody           Ġfor                Ġme                 Ġto                 Ġtalk               Ġto                 Ġtrying             Ġto                 Ġthink              Ġof                
Timings          : (70.093, 70.233)    (70.233, 70.363)    (70.363, 70.653)    (70.653, 70.723)    (70.723, 71.023)    (71.023, 71.373)    (71.433, 71.533)    (71.533, 71.693)    (71.693, 71.783)    (71.783, 72.083)    (72.083, 72.303)    (72.303, 72.653)    (72.653, 72.813)    (72.813, 73.023)    (73.023, 73.163)   
Token Types      : 1                   1                   1                   1                   1                   1                   1                   1                   1                   1                   1                   1                   1                   1                   1                  
turn_ids         : 79509508325384      79509508325384      79509508325384      79509508325384      79509508325384      79509508325384      79509508325384      79509508325384      79509508325384      79509508325384      79509508325384      79509508325384      79509508325384      79509508325384      79509508325384     
turn_end_types   : 1                   1                   1                   1                   1                   1                   1                   1                   1                   1                   1                   1                   1                   1                   1                  
speaker_ids      : 1                   1                   1                   1                   1                   1                   1                   1                   1                   1                   1                   1                   1                   1                   1                  

B                : <emp>               <emp>               <emp>               <emp>               <emp>               <emp>               <emp>               <emp>               <emp>               <emp>               <emp>               <emp>               <emp>               <emp>               <emp>              
Timings          : (70.093, 70.233)    (70.233, 70.363)    (70.363, 70.653)    (70.653, 70.723)    (70.723, 71.023)    (71.023, 71.373)    (71.433, 71.533)    (71.533, 71.693)    (71.693, 71.783)    (71.783, 72.083)    (72.083, 72.303)    (72.303, 72.653)    (72.653, 72.813)    (72.813, 73.023)    (73.023, 73.163)   
Token Types      : 0                   0                   0                   0                   0                   0                   0                   0                   0                   0                   0                   0                   0                   0                   0                  
turn_ids         : 0                   0                   0                   0                   0                   0                   0                   0                   0                   0                   0                   0                   0                   0                   0                  
turn_end_types   : 0                   0                   0                   0                   0                   0                   0                   0                   0                   0                   0                   0                   0                   0                   0                  
speaker_ids      : 0                   0                   0                   0                   0                   0                   0                   0                   0                   0                   0                   0                   0                   0                   0                  


A                : Ġwhat               Ġuh                 Ġuh                 Ġwhat               Ġthings             Ġwere               Ġimportant          Ġuh                 Ġbesides            Ġsalary             Ġand                Ġa                  Ġand                Ġa                  Ġjob               
Timings          : (73.163, 73.293)    (73.513, 73.643)    (74.373, 74.953)    (74.953, 75.253)    (75.253, 75.533)    (75.533, 75.673)    (75.673, 76.323)    (76.393, 76.793)    (77.023, 77.533)    (77.533, 78.093)    (78.093, 78.213)    (78.213, 78.333)    (78.513, 78.643)    (78.643, 78.693)    (78.713, 79.113)   
Token Types      : 1                   1                   1                   1                   1                   1                   1                   1                   1                   1                   1                   1                   1                   1                   1                  
turn_ids         : 79509508325384      79509508325384      79509508325384      79509508325384      79509508325384      79509508325384      79509508325384      79509508325384      79509508325384      79509508325384      79509508325384      79509508325384      79509508325384      79509508325384      79509508325384     
turn_end_types   : 1                   1                   1                   1                   1                   1                   1                   1                   1                   1                   1                   1                   1                   1                   1                  
speaker_ids      : 1                   1                   1                   1                   1                   1                   1                   1                   1                   1                   1                   1                   1                   1                   1                  

B                : <emp>               <emp>               <emp>               <emp>               <emp>               <emp>               <emp>               <emp>               <emp>               <emp>               <emp>               <emp>               <emp>               <emp>               <emp>              
Timings          : (73.163, 73.293)    (73.513, 73.643)    (74.373, 74.953)    (74.953, 75.253)    (75.253, 75.533)    (75.533, 75.673)    (75.673, 76.323)    (76.393, 76.793)    (77.023, 77.533)    (77.533, 78.093)    (78.093, 78.213)    (78.213, 78.333)    (78.513, 78.643)    (78.643, 78.693)    (78.713, 79.113)   
Token Types      : 0                   0                   0                   0                   0                   0                   0                   0                   0                   0                   0                   0                   0                   0                   0                  
turn_ids         : 0                   0                   0                   0                   0                   0                   0                   0                   0                   0                   0                   0                   0                   0                   0                  
turn_end_types   : 0                   0                   0                   0                   0                   0                   0                   0                   0                   0                   0                   0                   0                   0                   0                  
speaker_ids      : 0                   0                   0                   0                   0                   0                   0                   0                   0                   0                   0                   0                   0                   0                   0                  


A                : Ġi                  Ġguess              Ġuh                 Ġsome               Ġof                 Ġthe                Ġlist               Ġi                  Ġhad                Ġscrib              bled                Ġdown               Ġwas                Ġthe                Ġpeople            
Timings          : (79.143, 79.293)    (79.293, 79.683)    (79.683, 79.813)    (80.831, 80.971)    (80.971, 81.061)    (81.061, 81.121)    (81.121, 81.481)    (81.481, 81.561)    (81.561, 81.701)    (81.701, 81.911)    (81.911, 82.121)    (82.121, 82.431)    (82.431, 82.631)    (82.631, 82.741)    (82.941, 83.261)   
Token Types      : 1                   1                   1                   1                   1                   1                   1                   1                   1                   1                   1                   1                   1                   1                   1                  
turn_ids         : 79509508325384      79509508325384      79509508325384      79509508325384      79509508325384      79509508325384      79509508325384      79509508325384      79509508325384      79509508325384      79509508325384      79509508325384      79509508325384      79509508325384      79509508325384     
turn_end_types   : 1                   1                   1                   1                   1                   1                   1                   1                   1                   1                   1                   1                   1                   1                   1                  
speaker_ids      : 1                   1                   1                   1                   1                   1                   1                   1                   1                   1                   1                   1                   1                   1                   1                  

B                : <emp>               <emp>               <emp>               <emp>               <emp>               <emp>               <emp>               <emp>               <emp>               <emp>               <emp>               <emp>               <emp>               <emp>               <emp>              
Timings          : (79.143, 79.293)    (79.293, 79.683)    (79.683, 79.813)    (80.831, 80.971)    (80.971, 81.061)    (81.061, 81.121)    (81.121, 81.481)    (81.481, 81.561)    (81.561, 81.701)    (81.701, 81.911)    (81.911, 82.121)    (82.121, 82.431)    (82.431, 82.631)    (82.631, 82.741)    (82.941, 83.261)   
Token Types      : 0                   0                   0                   0                   0                   0                   0                   0                   0                   0                   0                   0                   0                   0                   0                  
turn_ids         : 0                   0                   0                   0                   0                   0                   0                   0                   0                   0                   0                   0                   0                   0                   0                  
turn_end_types   : 0                   0                   0                   0                   0                   0                   0                   0                   0                   0                   0                   0                   0                   0                   0                  
speaker_ids      : 0                   0                   0                   0                   0                   0                   0                   0                   0                   0                   0                   0                   0                   0                   0                  


A                : Ġyou                Ġwork               Ġwith               Ġand                Ġmaybe              Ġthe                Ġuh                 Ġthe                Ġchallenge          Ġof                 Ġthe                Ġwork               Ġand                Ġuh                 Ġthe               
Timings          : (83.261, 83.371)    (83.371, 83.631)    (83.691, 84.011)    (84.231, 84.651)    (84.891, 85.321)    (85.441, 85.791)    (85.791, 85.901)    (85.901, 85.981)    (86.401, 86.851)    (86.851, 86.951)    (86.951, 87.011)    (87.011, 87.411)    (87.871, 88.151)    (88.241, 88.401)    (89.001, 89.061)   
Token Types      : 1                   1                   1                   1                   1                   1                   1                   1                   1                   1                   1                   1                   1                   1                   1                  
turn_ids         : 79509508325384      79509508325384      79509508325384      79509508325384      79509508325384      79509508325384      79509508325384      79509508325384      79509508325384      79509508325384      79509508325384      79509508325384      79509508325384      79509508325384      79509508325384     
turn_end_types   : 1                   1                   1                   1                   1                   1                   1                   1                   1                   1                   1                   1                   1                   1                   1                  
speaker_ids      : 1                   1                   1                   1                   1                   1                   1                   1                   1                   1                   1                   1                   1                   1                   1                  

B                : <emp>               <emp>               <emp>               <emp>               <emp>               <emp>               <emp>               <emp>               <emp>               <emp>               <emp>               <emp>               Ġum                 hum                 <ebc>              
Timings          : (83.261, 83.371)    (83.371, 83.631)    (83.691, 84.011)    (84.231, 84.651)    (84.891, 85.321)    (85.441, 85.791)    (85.791, 85.901)    (85.901, 85.981)    (86.401, 86.851)    (86.851, 86.951)    (86.951, 87.011)    (87.011, 87.411)    (88.018, 88.268)    (88.268, 88.518)    (-1.0, -1.0)       
Token Types      : 0                   0                   0                   0                   0                   0                   0                   0                   0                   0                   0                   0                   3                   3                   3                  
turn_ids         : 0                   0                   0                   0                   0                   0                   0                   0                   0                   0                   0                   0                   79512192679941      79512192679941      79512192679941     
turn_end_types   : 0                   0                   0                   0                   0                   0                   0                   0                   0                   0                   0                   0                   0                   0                   0                  
speaker_ids      : 0                   0                   0                   0                   0                   0                   0                   0                   0                   0                   0                   0                   2                   2                   2                  


A                : Ġworking            Ġconditions         Ġthings             Ġlike               Ġthat               <emp>               Ġi                  Ġdon                't                  Ġknow               Ġwhat               Ġare                Ġyour               Ġuh                 Ġwhat              
Timings          : (89.061, 89.401)    (89.401, 90.131)    (90.151, 90.451)    (90.451, 90.641)    (90.691, 90.951)    (91.221, 91.782)    (92.158, 92.268)    (92.268, 92.328)    (92.328, 92.388)    (92.388, 92.488)    (92.488, 92.618)    (92.618, 92.678)    (92.678, 93.008)    (93.038, 93.328)    (94.338, 94.498)   
Token Types      : 1                   1                   1                   1                   1                   1                   1                   1                   1                   1                   1                   1                   1                   1                   1                  
turn_ids         : 79509508325384      79509508325384      79509508325384      79509508325384      79509508325384      79509508325384      79509508325384      79509508325384      79509508325384      79509508325384      79509508325384      79509508325384      79509508325384      79509508325384      79509508325384     
turn_end_types   : 1                   1                   1                   1                   1                   1                   1                   1                   1                   1                   1                   1                   1                   1                   1                  
speaker_ids      : 1                   1                   1                   1                   1                   1                   1                   1                   1                   1                   1                   1                   1                   1                   1                  

B                : <emp>               <emp>               <emp>               <emp>               <emp>               Ġright              <ebc>               <emp>               <emp>               <emp>               <emp>               <emp>               <emp>               <emp>               <emp>              
Timings          : (89.061, 89.401)    (89.401, 90.131)    (90.151, 90.451)    (90.451, 90.641)    (90.691, 90.951)    (91.221, 91.782)    (-1.0, -1.0)        (92.268, 92.328)    (92.328, 92.388)    (92.388, 92.488)    (92.488, 92.618)    (92.618, 92.678)    (92.678, 93.008)    (93.038, 93.328)    (94.338, 94.498)   
Token Types      : 0                   0                   0                   0                   0                   3                   3                   0                   0                   0                   0                   0                   0                   0                   0                  
turn_ids         : 0                   0                   0                   0                   0                   79512192679942      79512192679942      0                   0                   0                   0                   0                   0                   0                   0                  
turn_end_types   : 0                   0                   0                   0                   0                   0                   0                   0                   0                   0                   0                   0                   0                   0                   0                  
speaker_ids      : 0                   0                   0                   0                   0                   2                   2                   0                   0                   0                   0                   0                   0                   0                   0                  


A                : Ġsorts              Ġof                 Ġthings             Ġwould              Ġyou                Ġconsider           Ġimportant          <eot>               <emp>               <emp>               <emp>               <emp>               <emp>               <emp>               <emp>              
Timings          : (94.498, 94.718)    (94.718, 94.778)    (94.808, 95.008)    (95.008, 95.138)    (95.138, 95.238)    (95.238, 95.608)    (95.608, 96.108)    (-1.0, -1.0)        (96.958, 97.328)    (97.328, 97.558)    (97.558, 98.428)    (98.428, 98.578)    (98.578, 99.668)    (99.678, 100.438)   (100.478, 100.728) 
Token Types      : 1                   1                   1                   1                   1                   1                   1                   1                   0                   0                   0                   0                   0                   0                   0                  
turn_ids         : 79509508325384      79509508325384      79509508325384      79509508325384      79509508325384      79509508325384      79509508325384      79509508325384      0                   0                   0                   0                   0                   0                   0                  
turn_end_types   : 1                   1                   1                   1                   1                   1                   1                   1                   0                   0                   0                   0                   0                   0                   0                  
speaker_ids      : 1                   1                   1                   1                   1                   1                   1                   1                   0                   0                   0                   0                   0                   0                   0                  

B                : <emp>               <emp>               <emp>               <emp>               <emp>               <emp>               <emp>               Ġwell               Ġthose              Ġand                Ġprobably           Ġthe                Ġsecurity           Ġaspect             Ġof                
Timings          : (94.498, 94.718)    (94.718, 94.778)    (94.808, 95.008)    (95.008, 95.138)    (95.138, 95.238)    (95.238, 95.608)    (95.608, 96.108)    (96.718, 96.958)    (96.958, 97.328)    (97.328, 97.558)    (97.558, 98.428)    (98.428, 98.578)    (98.578, 99.668)    (99.678, 100.438)   (100.478, 100.728) 
Token Types      : 0                   0                   0                   0                   0                   0                   0                   1                   1                   1                   1                   1                   1                   1                   1                  
turn_ids         : 0                   0                   0                   0                   0                   0                   0                   79510045196297      79510045196297      79510045196297      79510045196297      79510045196297      79510045196297      79510045196297      79510045196297     
turn_end_types   : 0                   0                   0                   0                   0                   0                   0                   1                   1                   1                   1                   1                   1                   1                   1                  
speaker_ids      : 0                   0                   0                   0                   0                   0                   0                   2                   2                   2                   2                   2                   2                   2                   2                  


A                : <emp>               Ġum                 hum                 <ebc>               <emp>               <emp>               <emp>               <emp>               <emp>               <emp>               <emp>               <emp>               <emp>               <emp>               <emp>              
Timings          : (100.728, 101.048)  (101.21, 101.38)    (101.38, 101.55)    (-1.0, -1.0)        (101.858, 102.218)  (102.218, 102.308)  (102.948, 103.288)  (103.288, 103.938)  (103.938, 104.198)  (104.198, 104.368)  (104.368, 104.488)  (104.488, 104.608)  (104.608, 105.258)  (105.438, 105.938)  (106.398, 106.508) 
Token Types      : 0                   3                   3                   3                   0                   0                   0                   0                   0                   0                   0                   0                   0                   0                   0                  
turn_ids         : 0                   79511655809033      79511655809033      79511655809033      0                   0                   0                   0                   0                   0                   0                   0                   0                   0                   0                  
turn_end_types   : 0                   0                   0                   0                   0                   0                   0                   0                   0                   0                   0                   0                   0                   0                   0                  
speaker_ids      : 0                   1                   1                   1                   0                   0                   0                   0                   0                   0                   0                   0                   0                   0                   0                  

B                : Ġit                 Ġbecause            <emp>               Ġa                  Ġlot                Ġof                 Ġtime               Ġnowadays           Ġeven               Ġthough             Ġyou                're                 Ġworking            Ġuh                 Ġyou               
Timings          : (100.728, 101.048)  (101.198, 101.808)  (101.38, 101.55)    (101.808, 101.858)  (101.858, 102.218)  (102.218, 102.308)  (102.948, 103.288)  (103.288, 103.938)  (103.938, 104.198)  (104.198, 104.368)  (104.368, 104.488)  (104.488, 104.608)  (104.608, 105.258)  (105.438, 105.938)  (106.398, 106.508) 
Token Types      : 1                   1                   1                   1                   1                   1                   1                   1                   1                   1                   1                   1                   1                   1                   1                  
turn_ids         : 79510045196297      79510045196297      79510045196297      79510045196297      79510045196297      79510045196297      79510045196297      79510045196297      79510045196297      79510045196297      79510045196297      79510045196297      79510045196297      79510045196297      79510045196297     
turn_end_types   : 1                   1                   1                   1                   1                   1                   1                   1                   1                   1                   1                   1                   1                   1                   1                  
speaker_ids      : 2                   2                   2                   2                   2                   2                   2                   2                   2                   2                   2                   2                   2                   2                   2                  


A                : <emp>               <emp>               <emp>               <emp>               <emp>               <emp>               <emp>               <emp>               <emp>               <emp>               <emp>               <emp>               <emp>               <emp>               <emp>              
Timings          : (106.508, 106.618)  (106.618, 107.198)  (108.084, 108.324)  (108.324, 108.414)  (108.414, 108.534)  (108.534, 108.734)  (108.734, 108.824)  (108.824, 109.044)  (109.044, 109.174)  (109.174, 109.404)  (109.404, 109.794)  (109.794, 109.854)  (109.854, 109.904)  (109.904, 110.114)  (110.114, 110.184) 
Token Types      : 0                   0                   0                   0                   0                   0                   0                   0                   0                   0                   0                   0                   0                   0                   0                  
turn_ids         : 0                   0                   0                   0                   0                   0                   0                   0                   0                   0                   0                   0                   0                   0                   0                  
turn_end_types   : 0                   0                   0                   0                   0                   0                   0                   0                   0                   0                   0                   0                   0                   0                   0                  
speaker_ids      : 0                   0                   0                   0                   0                   0                   0                   0                   0                   0                   0                   0                   0                   0                   0                  

B                : 're                 Ġtreated            Ġand                Ġit                 Ġmay                Ġnot                Ġbe                 Ġtrue               Ġin                 Ġevery              Ġplace              Ġin                 Ġa                  Ġlot                Ġof                
Timings          : (106.508, 106.618)  (106.618, 107.198)  (108.084, 108.324)  (108.324, 108.414)  (108.414, 108.534)  (108.534, 108.734)  (108.734, 108.824)  (108.824, 109.044)  (109.044, 109.174)  (109.174, 109.404)  (109.404, 109.794)  (109.794, 109.854)  (109.854, 109.904)  (109.904, 110.114)  (110.114, 110.184) 
Token Types      : 1                   1                   1                   1                   1                   1                   1                   1                   1                   1                   1                   1                   1                   1                   1                  
turn_ids         : 79510045196297      79510045196297      79510045196297      79510045196297      79510045196297      79510045196297      79510045196297      79510045196297      79510045196297      79510045196297      79510045196297      79510045196297      79510045196297      79510045196297      79510045196297     
turn_end_types   : 1                   1                   1                   1                   1                   1                   1                   1                   1                   1                   1                   1                   1                   1                   1                  
speaker_ids      : 2                   2                   2                   2                   2                   2                   2                   2                   2                   2                   2                   2                   2                   2                   2                  


A                : <emp>               <emp>               <emp>               <emp>               <emp>               <emp>               <emp>               <emp>               <emp>               <emp>               <emp>               <emp>               <emp>               <emp>               <emp>              
Timings          : (110.184, 110.574)  (110.574, 110.644)  (110.644, 110.864)  (110.864, 110.914)  (110.914, 110.964)  (110.964, 111.304)  (111.304, 111.754)  (111.754, 112.054)  (112.054, 112.164)  (112.164, 112.664)  (112.664, 113.084)  (113.084, 113.314)  (113.314, 113.494)  (113.654, 113.784)  (113.854, 114.504) 
Token Types      : 0                   0                   0                   0                   0                   0                   0                   0                   0                   0                   0                   0                   0                   0                   0                  
turn_ids         : 0                   0                   0                   0                   0                   0                   0                   0                   0                   0                   0                   0                   0                   0                   0                  
turn_end_types   : 0                   0                   0                   0                   0                   0                   0                   0                   0                   0                   0                   0                   0                   0                   0                  
speaker_ids      : 0                   0                   0                   0                   0                   0                   0                   0                   0                   0                   0                   0                   0                   0                   0                  

B                : Ġcases              Ġi                  Ġthink              Ġyou                're                 Ġtreated            Ġmore               Ġlike               Ġa                  Ġnumber             Ġinstead            Ġof                 Ġa                  Ġa                  Ġperson            
Timings          : (110.184, 110.574)  (110.574, 110.644)  (110.644, 110.864)  (110.864, 110.914)  (110.914, 110.964)  (110.964, 111.304)  (111.304, 111.754)  (111.754, 112.054)  (112.054, 112.164)  (112.164, 112.664)  (112.664, 113.084)  (113.084, 113.314)  (113.314, 113.494)  (113.654, 113.784)  (113.854, 114.504) 
Token Types      : 1                   1                   1                   1                   1                   1                   1                   1                   1                   1                   1                   1                   1                   1                   1                  
turn_ids         : 79510045196297      79510045196297      79510045196297      79510045196297      79510045196297      79510045196297      79510045196297      79510045196297      79510045196297      79510045196297      79510045196297      79510045196297      79510045196297      79510045196297      79510045196297     
turn_end_types   : 1                   1                   1                   1                   1                   1                   1                   1                   1                   1                   1                   1                   1                   1                   1                  
speaker_ids      : 2                   2                   2                   2                   2                   2                   2                   2                   2                   2                   2                   2                   2                   2                   2                  


A                : Ġum                 hum                 <ebc>               <emp>               <emp>               <emp>               <emp>               <emp>               <emp>               <emp>               <emp>               <emp>               <emp>               <emp>               <emp>              
Timings          : (114.693, 114.853)  (114.853, 115.013)  (-1.0, -1.0)        (115.785, 115.945)  (115.945, 116.035)  (116.035, 116.265)  (116.265, 116.515)  (116.515, 116.705)  (116.705, 116.96)   (116.96, 117.215)   (117.215, 117.315)  (117.315, 117.46)   (117.46, 117.605)   (117.605, 117.845)  (117.845, 118.315) 
Token Types      : 3                   3                   3                   0                   0                   0                   0                   0                   0                   0                   0                   0                   0                   0                   0                  
turn_ids         : 79511655809034      79511655809034      79511655809034      0                   0                   0                   0                   0                   0                   0                   0                   0                   0                   0                   0                  
turn_end_types   : 0                   0                   0                   0                   0                   0                   0                   0                   0                   0                   0                   0                   0                   0                   0                  
speaker_ids      : 1                   1                   1                   0                   0                   0                   0                   0                   0                   0                   0                   0                   0                   0                   0                  

B                : <emp>               <emp>               Ġbecause            Ġwhen               Ġit                 Ġcome               Ġdown               Ġto                 Ġlay                off                 Ġthey               Ġdon                't                  Ġreally             Ġconsider          
Timings          : (114.693, 114.853)  (114.853, 115.013)  (115.235, 115.785)  (115.785, 115.945)  (115.945, 116.035)  (116.035, 116.265)  (116.265, 116.515)  (116.515, 116.705)  (116.705, 116.96)   (116.96, 117.215)   (117.215, 117.315)  (117.315, 117.46)   (117.46, 117.605)   (117.605, 117.845)  (117.845, 118.315) 
Token Types      : 1                   1                   1                   1                   1                   1                   1                   1                   1                   1                   1                   1                   1                   1                   1                  
turn_ids         : 79510045196297      79510045196297      79510045196297      79510045196297      79510045196297      79510045196297      79510045196297      79510045196297      79510045196297      79510045196297      79510045196297      79510045196297      79510045196297      79510045196297      79510045196297     
turn_end_types   : 1                   1                   1                   1                   1                   1                   1                   1                   1                   1                   1                   1                   1                   1                   1                  
speaker_ids      : 2                   2                   2                   2                   2                   2                   2                   2                   2                   2                   2                   2                   2                   2                   2                  


A                : <emp>               <emp>               <emp>               <emp>               <emp>               <emp>               <emp>               <emp>               <emp>               <emp>               <emp>               <emp>               <emp>               <emp>               <emp>              
Timings          : (118.315, 118.905)  (118.905, 119.185)  (119.933, 120.853)  (120.923, 121.073)  (121.073, 121.183)  (121.183, 121.363)  (121.363, 121.643)  (121.643, 122.063)  (122.063, 122.263)  (122.263, 122.653)  (122.653, 122.933)  (123.023, 123.133)  (123.133, 123.363)  (123.363, 123.583)  (123.583, 123.733) 
Token Types      : 0                   0                   0                   0                   0                   0                   0                   0                   0                   0                   0                   0                   0                   0                   0                  
turn_ids         : 0                   0                   0                   0                   0                   0                   0                   0                   0                   0                   0                   0                   0                   0                   0                  
turn_end_types   : 0                   0                   0                   0                   0                   0                   0                   0                   0                   0                   0                   0                   0                   0                   0                  
speaker_ids      : 0                   0                   0                   0                   0                   0                   0                   0                   0                   0                   0                   0                   0                   0                   0                  

B                : Ġpeople             Ġand                Ġand                Ġyou                Ġknow               Ġtheir              Ġwell               Ġbeing              Ġas                 Ġfar                Ġas                 Ġyou                Ġknow               Ġhow                Ġthey              
Timings          : (118.315, 118.905)  (118.905, 119.185)  (119.933, 120.853)  (120.923, 121.073)  (121.073, 121.183)  (121.183, 121.363)  (121.363, 121.643)  (121.643, 122.063)  (122.063, 122.263)  (122.263, 122.653)  (122.653, 122.933)  (123.023, 123.133)  (123.133, 123.363)  (123.363, 123.583)  (123.583, 123.733) 
Token Types      : 1                   1                   1                   1                   1                   1                   1                   1                   1                   1                   1                   1                   1                   1                   1                  
turn_ids         : 79510045196297      79510045196297      79510045196297      79510045196297      79510045196297      79510045196297      79510045196297      79510045196297      79510045196297      79510045196297      79510045196297      79510045196297      79510045196297      79510045196297      79510045196297     
turn_end_types   : 1                   1                   1                   1                   1                   1                   1                   1                   1                   1                   1                   1                   1                   1                   1                  
speaker_ids      : 2                   2                   2                   2                   2                   2                   2                   2                   2                   2                   2                   2                   2                   2                   2                  


A                : <emp>               <emp>               <emp>               <emp>               <emp>               <emp>               <emp>               <emp>               <emp>               <emp>               <emp>               <emp>               <emp>               <emp>               <emp>              
Timings          : (123.733, 123.843)  (123.843, 123.973)  (123.973, 124.563)  (124.563, 124.993)  (125.033, 125.173)  (125.173, 125.383)  (125.383, 125.583)  (125.583, 125.733)  (125.733, 125.843)  (125.843, 126.013)  (126.013, 126.193)  (126.193, 126.363)  (126.363, 126.693)  (126.693, 126.823)  (126.823, 127.063) 
Token Types      : 0                   0                   0                   0                   0                   0                   0                   0                   0                   0                   0                   0                   0                   0                   0                  
turn_ids         : 0                   0                   0                   0                   0                   0                   0                   0                   0                   0                   0                   0                   0                   0                   0                  
turn_end_types   : 0                   0                   0                   0                   0                   0                   0                   0                   0                   0                   0                   0                   0                   0                   0                  
speaker_ids      : 0                   0                   0                   0                   0                   0                   0                   0                   0                   0                   0                   0                   0                   0                   0                  

B                : Ġgoing              Ġtheir              Ġnext               Ġdollars            Ġgonna              Ġcome               Ġin                 Ġhow                Ġthey               Ġgonna              Ġpay                Ġthem               Ġbills              Ġthey               Ġjust              
Timings          : (123.733, 123.843)  (123.843, 123.973)  (123.973, 124.563)  (124.563, 124.993)  (125.033, 125.173)  (125.173, 125.383)  (125.383, 125.583)  (125.583, 125.733)  (125.733, 125.843)  (125.843, 126.013)  (126.013, 126.193)  (126.193, 126.363)  (126.363, 126.693)  (126.693, 126.823)  (126.823, 127.063) 
Token Types      : 1                   1                   1                   1                   1                   1                   1                   1                   1                   1                   1                   1                   1                   1                   1                  
turn_ids         : 79510045196297      79510045196297      79510045196297      79510045196297      79510045196297      79510045196297      79510045196297      79510045196297      79510045196297      79510045196297      79510045196297      79510045196297      79510045196297      79510045196297      79510045196297     
turn_end_types   : 1                   1                   1                   1                   1                   1                   1                   1                   1                   1                   1                   1                   1                   1                   1                  
speaker_ids      : 2                   2                   2                   2                   2                   2                   2                   2                   2                   2                   2                   2                   2                   2                   2                  


A                : <emp>               <emp>               <emp>               Ġyeah               <ebc>               <emp>               <emp>               <emp>               <emp>               <emp>               <emp>               <emp>               <emp>               <emp>               <emp>              
Timings          : (127.063, 127.203)  (127.203, 127.383)  (127.383, 127.813)  (128.044, 128.344)  (-1.0, -1.0)        (129.048, 129.079)  (129.079, 129.279)  (129.279, 129.508)  (129.508, 129.699)  (129.699, 129.969)  (129.988, 130.189)  (130.189, 130.499)  (130.499, 130.809)  (130.839, 131.038)  (131.038, 131.348) 
Token Types      : 0                   0                   0                   3                   3                   0                   0                   0                   0                   0                   0                   0                   0                   0                   0                  
turn_ids         : 0                   0                   0                   79511655809035      79511655809035      0                   0                   0                   0                   0                   0                   0                   0                   0                   0                  
turn_end_types   : 0                   0                   0                   0                   0                   0                   0                   0                   0                   0                   0                   0                   0                   0                   0                  
speaker_ids      : 0                   0                   0                   1                   1                   0                   0                   0                   0                   0                   0                   0                   0                   0                   0                  

B                : Ġlay                Ġthem               Ġoff                <emp>               Ġand                Ġi                  Ġwas                Ġreading            Ġthis               Ġbook               Ġone                Ġtime               Ġabout              Ġthis               Ġguy               
Timings          : (127.063, 127.203)  (127.203, 127.383)  (127.383, 127.813)  (128.044, 128.344)  (128.568, 129.048)  (129.048, 129.079)  (129.079, 129.279)  (129.279, 129.508)  (129.508, 129.699)  (129.699, 129.969)  (129.988, 130.189)  (130.189, 130.499)  (130.499, 130.809)  (130.839, 131.038)  (131.038, 131.348) 
Token Types      : 1                   1                   1                   1                   1                   1                   1                   1                   1                   1                   1                   1                   1                   1                   1                  
turn_ids         : 79510045196297      79510045196297      79510045196297      79510045196297      79510045196297      79510045196297      79510045196297      79510045196297      79510045196297      79510045196297      79510045196297      79510045196297      79510045196297      79510045196297      79510045196297     
turn_end_types   : 1                   1                   1                   1                   1                   1                   1                   1                   1                   1                   1                   1                   1                   1                   1                  
speaker_ids      : 2                   2                   2                   2                   2                   2                   2                   2                   2                   2                   2                   2                   2                   2                   2                  


A                : <emp>               <emp>               <emp>               <emp>               <emp>               <emp>               <emp>               <emp>               <emp>               <emp>               <emp>               <emp>               <emp>               <emp>               <emp>              
Timings          : (131.348, 131.529)  (131.529, 132.048)  (133.004, 133.484)  (133.484, 133.644)  (133.644, 133.884)  (133.884, 133.944)  (133.944, 134.414)  (134.414, 134.704)  (134.704, 135.504)  (135.604, 135.784)  (135.784, 135.974)  (135.974, 136.254)  (136.254, 136.374)  (136.374, 136.544)  (136.544, 136.804) 
Token Types      : 0                   0                   0                   0                   0                   0                   0                   0                   0                   0                   0                   0                   0                   0                   0                  
turn_ids         : 0                   0                   0                   0                   0                   0                   0                   0                   0                   0                   0                   0                   0                   0                   0                  
turn_end_types   : 0                   0                   0                   0                   0                   0                   0                   0                   0                   0                   0                   0                   0                   0                   0                  
speaker_ids      : 0                   0                   0                   0                   0                   0                   0                   0                   0                   0                   0                   0                   0                   0                   0                  

B                : Ġthat               Ġhad                Ġuh                 Ġi                  Ġthink              Ġthe                Ġcompany            Ġstill              Ġexists             Ġwhat               Ġthey               Ġused               Ġto                 Ġdo                 Ġis                
Timings          : (131.348, 131.529)  (131.529, 132.048)  (133.004, 133.484)  (133.484, 133.644)  (133.644, 133.884)  (133.884, 133.944)  (133.944, 134.414)  (134.414, 134.704)  (134.704, 135.504)  (135.604, 135.784)  (135.784, 135.974)  (135.974, 136.254)  (136.254, 136.374)  (136.374, 136.544)  (136.544, 136.804) 
Token Types      : 1                   1                   1                   1                   1                   1                   1                   1                   1                   1                   1                   1                   1                   1                   1                  
turn_ids         : 79510045196297      79510045196297      79510045196297      79510045196297      79510045196297      79510045196297      79510045196297      79510045196297      79510045196297      79510045196297      79510045196297      79510045196297      79510045196297      79510045196297      79510045196297     
turn_end_types   : 1                   1                   1                   1                   1                   1                   1                   1                   1                   1                   1                   1                   1                   1                   1                  
speaker_ids      : 2                   2                   2                   2                   2                   2                   2                   2                   2                   2                   2                   2                   2                   2                   2                  


A                : <emp>               <emp>               <emp>               <emp>               <emp>               <emp>               <emp>               <emp>               <emp>               <emp>               <emp>               <emp>               <emp>               <emp>               <emp>              
Timings          : (136.804, 136.924)  (136.924, 137.214)  (137.214, 137.454)  (138.173, 138.393)  (138.393, 138.483)  (138.483, 138.783)  (138.783, 138.873)  (138.873, 139.483)  (139.483, 139.643)  (139.643, 140.343)  (140.343, 140.463)  (140.553, 141.003)  (141.003, 141.293)  (141.323, 141.593)  (141.593, 141.893) 
Token Types      : 0                   0                   0                   0                   0                   0                   0                   0                   0                   0                   0                   0                   0                   0                   0                  
turn_ids         : 0                   0                   0                   0                   0                   0                   0                   0                   0                   0                   0                   0                   0                   0                   0                  
turn_end_types   : 0                   0                   0                   0                   0                   0                   0                   0                   0                   0                   0                   0                   0                   0                   0                  
speaker_ids      : 0                   0                   0                   0                   0                   0                   0                   0                   0                   0                   0                   0                   0                   0                   0                  

B                : Ġthey               Ġused               Ġto                 Ġcut                Ġthe                Ġnumber             Ġof                 Ġhours              Ġfor                Ġeverybody          Ġas                 Ġopposed            Ġto                 Ġjust               Ġlaying            
Timings          : (136.804, 136.924)  (136.924, 137.214)  (137.214, 137.454)  (138.173, 138.393)  (138.393, 138.483)  (138.483, 138.783)  (138.783, 138.873)  (138.873, 139.483)  (139.483, 139.643)  (139.643, 140.343)  (140.343, 140.463)  (140.553, 141.003)  (141.003, 141.293)  (141.323, 141.593)  (141.593, 141.893) 
Token Types      : 1                   1                   1                   1                   1                   1                   1                   1                   1                   1                   1                   1                   1                   1                   1                  
turn_ids         : 79510045196297      79510045196297      79510045196297      79510045196297      79510045196297      79510045196297      79510045196297      79510045196297      79510045196297      79510045196297      79510045196297      79510045196297      79510045196297      79510045196297      79510045196297     
turn_end_types   : 1                   1                   1                   1                   1                   1                   1                   1                   1                   1                   1                   1                   1                   1                   1                  
speaker_ids      : 2                   2                   2                   2                   2                   2                   2                   2                   2                   2                   2                   2                   2                   2                   2                  


A                : <emp>               <emp>               Ġum                 hum                 <ebc>               <emp>               <emp>               <emp>               <emp>               <emp>               <emp>               <emp>               <emp>               <emp>               <emp>              
Timings          : (141.893, 142.303)  (142.303, 142.783)  (142.768, 142.983)  (142.983, 143.198)  (-1.0, -1.0)        (143.546, 143.826)  (143.826, 144.106)  (144.106, 144.506)  (144.506, 144.796)  (145.396, 145.486)  (145.486, 145.636)  (145.636, 145.896)  (145.896, 146.346)  (146.346, 146.426)  (146.426, 146.506) 
Token Types      : 0                   0                   3                   3                   3                   0                   0                   0                   0                   0                   0                   0                   0                   0                   0                  
turn_ids         : 0                   0                   79511655809036      79511655809036      79511655809036      0                   0                   0                   0                   0                   0                   0                   0                   0                   0                  
turn_end_types   : 0                   0                   0                   0                   0                   0                   0                   0                   0                   0                   0                   0                   0                   0                   0                  
speaker_ids      : 0                   0                   1                   1                   1                   0                   0                   0                   0                   0                   0                   0                   0                   0                   0                  

B                : Ġpeople             Ġoff                <emp>               <emp>               Ġyou                Ġknow               Ġthat               Ġway                Ġthat               Ġyou                Ġknow               Ġone                Ġperson             Ġwouldn             't                 
Timings          : (141.893, 142.303)  (142.303, 142.783)  (142.768, 142.983)  (142.983, 143.198)  (143.306, 143.546)  (143.546, 143.826)  (143.826, 144.106)  (144.106, 144.506)  (144.506, 144.796)  (145.396, 145.486)  (145.486, 145.636)  (145.636, 145.896)  (145.896, 146.346)  (146.346, 146.426)  (146.426, 146.506) 
Token Types      : 1                   1                   1                   1                   1                   1                   1                   1                   1                   1                   1                   1                   1                   1                   1                  
turn_ids         : 79510045196297      79510045196297      79510045196297      79510045196297      79510045196297      79510045196297      79510045196297      79510045196297      79510045196297      79510045196297      79510045196297      79510045196297      79510045196297      79510045196297      79510045196297     
turn_end_types   : 1                   1                   1                   1                   1                   1                   1                   1                   1                   1                   1                   1                   1                   1                   1                  
speaker_ids      : 2                   2                   2                   2                   2                   2                   2                   2                   2                   2                   2                   2                   2                   2                   2                  


A                : <emp>               <emp>               <emp>               <emp>               <emp>               <emp>               <emp>               <emp>               <emp>               <emp>               Ġum                 hum                 <ebc>               <emp>               <emp>              
Timings          : (146.506, 146.666)  (146.666, 146.956)  (146.956, 147.196)  (147.256, 147.596)  (147.596, 147.739)  (147.739, 147.883)  (147.883, 148.026)  (148.026, 148.186)  (148.186, 148.426)  (148.426, 149.006)  (149.322, 149.557)  (149.557, 149.792)  (-1.0, -1.0)        (150.421, 150.701)  (150.991, 151.121) 
Token Types      : 0                   0                   0                   0                   0                   0                   0                   0                   0                   0                   3                   3                   3                   0                   0                  
turn_ids         : 0                   0                   0                   0                   0                   0                   0                   0                   0                   0                   79511655809037      79511655809037      79511655809037      0                   0                  
turn_end_types   : 0                   0                   0                   0                   0                   0                   0                   0                   0                   0                   0                   0                   0                   0                   0                  
speaker_ids      : 0                   0                   0                   0                   0                   0                   0                   0                   0                   0                   1                   1                   1                   0                   0                  

B                : Ġget                Ġone                Ġbig                Ġblunt              Ġflow               /                   blow                Ġat                 Ġone                Ġtime               <emp>               <emp>               Ġand                Ġuh                 Ġyou               
Timings          : (146.506, 146.666)  (146.666, 146.956)  (146.956, 147.196)  (147.256, 147.596)  (147.596, 147.739)  (147.739, 147.883)  (147.883, 148.026)  (148.026, 148.186)  (148.186, 148.426)  (148.426, 149.006)  (149.322, 149.557)  (149.557, 149.792)  (149.991, 150.421)  (150.421, 150.701)  (150.991, 151.121) 
Token Types      : 1                   1                   1                   1                   1                   1                   1                   1                   1                   1                   1                   1                   1                   1                   1                  
turn_ids         : 79510045196297      79510045196297      79510045196297      79510045196297      79510045196297      79510045196297      79510045196297      79510045196297      79510045196297      79510045196297      79510045196297      79510045196297      79510045196297      79510045196297      79510045196297     
turn_end_types   : 1                   1                   1                   1                   1                   1                   1                   1                   1                   1                   1                   1                   1                   1                   1                  
speaker_ids      : 2                   2                   2                   2                   2                   2                   2                   2                   2                   2                   2                   2                   2                   2                   2                  


A                : <emp>               <emp>               <emp>               <emp>               <emp>               <emp>               <emp>               <emp>               <emp>               <emp>               <emp>               <emp>               <emp>               <emp>               <emp>              
Timings          : (151.121, 151.271)  (151.271, 151.341)  (151.341, 151.641)  (151.641, 151.771)  (151.771, 151.991)  (152.191, 152.481)  (152.481, 153.331)  (153.331, 153.541)  (153.541, 153.791)  (153.791, 153.951)  (153.951, 154.131)  (154.131, 154.506)  (154.506, 154.881)  (154.881, 155.411)  (155.961, 156.241) 
Token Types      : 0                   0                   0                   0                   0                   0                   0                   0                   0                   0                   0                   0                   0                   0                   0                  
turn_ids         : 0                   0                   0                   0                   0                   0                   0                   0                   0                   0                   0                   0                   0                   0                   0                  
turn_end_types   : 0                   0                   0                   0                   0                   0                   0                   0                   0                   0                   0                   0                   0                   0                   0                  
speaker_ids      : 0                   0                   0                   0                   0                   0                   0                   0                   0                   0                   0                   0                   0                   0                   0                  

B                : Ġknow               Ġi                  Ġthink              Ġif                 Ġthey               Ġhad                Ġprograms           Ġthat               Ġset                Ġup                 Ġto                 Ġsubsid             ize                 Ġpeople             Ġthat              
Timings          : (151.121, 151.271)  (151.271, 151.341)  (151.341, 151.641)  (151.641, 151.771)  (151.771, 151.991)  (152.191, 152.481)  (152.481, 153.331)  (153.331, 153.541)  (153.541, 153.791)  (153.791, 153.951)  (153.951, 154.131)  (154.131, 154.506)  (154.506, 154.881)  (154.881, 155.411)  (155.961, 156.241) 
Token Types      : 1                   1                   1                   1                   1                   1                   1                   1                   1                   1                   1                   1                   1                   1                   1                  
turn_ids         : 79510045196297      79510045196297      79510045196297      79510045196297      79510045196297      79510045196297      79510045196297      79510045196297      79510045196297      79510045196297      79510045196297      79510045196297      79510045196297      79510045196297      79510045196297     
turn_end_types   : 1                   1                   1                   1                   1                   1                   1                   1                   1                   1                   1                   1                   1                   1                   1                  
speaker_ids      : 2                   2                   2                   2                   2                   2                   2                   2                   2                   2                   2                   2                   2                   2                   2                  


A                : <emp>               <emp>               <emp>               <emp>               <emp>               <emp>               <emp>               <emp>               <emp>               <emp>               <emp>               <emp>               <emp>               <emp>               <emp>              
Timings          : (156.241, 156.421)  (156.421, 156.661)  (156.661, 157.011)  (157.011, 157.351)  (157.351, 157.401)  (157.401, 157.601)  (157.601, 157.811)  (157.861, 158.391)  (158.671, 158.771)  (158.771, 159.001)  (159.001, 159.221)  (159.221, 159.491)  (159.491, 159.641)  (159.801, 159.901)  (159.901, 160.071) 
Token Types      : 0                   0                   0                   0                   0                   0                   0                   0                   0                   0                   0                   0                   0                   0                   0                  
turn_ids         : 0                   0                   0                   0                   0                   0                   0                   0                   0                   0                   0                   0                   0                   0                   0                  
turn_end_types   : 0                   0                   0                   0                   0                   0                   0                   0                   0                   0                   0                   0                   0                   0                   0                  
speaker_ids      : 0                   0                   0                   0                   0                   0                   0                   0                   0                   0                   0                   0                   0                   0                   0                  

B                : Ġdo                 Ġget                Ġlaid               Ġoff                Ġa                  Ġlittle             Ġbit                Ġbetter             Ġyou                Ġknow               Ġother              Ġthan               Ġsomething          Ġyou                Ġknow              
Timings          : (156.241, 156.421)  (156.421, 156.661)  (156.661, 157.011)  (157.011, 157.351)  (157.351, 157.401)  (157.401, 157.601)  (157.601, 157.811)  (157.861, 158.391)  (158.671, 158.771)  (158.771, 159.001)  (159.001, 159.221)  (159.221, 159.491)  (159.491, 159.641)  (159.801, 159.901)  (159.901, 160.071) 
Token Types      : 1                   1                   1                   1                   1                   1                   1                   1                   1                   1                   1                   1                   1                   1                   1                  
turn_ids         : 79510045196297      79510045196297      79510045196297      79510045196297      79510045196297      79510045196297      79510045196297      79510045196297      79510045196297      79510045196297      79510045196297      79510045196297      79510045196297      79510045196297      79510045196297     
turn_end_types   : 1                   1                   1                   1                   1                   1                   1                   1                   1                   1                   1                   1                   1                   1                   1                  
speaker_ids      : 2                   2                   2                   2                   2                   2                   2                   2                   2                   2                   2                   2                   2                   2                   2                  


A                : <emp>               <emp>               <emp>               <emp>               <emp>               <emp>               <emp>               <emp>               <emp>               <emp>               <emp>               <emp>               <emp>               <emp>               <emp>              
Timings          : (160.071, 160.431)  (160.431, 160.591)  (160.591, 161.311)  (161.311, 161.431)  (161.431, 161.791)  (161.791, 161.931)  (161.931, 161.981)  (161.981, 162.261)  (162.261, 162.321)  (162.321, 162.771)  (162.771, 162.911)  (162.911, 163.011)  (163.011, 163.291)  (163.291, 163.541)  (164.44, 164.73)   
Token Types      : 0                   0                   0                   0                   0                   0                   0                   0                   0                   0                   0                   0                   0                   0                   0                  
turn_ids         : 0                   0                   0                   0                   0                   0                   0                   0                   0                   0                   0                   0                   0                   0                   0                  
turn_end_types   : 0                   0                   0                   0                   0                   0                   0                   0                   0                   0                   0                   0                   0                   0                   0                  
speaker_ids      : 0                   0                   0                   0                   0                   0                   0                   0                   0                   0                   0                   0                   0                   0                   0                  

B                : Ġsomething          Ġlike               Ġunemployment       Ġis                 Ġgood               Ġbut                Ġi                  Ġmean               Ġthe                Ġcompany            Ġas                 Ġa                  Ġwhole              Ġbecause            Ġyou               
Timings          : (160.071, 160.431)  (160.431, 160.591)  (160.591, 161.311)  (161.311, 161.431)  (161.431, 161.791)  (161.791, 161.931)  (161.931, 161.981)  (161.981, 162.261)  (162.261, 162.321)  (162.321, 162.771)  (162.771, 162.911)  (162.911, 163.011)  (163.011, 163.291)  (163.291, 163.541)  (164.44, 164.73)   
Token Types      : 1                   1                   1                   1                   1                   1                   1                   1                   1                   1                   1                   1                   1                   1                   1                  
turn_ids         : 79510045196297      79510045196297      79510045196297      79510045196297      79510045196297      79510045196297      79510045196297      79510045196297      79510045196297      79510045196297      79510045196297      79510045196297      79510045196297      79510045196297      79510045196297     
turn_end_types   : 1                   1                   1                   1                   1                   1                   1                   1                   1                   1                   1                   1                   1                   1                   1                  
speaker_ids      : 2                   2                   2                   2                   2                   2                   2                   2                   2                   2                   2                   2                   2                   2                   2                  


A                : <emp>               <emp>               <emp>               <emp>               <emp>               <emp>               <emp>               <emp>               <emp>               <emp>               <emp>               <emp>               <emp>               <emp>               <emp>              
Timings          : (164.73, 164.86)    (164.86, 164.99)    (164.99, 165.92)    (165.92, 166.2)     (166.2, 166.34)     (166.34, 166.42)    (166.42, 167.26)    (167.705, 167.805)  (167.805, 168.155)  (168.155, 168.395)  (168.395, 168.535)  (168.535, 168.865)  (168.865, 168.945)  (168.945, 168.985)  (168.985, 169.385) 
Token Types      : 0                   0                   0                   0                   0                   0                   0                   0                   0                   0                   0                   0                   0                   0                   0                  
turn_ids         : 0                   0                   0                   0                   0                   0                   0                   0                   0                   0                   0                   0                   0                   0                   0                  
turn_end_types   : 0                   0                   0                   0                   0                   0                   0                   0                   0                   0                   0                   0                   0                   0                   0                  
speaker_ids      : 0                   0                   0                   0                   0                   0                   0                   0                   0                   0                   0                   0                   0                   0                   0                  

B                : Ġas                 Ġan                 Ġemployee           Ġeven               Ġthough             Ġthe                Ġcompany            Ġis                 Ġmaking             Ġmoney              Ġthey               Ġpaying             Ġyou                Ġa                  Ġsalary            
Timings          : (164.73, 164.86)    (164.86, 164.99)    (164.99, 165.92)    (165.92, 166.2)     (166.2, 166.34)     (166.34, 166.42)    (166.42, 167.26)    (167.705, 167.805)  (167.805, 168.155)  (168.155, 168.395)  (168.395, 168.535)  (168.535, 168.865)  (168.865, 168.945)  (168.945, 168.985)  (168.985, 169.385) 
Token Types      : 1                   1                   1                   1                   1                   1                   1                   1                   1                   1                   1                   1                   1                   1                   1                  
turn_ids         : 79510045196297      79510045196297      79510045196297      79510045196297      79510045196297      79510045196297      79510045196297      79510045196297      79510045196297      79510045196297      79510045196297      79510045196297      79510045196297      79510045196297      79510045196297     
turn_end_types   : 1                   1                   1                   1                   1                   1                   1                   1                   1                   1                   1                   1                   1                   1                   1                  
speaker_ids      : 2                   2                   2                   2                   2                   2                   2                   2                   2                   2                   2                   2                   2                   2                   2                  


A                : <emp>               <emp>               <emp>               <emp>               <emp>               <emp>               <emp>               <emp>               <emp>               <emp>               <emp>               <emp>               <emp>               <emp>               <emp>              
Timings          : (169.385, 169.605)  (169.605, 169.925)  (169.925, 170.535)  (170.555, 171.225)  (171.225, 171.375)  (171.375, 171.575)  (171.575, 172.075)  (172.125, 172.495)  (172.525, 172.615)  (172.615, 172.705)  (172.705, 173.555)  (173.555, 174.065)  (174.435, 174.805)  (174.805, 175.045)  (175.045, 175.185) 
Token Types      : 0                   0                   0                   0                   0                   0                   0                   0                   0                   0                   0                   0                   0                   0                   0                  
turn_ids         : 0                   0                   0                   0                   0                   0                   0                   0                   0                   0                   0                   0                   0                   0                   0                  
turn_end_types   : 0                   0                   0                   0                   0                   0                   0                   0                   0                   0                   0                   0                   0                   0                   0                  
speaker_ids      : 0                   0                   0                   0                   0                   0                   0                   0                   0                   0                   0                   0                   0                   0                   0                  

B                : Ġbut                Ġyou                Ġare                Ġresponsible        Ġfor                Ġthat               Ġcompany            Ġgrowth             Ġyou                're                 Ġresponsible        Ġalso               Ġfor                Ġhelping            Ġthat              
Timings          : (169.385, 169.605)  (169.605, 169.925)  (169.925, 170.535)  (170.555, 171.225)  (171.225, 171.375)  (171.375, 171.575)  (171.575, 172.075)  (172.125, 172.495)  (172.525, 172.615)  (172.615, 172.705)  (172.705, 173.555)  (173.555, 174.065)  (174.435, 174.805)  (174.805, 175.045)  (175.045, 175.185) 
Token Types      : 1                   1                   1                   1                   1                   1                   1                   1                   1                   1                   1                   1                   1                   1                   1                  
turn_ids         : 79510045196297      79510045196297      79510045196297      79510045196297      79510045196297      79510045196297      79510045196297      79510045196297      79510045196297      79510045196297      79510045196297      79510045196297      79510045196297      79510045196297      79510045196297     
turn_end_types   : 1                   1                   1                   1                   1                   1                   1                   1                   1                   1                   1                   1                   1                   1                   1                  
speaker_ids      : 2                   2                   2                   2                   2                   2                   2                   2                   2                   2                   2                   2                   2                   2                   2                  


A                : <emp>               <emp>               <emp>               <emp>               <emp>               <emp>               <emp>               <emp>               <emp>               <emp>               <emp>               <emp>               <emp>               <emp>               <emp>              
Timings          : (175.185, 175.805)  (175.805, 176.005)  (176.005, 176.125)  (176.125, 176.195)  (176.195, 176.315)  (176.315, 176.435)  (176.435, 176.555)  (176.555, 177.005)  (177.005, 177.195)  (177.195, 177.275)  (177.275, 177.355)  (177.355, 177.575)  (177.575, 177.675)  (177.675, 177.975)  (177.975, 178.715) 
Token Types      : 0                   0                   0                   0                   0                   0                   0                   0                   0                   0                   0                   0                   0                   0                   0                  
turn_ids         : 0                   0                   0                   0                   0                   0                   0                   0                   0                   0                   0                   0                   0                   0                   0                  
turn_end_types   : 0                   0                   0                   0                   0                   0                   0                   0                   0                   0                   0                   0                   0                   0                   0                  
speaker_ids      : 0                   0                   0                   0                   0                   0                   0                   0                   0                   0                   0                   0                   0                   0                   0                  

B                : Ġcompany            Ġget                Ġto                 Ġthe                Ġpart               /                   point               Ġpoint              Ġthat               Ġit                 's                  Ġat                 Ġat                 Ġmaking             Ġprofits           
Timings          : (175.185, 175.805)  (175.805, 176.005)  (176.005, 176.125)  (176.125, 176.195)  (176.195, 176.315)  (176.315, 176.435)  (176.435, 176.555)  (176.555, 177.005)  (177.005, 177.195)  (177.195, 177.275)  (177.275, 177.355)  (177.355, 177.575)  (177.575, 177.675)  (177.675, 177.975)  (177.975, 178.715) 
Token Types      : 1                   1                   1                   1                   1                   1                   1                   1                   1                   1                   1                   1                   1                   1                   1                  
turn_ids         : 79510045196297      79510045196297      79510045196297      79510045196297      79510045196297      79510045196297      79510045196297      79510045196297      79510045196297      79510045196297      79510045196297      79510045196297      79510045196297      79510045196297      79510045196297     
turn_end_types   : 1                   1                   1                   1                   1                   1                   1                   1                   1                   1                   1                   1                   1                   1                   1                  
speaker_ids      : 2                   2                   2                   2                   2                   2                   2                   2                   2                   2                   2                   2                   2                   2                   2                  


A                : <emp>               <emp>               <emp>               <emp>               <emp>               <emp>               <emp>               <emp>               <emp>               <emp>               <emp>               <emp>               <emp>               <emp>               <emp>              
Timings          : (179.208, 179.598)  (179.598, 179.818)  (179.818, 180.148)  (180.148, 180.499)  (180.499, 181.268)  (182.946, 183.236)  (183.236, 183.476)  (183.476, 183.716)  (183.716, 183.956)  (183.956, 184.176)  (184.176, 184.236)  (184.236, 184.826)  (184.826, 185.106)  (185.106, 185.346)  (185.346, 185.716) 
Token Types      : 0                   0                   0                   0                   0                   0                   0                   0                   0                   0                   0                   0                   0                   0                   0                  
turn_ids         : 0                   0                   0                   0                   0                   0                   0                   0                   0                   0                   0                   0                   0                   0                   0                  
turn_end_types   : 0                   0                   0                   0                   0                   0                   0                   0                   0                   0                   0                   0                   0                   0                   0                  
speaker_ids      : 0                   0                   0                   0                   0                   0                   0                   0                   0                   0                   0                   0                   0                   0                   0                  

B                : Ġso                 Ġthere              Ġshould             Ġbe                 Ġsomething          Ġin                 Ġthere              Ġor                 Ġsome               Ġkind               Ġof                 Ġclause             Ġthat               Ġwill               Ġsubsid            
Timings          : (179.208, 179.598)  (179.598, 179.818)  (179.818, 180.148)  (180.148, 180.499)  (180.499, 181.268)  (182.946, 183.236)  (183.236, 183.476)  (183.476, 183.716)  (183.716, 183.956)  (183.956, 184.176)  (184.176, 184.236)  (184.236, 184.826)  (184.826, 185.106)  (185.106, 185.346)  (185.346, 185.716) 
Token Types      : 1                   1                   1                   1                   1                   1                   1                   1                   1                   1                   1                   1                   1                   1                   1                  
turn_ids         : 79510045196297      79510045196297      79510045196297      79510045196297      79510045196297      79510045196297      79510045196297      79510045196297      79510045196297      79510045196297      79510045196297      79510045196297      79510045196297      79510045196297      79510045196297     
turn_end_types   : 1                   1                   1                   1                   1                   1                   1                   1                   1                   1                   1                   1                   1                   1                   1                  
speaker_ids      : 2                   2                   2                   2                   2                   2                   2                   2                   2                   2                   2                   2                   2                   2                   2                  


A                : <emp>               <emp>               <emp>               <emp>               <emp>               <emp>               <emp>               <emp>               <emp>               <emp>               <emp>               <emp>               <emp>               <emp>               <emp>              
Timings          : (185.716, 186.086)  (186.086, 186.446)  (186.446, 186.566)  (186.566, 186.746)  (186.746, 187.236)  (187.236, 187.486)  (187.486, 187.636)  (187.636, 188.246)  (188.926, 189.186)  (189.186, 189.536)  (189.946, 190.076)  (190.076, 190.476)  (190.636, 191.026)  (191.026, 191.616)  (191.616, 191.706) 
Token Types      : 0                   0                   0                   0                   0                   0                   0                   0                   0                   0                   0                   0                   0                   0                   0                  
turn_ids         : 0                   0                   0                   0                   0                   0                   0                   0                   0                   0                   0                   0                   0                   0                   0                  
turn_end_types   : 0                   0                   0                   0                   0                   0                   0                   0                   0                   0                   0                   0                   0                   0                   0                  
speaker_ids      : 0                   0                   0                   0                   0                   0                   0                   0                   0                   0                   0                   0                   0                   0                   0                  

B                : ize                 Ġpeople             Ġif                 Ġthey               Ġdid                Ġlose               Ġtheir              Ġjob                Ġother              Ġthan               Ġyou                Ġknow               Ġuh                 Ġneglect            Ġor                
Timings          : (185.716, 186.086)  (186.086, 186.446)  (186.446, 186.566)  (186.566, 186.746)  (186.746, 187.236)  (187.236, 187.486)  (187.486, 187.636)  (187.636, 188.246)  (188.926, 189.186)  (189.186, 189.536)  (189.946, 190.076)  (190.076, 190.476)  (190.636, 191.026)  (191.026, 191.616)  (191.616, 191.706) 
Token Types      : 1                   1                   1                   1                   1                   1                   1                   1                   1                   1                   1                   1                   1                   1                   1                  
turn_ids         : 79510045196297      79510045196297      79510045196297      79510045196297      79510045196297      79510045196297      79510045196297      79510045196297      79510045196297      79510045196297      79510045196297      79510045196297      79510045196297      79510045196297      79510045196297     
turn_end_types   : 1                   1                   1                   1                   1                   1                   1                   1                   1                   1                   1                   1                   1                   1                   1                  
speaker_ids      : 2                   2                   2                   2                   2                   2                   2                   2                   2                   2                   2                   2                   2                   2                   2                  


A                : <emp>               <emp>               <emp>               Ġum                 hum                 <ebc>               <emp>               <emp>               <emp>               <emp>               <emp>               <emp>               <emp>               <emp>               <emp>              
Timings          : (191.706, 192.066)  (192.066, 192.286)  (192.286, 192.796)  (193.143, 193.342)  (193.342, 193.542)  (-1.0, -1.0)        (193.834, 194.054)  (194.054, 194.644)  (194.644, 194.754)  (194.754, 194.864)  (194.864, 195.154)  (195.154, 195.184)  (195.184, 195.414)  (195.414, 195.644)  (195.674, 196.064) 
Token Types      : 0                   0                   0                   3                   3                   3                   0                   0                   0                   0                   0                   0                   0                   0                   0                  
turn_ids         : 0                   0                   0                   79511655809038      79511655809038      79511655809038      0                   0                   0                   0                   0                   0                   0                   0                   0                  
turn_end_types   : 0                   0                   0                   0                   0                   0                   0                   0                   0                   0                   0                   0                   0                   0                   0                  
speaker_ids      : 0                   0                   0                   1                   1                   1                   0                   0                   0                   0                   0                   0                   0                   0                   0                  

B                : Ġsomething          Ġlike               Ġthat               <emp>               <emp>               Ġyou                Ġknow               Ġbecause            Ġit                 's                  Ġnot                Ġa                  Ġperson             's                  Ġfault             
Timings          : (191.706, 192.066)  (192.066, 192.286)  (192.286, 192.796)  (193.143, 193.342)  (193.342, 193.542)  (193.674, 193.834)  (193.834, 194.054)  (194.054, 194.644)  (194.644, 194.754)  (194.754, 194.864)  (194.864, 195.154)  (195.154, 195.184)  (195.184, 195.414)  (195.414, 195.644)  (195.674, 196.064) 
Token Types      : 1                   1                   1                   1                   1                   1                   1                   1                   1                   1                   1                   1                   1                   1                   1                  
turn_ids         : 79510045196297      79510045196297      79510045196297      79510045196297      79510045196297      79510045196297      79510045196297      79510045196297      79510045196297      79510045196297      79510045196297      79510045196297      79510045196297      79510045196297      79510045196297     
turn_end_types   : 1                   1                   1                   1                   1                   1                   1                   1                   1                   1                   1                   1                   1                   1                   1                  
speaker_ids      : 2                   2                   2                   2                   2                   2                   2                   2                   2                   2                   2                   2                   2                   2                   2                  


A                : <emp>               <emp>               <emp>               <emp>               <emp>               <emp>               <emp>               <emp>               <emp>               <emp>               <emp>               <emp>               <emp>               <emp>               <emp>              
Timings          : (196.064, 196.364)  (197.064, 197.204)  (197.204, 197.314)  (197.314, 197.634)  (197.634, 197.884)  (197.884, 198.394)  (198.394, 198.534)  (198.534, 198.672)  (198.672, 198.81)   (198.81, 198.949)   (198.949, 199.087)  (199.087, 199.225)  (199.225, 199.364)  (199.364, 199.824)  (200.465, 200.565) 
Token Types      : 0                   0                   0                   0                   0                   0                   0                   0                   0                   0                   0                   0                   0                   0                   0                  
turn_ids         : 0                   0                   0                   0                   0                   0                   0                   0                   0                   0                   0                   0                   0                   0                   0                  
turn_end_types   : 0                   0                   0                   0                   0                   0                   0                   0                   0                   0                   0                   0                   0                   0                   0                  
speaker_ids      : 0                   0                   0                   0                   0                   0                   0                   0                   0                   0                   0                   0                   0                   0                   0                  

B                : Ġthat               Ġyou                Ġknow               Ġpeople             Ġnot                Ġbuying             Ġor                 Ġb                  iness               es                  /                   business            es                  Ġare                Ġare               
Timings          : (196.064, 196.364)  (197.064, 197.204)  (197.204, 197.314)  (197.314, 197.634)  (197.634, 197.884)  (197.884, 198.394)  (198.394, 198.534)  (198.534, 198.672)  (198.672, 198.81)   (198.81, 198.949)   (198.949, 199.087)  (199.087, 199.225)  (199.225, 199.364)  (199.364, 199.824)  (200.465, 200.565) 
Token Types      : 1                   1                   1                   1                   1                   1                   1                   1                   1                   1                   1                   1                   1                   1                   1                  
turn_ids         : 79510045196297      79510045196297      79510045196297      79510045196297      79510045196297      79510045196297      79510045196297      79510045196297      79510045196297      79510045196297      79510045196297      79510045196297      79510045196297      79510045196297      79510045196297     
turn_end_types   : 1                   1                   1                   1                   1                   1                   1                   1                   1                   1                   1                   1                   1                   1                   1                  
speaker_ids      : 2                   2                   2                   2                   2                   2                   2                   2                   2                   2                   2                   2                   2                   2                   2                  


A                : <emp>               <emp>               <emp>               <emp>               <emp>               <emp>               <emp>               <emp>               <emp>               <emp>               <emp>               <emp>               <emp>               <emp>               <emp>              
Timings          : (200.565, 200.795)  (200.795, 200.915)  (200.915, 201.035)  (201.035, 201.195)  (201.195, 201.295)  (201.295, 201.515)  (201.515, 201.725)  (201.725, 201.825)  (201.925, 202.305)  (202.625, 202.795)  (202.795, 203.065)  (203.105, 203.245)  (203.245, 203.34)   (203.34, 203.435)   (203.435, 203.605) 
Token Types      : 0                   0                   0                   0                   0                   0                   0                   0                   0                   0                   0                   0                   0                   0                   0                  
turn_ids         : 0                   0                   0                   0                   0                   0                   0                   0                   0                   0                   0                   0                   0                   0                   0                  
turn_end_types   : 0                   0                   0                   0                   0                   0                   0                   0                   0                   0                   0                   0                   0                   0                   0                  
speaker_ids      : 0                   0                   0                   0                   0                   0                   0                   0                   0                   0                   0                   0                   0                   0                   0                  

B                : Ġnot                Ġon                 Ġthe                Ġup                 Ġand                Ġup                 Ġall                Ġthe                Ġtime               Ġyou                Ġknow               Ġi                  Ġdon                't                  Ġsee               
Timings          : (200.565, 200.795)  (200.795, 200.915)  (200.915, 201.035)  (201.035, 201.195)  (201.195, 201.295)  (201.295, 201.515)  (201.515, 201.725)  (201.725, 201.825)  (201.925, 202.305)  (202.625, 202.795)  (202.795, 203.065)  (203.105, 203.245)  (203.245, 203.34)   (203.34, 203.435)   (203.435, 203.605) 
Token Types      : 1                   1                   1                   1                   1                   1                   1                   1                   1                   1                   1                   1                   1                   1                   1                  
turn_ids         : 79510045196297      79510045196297      79510045196297      79510045196297      79510045196297      79510045196297      79510045196297      79510045196297      79510045196297      79510045196297      79510045196297      79510045196297      79510045196297      79510045196297      79510045196297     
turn_end_types   : 1                   1                   1                   1                   1                   1                   1                   1                   1                   1                   1                   1                   1                   1                   1                  
speaker_ids      : 2                   2                   2                   2                   2                   2                   2                   2                   2                   2                   2                   2                   2                   2                   2                  


A                : <emp>               <emp>               <emp>               <emp>               <emp>               <emp>               <emp>               <emp>               <emp>               <emp>               <emp>               <emp>               <emp>               <emp>               <emp>              
Timings          : (203.605, 203.795)  (203.795, 204.045)  (204.045, 204.105)  (204.105, 204.305)  (204.305, 204.855)  (205.415, 205.635)  (205.635, 205.985)  (205.985, 206.215)  (206.215, 206.275)  (206.275, 206.655)  (206.655, 206.865)  (206.955, 207.115)  (207.115, 207.335)  (207.335, 207.395)  (207.395, 207.655) 
Token Types      : 0                   0                   0                   0                   0                   0                   0                   0                   0                   0                   0                   0                   0                   0                   0                  
turn_ids         : 0                   0                   0                   0                   0                   0                   0                   0                   0                   0                   0                   0                   0                   0                   0                  
turn_end_types   : 0                   0                   0                   0                   0                   0                   0                   0                   0                   0                   0                   0                   0                   0                   0                  
speaker_ids      : 0                   0                   0                   0                   0                   0                   0                   0                   0                   0                   0                   0                   0                   0                   0                  

B                : Ġhow                Ġone                Ġor                 Ġtwo                Ġpeople             Ġmaybe              Ġmore               Ġone                Ġor                 Ġtwo                Ġbut                Ġyou                Ġknow               Ġa                  Ġnumber            
Timings          : (203.605, 203.795)  (203.795, 204.045)  (204.045, 204.105)  (204.105, 204.305)  (204.305, 204.855)  (205.415, 205.635)  (205.635, 205.985)  (205.985, 206.215)  (206.215, 206.275)  (206.275, 206.655)  (206.655, 206.865)  (206.955, 207.115)  (207.115, 207.335)  (207.335, 207.395)  (207.395, 207.655) 
Token Types      : 1                   1                   1                   1                   1                   1                   1                   1                   1                   1                   1                   1                   1                   1                   1                  
turn_ids         : 79510045196297      79510045196297      79510045196297      79510045196297      79510045196297      79510045196297      79510045196297      79510045196297      79510045196297      79510045196297      79510045196297      79510045196297      79510045196297      79510045196297      79510045196297     
turn_end_types   : 1                   1                   1                   1                   1                   1                   1                   1                   1                   1                   1                   1                   1                   1                   1                  
speaker_ids      : 2                   2                   2                   2                   2                   2                   2                   2                   2                   2                   2                   2                   2                   2                   2                  


A                : <emp>               <emp>               <emp>               <emp>               <emp>               <emp>               <emp>               <emp>               <emp>               <emp>               <emp>               <emp>               Ġnow                Ġhow                Ġdo                
Timings          : (207.655, 207.725)  (207.725, 208.085)  (208.085, 208.375)  (208.995, 209.195)  (209.195, 209.545)  (209.545, 209.865)  (209.865, 210.765)  (210.765, 210.915)  (210.985, 211.445)  (211.445, 211.535)  (211.535, 211.985)  (211.985, 212.905)  (213.353, 213.483)  (213.483, 213.623)  (213.623, 213.703) 
Token Types      : 0                   0                   0                   0                   0                   0                   0                   0                   0                   0                   0                   0                   1                   1                   1                  
turn_ids         : 0                   0                   0                   0                   0                   0                   0                   0                   0                   0                   0                   0                   79509508325386      79509508325386      79509508325386     
turn_end_types   : 0                   0                   0                   0                   0                   0                   0                   0                   0                   0                   0                   0                   1                   1                   1                  
speaker_ids      : 0                   0                   0                   0                   0                   0                   0                   0                   0                   0                   0                   0                   1                   1                   1                  

B                : Ġof                 Ġpeople             Ġcan                Ġcan                Ġbe                 Ġthe                Ġdownfall           Ġof                 Ġcompany            Ġa                  Ġcompany            Ġsituation          <eot>               <emp>               <emp>              
Timings          : (207.655, 207.725)  (207.725, 208.085)  (208.085, 208.375)  (208.995, 209.195)  (209.195, 209.545)  (209.545, 209.865)  (209.865, 210.765)  (210.765, 210.915)  (210.985, 211.445)  (211.445, 211.535)  (211.535, 211.985)  (211.985, 212.905)  (-1.0, -1.0)        (213.483, 213.623)  (213.623, 213.703) 
Token Types      : 1                   1                   1                   1                   1                   1                   1                   1                   1                   1                   1                   1                   1                   0                   0                  
turn_ids         : 79510045196297      79510045196297      79510045196297      79510045196297      79510045196297      79510045196297      79510045196297      79510045196297      79510045196297      79510045196297      79510045196297      79510045196297      79510045196297      0                   0                  
turn_end_types   : 1                   1                   1                   1                   1                   1                   1                   1                   1                   1                   1                   1                   1                   0                   0                  
speaker_ids      : 2                   2                   2                   2                   2                   2                   2                   2                   2                   2                   2                   2                   2                   0                   0                  


A                : Ġyou                Ġmean               Ġthat               Ġi                  Ġknow               Ġit                 <eot>               <emp>               <emp>               <emp>               <emp>               <emp>               <emp>               <emp>               <emp>              
Timings          : (213.703, 213.763)  (213.763, 213.963)  (213.963, 214.273)  (214.273, 214.413)  (214.413, 214.563)  (214.563, 214.713)  (-1.0, -1.0)        (215.706, 215.866)  (215.866, 215.956)  (215.956, 216.356)  (216.356, 216.736)  (217.196, 217.696)  (218.406, 218.676)  (218.676, 218.866)  (218.866, 219.116) 
Token Types      : 1                   1                   1                   1                   1                   1                   1                   0                   0                   0                   0                   0                   0                   0                   0                  
turn_ids         : 79509508325386      79509508325386      79509508325386      79509508325386      79509508325386      79509508325386      79509508325386      0                   0                   0                   0                   0                   0                   0                   0                  
turn_end_types   : 1                   1                   1                   1                   1                   1                   1                   0                   0                   0                   0                   0                   0                   0                   0                  
speaker_ids      : 1                   1                   1                   1                   1                   1                   1                   0                   0                   0                   0                   0                   0                   0                   0                  

B                : <emp>               <emp>               <emp>               <emp>               <emp>               <emp>               Ġwell               Ġin                 Ġa                  Ġsense              Ġthat               Ġsay                Ġhow                Ġdo                 Ġyou               
Timings          : (213.703, 213.763)  (213.763, 213.963)  (213.963, 214.273)  (214.273, 214.413)  (214.413, 214.563)  (214.563, 214.713)  (215.416, 215.706)  (215.706, 215.866)  (215.866, 215.956)  (215.956, 216.356)  (216.356, 216.736)  (217.196, 217.696)  (218.406, 218.676)  (218.676, 218.866)  (218.866, 219.116) 
Token Types      : 0                   0                   0                   0                   0                   0                   1                   1                   1                   1                   1                   1                   1                   1                   1                  
turn_ids         : 0                   0                   0                   0                   0                   0                   79510045196299      79510045196299      79510045196299      79510045196299      79510045196299      79510045196299      79510045196299      79510045196299      79510045196299     
turn_end_types   : 0                   0                   0                   0                   0                   0                   1                   1                   1                   1                   1                   1                   1                   1                   1                  
speaker_ids      : 0                   0                   0                   0                   0                   0                   2                   2                   2                   2                   2                   2                   2                   2                   2                  


A                : <emp>               <emp>               <emp>               <emp>               <emp>               <emp>               <emp>               <emp>               <emp>               <emp>               <emp>               <emp>               <emp>               Ġum                 hum                
Timings          : (219.626, 219.836)  (220.346, 220.546)  (220.546, 220.646)  (220.646, 221.356)  (221.356, 221.556)  (221.556, 221.606)  (221.606, 221.656)  (221.656, 221.836)  (221.836, 222.056)  (222.056, 222.296)  (222.296, 222.546)  (222.546, 222.806)  (222.806, 223.336)  (223.518, 223.668)  (223.668, 223.818) 
Token Types      : 0                   0                   0                   0                   0                   0                   0                   0                   0                   0                   0                   0                   0                   3                   3                  
turn_ids         : 0                   0                   0                   0                   0                   0                   0                   0                   0                   0                   0                   0                   0                   79511655809040      79511655809040     
turn_end_types   : 0                   0                   0                   0                   0                   0                   0                   0                   0                   0                   0                   0                   0                   0                   0                  
speaker_ids      : 0                   0                   0                   0                   0                   0                   0                   0                   0                   0                   0                   0                   0                   1                   1                  

B                : Ġmake               Ġa                  Ġa                  Ġconclusion         Ġthat               Ġyou                're                 Ġgonna              Ġlay                Ġoff                Ġthese              Ġten                Ġpeople             <emp>               <emp>              
Timings          : (219.626, 219.836)  (220.346, 220.546)  (220.546, 220.646)  (220.646, 221.356)  (221.356, 221.556)  (221.556, 221.606)  (221.606, 221.656)  (221.656, 221.836)  (221.836, 222.056)  (222.056, 222.296)  (222.296, 222.546)  (222.546, 222.806)  (222.806, 223.336)  (223.518, 223.668)  (223.668, 223.818) 
Token Types      : 1                   1                   1                   1                   1                   1                   1                   1                   1                   1                   1                   1                   1                   1                   1                  
turn_ids         : 79510045196299      79510045196299      79510045196299      79510045196299      79510045196299      79510045196299      79510045196299      79510045196299      79510045196299      79510045196299      79510045196299      79510045196299      79510045196299      79510045196299      79510045196299     
turn_end_types   : 1                   1                   1                   1                   1                   1                   1                   1                   1                   1                   1                   1                   1                   1                   1                  
speaker_ids      : 2                   2                   2                   2                   2                   2                   2                   2                   2                   2                   2                   2                   2                   2                   2                  


A                : <ebc>               <emp>               <emp>               <emp>               <emp>               <emp>               <emp>               <emp>               <emp>               <emp>               <emp>               <emp>               <emp>               <emp>               <emp>              
Timings          : (-1.0, -1.0)        (224.875, 225.095)  (225.095, 225.625)  (225.815, 226.145)  (226.145, 226.495)  (226.495, 226.605)  (226.605, 226.685)  (226.685, 227.305)  (228.255, 228.345)  (228.345, 228.595)  (228.615, 228.895)  (228.935, 229.215)  (229.215, 229.515)  (229.515, 229.805)  (229.805, 230.025) 
Token Types      : 3                   0                   0                   0                   0                   0                   0                   0                   0                   0                   0                   0                   0                   0                   0                  
turn_ids         : 79511655809040      0                   0                   0                   0                   0                   0                   0                   0                   0                   0                   0                   0                   0                   0                  
turn_end_types   : 0                   0                   0                   0                   0                   0                   0                   0                   0                   0                   0                   0                   0                   0                   0                  
speaker_ids      : 1                   0                   0                   0                   0                   0                   0                   0                   0                   0                   0                   0                   0                   0                   0                  

B                : Ġuh                 Ġfor                Ġthe                Ġbad                Ġtimes              Ġof                 Ġthe                Ġcompany            Ġwhat               Ġabout              Ġthe                Ġthe                Ġwork               Ġeffort             Ġthose             
Timings          : (224.285, 224.875)  (224.875, 225.095)  (225.095, 225.625)  (225.815, 226.145)  (226.145, 226.495)  (226.495, 226.605)  (226.605, 226.685)  (226.685, 227.305)  (228.255, 228.345)  (228.345, 228.595)  (228.615, 228.895)  (228.935, 229.215)  (229.215, 229.515)  (229.515, 229.805)  (229.805, 230.025) 
Token Types      : 1                   1                   1                   1                   1                   1                   1                   1                   1                   1                   1                   1                   1                   1                   1                  
turn_ids         : 79510045196299      79510045196299      79510045196299      79510045196299      79510045196299      79510045196299      79510045196299      79510045196299      79510045196299      79510045196299      79510045196299      79510045196299      79510045196299      79510045196299      79510045196299     
turn_end_types   : 1                   1                   1                   1                   1                   1                   1                   1                   1                   1                   1                   1                   1                   1                   1                  
speaker_ids      : 2                   2                   2                   2                   2                   2                   2                   2                   2                   2                   2                   2                   2                   2                   2                  


A                : <emp>               <emp>               <emp>               <emp>               <emp>               <emp>               <emp>               <emp>               <emp>               Ġum                 hum                 <ebc>               <emp>               <emp>               <emp>              
Timings          : (230.025, 230.235)  (230.235, 230.495)  (230.515, 230.845)  (230.895, 231.005)  (231.005, 231.065)  (231.065, 231.485)  (231.485, 231.715)  (231.715, 232.015)  (232.015, 232.475)  (232.59, 232.745)   (232.745, 232.9)    (-1.0, -1.0)        (233.429, 233.649)  (234.209, 234.339)  (234.339, 234.549) 
Token Types      : 0                   0                   0                   0                   0                   0                   0                   0                   0                   3                   3                   3                   0                   0                   0                  
turn_ids         : 0                   0                   0                   0                   0                   0                   0                   0                   0                   79511655809041      79511655809041      79511655809041      0                   0                   0                  
turn_end_types   : 0                   0                   0                   0                   0                   0                   0                   0                   0                   0                   0                   0                   0                   0                   0                  
speaker_ids      : 0                   0                   0                   0                   0                   0                   0                   0                   0                   1                   1                   1                   0                   0                   0                  

B                : Ġten                Ġpeople             Ġdid                Ġwhen               Ġthe                Ġcompany            Ġwas                Ġdoing              Ġwell               <emp>               <emp>               Ġyou                Ġknow               Ġin                 Ġthat              
Timings          : (230.025, 230.235)  (230.235, 230.495)  (230.515, 230.845)  (230.895, 231.005)  (231.005, 231.065)  (231.065, 231.485)  (231.485, 231.715)  (231.715, 232.015)  (232.015, 232.475)  (232.59, 232.745)   (232.745, 232.9)    (233.309, 233.429)  (233.429, 233.649)  (234.209, 234.339)  (234.339, 234.549) 
Token Types      : 1                   1                   1                   1                   1                   1                   1                   1                   1                   1                   1                   1                   1                   1                   1                  
turn_ids         : 79510045196299      79510045196299      79510045196299      79510045196299      79510045196299      79510045196299      79510045196299      79510045196299      79510045196299      79510045196299      79510045196299      79510045196299      79510045196299      79510045196299      79510045196299     
turn_end_types   : 1                   1                   1                   1                   1                   1                   1                   1                   1                   1                   1                   1                   1                   1                   1                  
speaker_ids      : 2                   2                   2                   2                   2                   2                   2                   2                   2                   2                   2                   2                   2                   2                   2                  


A                : <emp>               Ġwell               Ġyou                Ġyou                Ġthink              Ġit                 's                  Ġbetter             Ġthan               Ġto                 Ġto                 Ġtry                Ġto                 Ġspread             Ġthe               
Timings          : (234.549, 235.279)  (235.764, 235.864)  (235.864, 236.024)  (236.044, 236.184)  (236.184, 236.324)  (236.324, 236.379)  (236.379, 236.434)  (236.434, 236.684)  (236.684, 236.944)  (236.944, 237.064)  (237.064, 237.414)  (237.654, 237.904)  (237.904, 238.034)  (238.034, 238.384)  (239.154, 239.224) 
Token Types      : 0                   1                   1                   1                   1                   1                   1                   1                   1                   1                   1                   1                   1                   1                   1                  
turn_ids         : 0                   79509508325388      79509508325388      79509508325388      79509508325388      79509508325388      79509508325388      79509508325388      79509508325388      79509508325388      79509508325388      79509508325388      79509508325388      79509508325388      79509508325388     
turn_end_types   : 0                   2                   2                   2                   2                   2                   2                   2                   2                   2                   2                   2                   2                   2                   2                  
speaker_ids      : 0                   1                   1                   1                   1                   1                   1                   1                   1                   1                   1                   1                   1                   1                   1                  

B                : Ġstandpoint         <eot>               <emp>               <emp>               <emp>               <emp>               <emp>               <emp>               <emp>               <emp>               <emp>               <emp>               <emp>               <emp>               <emp>              
Timings          : (234.549, 235.279)  (-1.0, -1.0)        (235.864, 236.024)  (236.044, 236.184)  (236.184, 236.324)  (236.324, 236.379)  (236.379, 236.434)  (236.434, 236.684)  (236.684, 236.944)  (236.944, 237.064)  (237.064, 237.414)  (237.654, 237.904)  (237.904, 238.034)  (238.034, 238.384)  (239.154, 239.224) 
Token Types      : 1                   1                   0                   0                   0                   0                   0                   0                   0                   0                   0                   0                   0                   0                   0                  
turn_ids         : 79510045196299      79510045196299      0                   0                   0                   0                   0                   0                   0                   0                   0                   0                   0                   0                   0                  
turn_end_types   : 1                   1                   0                   0                   0                   0                   0                   0                   0                   0                   0                   0                   0                   0                   0                  
speaker_ids      : 2                   2                   0                   0                   0                   0                   0                   0                   0                   0                   0                   0                   0                   0                   0                  


A                : Ġthe                Ġeffort             Ġequally            Ġamong              Ġall                Ġthe                Ġemployees          Ġof                 Ġthe                Ġcompany            Ġor                 Ġto                 <yield>             <emp>               <emp>              
Timings          : (239.224, 239.294)  (239.294, 239.554)  (239.634, 240.034)  (240.034, 240.314)  (240.314, 240.524)  (240.524, 240.584)  (240.584, 241.084)  (241.104, 241.174)  (241.174, 241.244)  (241.244, 241.734)  (241.904, 241.994)  (242.014, 242.064)  (-1.0, -1.0)        (242.313, 242.693)  (243.003, 243.093) 
Token Types      : 1                   1                   1                   1                   1                   1                   1                   1                   1                   1                   1                   1                   1                   0                   0                  
turn_ids         : 79509508325388      79509508325388      79509508325388      79509508325388      79509508325388      79509508325388      79509508325388      79509508325388      79509508325388      79509508325388      79509508325388      79509508325388      79509508325388      0                   0                  
turn_end_types   : 2                   2                   2                   2                   2                   2                   2                   2                   2                   2                   2                   2                   2                   0                   0                  
speaker_ids      : 1                   1                   1                   1                   1                   1                   1                   1                   1                   1                   1                   1                   1                   0                   0                  

B                : <emp>               <emp>               <emp>               <emp>               <emp>               <emp>               <emp>               <emp>               <emp>               Ġyes                Ġyes                <emp>               Ġi                  Ġdo                 Ġi                 
Timings          : (239.224, 239.294)  (239.294, 239.554)  (239.634, 240.034)  (240.034, 240.314)  (240.314, 240.524)  (240.524, 240.584)  (240.584, 241.084)  (241.104, 241.174)  (241.174, 241.244)  (241.263, 241.343)  (241.893, 242.253)  (242.014, 242.064)  (242.253, 242.313)  (242.313, 242.693)  (243.003, 243.093) 
Token Types      : 0                   0                   0                   0                   0                   0                   0                   0                   0                   4                   4                   4                   4                   4                   4                  
turn_ids         : 0                   0                   0                   0                   0                   0                   0                   0                   0                   79513266421773      79513266421773      79513266421773      79513266421773      79513266421773      79513266421773     
turn_end_types   : 0                   0                   0                   0                   0                   0                   0                   0                   0                   1                   1                   1                   1                   1                   1                  
speaker_ids      : 0                   0                   0                   0                   0                   0                   0                   0                   0                   2                   2                   2                   2                   2                   2                  


A                : Ġh                  m                   <eint>              <emp>               <emp>               <emp>               <emp>               <emp>               <emp>               <emp>               <emp>               <emp>               <emp>               <emp>               <emp>              
Timings          : (243.081, 243.131)  (243.131, 243.181)  (-1.0, -1.0)        (243.713, 243.883)  (243.883, 244.143)  (244.143, 244.243)  (244.243, 244.343)  (244.343, 244.493)  (244.493, 244.913)  (244.913, 245.203)  (245.203, 245.603)  (246.172, 246.452)  (246.452, 246.732)  (246.732, 246.892)  (246.892, 247.202) 
Token Types      : 5                   5                   5                   0                   0                   0                   0                   0                   0                   0                   0                   0                   0                   0                   0                  
turn_ids         : 79513803292692      79513803292692      79513803292692      0                   0                   0                   0                   0                   0                   0                   0                   0                   0                   0                   0                  
turn_end_types   : 0                   0                   0                   0                   0                   0                   0                   0                   0                   0                   0                   0                   0                   0                   0                  
speaker_ids      : 1                   1                   1                   0                   0                   0                   0                   0                   0                   0                   0                   0                   0                   0                   0                  

B                : Ġreally             <emp>               Ġdo                 Ġi                  Ġthink              Ġit                 'd                  Ġbe                 Ġbetter             Ġthat               Ġway                Ġand                Ġeven               Ġat                 Ġthat              
Timings          : (243.093, 243.433)  (243.131, 243.181)  (243.433, 243.713)  (243.713, 243.883)  (243.883, 244.143)  (244.143, 244.243)  (244.243, 244.343)  (244.343, 244.493)  (244.493, 244.913)  (244.913, 245.203)  (245.203, 245.603)  (246.172, 246.452)  (246.452, 246.732)  (246.732, 246.892)  (246.892, 247.202) 
Token Types      : 4                   4                   4                   4                   4                   4                   4                   4                   4                   4                   4                   4                   4                   4                   4                  
turn_ids         : 79513266421773      79513266421773      79513266421773      79513266421773      79513266421773      79513266421773      79513266421773      79513266421773      79513266421773      79513266421773      79513266421773      79513266421773      79513266421773      79513266421773      79513266421773     
turn_end_types   : 1                   1                   1                   1                   1                   1                   1                   1                   1                   1                   1                   1                   1                   1                   1                  
speaker_ids      : 2                   2                   2                   2                   2                   2                   2                   2                   2                   2                   2                   2                   2                   2                   2                  


A                : <emp>               <emp>               <emp>               <emp>               <emp>               <emp>               <emp>               <emp>               <emp>               <emp>               <emp>               <emp>               <emp>               Ġum                 hum                
Timings          : (247.202, 247.392)  (247.392, 247.812)  (247.812, 247.942)  (247.942, 248.212)  (248.212, 248.402)  (248.402, 248.472)  (248.472, 248.982)  (248.982, 249.352)  (249.352, 249.512)  (249.512, 249.722)  (249.722, 249.912)  (249.912, 250.252)  (250.252, 250.862)  (251.158, 251.298)  (251.298, 251.438) 
Token Types      : 0                   0                   0                   0                   0                   0                   0                   0                   0                   0                   0                   0                   0                   3                   3                  
turn_ids         : 0                   0                   0                   0                   0                   0                   0                   0                   0                   0                   0                   0                   0                   79511655809043      79511655809043     
turn_end_types   : 0                   0                   0                   0                   0                   0                   0                   0                   0                   0                   0                   0                   0                   0                   0                  
speaker_ids      : 0                   0                   0                   0                   0                   0                   0                   0                   0                   0                   0                   0                   0                   1                   1                  

B                : Ġit                 Ġwould              Ġat                 Ġleast              Ġgive               Ġthe                Ġperson             Ġtime               Ġto                 Ġlook               Ġfor                Ġanother            Ġjob                Ġbecause            <emp>              
Timings          : (247.202, 247.392)  (247.392, 247.812)  (247.812, 247.942)  (247.942, 248.212)  (248.212, 248.402)  (248.402, 248.472)  (248.472, 248.982)  (248.982, 249.352)  (249.352, 249.512)  (249.512, 249.722)  (249.722, 249.912)  (249.912, 250.252)  (250.252, 250.862)  (250.942, 251.532)  (251.298, 251.438) 
Token Types      : 4                   4                   4                   4                   4                   4                   4                   4                   4                   4                   4                   4                   4                   4                   4                  
turn_ids         : 79513266421773      79513266421773      79513266421773      79513266421773      79513266421773      79513266421773      79513266421773      79513266421773      79513266421773      79513266421773      79513266421773      79513266421773      79513266421773      79513266421773      79513266421773     
turn_end_types   : 1                   1                   1                   1                   1                   1                   1                   1                   1                   1                   1                   1                   1                   1                   1                  
speaker_ids      : 2                   2                   2                   2                   2                   2                   2                   2                   2                   2                   2                   2                   2                   2                   2                  


A                : <ebc>               <emp>               <emp>               <emp>               <emp>               <emp>               <emp>               <emp>               <emp>               <emp>               <emp>               <emp>               <emp>               <emp>               <emp>              
Timings          : (-1.0, -1.0)        (251.632, 251.942)  (251.942, 252.232)  (252.662, 252.752)  (252.752, 252.812)  (252.812, 252.982)  (252.982, 253.192)  (253.192, 253.482)  (253.482, 254.162)  (254.162, 254.442)  (254.672, 254.822)  (254.822, 255.172)  (256.047, 256.507)  (256.507, 257.157)  (257.487, 257.897) 
Token Types      : 3                   0                   0                   0                   0                   0                   0                   0                   0                   0                   0                   0                   0                   0                   0                  
turn_ids         : 79511655809043      0                   0                   0                   0                   0                   0                   0                   0                   0                   0                   0                   0                   0                   0                  
turn_end_types   : 0                   0                   0                   0                   0                   0                   0                   0                   0                   0                   0                   0                   0                   0                   0                  
speaker_ids      : 1                   0                   0                   0                   0                   0                   0                   0                   0                   0                   0                   0                   0                   0                   0                  

B                : Ġthey               Ġknow               Ġthat               Ġyou                Ġknow               Ġthat               Ġthere              Ġare                Ġproblems           Ġand                Ġyou                Ġknow               Ġthere              Ġare                Ġreason            
Timings          : (251.532, 251.632)  (251.632, 251.942)  (251.942, 252.232)  (252.662, 252.752)  (252.752, 252.812)  (252.812, 252.982)  (252.982, 253.192)  (253.192, 253.482)  (253.482, 254.162)  (254.162, 254.442)  (254.672, 254.822)  (254.822, 255.172)  (256.047, 256.507)  (256.507, 257.157)  (257.487, 257.897) 
Token Types      : 4                   4                   4                   4                   4                   4                   4                   4                   4                   4                   4                   4                   4                   4                   4                  
turn_ids         : 79513266421773      79513266421773      79513266421773      79513266421773      79513266421773      79513266421773      79513266421773      79513266421773      79513266421773      79513266421773      79513266421773      79513266421773      79513266421773      79513266421773      79513266421773     
turn_end_types   : 1                   1                   1                   1                   1                   1                   1                   1                   1                   1                   1                   1                   1                   1                   1                  
speaker_ids      : 2                   2                   2                   2                   2                   2                   2                   2                   2                   2                   2                   2                   2                   2                   2                  


A                : <emp>               <emp>               <emp>               <emp>               <emp>               Ġyeah               <ebc>               <emp>               <emp>               <emp>               <emp>               <emp>               <emp>               <emp>               <emp>              
Timings          : (257.897, 258.067)  (258.067, 258.357)  (258.357, 258.507)  (258.507, 258.867)  (258.867, 259.387)  (259.396, 259.596)  (-1.0, -1.0)        (260.017, 260.337)  (260.337, 260.687)  (260.687, 260.787)  (260.787, 261.007)  (261.007, 261.117)  (261.117, 261.327)  (261.327, 261.417)  (261.417, 261.647) 
Token Types      : 0                   0                   0                   0                   0                   3                   3                   0                   0                   0                   0                   0                   0                   0                   0                  
turn_ids         : 0                   0                   0                   0                   0                   79511655809044      79511655809044      0                   0                   0                   0                   0                   0                   0                   0                  
turn_end_types   : 0                   0                   0                   0                   0                   0                   0                   0                   0                   0                   0                   0                   0                   0                   0                  
speaker_ids      : 0                   0                   0                   0                   0                   1                   1                   0                   0                   0                   0                   0                   0                   0                   0                  

B                : Ġto                 Ġlook               Ġfor                Ġanother            Ġjob                Ġinstead            Ġof                 Ġjust               Ġdumping            Ġit                 Ġon                 Ġthem               Ġall                Ġat                 Ġone               
Timings          : (257.897, 258.067)  (258.067, 258.357)  (258.357, 258.507)  (258.507, 258.867)  (258.867, 259.387)  (259.487, 259.907)  (259.907, 260.017)  (260.017, 260.337)  (260.337, 260.687)  (260.687, 260.787)  (260.787, 261.007)  (261.007, 261.117)  (261.117, 261.327)  (261.327, 261.417)  (261.417, 261.647) 
Token Types      : 4                   4                   4                   4                   4                   4                   4                   4                   4                   4                   4                   4                   4                   4                   4                  
turn_ids         : 79513266421773      79513266421773      79513266421773      79513266421773      79513266421773      79513266421773      79513266421773      79513266421773      79513266421773      79513266421773      79513266421773      79513266421773      79513266421773      79513266421773      79513266421773     
turn_end_types   : 1                   1                   1                   1                   1                   1                   1                   1                   1                   1                   1                   1                   1                   1                   1                  
speaker_ids      : 2                   2                   2                   2                   2                   2                   2                   2                   2                   2                   2                   2                   2                   2                   2                  


A                : <emp>               Ġum                 hum                 <ebc>               <emp>               <emp>               <emp>               <emp>               <emp>               <emp>               <emp>               <emp>               <emp>               <emp>               Ġyeah              
Timings          : (261.647, 262.187)  (262.409, 262.604)  (262.604, 262.799)  (-1.0, -1.0)        (263.391, 263.621)  (263.621, 263.831)  (263.831, 264.041)  (264.041, 264.291)  (264.291, 264.441)  (264.441, 264.591)  (264.591, 264.771)  (264.771, 265.381)  (265.521, 265.691)  (265.691, 265.901)  (266.309, 266.529) 
Token Types      : 0                   3                   3                   3                   0                   0                   0                   0                   0                   0                   0                   0                   0                   0                   1                  
turn_ids         : 0                   79511655809045      79511655809045      79511655809045      0                   0                   0                   0                   0                   0                   0                   0                   0                   0                   79509508325390     
turn_end_types   : 0                   0                   0                   0                   0                   0                   0                   0                   0                   0                   0                   0                   0                   0                   1                  
speaker_ids      : 0                   1                   1                   1                   0                   0                   0                   0                   0                   0                   0                   0                   0                   0                   1                  

B                : Ġtime               <emp>               <emp>               Ġyou                Ġknow               Ġthat               's                  Ġjust               Ġthat               's                  Ġmy                 Ġviews              Ġyou                Ġknow               <eot>              
Timings          : (261.647, 262.187)  (262.409, 262.604)  (262.604, 262.799)  (263.271, 263.391)  (263.391, 263.621)  (263.621, 263.831)  (263.831, 264.041)  (264.041, 264.291)  (264.291, 264.441)  (264.441, 264.591)  (264.591, 264.771)  (264.771, 265.381)  (265.521, 265.691)  (265.691, 265.901)  (-1.0, -1.0)       
Token Types      : 4                   4                   4                   4                   4                   4                   4                   4                   4                   4                   4                   4                   4                   4                   4                  
turn_ids         : 79513266421773      79513266421773      79513266421773      79513266421773      79513266421773      79513266421773      79513266421773      79513266421773      79513266421773      79513266421773      79513266421773      79513266421773      79513266421773      79513266421773      79513266421773     
turn_end_types   : 1                   1                   1                   1                   1                   1                   1                   1                   1                   1                   1                   1                   1                   1                   1                  
speaker_ids      : 2                   2                   2                   2                   2                   2                   2                   2                   2                   2                   2                   2                   2                   2                   2                  


A                : Ġi                  've                 Ġheard              Ġof                 Ġa                  Ġcouple             Ġof                 Ġcompanies          Ġthat               Ġhave               Ġdone               Ġthat               Ġi                  Ġthink              Ġuh                
Timings          : (267.009, 267.084)  (267.084, 267.159)  (267.159, 267.399)  (267.399, 267.479)  (267.479, 267.569)  (267.569, 267.859)  (267.859, 267.969)  (267.969, 268.519)  (268.519, 268.639)  (268.639, 268.789)  (268.789, 268.999)  (268.999, 269.349)  (269.349, 269.389)  (269.389, 269.699)  (269.699, 270.069) 
Token Types      : 1                   1                   1                   1                   1                   1                   1                   1                   1                   1                   1                   1                   1                   1                   1                  
turn_ids         : 79509508325390      79509508325390      79509508325390      79509508325390      79509508325390      79509508325390      79509508325390      79509508325390      79509508325390      79509508325390      79509508325390      79509508325390      79509508325390      79509508325390      79509508325390     
turn_end_types   : 1                   1                   1                   1                   1                   1                   1                   1                   1                   1                   1                   1                   1                   1                   1                  
speaker_ids      : 1                   1                   1                   1                   1                   1                   1                   1                   1                   1                   1                   1                   1                   1                   1                  

B                : <emp>               <emp>               <emp>               <emp>               <emp>               <emp>               <emp>               <emp>               <emp>               <emp>               <emp>               <emp>               <emp>               <emp>               <emp>              
Timings          : (267.009, 267.084)  (267.084, 267.159)  (267.159, 267.399)  (267.399, 267.479)  (267.479, 267.569)  (267.569, 267.859)  (267.859, 267.969)  (267.969, 268.519)  (268.519, 268.639)  (268.639, 268.789)  (268.789, 268.999)  (268.999, 269.349)  (269.349, 269.389)  (269.389, 269.699)  (269.699, 270.069) 
Token Types      : 0                   0                   0                   0                   0                   0                   0                   0                   0                   0                   0                   0                   0                   0                   0                  
turn_ids         : 0                   0                   0                   0                   0                   0                   0                   0                   0                   0                   0                   0                   0                   0                   0                  
turn_end_types   : 0                   0                   0                   0                   0                   0                   0                   0                   0                   0                   0                   0                   0                   0                   0                  
speaker_ids      : 0                   0                   0                   0                   0                   0                   0                   0                   0                   0                   0                   0                   0                   0                   0                  


A                : Ġback               Ġabout              Ġa                  Ġfew                Ġyears              Ġago                Ġwhen               Ġthings             Ġwere               Ġtough              Ġhe                 w                   lett                Ġpack               ard                
Timings          : (270.149, 270.489)  (270.489, 270.719)  (270.719, 270.749)  (270.769, 271.029)  (271.029, 271.349)  (271.349, 271.669)  (271.669, 271.929)  (272.289, 272.589)  (272.589, 272.679)  (272.679, 273.069)  (273.069, 273.179)  (273.179, 273.289)  (273.289, 273.399)  (273.399, 273.619)  (273.619, 273.839) 
Token Types      : 1                   1                   1                   1                   1                   1                   1                   1                   1                   1                   1                   1                   1                   1                   1                  
turn_ids         : 79509508325390      79509508325390      79509508325390      79509508325390      79509508325390      79509508325390      79509508325390      79509508325390      79509508325390      79509508325390      79509508325390      79509508325390      79509508325390      79509508325390      79509508325390     
turn_end_types   : 1                   1                   1                   1                   1                   1                   1                   1                   1                   1                   1                   1                   1                   1                   1                  
speaker_ids      : 1                   1                   1                   1                   1                   1                   1                   1                   1                   1                   1                   1                   1                   1                   1                  

B                : <emp>               <emp>               <emp>               <emp>               <emp>               <emp>               <emp>               <emp>               <emp>               <emp>               <emp>               <emp>               <emp>               <emp>               <emp>              
Timings          : (270.149, 270.489)  (270.489, 270.719)  (270.719, 270.749)  (270.769, 271.029)  (271.029, 271.349)  (271.349, 271.669)  (271.669, 271.929)  (272.289, 272.589)  (272.589, 272.679)  (272.679, 273.069)  (273.069, 273.179)  (273.179, 273.289)  (273.289, 273.399)  (273.399, 273.619)  (273.619, 273.839) 
Token Types      : 0                   0                   0                   0                   0                   0                   0                   0                   0                   0                   0                   0                   0                   0                   0                  
turn_ids         : 0                   0                   0                   0                   0                   0                   0                   0                   0                   0                   0                   0                   0                   0                   0                  
turn_end_types   : 0                   0                   0                   0                   0                   0                   0                   0                   0                   0                   0                   0                   0                   0                   0                  
speaker_ids      : 0                   0                   0                   0                   0                   0                   0                   0                   0                   0                   0                   0                   0                   0                   0                  


A                : Ġdid                Ġthat               Ġfor                Ġawhile             Ġthey               Ġwent               Ġto                 Ġa                  Ġuh                 Ġuh                 Ġa                  Ġfour               Ġand                Ġa                  Ġhalf              
Timings          : (273.869, 274.059)  (274.069, 274.349)  (274.349, 274.569)  (274.569, 274.999)  (274.999, 275.099)  (275.099, 275.349)  (275.349, 275.559)  (275.619, 276.069)  (276.069, 276.129)  (277.104, 277.524)  (278.243, 278.303)  (278.303, 278.573)  (278.573, 278.673)  (278.673, 278.743)  (278.743, 279.043) 
Token Types      : 1                   1                   1                   1                   1                   1                   1                   1                   1                   1                   1                   1                   1                   1                   1                  
turn_ids         : 79509508325390      79509508325390      79509508325390      79509508325390      79509508325390      79509508325390      79509508325390      79509508325390      79509508325390      79509508325390      79509508325390      79509508325390      79509508325390      79509508325390      79509508325390     
turn_end_types   : 1                   1                   1                   1                   1                   1                   1                   1                   1                   1                   1                   1                   1                   1                   1                  
speaker_ids      : 1                   1                   1                   1                   1                   1                   1                   1                   1                   1                   1                   1                   1                   1                   1                  

B                : <emp>               <emp>               <emp>               <emp>               <emp>               <emp>               <emp>               <emp>               <emp>               <emp>               <emp>               <emp>               <emp>               <emp>               <emp>              
Timings          : (273.869, 274.059)  (274.069, 274.349)  (274.349, 274.569)  (274.569, 274.999)  (274.999, 275.099)  (275.099, 275.349)  (275.349, 275.559)  (275.619, 276.069)  (276.069, 276.129)  (277.104, 277.524)  (278.243, 278.303)  (278.303, 278.573)  (278.573, 278.673)  (278.673, 278.743)  (278.743, 279.043) 
Token Types      : 0                   0                   0                   0                   0                   0                   0                   0                   0                   0                   0                   0                   0                   0                   0                  
turn_ids         : 0                   0                   0                   0                   0                   0                   0                   0                   0                   0                   0                   0                   0                   0                   0                  
turn_end_types   : 0                   0                   0                   0                   0                   0                   0                   0                   0                   0                   0                   0                   0                   0                   0                  
speaker_ids      : 0                   0                   0                   0                   0                   0                   0                   0                   0                   0                   0                   0                   0                   0                   0                  


A                : Ġday                Ġwork               Ġweek               Ġrather             Ġthan               Ġcut                Ġyeah               Ġjust               Ġcut                Ġeverybody          Ġback               Ġten                Ġpercent            <emp>               Ġand               
Timings          : (279.043, 279.223)  (279.223, 279.563)  (279.563, 279.793)  (280.393, 280.653)  (280.933, 281.153)  (281.193, 281.473)  (281.533, 281.653)  (282.073, 282.353)  (282.353, 282.573)  (282.573, 282.983)  (282.983, 283.243)  (283.243, 283.463)  (283.463, 283.973)  (284.194, 284.824)  (284.807, 285.237) 
Token Types      : 1                   1                   1                   1                   1                   1                   1                   1                   1                   1                   1                   1                   1                   1                   1                  
turn_ids         : 79509508325390      79509508325390      79509508325390      79509508325390      79509508325390      79509508325390      79509508325390      79509508325390      79509508325390      79509508325390      79509508325390      79509508325390      79509508325390      79509508325390      79509508325390     
turn_end_types   : 1                   1                   1                   1                   1                   1                   1                   1                   1                   1                   1                   1                   1                   1                   1                  
speaker_ids      : 1                   1                   1                   1                   1                   1                   1                   1                   1                   1                   1                   1                   1                   1                   1                  

B                : <emp>               <emp>               <emp>               Ġright              <ebc>               <emp>               <emp>               <emp>               <emp>               <emp>               <emp>               <emp>               <emp>               Ġright              <ebc>              
Timings          : (279.043, 279.223)  (279.223, 279.563)  (279.563, 279.793)  (280.17, 280.73)    (-1.0, -1.0)        (281.193, 281.473)  (281.533, 281.653)  (282.073, 282.353)  (282.353, 282.573)  (282.573, 282.983)  (282.983, 283.243)  (283.243, 283.463)  (283.463, 283.973)  (284.194, 284.824)  (-1.0, -1.0)       
Token Types      : 0                   0                   0                   3                   3                   0                   0                   0                   0                   0                   0                   0                   0                   3                   3                  
turn_ids         : 0                   0                   0                   79512192679946      79512192679946      0                   0                   0                   0                   0                   0                   0                   0                   79512192679947      79512192679947     
turn_end_types   : 0                   0                   0                   0                   0                   0                   0                   0                   0                   0                   0                   0                   0                   0                   0                  
speaker_ids      : 0                   0                   0                   2                   2                   0                   0                   0                   0                   0                   0                   0                   0                   2                   2                  


A                : Ġuh                 Ġhave               Ġgave               Ġeverybody          Ġa                  Ġhalf               Ġday                Ġa                  Ġweek               Ġoff                Ġand                Ġi                  Ġthink              Ġyou                Ġcan               
Timings          : (285.287, 285.417)  (285.417, 285.677)  (285.767, 285.997)  (285.997, 286.517)  (286.517, 286.627)  (286.627, 286.717)  (286.717, 286.897)  (286.897, 286.957)  (286.957, 287.217)  (287.217, 287.537)  (288.479, 288.569)  (288.569, 288.599)  (288.599, 288.829)  (288.829, 288.919)  (288.919, 289.069) 
Token Types      : 1                   1                   1                   1                   1                   1                   1                   1                   1                   1                   1                   1                   1                   1                   1                  
turn_ids         : 79509508325390      79509508325390      79509508325390      79509508325390      79509508325390      79509508325390      79509508325390      79509508325390      79509508325390      79509508325390      79509508325390      79509508325390      79509508325390      79509508325390      79509508325390     
turn_end_types   : 1                   1                   1                   1                   1                   1                   1                   1                   1                   1                   1                   1                   1                   1                   1                  
speaker_ids      : 1                   1                   1                   1                   1                   1                   1                   1                   1                   1                   1                   1                   1                   1                   1                  

B                : <emp>               <emp>               <emp>               <emp>               <emp>               <emp>               <emp>               <emp>               <emp>               <emp>               Ġright              <ebc>               <emp>               <emp>               <emp>              
Timings          : (285.287, 285.417)  (285.417, 285.677)  (285.767, 285.997)  (285.997, 286.517)  (286.517, 286.627)  (286.627, 286.717)  (286.717, 286.897)  (286.897, 286.957)  (286.957, 287.217)  (287.217, 287.537)  (287.95, 288.55)    (-1.0, -1.0)        (288.599, 288.829)  (288.829, 288.919)  (288.919, 289.069) 
Token Types      : 0                   0                   0                   0                   0                   0                   0                   0                   0                   0                   3                   3                   0                   0                   0                  
turn_ids         : 0                   0                   0                   0                   0                   0                   0                   0                   0                   0                   79512192679948      79512192679948      0                   0                   0                  
turn_end_types   : 0                   0                   0                   0                   0                   0                   0                   0                   0                   0                   0                   0                   0                   0                   0                  
speaker_ids      : 0                   0                   0                   0                   0                   0                   0                   0                   0                   0                   2                   2                   0                   0                   0                  


A                : Ġdo                 Ġthat               Ġfor                Ġa                  Ġlittle             Ġwhile              Ġbut                Ġi                  'm                  <eot>               <emp>               <emp>               <emp>               <emp>               <emp>              
Timings          : (289.069, 289.259)  (289.259, 289.629)  (289.629, 289.769)  (289.769, 289.829)  (289.829, 290.309)  (290.309, 290.779)  (291.019, 291.289)  (291.289, 291.464)  (291.464, 291.639)  (-1.0, -1.0)        (291.886, 291.956)  (291.956, 292.396)  (292.486, 292.926)  (292.926, 293.076)  (293.076, 293.276) 
Token Types      : 1                   1                   1                   1                   1                   1                   1                   1                   1                   1                   0                   0                   0                   0                   0                  
turn_ids         : 79509508325390      79509508325390      79509508325390      79509508325390      79509508325390      79509508325390      79509508325390      79509508325390      79509508325390      79509508325390      0                   0                   0                   0                   0                  
turn_end_types   : 1                   1                   1                   1                   1                   1                   1                   1                   1                   1                   0                   0                   0                   0                   0                  
speaker_ids      : 1                   1                   1                   1                   1                   1                   1                   1                   1                   1                   0                   0                   0                   0                   0                  

B                : <emp>               <emp>               <emp>               <emp>               <emp>               <emp>               <emp>               <emp>               <emp>               Ġwell               Ġat                 Ġleast              Ġthat               Ġwould              Ġgive              
Timings          : (289.069, 289.259)  (289.259, 289.629)  (289.629, 289.769)  (289.769, 289.829)  (289.829, 290.309)  (290.309, 290.779)  (291.019, 291.289)  (291.289, 291.464)  (291.464, 291.639)  (291.556, 291.886)  (291.886, 291.956)  (291.956, 292.396)  (292.486, 292.926)  (292.926, 293.076)  (293.076, 293.276) 
Token Types      : 0                   0                   0                   0                   0                   0                   0                   0                   0                   1                   1                   1                   1                   1                   1                  
turn_ids         : 0                   0                   0                   0                   0                   0                   0                   0                   0                   79510045196303      79510045196303      79510045196303      79510045196303      79510045196303      79510045196303     
turn_end_types   : 0                   0                   0                   0                   0                   0                   0                   0                   0                   1                   1                   1                   1                   1                   1                  
speaker_ids      : 0                   0                   0                   0                   0                   0                   0                   0                   0                   2                   2                   2                   2                   2                   2                  


A                : <emp>               <emp>               <emp>               <emp>               <emp>               <emp>               Ġyeah               <ebc>               <emp>               <emp>               <emp>               <emp>               <emp>               <emp>               <emp>              
Timings          : (293.276, 293.366)  (293.366, 293.816)  (293.816, 293.936)  (293.936, 294.336)  (294.336, 294.506)  (294.506, 295.006)  (294.926, 295.316)  (-1.0, -1.0)        (295.633, 295.993)  (296.053, 296.633)  (296.633, 296.703)  (296.703, 296.953)  (296.953, 297.073)  (297.073, 297.533)  (297.533, 297.613) 
Token Types      : 0                   0                   0                   0                   0                   0                   3                   3                   0                   0                   0                   0                   0                   0                   0                  
turn_ids         : 0                   0                   0                   0                   0                   0                   79511655809047      79511655809047      0                   0                   0                   0                   0                   0                   0                  
turn_end_types   : 0                   0                   0                   0                   0                   0                   0                   0                   0                   0                   0                   0                   0                   0                   0                  
speaker_ids      : 0                   0                   0                   0                   0                   0                   1                   1                   0                   0                   0                   0                   0                   0                   0                  

B                : Ġa                  Ġperson             Ġa                  Ġchance             Ġto                 Ġlook               <emp>               Ġyou                Ġknow               Ġbecause            Ġthe                Ġway                Ġit                 Ġis                 Ġa                 
Timings          : (293.276, 293.366)  (293.366, 293.816)  (293.816, 293.936)  (293.936, 294.336)  (294.336, 294.506)  (294.506, 295.006)  (294.926, 295.316)  (295.403, 295.633)  (295.633, 295.993)  (296.053, 296.633)  (296.633, 296.703)  (296.703, 296.953)  (296.953, 297.073)  (297.073, 297.533)  (297.533, 297.613) 
Token Types      : 1                   1                   1                   1                   1                   1                   1                   1                   1                   1                   1                   1                   1                   1                   1                  
turn_ids         : 79510045196303      79510045196303      79510045196303      79510045196303      79510045196303      79510045196303      79510045196303      79510045196303      79510045196303      79510045196303      79510045196303      79510045196303      79510045196303      79510045196303      79510045196303     
turn_end_types   : 1                   1                   1                   1                   1                   1                   1                   1                   1                   1                   1                   1                   1                   1                   1                  
speaker_ids      : 2                   2                   2                   2                   2                   2                   2                   2                   2                   2                   2                   2                   2                   2                   2                  


A                : <emp>                              <emp>                              <emp>                              <emp>                              <emp>                              <emp>                              <emp>                              <emp>                             
Timings          : (297.613, 298.053)                 (298.053, 298.323)                 (298.333, 298.433)                 (298.433, 298.533)                 (298.533, 298.683)                 (298.683, 298.753)                 (298.753, 299.033)                 (-1.0, -1.0)                      
Token Types      : 0                                  0                                  0                                  0                                  0                                  0                                  0                                  0                                 
turn_ids         : 0                                  0                                  0                                  0                                  0                                  0                                  0                                  0                                 
turn_end_types   : 0                                  0                                  0                                  0                                  0                                  0                                  0                                  0                                 
speaker_ids      : 0                                  0                                  0                                  0                                  0                                  0                                  0                                  0                                 

B                : Ġperson                            Ġreally                            Ġdon                               't                                 Ġhave                              Ġa                                 Ġchance                            <eot>                             
Timings          : (297.613, 298.053)                 (298.053, 298.323)                 (298.333, 298.433)                 (298.433, 298.533)                 (298.533, 298.683)                 (298.683, 298.753)                 (298.753, 299.033)                 (-1.0, -1.0)                      
Token Types      : 1                                  1                                  1                                  1                                  1                                  1                                  1                                  1                                 
turn_ids         : 79510045196303                     79510045196303                     79510045196303                     79510045196303                     79510045196303                     79510045196303                     79510045196303                     79510045196303                    
turn_end_types   : 1                                  1                                  1                                  1                                  1                                  1                                  1                                  1                                 
speaker_ids      : 2                                  2                                  2                                  2                                  2                                  2                                  2                                  2                                 


