A                : start               Ġit                 <eot>               Ġokay               Ġuh                 Ġbasically          Ġi                  Ġwork               Ġfor                Ġthe                Ġgovernment         Ġand                Ġour                Ġhealth             Ġinsurance         
Timings          : (0.1, 0.36)         (0.36, 0.46)        (-1.0, -1.0)        (1.12, 1.55)        (1.95, 2.19)        (2.46, 2.83)        (2.83, 2.89)        (2.89, 3.06)        (3.06, 3.16)        (3.16, 3.22)        (3.22, 3.73)        (3.73, 3.84)        (3.84, 4.0)         (4.0, 4.21)         (4.21, 4.58)       
Token Types      : 1                   1                   1                   1                   1                   1                   1                   1                   1                   1                   1                   1                   1                   1                   1                  
turn_ids         : 82515985432576      82515985432576      82515985432576      82515985432578      82515985432578      82515985432578      82515985432578      82515985432578      82515985432578      82515985432578      82515985432578      82515985432578      82515985432578      82515985432578      82515985432578     
turn_end_types   : 1                   1                   1                   1                   1                   1                   1                   1                   1                   1                   1                   1                   1                   1                   1                  
speaker_ids      : 1                   1                   1                   1                   1                   1                   1                   1                   1                   1                   1                   1                   1                   1                   1                  

B                : <emp>               <emp>               sure                <eot>               <emp>               <emp>               <emp>               <emp>               <emp>               <emp>               <emp>               <emp>               <emp>               <emp>               <emp>              
Timings          : (0.1, 0.36)         (0.36, 0.46)        (0.623, 0.998)      (-1.0, -1.0)        (1.95, 2.19)        (2.46, 2.83)        (2.83, 2.89)        (2.89, 3.06)        (3.06, 3.16)        (3.16, 3.22)        (3.22, 3.73)        (3.73, 3.84)        (3.84, 4.0)         (4.0, 4.21)         (4.21, 4.58)       
Token Types      : 0                   0                   1                   1                   0                   0                   0                   0                   0                   0                   0                   0                   0                   0                   0                  
turn_ids         : 0                   0                   82516522303489      82516522303489      0                   0                   0                   0                   0                   0                   0                   0                   0                   0                   0                  
turn_end_types   : 0                   0                   1                   1                   0                   0                   0                   0                   0                   0                   0                   0                   0                   0                   0                  
speaker_ids      : 0                   0                   2                   2                   0                   0                   0                   0                   0                   0                   0                   0                   0                   0                   0                  


A                : Ġplan               Ġseems              Ġto                 Ġbe                 Ġokay               Ġbut                Ġit                 Ġseems              Ġthe                Ġbenefits           Ġare                Ġare                Ġer                 oding               Ġand               
Timings          : (4.61, 4.88)        (4.88, 5.18)        (5.18, 5.25)        (5.25, 5.41)        (5.41, 5.78)        (5.78, 6.3)         (6.45, 6.54)        (6.54, 6.79)        (6.79, 6.85)        (6.85, 7.36)        (7.36, 7.59)        (7.71, 7.97)        (8.05, 8.32)        (8.32, 8.59)        (8.59, 8.69)       
Token Types      : 1                   1                   1                   1                   1                   1                   1                   1                   1                   1                   1                   1                   1                   1                   1                  
turn_ids         : 82515985432578      82515985432578      82515985432578      82515985432578      82515985432578      82515985432578      82515985432578      82515985432578      82515985432578      82515985432578      82515985432578      82515985432578      82515985432578      82515985432578      82515985432578     
turn_end_types   : 1                   1                   1                   1                   1                   1                   1                   1                   1                   1                   1                   1                   1                   1                   1                  
speaker_ids      : 1                   1                   1                   1                   1                   1                   1                   1                   1                   1                   1                   1                   1                   1                   1                  

B                : <emp>               <emp>               <emp>               <emp>               <emp>               <emp>               <emp>               <emp>               <emp>               <emp>               <emp>               <emp>               <emp>               <emp>               <emp>              
Timings          : (4.61, 4.88)        (4.88, 5.18)        (5.18, 5.25)        (5.25, 5.41)        (5.41, 5.78)        (5.78, 6.3)         (6.45, 6.54)        (6.54, 6.79)        (6.79, 6.85)        (6.85, 7.36)        (7.36, 7.59)        (7.71, 7.97)        (8.05, 8.32)        (8.32, 8.59)        (8.59, 8.69)       
Token Types      : 0                   0                   0                   0                   0                   0                   0                   0                   0                   0                   0                   0                   0                   0                   0                  
turn_ids         : 0                   0                   0                   0                   0                   0                   0                   0                   0                   0                   0                   0                   0                   0                   0                  
turn_end_types   : 0                   0                   0                   0                   0                   0                   0                   0                   0                   0                   0                   0                   0                   0                   0                  
speaker_ids      : 0                   0                   0                   0                   0                   0                   0                   0                   0                   0                   0                   0                   0                   0                   0                  


A                : Ġthe                Ġcost               Ġof                 Ġinsurance          Ġgoes               Ġup                 Ġuh                 Ġi                  Ġdon                't                  Ġknow               Ġwhy                Ġthe                Ġpost               Ġpeople            
Timings          : (8.69, 8.75)        (8.75, 9.19)        (9.19, 9.26)        (9.26, 9.65)        (9.65, 9.89)        (9.89, 10.23)       (10.822, 11.099)    (11.099, 11.22)     (11.22, 11.294)     (11.294, 11.368)    (11.368, 11.468)    (11.468, 11.788)    (11.788, 11.928)    (11.928, 12.198)    (12.198, 12.548)   
Token Types      : 1                   1                   1                   1                   1                   1                   1                   1                   1                   1                   1                   1                   1                   1                   1                  
turn_ids         : 82515985432578      82515985432578      82515985432578      82515985432578      82515985432578      82515985432578      82515985432578      82515985432578      82515985432578      82515985432578      82515985432578      82515985432578      82515985432578      82515985432578      82515985432578     
turn_end_types   : 1                   1                   1                   1                   1                   1                   1                   1                   1                   1                   1                   1                   1                   1                   1                  
speaker_ids      : 1                   1                   1                   1                   1                   1                   1                   1                   1                   1                   1                   1                   1                   1                   1                  

B                : <emp>               <emp>               <emp>               <emp>               <emp>               <emp>               <emp>               <emp>               <emp>               <emp>               <emp>               <emp>               <emp>               <emp>               <emp>              
Timings          : (8.69, 8.75)        (8.75, 9.19)        (9.19, 9.26)        (9.26, 9.65)        (9.65, 9.89)        (9.89, 10.23)       (10.822, 11.099)    (11.099, 11.22)     (11.22, 11.294)     (11.294, 11.368)    (11.368, 11.468)    (11.468, 11.788)    (11.788, 11.928)    (11.928, 12.198)    (12.198, 12.548)   
Token Types      : 0                   0                   0                   0                   0                   0                   0                   0                   0                   0                   0                   0                   0                   0                   0                  
turn_ids         : 0                   0                   0                   0                   0                   0                   0                   0                   0                   0                   0                   0                   0                   0                   0                  
turn_end_types   : 0                   0                   0                   0                   0                   0                   0                   0                   0                   0                   0                   0                   0                   0                   0                  
speaker_ids      : 0                   0                   0                   0                   0                   0                   0                   0                   0                   0                   0                   0                   0                   0                   0                  


A                : Ġpost               Ġoffice             Ġpeople             Ġpay                Ġone                Ġthird              Ġout                Ġof                 Ġtheir              Ġpaycheck           Ġfor                Ġthe                Ġsame               Ġinsurance          Ġthat              
Timings          : (12.548, 12.83)     (12.83, 13.142)     (13.142, 13.388)    (13.388, 13.627)    (13.627, 13.875)    (13.875, 14.398)    (14.925, 15.058)    (15.058, 15.138)    (15.138, 15.288)    (15.288, 15.928)    (15.928, 16.158)    (16.158, 16.238)    (16.238, 16.568)    (16.568, 16.988)    (16.988, 17.108)   
Token Types      : 1                   1                   1                   1                   1                   1                   1                   1                   1                   1                   1                   1                   1                   1                   1                  
turn_ids         : 82515985432578      82515985432578      82515985432578      82515985432578      82515985432578      82515985432578      82515985432578      82515985432578      82515985432578      82515985432578      82515985432578      82515985432578      82515985432578      82515985432578      82515985432578     
turn_end_types   : 1                   1                   1                   1                   1                   1                   1                   1                   1                   1                   1                   1                   1                   1                   1                  
speaker_ids      : 1                   1                   1                   1                   1                   1                   1                   1                   1                   1                   1                   1                   1                   1                   1                  

B                : <emp>               <emp>               <emp>               <emp>               <emp>               <emp>               <emp>               <emp>               <emp>               <emp>               <emp>               <emp>               <emp>               <emp>               <emp>              
Timings          : (12.548, 12.83)     (12.83, 13.142)     (13.142, 13.388)    (13.388, 13.627)    (13.627, 13.875)    (13.875, 14.398)    (14.925, 15.058)    (15.058, 15.138)    (15.138, 15.288)    (15.288, 15.928)    (15.928, 16.158)    (16.158, 16.238)    (16.238, 16.568)    (16.568, 16.988)    (16.988, 17.108)   
Token Types      : 0                   0                   0                   0                   0                   0                   0                   0                   0                   0                   0                   0                   0                   0                   0                  
turn_ids         : 0                   0                   0                   0                   0                   0                   0                   0                   0                   0                   0                   0                   0                   0                   0                  
turn_end_types   : 0                   0                   0                   0                   0                   0                   0                   0                   0                   0                   0                   0                   0                   0                   0                  
speaker_ids      : 0                   0                   0                   0                   0                   0                   0                   0                   0                   0                   0                   0                   0                   0                   0                  


A                : Ġwe                 're                 Ġgetting            Ġuh                 Ġright              Ġnow                Ġi                  'm                  Ġin                 Ġwe                 're                 Ġphysicians         Ġhealth             Ġplan               Ġand               
Timings          : (17.108, 17.173)    (17.173, 17.238)    (17.238, 17.63)     (18.28, 18.461)     (18.461, 18.643)    (18.643, 18.773)    (18.773, 18.883)    (18.883, 18.993)    (18.993, 19.143)    (19.143, 19.243)    (19.243, 19.343)    (19.343, 20.003)    (20.003, 20.223)    (20.223, 20.623)    (20.623, 20.733)   
Token Types      : 1                   1                   1                   1                   1                   1                   1                   1                   1                   1                   1                   1                   1                   1                   1                  
turn_ids         : 82515985432578      82515985432578      82515985432578      82515985432578      82515985432578      82515985432578      82515985432578      82515985432578      82515985432578      82515985432578      82515985432578      82515985432578      82515985432578      82515985432578      82515985432578     
turn_end_types   : 1                   1                   1                   1                   1                   1                   1                   1                   1                   1                   1                   1                   1                   1                   1                  
speaker_ids      : 1                   1                   1                   1                   1                   1                   1                   1                   1                   1                   1                   1                   1                   1                   1                  

B                : <emp>               <emp>               <emp>               <emp>               <emp>               <emp>               <emp>               <emp>               <emp>               <emp>               <emp>               <emp>               <emp>               <emp>               <emp>              
Timings          : (17.108, 17.173)    (17.173, 17.238)    (17.238, 17.63)     (18.28, 18.461)     (18.461, 18.643)    (18.643, 18.773)    (18.773, 18.883)    (18.883, 18.993)    (18.993, 19.143)    (19.143, 19.243)    (19.243, 19.343)    (19.343, 20.003)    (20.003, 20.223)    (20.223, 20.623)    (20.623, 20.733)   
Token Types      : 0                   0                   0                   0                   0                   0                   0                   0                   0                   0                   0                   0                   0                   0                   0                  
turn_ids         : 0                   0                   0                   0                   0                   0                   0                   0                   0                   0                   0                   0                   0                   0                   0                  
turn_end_types   : 0                   0                   0                   0                   0                   0                   0                   0                   0                   0                   0                   0                   0                   0                   0                  
speaker_ids      : 0                   0                   0                   0                   0                   0                   0                   0                   0                   0                   0                   0                   0                   0                   0                  


A                : Ġthat               Ġcosts              Ġabout              Ġthirty             Ġfive               Ġbucks              Ġa                  Ġpaycheck           Ġbut                Ġyet                Ġthe                Ġpostal             Ġpeople             Ġwill               Ġonly              
Timings          : (20.733, 20.833)    (20.833, 21.103)    (21.103, 21.413)    (21.413, 21.623)    (21.623, 21.843)    (21.843, 22.073)    (22.073, 22.113)    (22.113, 22.703)    (23.35, 23.455)     (23.455, 23.625)    (23.756, 24.072)    (24.072, 24.414)    (24.414, 24.675)    (24.675, 24.785)    (24.785, 24.925)   
Token Types      : 1                   1                   1                   1                   1                   1                   1                   1                   1                   1                   1                   1                   1                   1                   1                  
turn_ids         : 82515985432578      82515985432578      82515985432578      82515985432578      82515985432578      82515985432578      82515985432578      82515985432578      82515985432578      82515985432578      82515985432578      82515985432578      82515985432578      82515985432578      82515985432578     
turn_end_types   : 1                   1                   1                   1                   1                   1                   1                   1                   1                   1                   1                   1                   1                   1                   1                  
speaker_ids      : 1                   1                   1                   1                   1                   1                   1                   1                   1                   1                   1                   1                   1                   1                   1                  

B                : <emp>               <emp>               <emp>               <emp>               <emp>               <emp>               <emp>               <emp>               <emp>               <emp>               <emp>               <emp>               <emp>               <emp>               <emp>              
Timings          : (20.733, 20.833)    (20.833, 21.103)    (21.103, 21.413)    (21.413, 21.623)    (21.623, 21.843)    (21.843, 22.073)    (22.073, 22.113)    (22.113, 22.703)    (23.35, 23.455)     (23.455, 23.625)    (23.756, 24.072)    (24.072, 24.414)    (24.414, 24.675)    (24.675, 24.785)    (24.785, 24.925)   
Token Types      : 0                   0                   0                   0                   0                   0                   0                   0                   0                   0                   0                   0                   0                   0                   0                  
turn_ids         : 0                   0                   0                   0                   0                   0                   0                   0                   0                   0                   0                   0                   0                   0                   0                  
turn_end_types   : 0                   0                   0                   0                   0                   0                   0                   0                   0                   0                   0                   0                   0                   0                   0                  
speaker_ids      : 0                   0                   0                   0                   0                   0                   0                   0                   0                   0                   0                   0                   0                   0                   0                  


A                : Ġpay                Ġless               Ġthan               Ġten                Ġdollars            Ġa                  Ġpaycheck           <eot>               <emp>               <emp>               <emp>               <emp>               Ġyes                Ġprobably           Ġyes               
Timings          : (24.925, 25.085)    (25.085, 25.255)    (25.255, 25.395)    (25.395, 25.635)    (25.635, 25.935)    (25.935, 25.985)    (25.985, 26.562)    (-1.0, -1.0)        (26.741, 26.804)    (26.804, 27.221)    (27.221, 27.379)    (27.379, 27.94)     (28.049, 28.384)    (28.384, 28.797)    (28.797, 29.051)   
Token Types      : 1                   1                   1                   1                   1                   1                   1                   1                   0                   0                   0                   0                   1                   1                   1                  
turn_ids         : 82515985432578      82515985432578      82515985432578      82515985432578      82515985432578      82515985432578      82515985432578      82515985432578      0                   0                   0                   0                   82515985432580      82515985432580      82515985432580     
turn_end_types   : 1                   1                   1                   1                   1                   1                   1                   1                   0                   0                   0                   0                   1                   1                   1                  
speaker_ids      : 1                   1                   1                   1                   1                   1                   1                   1                   0                   0                   0                   0                   1                   1                   1                  

B                : <emp>               <emp>               <emp>               <emp>               <emp>               <emp>               <emp>               Ġit                 's                  Ġcalled             Ġthe                Ġunion              <eot>               <emp>               <emp>              
Timings          : (24.925, 25.085)    (25.085, 25.255)    (25.255, 25.395)    (25.395, 25.635)    (25.635, 25.935)    (25.935, 25.985)    (25.985, 26.562)    (26.678, 26.741)    (26.741, 26.804)    (26.804, 27.221)    (27.221, 27.379)    (27.379, 27.94)     (-1.0, -1.0)        (28.384, 28.797)    (28.797, 29.051)   
Token Types      : 0                   0                   0                   0                   0                   0                   0                   1                   1                   1                   1                   1                   1                   0                   0                  
turn_ids         : 0                   0                   0                   0                   0                   0                   0                   82516522303491      82516522303491      82516522303491      82516522303491      82516522303491      82516522303491      0                   0                  
turn_end_types   : 0                   0                   0                   0                   0                   0                   0                   1                   1                   1                   1                   1                   1                   0                   0                  
speaker_ids      : 0                   0                   0                   0                   0                   0                   0                   2                   2                   2                   2                   2                   2                   0                   0                  


A                : Ġfull               Ġpayment            Ġone                Ġpercent            Ġand                Ġi                  'm                  Ġsure               Ġnot                Ġeverybody          Ġhas                Ġthey               're                 Ġprobably           Ġgetting           
Timings          : (29.051, 29.281)    (29.281, 29.735)    (29.735, 29.904)    (29.904, 30.384)    (30.384, 30.494)    (30.494, 30.549)    (30.549, 30.604)    (30.604, 30.834)    (30.834, 31.024)    (31.024, 31.424)    (31.424, 31.684)    (31.684, 31.739)    (31.739, 31.794)    (31.794, 32.17)     (32.652, 32.833)   
Token Types      : 1                   1                   1                   1                   1                   1                   1                   1                   1                   1                   1                   1                   1                   1                   1                  
turn_ids         : 82515985432580      82515985432580      82515985432580      82515985432580      82515985432580      82515985432580      82515985432580      82515985432580      82515985432580      82515985432580      82515985432580      82515985432580      82515985432580      82515985432580      82515985432580     
turn_end_types   : 1                   1                   1                   1                   1                   1                   1                   1                   1                   1                   1                   1                   1                   1                   1                  
speaker_ids      : 1                   1                   1                   1                   1                   1                   1                   1                   1                   1                   1                   1                   1                   1                   1                  

B                : <emp>               <emp>               <emp>               <emp>               <emp>               <emp>               <emp>               <emp>               <emp>               <emp>               <emp>               <emp>               <emp>               <emp>               <emp>              
Timings          : (29.051, 29.281)    (29.281, 29.735)    (29.735, 29.904)    (29.904, 30.384)    (30.384, 30.494)    (30.494, 30.549)    (30.549, 30.604)    (30.604, 30.834)    (30.834, 31.024)    (31.024, 31.424)    (31.424, 31.684)    (31.684, 31.739)    (31.739, 31.794)    (31.794, 32.17)     (32.652, 32.833)   
Token Types      : 0                   0                   0                   0                   0                   0                   0                   0                   0                   0                   0                   0                   0                   0                   0                  
turn_ids         : 0                   0                   0                   0                   0                   0                   0                   0                   0                   0                   0                   0                   0                   0                   0                  
turn_end_types   : 0                   0                   0                   0                   0                   0                   0                   0                   0                   0                   0                   0                   0                   0                   0                  
speaker_ids      : 0                   0                   0                   0                   0                   0                   0                   0                   0                   0                   0                   0                   0                   0                   0                  


A                : Ġtheir              Ġworth              Ġand                <eot>               Ġmaster             card                's                  Ġcheaper            Ġtoo                <eot>               <emp>               <emp>               <emp>               <emp>               <emp>              
Timings          : (32.833, 33.033)    (33.424, 33.784)    (33.784, 33.973)    (-1.0, -1.0)        (35.216, 35.431)    (35.431, 35.645)    (35.645, 35.859)    (35.859, 36.208)    (36.208, 36.506)    (-1.0, -1.0)        (37.215, 37.512)    (37.576, 37.855)    (37.855, 38.424)    (38.76, 39.375)     (39.375, 39.685)   
Token Types      : 1                   1                   1                   1                   1                   1                   1                   1                   1                   1                   0                   0                   0                   0                   0                  
turn_ids         : 82515985432580      82515985432580      82515985432580      82515985432580      82515985432582      82515985432582      82515985432582      82515985432582      82515985432582      82515985432582      0                   0                   0                   0                   0                  
turn_end_types   : 1                   1                   1                   1                   1                   1                   1                   1                   1                   1                   0                   0                   0                   0                   0                  
speaker_ids      : 1                   1                   1                   1                   1                   1                   1                   1                   1                   1                   0                   0                   0                   0                   0                  

B                : <emp>               <emp>               <emp>               Ġwell               <eot>               <emp>               <emp>               <emp>               <emp>               Ġi                  Ġam                 Ġall                Ġfor                Ġuniversal          Ġhealth            
Timings          : (32.833, 33.033)    (33.424, 33.784)    (33.784, 33.973)    (35.026, 35.254)    (-1.0, -1.0)        (35.431, 35.645)    (35.645, 35.859)    (35.859, 36.208)    (36.208, 36.506)    (37.004, 37.215)    (37.215, 37.512)    (37.576, 37.855)    (37.855, 38.424)    (38.76, 39.375)     (39.375, 39.685)   
Token Types      : 0                   0                   0                   1                   1                   0                   0                   0                   0                   1                   1                   1                   1                   1                   1                  
turn_ids         : 0                   0                   0                   82516522303493      82516522303493      0                   0                   0                   0                   82516522303495      82516522303495      82516522303495      82516522303495      82516522303495      82516522303495     
turn_end_types   : 0                   0                   0                   1                   1                   0                   0                   0                   0                   2                   2                   2                   2                   2                   2                  
speaker_ids      : 0                   0                   0                   2                   2                   0                   0                   0                   0                   2                   2                   2                   2                   2                   2                  


A                : <emp>               <emp>               <emp>               <emp>               <emp>               <emp>               <emp>               <emp>               <emp>               <emp>               <emp>               <emp>               <emp>               <emp>               <emp>              
Timings          : (39.685, 40.545)    (40.775, 41.225)    (41.658, 41.875)    (41.875, 41.985)    (41.985, 42.245)    (42.245, 42.515)    (42.63, 42.732)     (42.732, 43.068)    (43.068, 43.404)    (43.638, 44.144)    (44.933, 45.116)    (45.116, 45.456)    (45.456, 45.666)    (45.666, 46.056)    (46.056, 46.266)   
Token Types      : 0                   0                   0                   0                   0                   0                   0                   0                   0                   0                   0                   0                   0                   0                   0                  
turn_ids         : 0                   0                   0                   0                   0                   0                   0                   0                   0                   0                   0                   0                   0                   0                   0                  
turn_end_types   : 0                   0                   0                   0                   0                   0                   0                   0                   0                   0                   0                   0                   0                   0                   0                  
speaker_ids      : 0                   0                   0                   0                   0                   0                   0                   0                   0                   0                   0                   0                   0                   0                   0                  

B                : Ġinsurance          Ġum                 Ġbeing              Ġup                 Ġhere               Ġin                 Ġnew                Ġy                  ork                 Ġum                 Ġour                Ġlocal              Ġblue               Ġcross              Ġblue              
Timings          : (39.685, 40.545)    (40.775, 41.225)    (41.658, 41.875)    (41.875, 41.985)    (41.985, 42.245)    (42.245, 42.515)    (42.63, 42.732)     (42.732, 43.068)    (43.068, 43.404)    (43.638, 44.144)    (44.933, 45.116)    (45.116, 45.456)    (45.456, 45.666)    (45.666, 46.056)    (46.056, 46.266)   
Token Types      : 1                   1                   1                   1                   1                   1                   1                   1                   1                   1                   1                   1                   1                   1                   1                  
turn_ids         : 82516522303495      82516522303495      82516522303495      82516522303495      82516522303495      82516522303495      82516522303495      82516522303495      82516522303495      82516522303495      82516522303495      82516522303495      82516522303495      82516522303495      82516522303495     
turn_end_types   : 2                   2                   2                   2                   2                   2                   2                   2                   2                   2                   2                   2                   2                   2                   2                  
speaker_ids      : 2                   2                   2                   2                   2                   2                   2                   2                   2                   2                   2                   2                   2                   2                   2                  


A                : <emp>               <emp>               <emp>               <emp>               <emp>               <emp>               <emp>               <emp>               <emp>               <emp>               <emp>               <emp>               <emp>               <emp>               <emp>              
Timings          : (46.266, 46.689)    (47.374, 47.834)    (48.546, 49.132)    (49.942, 50.017)    (50.017, 50.093)    (50.093, 50.216)    (50.216, 50.34)     (50.34, 50.616)     (50.616, 51.185)    (51.341, 51.6)      (51.6, 52.155)      (52.475, 52.73)     (52.73, 52.825)     (52.825, 52.92)     (52.92, 53.407)    
Token Types      : 0                   0                   0                   0                   0                   0                   0                   0                   0                   0                   0                   0                   0                   0                   0                  
turn_ids         : 0                   0                   0                   0                   0                   0                   0                   0                   0                   0                   0                   0                   0                   0                   0                  
turn_end_types   : 0                   0                   0                   0                   0                   0                   0                   0                   0                   0                   0                   0                   0                   0                   0                  
speaker_ids      : 0                   0                   0                   0                   0                   0                   0                   0                   0                   0                   0                   0                   0                   0                   0                  

B                : Ġshield             Ġpeople             Ġhave               Ġi                  'm                  Ġi                  'm                  Ġnow                Ġpaying             Ġevery              Ġmonth              Ġbecause            Ġi                  'm                  Ġself              
Timings          : (46.266, 46.689)    (47.374, 47.834)    (48.546, 49.132)    (49.942, 50.017)    (50.017, 50.093)    (50.093, 50.216)    (50.216, 50.34)     (50.34, 50.616)     (50.616, 51.185)    (51.341, 51.6)      (51.6, 52.155)      (52.475, 52.73)     (52.73, 52.825)     (52.825, 52.92)     (52.92, 53.407)    
Token Types      : 1                   1                   1                   1                   1                   1                   1                   1                   1                   1                   1                   1                   1                   1                   1                  
turn_ids         : 82516522303495      82516522303495      82516522303495      82516522303495      82516522303495      82516522303495      82516522303495      82516522303495      82516522303495      82516522303495      82516522303495      82516522303495      82516522303495      82516522303495      82516522303495     
turn_end_types   : 2                   2                   2                   2                   2                   2                   2                   2                   2                   2                   2                   2                   2                   2                   2                  
speaker_ids      : 2                   2                   2                   2                   2                   2                   2                   2                   2                   2                   2                   2                   2                   2                   2                  


A                : <emp>               <emp>               <emp>               <emp>               <emp>               <emp>               <emp>               <emp>               <emp>               <emp>               <emp>               <emp>               <emp>               <emp>               <emp>              
Timings          : (53.407, 53.894)    (54.237, 54.47)     (54.47, 54.879)     (55.051, 55.465)    (55.465, 55.86)     (55.86, 56.4)       (56.4, 56.47)       (56.47, 56.869)     (57.754, 57.931)    (58.001, 58.396)    (58.396, 58.716)    (58.716, 59.006)    (59.006, 59.721)    (60.442, 61.025)    (61.488, 61.856)   
Token Types      : 0                   0                   0                   0                   0                   0                   0                   0                   0                   0                   0                   0                   0                   0                   0                  
turn_ids         : 0                   0                   0                   0                   0                   0                   0                   0                   0                   0                   0                   0                   0                   0                   0                  
turn_end_types   : 0                   0                   0                   0                   0                   0                   0                   0                   0                   0                   0                   0                   0                   0                   0                  
speaker_ids      : 0                   0                   0                   0                   0                   0                   0                   0                   0                   0                   0                   0                   0                   0                   0                  

B                : employed            Ġone                Ġhundred            Ġand                Ġthree              Ġdollars            Ġa                  Ġmonth              Ġfor                Ġbasic              Ġhealth             Ġcare               Ġcoverage           Ġum                 Ġactually          
Timings          : (53.407, 53.894)    (54.237, 54.47)     (54.47, 54.879)     (55.051, 55.465)    (55.465, 55.86)     (55.86, 56.4)       (56.4, 56.47)       (56.47, 56.869)     (57.754, 57.931)    (58.001, 58.396)    (58.396, 58.716)    (58.716, 59.006)    (59.006, 59.721)    (60.442, 61.025)    (61.488, 61.856)   
Token Types      : 1                   1                   1                   1                   1                   1                   1                   1                   1                   1                   1                   1                   1                   1                   1                  
turn_ids         : 82516522303495      82516522303495      82516522303495      82516522303495      82516522303495      82516522303495      82516522303495      82516522303495      82516522303495      82516522303495      82516522303495      82516522303495      82516522303495      82516522303495      82516522303495     
turn_end_types   : 2                   2                   2                   2                   2                   2                   2                   2                   2                   2                   2                   2                   2                   2                   2                  
speaker_ids      : 2                   2                   2                   2                   2                   2                   2                   2                   2                   2                   2                   2                   2                   2                   2                  


A                : <emp>               <emp>               <emp>               <emp>               <emp>               <emp>               <emp>               <emp>               <emp>               <emp>               <emp>               <emp>               <emp>               <emp>               <emp>              
Timings          : (61.856, 61.956)    (61.956, 62.056)    (62.056, 62.416)    (62.416, 62.501)    (62.501, 62.586)    (62.586, 62.805)    (62.805, 62.949)    (62.949, 63.02)     (63.02, 63.156)     (63.156, 63.221)    (63.221, 63.286)    (63.286, 63.506)    (63.506, 63.726)    (63.726, 64.056)    (64.056, 64.116)   
Token Types      : 0                   0                   0                   0                   0                   0                   0                   0                   0                   0                   0                   0                   0                   0                   0                  
turn_ids         : 0                   0                   0                   0                   0                   0                   0                   0                   0                   0                   0                   0                   0                   0                   0                  
turn_end_types   : 0                   0                   0                   0                   0                   0                   0                   0                   0                   0                   0                   0                   0                   0                   0                  
speaker_ids      : 0                   0                   0                   0                   0                   0                   0                   0                   0                   0                   0                   0                   0                   0                   0                  

B                : Ġi                  'm                  Ġsorry              Ġit                 's                  Ġmore               Ġthan               Ġthat               Ġwell               Ġit                 's                  Ġfour               Ġhundred            Ġdollars            Ġa                 
Timings          : (61.856, 61.956)    (61.956, 62.056)    (62.056, 62.416)    (62.416, 62.501)    (62.501, 62.586)    (62.586, 62.805)    (62.805, 62.949)    (62.949, 63.02)     (63.02, 63.156)     (63.156, 63.221)    (63.221, 63.286)    (63.286, 63.506)    (63.506, 63.726)    (63.726, 64.056)    (64.056, 64.116)   
Token Types      : 1                   1                   1                   1                   1                   1                   1                   1                   1                   1                   1                   1                   1                   1                   1                  
turn_ids         : 82516522303495      82516522303495      82516522303495      82516522303495      82516522303495      82516522303495      82516522303495      82516522303495      82516522303495      82516522303495      82516522303495      82516522303495      82516522303495      82516522303495      82516522303495     
turn_end_types   : 2                   2                   2                   2                   2                   2                   2                   2                   2                   2                   2                   2                   2                   2                   2                  
speaker_ids      : 2                   2                   2                   2                   2                   2                   2                   2                   2                   2                   2                   2                   2                   2                   2                  


A                : <emp>               um                  hum                 <ebc>               <emp>               <emp>               <emp>               <emp>               <emp>               <emp>               Ġg                  osh                 Ġyeah               Ġthat               's                 
Timings          : (64.116, 64.559)    (64.825, 64.997)    (64.997, 65.169)    (-1.0, -1.0)        (65.866, 65.916)    (65.916, 65.966)    (65.966, 66.266)    (66.266, 66.306)    (66.306, 66.476)    (66.476, 66.736)    (66.628, 66.94)     (66.94, 67.252)     (67.252, 67.486)    (67.486, 67.601)    (67.601, 67.716)   
Token Types      : 0                   3                   3                   3                   0                   0                   0                   0                   0                   0                   4                   4                   4                   4                   4                  
turn_ids         : 0                   82518132916228      82518132916228      82518132916228      0                   0                   0                   0                   0                   0                   82519206658056      82519206658056      82519206658056      82519206658056      82519206658056     
turn_end_types   : 0                   0                   0                   0                   0                   0                   0                   0                   0                   0                   1                   1                   1                   1                   1                  
speaker_ids      : 0                   1                   1                   1                   0                   0                   0                   0                   0                   0                   1                   1                   1                   1                   1                  

B                : Ġquarter            <emp>               <emp>               Ġso                 Ġit                 's                  Ġprobably           Ġa                  Ġlittle             Ġmore               Ġthan               Ġthat               <yield>             <emp>               <emp>              
Timings          : (64.116, 64.559)    (64.825, 64.997)    (64.997, 65.169)    (65.686, 65.866)    (65.866, 65.916)    (65.916, 65.966)    (65.966, 66.266)    (66.266, 66.306)    (66.306, 66.476)    (66.476, 66.736)    (66.736, 66.886)    (66.886, 67.243)    (-1.0, -1.0)        (67.486, 67.601)    (67.601, 67.716)   
Token Types      : 1                   1                   1                   1                   1                   1                   1                   1                   1                   1                   1                   1                   1                   0                   0                  
turn_ids         : 82516522303495      82516522303495      82516522303495      82516522303495      82516522303495      82516522303495      82516522303495      82516522303495      82516522303495      82516522303495      82516522303495      82516522303495      82516522303495      0                   0                  
turn_end_types   : 2                   2                   2                   2                   2                   2                   2                   2                   2                   2                   2                   2                   2                   0                   0                  
speaker_ids      : 2                   2                   2                   2                   2                   2                   2                   2                   2                   2                   2                   2                   2                   0                   0                  


A                : Ġa                  Ġsteep              Ġone                <eot>               <emp>               <emp>               <emp>               <emp>               <emp>               <emp>               <emp>               <emp>               <emp>               <emp>               <emp>              
Timings          : (67.716, 67.766)    (67.766, 68.166)    (68.166, 68.366)    (-1.0, -1.0)        (70.0, 70.515)      (70.515, 70.625)    (70.625, 70.81)     (70.81, 70.995)     (70.995, 71.084)    (71.084, 71.487)    (71.487, 71.808)    (72.508, 72.695)    (72.695, 72.815)    (72.815, 73.005)    (73.005, 73.431)   
Token Types      : 4                   4                   4                   4                   0                   0                   0                   0                   0                   0                   0                   0                   0                   0                   0                  
turn_ids         : 82519206658056      82519206658056      82519206658056      82519206658056      0                   0                   0                   0                   0                   0                   0                   0                   0                   0                   0                  
turn_end_types   : 1                   1                   1                   1                   0                   0                   0                   0                   0                   0                   0                   0                   0                   0                   0                  
speaker_ids      : 1                   1                   1                   1                   0                   0                   0                   0                   0                   0                   0                   0                   0                   0                   0                  

B                : <emp>               <emp>               <emp>               Ġand                Ġfrankly            Ġi                  Ġdon                't                  Ġi                  Ġthink              Ġthat               Ġif                 Ġwe                 Ġcan                Ġtake              
Timings          : (67.716, 67.766)    (67.766, 68.166)    (68.166, 68.366)    (68.582, 69.26)     (70.0, 70.515)      (70.515, 70.625)    (70.625, 70.81)     (70.81, 70.995)     (70.995, 71.084)    (71.084, 71.487)    (71.487, 71.808)    (72.508, 72.695)    (72.695, 72.815)    (72.815, 73.005)    (73.005, 73.431)   
Token Types      : 0                   0                   0                   1                   1                   1                   1                   1                   1                   1                   1                   1                   1                   1                   1                  
turn_ids         : 0                   0                   0                   82516522303497      82516522303497      82516522303497      82516522303497      82516522303497      82516522303497      82516522303497      82516522303497      82516522303497      82516522303497      82516522303497      82516522303497     
turn_end_types   : 0                   0                   0                   1                   1                   1                   1                   1                   1                   1                   1                   1                   1                   1                   1                  
speaker_ids      : 0                   0                   0                   2                   2                   2                   2                   2                   2                   2                   2                   2                   2                   2                   2                  


A                : <emp>               <emp>               <emp>               <emp>               <emp>               <emp>               <emp>               <emp>               <emp>               <emp>               <emp>               <emp>               <emp>               <emp>               <emp>              
Timings          : (73.65, 73.757)     (73.757, 73.865)    (73.865, 74.105)    (74.105, 74.305)    (74.305, 74.445)    (74.445, 74.712)    (74.712, 74.979)    (75.521, 75.946)    (76.315, 76.734)    (76.775, 77.061)    (77.061, 77.382)    (77.382, 77.488)    (77.488, 78.359)    (78.442, 78.575)    (78.575, 78.805)   
Token Types      : 0                   0                   0                   0                   0                   0                   0                   0                   0                   0                   0                   0                   0                   0                   0                  
turn_ids         : 0                   0                   0                   0                   0                   0                   0                   0                   0                   0                   0                   0                   0                   0                   0                  
turn_end_types   : 0                   0                   0                   0                   0                   0                   0                   0                   0                   0                   0                   0                   0                   0                   0                  
speaker_ids      : 0                   0                   0                   0                   0                   0                   0                   0                   0                   0                   0                   0                   0                   0                   0                  

B                : Ġwhat               's                  Ġbeen               Ġdone               Ġin                 Ġcan                ada                 Ġand                Ġgiven              Ġevery              Ġbody               Ġa                  Ġchoice             Ġas                 Ġfar               
Timings          : (73.65, 73.757)     (73.757, 73.865)    (73.865, 74.105)    (74.105, 74.305)    (74.305, 74.445)    (74.445, 74.712)    (74.712, 74.979)    (75.521, 75.946)    (76.315, 76.734)    (76.775, 77.061)    (77.061, 77.382)    (77.382, 77.488)    (77.488, 78.359)    (78.442, 78.575)    (78.575, 78.805)   
Token Types      : 1                   1                   1                   1                   1                   1                   1                   1                   1                   1                   1                   1                   1                   1                   1                  
turn_ids         : 82516522303497      82516522303497      82516522303497      82516522303497      82516522303497      82516522303497      82516522303497      82516522303497      82516522303497      82516522303497      82516522303497      82516522303497      82516522303497      82516522303497      82516522303497     
turn_end_types   : 1                   1                   1                   1                   1                   1                   1                   1                   1                   1                   1                   1                   1                   1                   1                  
speaker_ids      : 2                   2                   2                   2                   2                   2                   2                   2                   2                   2                   2                   2                   2                   2                   2                  


A                : <emp>               <emp>               <emp>               <emp>               <emp>               <emp>               <emp>               <emp>               <emp>               <emp>               <emp>               <emp>               <emp>               <emp>               <emp>              
Timings          : (78.805, 78.905)    (78.905, 79.065)    (79.065, 79.205)    (79.205, 79.505)    (79.505, 79.655)    (79.655, 79.835)    (79.835, 80.125)    (80.125, 80.515)    (81.519, 82.03)     (82.03, 82.218)     (82.218, 82.508)    (82.508, 82.677)    (82.843, 83.064)    (83.064, 83.395)    (83.395, 83.765)   
Token Types      : 0                   0                   0                   0                   0                   0                   0                   0                   0                   0                   0                   0                   0                   0                   0                  
turn_ids         : 0                   0                   0                   0                   0                   0                   0                   0                   0                   0                   0                   0                   0                   0                   0                  
turn_end_types   : 0                   0                   0                   0                   0                   0                   0                   0                   0                   0                   0                   0                   0                   0                   0                  
speaker_ids      : 0                   0                   0                   0                   0                   0                   0                   0                   0                   0                   0                   0                   0                   0                   0                  

B                : Ġas                 Ġwho                Ġthey               Ġwant               Ġfor                Ġtheir              Ġhealth             Ġcare               Ġfrankly            Ġi                  Ġthink              Ġthat               Ġthe                Ġreason             Ġthat              
Timings          : (78.805, 78.905)    (78.905, 79.065)    (79.065, 79.205)    (79.205, 79.505)    (79.505, 79.655)    (79.655, 79.835)    (79.835, 80.125)    (80.125, 80.515)    (81.519, 82.03)     (82.03, 82.218)     (82.218, 82.508)    (82.508, 82.677)    (82.843, 83.064)    (83.064, 83.395)    (83.395, 83.765)   
Token Types      : 1                   1                   1                   1                   1                   1                   1                   1                   1                   1                   1                   1                   1                   1                   1                  
turn_ids         : 82516522303497      82516522303497      82516522303497      82516522303497      82516522303497      82516522303497      82516522303497      82516522303497      82516522303497      82516522303497      82516522303497      82516522303497      82516522303497      82516522303497      82516522303497     
turn_end_types   : 1                   1                   1                   1                   1                   1                   1                   1                   1                   1                   1                   1                   1                   1                   1                  
speaker_ids      : 2                   2                   2                   2                   2                   2                   2                   2                   2                   2                   2                   2                   2                   2                   2                  


A                : <emp>               <emp>               <emp>               <emp>               <emp>               <emp>               <emp>               <emp>               <emp>               <emp>               <emp>               <emp>               <emp>               <emp>               <emp>              
Timings          : (83.765, 83.92)     (83.92, 84.075)     (84.075, 84.195)    (84.195, 84.414)    (84.414, 84.695)    (84.695, 85.225)    (85.225, 85.384)    (85.384, 85.494)    (85.494, 85.655)    (85.655, 85.749)    (85.749, 85.844)    (85.844, 86.024)    (86.024, 86.114)    (86.114, 86.57)     (86.57, 87.026)    
Token Types      : 0                   0                   0                   0                   0                   0                   0                   0                   0                   0                   0                   0                   0                   0                   0                  
turn_ids         : 0                   0                   0                   0                   0                   0                   0                   0                   0                   0                   0                   0                   0                   0                   0                  
turn_end_types   : 0                   0                   0                   0                   0                   0                   0                   0                   0                   0                   0                   0                   0                   0                   0                  
speaker_ids      : 0                   0                   0                   0                   0                   0                   0                   0                   0                   0                   0                   0                   0                   0                   0                  

B                : Ġwe                 're                 Ġin                 Ġso                 Ġmuch               Ġtrouble            Ġand                Ġand                Ġand                Ġit                 's                  Ġsuch               Ġan                 Ġantic              omp                
Timings          : (83.765, 83.92)     (83.92, 84.075)     (84.075, 84.195)    (84.195, 84.414)    (84.414, 84.695)    (84.695, 85.225)    (85.225, 85.384)    (85.384, 85.494)    (85.494, 85.655)    (85.655, 85.749)    (85.749, 85.844)    (85.844, 86.024)    (86.024, 86.114)    (86.114, 86.57)     (86.57, 87.026)    
Token Types      : 1                   1                   1                   1                   1                   1                   1                   1                   1                   1                   1                   1                   1                   1                   1                  
turn_ids         : 82516522303497      82516522303497      82516522303497      82516522303497      82516522303497      82516522303497      82516522303497      82516522303497      82516522303497      82516522303497      82516522303497      82516522303497      82516522303497      82516522303497      82516522303497     
turn_end_types   : 1                   1                   1                   1                   1                   1                   1                   1                   1                   1                   1                   1                   1                   1                   1                  
speaker_ids      : 2                   2                   2                   2                   2                   2                   2                   2                   2                   2                   2                   2                   2                   2                   2                  


A                : <emp>               <emp>               <emp>               <emp>               <emp>               <emp>               <emp>               <emp>               <emp>               <emp>               <emp>               <emp>               <emp>               <emp>               <emp>              
Timings          : (87.026, 87.482)    (87.482, 87.86)     (88.756, 89.044)    (89.044, 89.516)    (89.516, 89.656)    (89.656, 89.846)    (89.846, 89.956)    (89.956, 90.136)    (90.136, 90.276)    (90.276, 90.611)    (90.682, 90.996)    (90.996, 91.228)    (91.228, 91.582)    (91.582, 91.826)    (91.826, 92.476)   
Token Types      : 0                   0                   0                   0                   0                   0                   0                   0                   0                   0                   0                   0                   0                   0                   0                  
turn_ids         : 0                   0                   0                   0                   0                   0                   0                   0                   0                   0                   0                   0                   0                   0                   0                  
turn_end_types   : 0                   0                   0                   0                   0                   0                   0                   0                   0                   0                   0                   0                   0                   0                   0                  
speaker_ids      : 0                   0                   0                   0                   0                   0                   0                   0                   0                   0                   0                   0                   0                   0                   0                  

B                : etitive             Ġum                 Ġuh                 Ġstance             Ġright              Ġnow                Ġas                 Ġfar                Ġas                 Ġdoing              Ġbattle             Ġwith               Ġthese              Ġother              Ġcompanies         
Timings          : (87.026, 87.482)    (87.482, 87.86)     (88.756, 89.044)    (89.044, 89.516)    (89.516, 89.656)    (89.656, 89.846)    (89.846, 89.956)    (89.956, 90.136)    (90.136, 90.276)    (90.276, 90.611)    (90.682, 90.996)    (90.996, 91.228)    (91.228, 91.582)    (91.582, 91.826)    (91.826, 92.476)   
Token Types      : 1                   1                   1                   1                   1                   1                   1                   1                   1                   1                   1                   1                   1                   1                   1                  
turn_ids         : 82516522303497      82516522303497      82516522303497      82516522303497      82516522303497      82516522303497      82516522303497      82516522303497      82516522303497      82516522303497      82516522303497      82516522303497      82516522303497      82516522303497      82516522303497     
turn_end_types   : 1                   1                   1                   1                   1                   1                   1                   1                   1                   1                   1                   1                   1                   1                   1                  
speaker_ids      : 2                   2                   2                   2                   2                   2                   2                   2                   2                   2                   2                   2                   2                   2                   2                  


A                : <emp>               <emp>               <emp>               <emp>               <emp>               <emp>               <emp>               <emp>               <emp>               <emp>               <emp>               <emp>               <emp>               <emp>               <emp>              
Timings          : (92.476, 92.686)    (92.686, 92.847)    (93.355, 93.546)    (93.546, 93.726)    (93.726, 94.026)    (94.026, 94.321)    (94.321, 94.616)    (94.616, 94.826)    (94.826, 95.081)    (95.081, 95.336)    (95.336, 96.156)    (96.156, 96.306)    (96.306, 96.656)    (96.656, 96.966)    (96.966, 98.058)   
Token Types      : 0                   0                   0                   0                   0                   0                   0                   0                   0                   0                   0                   0                   0                   0                   0                  
turn_ids         : 0                   0                   0                   0                   0                   0                   0                   0                   0                   0                   0                   0                   0                   0                   0                  
turn_end_types   : 0                   0                   0                   0                   0                   0                   0                   0                   0                   0                   0                   0                   0                   0                   0                  
speaker_ids      : 0                   0                   0                   0                   0                   0                   0                   0                   0                   0                   0                   0                   0                   0                   0                  

B                : Ġis                 Ġthat               Ġwe                 Ġare                Ġreally             Ġburd               ening               Ġour                Ġameric             an                  Ġcorporations       Ġwith               Ġhealth             Ġcare               Ġcosts             
Timings          : (92.476, 92.686)    (92.686, 92.847)    (93.355, 93.546)    (93.546, 93.726)    (93.726, 94.026)    (94.026, 94.321)    (94.321, 94.616)    (94.616, 94.826)    (94.826, 95.081)    (95.081, 95.336)    (95.336, 96.156)    (96.156, 96.306)    (96.306, 96.656)    (96.656, 96.966)    (96.966, 98.058)   
Token Types      : 1                   1                   1                   1                   1                   1                   1                   1                   1                   1                   1                   1                   1                   1                   1                  
turn_ids         : 82516522303497      82516522303497      82516522303497      82516522303497      82516522303497      82516522303497      82516522303497      82516522303497      82516522303497      82516522303497      82516522303497      82516522303497      82516522303497      82516522303497      82516522303497     
turn_end_types   : 1                   1                   1                   1                   1                   1                   1                   1                   1                   1                   1                   1                   1                   1                   1                  
speaker_ids      : 2                   2                   2                   2                   2                   2                   2                   2                   2                   2                   2                   2                   2                   2                   2                  


A                : <emp>               <emp>               <emp>               <emp>               <emp>               <emp>               <emp>               <emp>               <emp>               <emp>               <emp>               <emp>               <emp>               <emp>               <emp>              
Timings          : (98.166, 98.336)    (98.336, 98.526)    (98.526, 98.746)    (98.746, 98.896)    (98.896, 99.256)    (99.256, 99.376)    (99.376, 99.436)    (99.436, 99.536)    (99.536, 99.946)    (99.946, 100.006)   (100.006, 100.166)  (100.166, 100.796)  (101.327, 101.574)  (101.574, 101.684)  (101.684, 101.854) 
Token Types      : 0                   0                   0                   0                   0                   0                   0                   0                   0                   0                   0                   0                   0                   0                   0                  
turn_ids         : 0                   0                   0                   0                   0                   0                   0                   0                   0                   0                   0                   0                   0                   0                   0                  
turn_end_types   : 0                   0                   0                   0                   0                   0                   0                   0                   0                   0                   0                   0                   0                   0                   0                  
speaker_ids      : 0                   0                   0                   0                   0                   0                   0                   0                   0                   0                   0                   0                   0                   0                   0                  

B                : Ġwhich              Ġthey               Ġhave               Ġto                 Ġbuild              Ġin                 Ġto                 Ġthe                Ġprice              Ġof                 Ġtheir              Ġproduct            Ġwhereas            Ġif                 Ġyou               
Timings          : (98.166, 98.336)    (98.336, 98.526)    (98.526, 98.746)    (98.746, 98.896)    (98.896, 99.256)    (99.256, 99.376)    (99.376, 99.436)    (99.436, 99.536)    (99.536, 99.946)    (99.946, 100.006)   (100.006, 100.166)  (100.166, 100.796)  (101.327, 101.574)  (101.574, 101.684)  (101.684, 101.854) 
Token Types      : 1                   1                   1                   1                   1                   1                   1                   1                   1                   1                   1                   1                   1                   1                   1                  
turn_ids         : 82516522303497      82516522303497      82516522303497      82516522303497      82516522303497      82516522303497      82516522303497      82516522303497      82516522303497      82516522303497      82516522303497      82516522303497      82516522303497      82516522303497      82516522303497     
turn_end_types   : 1                   1                   1                   1                   1                   1                   1                   1                   1                   1                   1                   1                   1                   1                   1                  
speaker_ids      : 2                   2                   2                   2                   2                   2                   2                   2                   2                   2                   2                   2                   2                   2                   2                  


A                : <emp>               <emp>               <emp>               <emp>               <emp>               <emp>               <emp>               <emp>               <emp>               <emp>               <emp>               <emp>               <emp>               <emp>               <emp>              
Timings          : (101.854, 102.014)  (102.014, 102.134)  (102.134, 102.408)  (102.518, 102.824)  (102.824, 102.884)  (102.884, 103.044)  (103.044, 103.494)  (103.494, 103.854)  (103.854, 104.069)  (104.069, 104.284)  (104.284, 104.384)  (104.384, 104.744)  (104.744, 104.834)  (104.834, 104.916)  (104.995, 105.454) 
Token Types      : 0                   0                   0                   0                   0                   0                   0                   0                   0                   0                   0                   0                   0                   0                   0                  
turn_ids         : 0                   0                   0                   0                   0                   0                   0                   0                   0                   0                   0                   0                   0                   0                   0                  
turn_end_types   : 0                   0                   0                   0                   0                   0                   0                   0                   0                   0                   0                   0                   0                   0                   0                  
speaker_ids      : 0                   0                   0                   0                   0                   0                   0                   0                   0                   0                   0                   0                   0                   0                   0                  

B                : Ġgo                 Ġto                 Ġsome               Ġone                Ġof                 Ġthese              Ġoverseas           Ġcountries          Ġj                  apan                Ġfor                Ġexample            Ġwhere              Ġthe                Ġgovernment        
Timings          : (101.854, 102.014)  (102.014, 102.134)  (102.134, 102.408)  (102.518, 102.824)  (102.824, 102.884)  (102.884, 103.044)  (103.044, 103.494)  (103.494, 103.854)  (103.854, 104.069)  (104.069, 104.284)  (104.284, 104.384)  (104.384, 104.744)  (104.744, 104.834)  (104.834, 104.916)  (104.995, 105.454) 
Token Types      : 1                   1                   1                   1                   1                   1                   1                   1                   1                   1                   1                   1                   1                   1                   1                  
turn_ids         : 82516522303497      82516522303497      82516522303497      82516522303497      82516522303497      82516522303497      82516522303497      82516522303497      82516522303497      82516522303497      82516522303497      82516522303497      82516522303497      82516522303497      82516522303497     
turn_end_types   : 1                   1                   1                   1                   1                   1                   1                   1                   1                   1                   1                   1                   1                   1                   1                  
speaker_ids      : 2                   2                   2                   2                   2                   2                   2                   2                   2                   2                   2                   2                   2                   2                   2                  


A                : <emp>               <emp>               <emp>               <emp>               Ġum                 hum                 <ebc>               <emp>               <emp>               <emp>               <emp>               <emp>               <emp>               <emp>               <emp>              
Timings          : (105.454, 105.894)  (105.894, 106.224)  (106.224, 106.394)  (106.394, 106.74)   (107.033, 107.2)    (107.2, 107.367)    (-1.0, -1.0)        (108.237, 108.357)  (108.357, 108.402)  (108.402, 108.447)  (108.447, 108.537)  (108.537, 108.637)  (108.637, 108.877)  (108.877, 109.037)  (109.037, 109.167) 
Token Types      : 0                   0                   0                   0                   3                   3                   3                   0                   0                   0                   0                   0                   0                   0                   0                  
turn_ids         : 0                   0                   0                   0                   82518132916230      82518132916230      82518132916230      0                   0                   0                   0                   0                   0                   0                   0                  
turn_end_types   : 0                   0                   0                   0                   0                   0                   0                   0                   0                   0                   0                   0                   0                   0                   0                  
speaker_ids      : 0                   0                   0                   0                   1                   1                   1                   0                   0                   0                   0                   0                   0                   0                   0                  

B                : Ġpays               Ġall                Ġof                 Ġthat               <emp>               <emp>               Ġthe                Ġyou                Ġdon                't                  Ġhave               Ġto                 Ġbuild              Ġthat               Ġin                
Timings          : (105.454, 105.894)  (105.894, 106.224)  (106.224, 106.394)  (106.394, 106.74)   (107.033, 107.2)    (107.2, 107.367)    (108.068, 108.237)  (108.237, 108.357)  (108.357, 108.402)  (108.402, 108.447)  (108.447, 108.537)  (108.537, 108.637)  (108.637, 108.877)  (108.877, 109.037)  (109.037, 109.167) 
Token Types      : 1                   1                   1                   1                   1                   1                   1                   1                   1                   1                   1                   1                   1                   1                   1                  
turn_ids         : 82516522303497      82516522303497      82516522303497      82516522303497      82516522303497      82516522303497      82516522303497      82516522303497      82516522303497      82516522303497      82516522303497      82516522303497      82516522303497      82516522303497      82516522303497     
turn_end_types   : 1                   1                   1                   1                   1                   1                   1                   1                   1                   1                   1                   1                   1                   1                   1                  
speaker_ids      : 2                   2                   2                   2                   2                   2                   2                   2                   2                   2                   2                   2                   2                   2                   2                  


A                : <emp>               <emp>               <emp>               <emp>               <emp>               <emp>               <emp>               <emp>               <emp>               <emp>               <emp>               <emp>               <emp>               <emp>               <emp>              
Timings          : (109.167, 109.227)  (109.227, 109.327)  (109.327, 109.747)  (109.747, 109.825)  (109.825, 109.945)  (109.996, 110.52)   (110.742, 111.154)  (111.215, 111.297)  (111.297, 111.617)  (111.617, 111.897)  (111.897, 112.02)   (112.02, 112.242)   (112.242, 112.417)  (112.417, 112.567)  (112.567, 112.737) 
Token Types      : 0                   0                   0                   0                   0                   0                   0                   0                   0                   0                   0                   0                   0                   0                   0                  
turn_ids         : 0                   0                   0                   0                   0                   0                   0                   0                   0                   0                   0                   0                   0                   0                   0                  
turn_end_types   : 0                   0                   0                   0                   0                   0                   0                   0                   0                   0                   0                   0                   0                   0                   0                  
speaker_ids      : 0                   0                   0                   0                   0                   0                   0                   0                   0                   0                   0                   0                   0                   0                   0                  

B                : Ġto                 Ġthe                Ġcost               Ġof                 Ġthe                Ġproduct            Ġum                 Ġthey               Ġusually            Ġnail               Ġthe                Ġproduct            Ġyou                Ġknow               Ġyou               
Timings          : (109.167, 109.227)  (109.227, 109.327)  (109.327, 109.747)  (109.747, 109.825)  (109.825, 109.945)  (109.996, 110.52)   (110.742, 111.154)  (111.215, 111.297)  (111.297, 111.617)  (111.617, 111.897)  (111.897, 112.02)   (112.02, 112.242)   (112.242, 112.417)  (112.417, 112.567)  (112.567, 112.737) 
Token Types      : 1                   1                   1                   1                   1                   1                   1                   1                   1                   1                   1                   1                   1                   1                   1                  
turn_ids         : 82516522303497      82516522303497      82516522303497      82516522303497      82516522303497      82516522303497      82516522303497      82516522303497      82516522303497      82516522303497      82516522303497      82516522303497      82516522303497      82516522303497      82516522303497     
turn_end_types   : 1                   1                   1                   1                   1                   1                   1                   1                   1                   1                   1                   1                   1                   1                   1                  
speaker_ids      : 2                   2                   2                   2                   2                   2                   2                   2                   2                   2                   2                   2                   2                   2                   2                  


A                : <emp>               <emp>               <emp>               <emp>               <emp>               <emp>               <emp>               <emp>               <emp>               <emp>               <emp>               <emp>               <emp>               <emp>               <emp>              
Timings          : (112.737, 113.157)  (113.157, 113.38)   (113.531, 113.707)  (113.707, 113.807)  (113.807, 114.57)   (115.257, 115.76)   (115.76, 116.183)   (116.292, 116.872)  (116.872, 117.003)  (117.067, 117.663)  (118.201, 118.658)  (118.658, 119.11)   (119.653, 119.908)  (119.908, 120.148)  (120.148, 120.998) 
Token Types      : 0                   0                   0                   0                   0                   0                   0                   0                   0                   0                   0                   0                   0                   0                   0                  
turn_ids         : 0                   0                   0                   0                   0                   0                   0                   0                   0                   0                   0                   0                   0                   0                   0                  
turn_end_types   : 0                   0                   0                   0                   0                   0                   0                   0                   0                   0                   0                   0                   0                   0                   0                  
speaker_ids      : 0                   0                   0                   0                   0                   0                   0                   0                   0                   0                   0                   0                   0                   0                   0                  

B                : Ġpay                Ġas                 Ġas                 Ġan                 Ġindividual         Ġversus             Ġum                 Ġhaving             Ġa                  Ġcompany            Ġdragged            Ġdown               Ġby                 Ġthese              Ġinsane            
Timings          : (112.737, 113.157)  (113.157, 113.38)   (113.531, 113.707)  (113.707, 113.807)  (113.807, 114.57)   (115.257, 115.76)   (115.76, 116.183)   (116.292, 116.872)  (116.872, 117.003)  (117.067, 117.663)  (118.201, 118.658)  (118.658, 119.11)   (119.653, 119.908)  (119.908, 120.148)  (120.148, 120.998) 
Token Types      : 1                   1                   1                   1                   1                   1                   1                   1                   1                   1                   1                   1                   1                   1                   1                  
turn_ids         : 82516522303497      82516522303497      82516522303497      82516522303497      82516522303497      82516522303497      82516522303497      82516522303497      82516522303497      82516522303497      82516522303497      82516522303497      82516522303497      82516522303497      82516522303497     
turn_end_types   : 1                   1                   1                   1                   1                   1                   1                   1                   1                   1                   1                   1                   1                   1                   1                  
speaker_ids      : 2                   2                   2                   2                   2                   2                   2                   2                   2                   2                   2                   2                   2                   2                   2                  


A                : <emp>               <emp>               <emp>               <emp>               <emp>               <emp>               <emp>               <emp>               <emp>               <emp>               <emp>               <emp>               <emp>               <emp>               <emp>              
Timings          : (120.998, 121.308)  (121.308, 121.568)  (121.568, 122.198)  (122.683, 122.887)  (122.887, 123.047)  (123.047, 123.367)  (123.367, 123.573)  (123.89, 123.997)   (123.997, 124.222)  (124.222, 124.659)  (124.659, 124.897)  (124.897, 125.147)  (125.147, 125.407)  (125.407, 125.847)  (125.847, 125.937) 
Token Types      : 0                   0                   0                   0                   0                   0                   0                   0                   0                   0                   0                   0                   0                   0                   0                  
turn_ids         : 0                   0                   0                   0                   0                   0                   0                   0                   0                   0                   0                   0                   0                   0                   0                  
turn_end_types   : 0                   0                   0                   0                   0                   0                   0                   0                   0                   0                   0                   0                   0                   0                   0                  
speaker_ids      : 0                   0                   0                   0                   0                   0                   0                   0                   0                   0                   0                   0                   0                   0                   0                  

B                : Ġhealth             Ġcare               Ġcosts              Ġand                Ġi                  Ġthink              Ġthat               Ġwe                 Ġshould             Ġhave               Ġa                  Ġhealth             Ġcare               Ġsystem             Ġin                
Timings          : (120.998, 121.308)  (121.308, 121.568)  (121.568, 122.198)  (122.683, 122.887)  (122.887, 123.047)  (123.047, 123.367)  (123.367, 123.573)  (123.89, 123.997)   (123.997, 124.222)  (124.222, 124.659)  (124.659, 124.897)  (124.897, 125.147)  (125.147, 125.407)  (125.407, 125.847)  (125.847, 125.937) 
Token Types      : 1                   1                   1                   1                   1                   1                   1                   1                   1                   1                   1                   1                   1                   1                   1                  
turn_ids         : 82516522303497      82516522303497      82516522303497      82516522303497      82516522303497      82516522303497      82516522303497      82516522303497      82516522303497      82516522303497      82516522303497      82516522303497      82516522303497      82516522303497      82516522303497     
turn_end_types   : 1                   1                   1                   1                   1                   1                   1                   1                   1                   1                   1                   1                   1                   1                   1                  
speaker_ids      : 2                   2                   2                   2                   2                   2                   2                   2                   2                   2                   2                   2                   2                   2                   2                  


A                : <emp>               <emp>               <emp>               <emp>               <emp>               <emp>               <emp>               <emp>               <emp>               <emp>               <emp>               <emp>               <emp>               Ġi                  Ġagree             
Timings          : (125.937, 126.097)  (126.097, 126.497)  (126.497, 126.705)  (126.957, 127.616)  (128.023, 128.307)  (128.307, 128.507)  (128.507, 128.997)  (128.997, 129.317)  (129.855, 130.187)  (130.187, 130.397)  (130.397, 130.607)  (130.607, 130.708)  (131.01, 131.646)   (132.914, 133.024)  (133.024, 133.294) 
Token Types      : 0                   0                   0                   0                   0                   0                   0                   0                   0                   0                   0                   0                   0                   1                   1                  
turn_ids         : 0                   0                   0                   0                   0                   0                   0                   0                   0                   0                   0                   0                   0                   82515985432586      82515985432586     
turn_end_types   : 0                   0                   0                   0                   0                   0                   0                   0                   0                   0                   0                   0                   0                   1                   1                  
speaker_ids      : 0                   0                   0                   0                   0                   0                   0                   0                   0                   0                   0                   0                   0                   1                   1                  

B                : Ġthis               Ġcountry            Ġthat               Ġeverybody          Ġcan                Ġget                Ġaccess             Ġto                 Ġand                Ġuh                 Ġhave               Ġit                 Ġuniversal          <eot>               <emp>              
Timings          : (125.937, 126.097)  (126.097, 126.497)  (126.497, 126.705)  (126.957, 127.616)  (128.023, 128.307)  (128.307, 128.507)  (128.507, 128.997)  (128.997, 129.317)  (129.855, 130.187)  (130.187, 130.397)  (130.397, 130.607)  (130.607, 130.708)  (131.01, 131.646)   (-1.0, -1.0)        (133.024, 133.294) 
Token Types      : 1                   1                   1                   1                   1                   1                   1                   1                   1                   1                   1                   1                   1                   1                   0                  
turn_ids         : 82516522303497      82516522303497      82516522303497      82516522303497      82516522303497      82516522303497      82516522303497      82516522303497      82516522303497      82516522303497      82516522303497      82516522303497      82516522303497      82516522303497      0                  
turn_end_types   : 1                   1                   1                   1                   1                   1                   1                   1                   1                   1                   1                   1                   1                   1                   0                  
speaker_ids      : 2                   2                   2                   2                   2                   2                   2                   2                   2                   2                   2                   2                   2                   2                   0                  


A                : Ġthere              Ġbecause            Ġi                  Ġyou                Ġknow               Ġs                  aturday             Ġafternoon          Ġyou                're                 Ġplaying            Ġbaseball           Ġand                Ġyou                Ġbreak             
Timings          : (133.294, 133.577)  (133.648, 133.814)  (133.814, 133.914)  (133.914, 134.094)  (134.094, 134.273)  (134.763, 134.938)  (134.938, 135.114)  (135.114, 135.404)  (135.404, 135.449)  (135.449, 135.494)  (135.494, 135.734)  (135.734, 136.154)  (136.154, 136.244)  (136.244, 136.314)  (136.314, 136.544) 
Token Types      : 1                   1                   1                   1                   1                   1                   1                   1                   1                   1                   1                   1                   1                   1                   1                  
turn_ids         : 82515985432586      82515985432586      82515985432586      82515985432586      82515985432586      82515985432586      82515985432586      82515985432586      82515985432586      82515985432586      82515985432586      82515985432586      82515985432586      82515985432586      82515985432586     
turn_end_types   : 1                   1                   1                   1                   1                   1                   1                   1                   1                   1                   1                   1                   1                   1                   1                  
speaker_ids      : 1                   1                   1                   1                   1                   1                   1                   1                   1                   1                   1                   1                   1                   1                   1                  

B                : <emp>               <emp>               <emp>               <emp>               <emp>               <emp>               <emp>               <emp>               <emp>               <emp>               <emp>               <emp>               <emp>               <emp>               <emp>              
Timings          : (133.294, 133.577)  (133.648, 133.814)  (133.814, 133.914)  (133.914, 134.094)  (134.094, 134.273)  (134.763, 134.938)  (134.938, 135.114)  (135.114, 135.404)  (135.404, 135.449)  (135.449, 135.494)  (135.494, 135.734)  (135.734, 136.154)  (136.154, 136.244)  (136.244, 136.314)  (136.314, 136.544) 
Token Types      : 0                   0                   0                   0                   0                   0                   0                   0                   0                   0                   0                   0                   0                   0                   0                  
turn_ids         : 0                   0                   0                   0                   0                   0                   0                   0                   0                   0                   0                   0                   0                   0                   0                  
turn_end_types   : 0                   0                   0                   0                   0                   0                   0                   0                   0                   0                   0                   0                   0                   0                   0                  
speaker_ids      : 0                   0                   0                   0                   0                   0                   0                   0                   0                   0                   0                   0                   0                   0                   0                  


A                : Ġyour               Ġarm                Ġyou                Ġdon                't                  Ġknow               Ġwhat               Ġit                 's                  Ġgoing              Ġto                 Ġcost               Ġyou                Ġfor                Ġthe               
Timings          : (136.544, 136.684)  (136.684, 136.904)  (136.904, 136.964)  (136.964, 137.059)  (137.059, 137.154)  (137.154, 137.234)  (137.234, 137.331)  (137.331, 137.379)  (137.379, 137.426)  (137.426, 137.594)  (137.594, 137.616)  (137.616, 137.918)  (137.918, 138.068)  (138.068, 138.155)  (138.155, 138.264) 
Token Types      : 1                   1                   1                   1                   1                   1                   1                   1                   1                   1                   1                   1                   1                   1                   1                  
turn_ids         : 82515985432586      82515985432586      82515985432586      82515985432586      82515985432586      82515985432586      82515985432586      82515985432586      82515985432586      82515985432586      82515985432586      82515985432586      82515985432586      82515985432586      82515985432586     
turn_end_types   : 1                   1                   1                   1                   1                   1                   1                   1                   1                   1                   1                   1                   1                   1                   1                  
speaker_ids      : 1                   1                   1                   1                   1                   1                   1                   1                   1                   1                   1                   1                   1                   1                   1                  

B                : <emp>               <emp>               <emp>               <emp>               <emp>               <emp>               <emp>               <emp>               <emp>               <emp>               <emp>               <emp>               <emp>               <emp>               <emp>              
Timings          : (136.544, 136.684)  (136.684, 136.904)  (136.904, 136.964)  (136.964, 137.059)  (137.059, 137.154)  (137.154, 137.234)  (137.234, 137.331)  (137.331, 137.379)  (137.379, 137.426)  (137.426, 137.594)  (137.594, 137.616)  (137.616, 137.918)  (137.918, 138.068)  (138.068, 138.155)  (138.155, 138.264) 
Token Types      : 0                   0                   0                   0                   0                   0                   0                   0                   0                   0                   0                   0                   0                   0                   0                  
turn_ids         : 0                   0                   0                   0                   0                   0                   0                   0                   0                   0                   0                   0                   0                   0                   0                  
turn_end_types   : 0                   0                   0                   0                   0                   0                   0                   0                   0                   0                   0                   0                   0                   0                   0                  
speaker_ids      : 0                   0                   0                   0                   0                   0                   0                   0                   0                   0                   0                   0                   0                   0                   0                  


A                : Ġx                  rays                Ġand                Ġeverything         Ġelse               Ġlike               Ġthat               Ġif                 Ġyou                Ġdon                't                  Ġhave               Ġsome               Ġtype               Ġof                
Timings          : (138.264, 138.494)  (138.494, 138.724)  (138.724, 138.814)  (138.814, 139.064)  (139.064, 139.264)  (139.264, 139.464)  (139.464, 139.634)  (139.634, 139.704)  (139.704, 139.774)  (139.774, 139.844)  (139.844, 139.914)  (139.914, 140.064)  (140.064, 140.194)  (140.194, 140.434)  (140.434, 140.594) 
Token Types      : 1                   1                   1                   1                   1                   1                   1                   1                   1                   1                   1                   1                   1                   1                   1                  
turn_ids         : 82515985432586      82515985432586      82515985432586      82515985432586      82515985432586      82515985432586      82515985432586      82515985432586      82515985432586      82515985432586      82515985432586      82515985432586      82515985432586      82515985432586      82515985432586     
turn_end_types   : 1                   1                   1                   1                   1                   1                   1                   1                   1                   1                   1                   1                   1                   1                   1                  
speaker_ids      : 1                   1                   1                   1                   1                   1                   1                   1                   1                   1                   1                   1                   1                   1                   1                  

B                : <emp>               <emp>               <emp>               <emp>               <emp>               <emp>               <emp>               <emp>               <emp>               <emp>               <emp>               <emp>               <emp>               <emp>               <emp>              
Timings          : (138.264, 138.494)  (138.494, 138.724)  (138.724, 138.814)  (138.814, 139.064)  (139.064, 139.264)  (139.264, 139.464)  (139.464, 139.634)  (139.634, 139.704)  (139.704, 139.774)  (139.774, 139.844)  (139.844, 139.914)  (139.914, 140.064)  (140.064, 140.194)  (140.194, 140.434)  (140.434, 140.594) 
Token Types      : 0                   0                   0                   0                   0                   0                   0                   0                   0                   0                   0                   0                   0                   0                   0                  
turn_ids         : 0                   0                   0                   0                   0                   0                   0                   0                   0                   0                   0                   0                   0                   0                   0                  
turn_end_types   : 0                   0                   0                   0                   0                   0                   0                   0                   0                   0                   0                   0                   0                   0                   0                  
speaker_ids      : 0                   0                   0                   0                   0                   0                   0                   0                   0                   0                   0                   0                   0                   0                   0                  


A                : Ġhealth             Ġplan               Ġthat               Ġyou                Ġcan                Ġafford             Ġand                Ġi                  'm                  Ġsure               Ġthere              's                  Ġa                  Ġlot                Ġof                
Timings          : (140.994, 141.184)  (141.184, 141.524)  (141.524, 141.694)  (141.694, 141.784)  (141.784, 141.934)  (141.934, 142.452)  (143.0, 143.087)    (143.087, 143.153)  (143.153, 143.219)  (143.219, 143.439)  (143.439, 143.519)  (143.519, 143.599)  (143.599, 143.649)  (143.649, 143.849)  (143.849, 143.929) 
Token Types      : 1                   1                   1                   1                   1                   1                   1                   1                   1                   1                   1                   1                   1                   1                   1                  
turn_ids         : 82515985432586      82515985432586      82515985432586      82515985432586      82515985432586      82515985432586      82515985432586      82515985432586      82515985432586      82515985432586      82515985432586      82515985432586      82515985432586      82515985432586      82515985432586     
turn_end_types   : 1                   1                   1                   1                   1                   1                   1                   1                   1                   1                   1                   1                   1                   1                   1                  
speaker_ids      : 1                   1                   1                   1                   1                   1                   1                   1                   1                   1                   1                   1                   1                   1                   1                  

B                : <emp>               <emp>               <emp>               <emp>               <emp>               <emp>               <emp>               <emp>               <emp>               <emp>               <emp>               <emp>               <emp>               <emp>               <emp>              
Timings          : (140.994, 141.184)  (141.184, 141.524)  (141.524, 141.694)  (141.694, 141.784)  (141.784, 141.934)  (141.934, 142.452)  (143.0, 143.087)    (143.087, 143.153)  (143.153, 143.219)  (143.219, 143.439)  (143.439, 143.519)  (143.519, 143.599)  (143.599, 143.649)  (143.649, 143.849)  (143.849, 143.929) 
Token Types      : 0                   0                   0                   0                   0                   0                   0                   0                   0                   0                   0                   0                   0                   0                   0                  
turn_ids         : 0                   0                   0                   0                   0                   0                   0                   0                   0                   0                   0                   0                   0                   0                   0                  
turn_end_types   : 0                   0                   0                   0                   0                   0                   0                   0                   0                   0                   0                   0                   0                   0                   0                  
speaker_ids      : 0                   0                   0                   0                   0                   0                   0                   0                   0                   0                   0                   0                   0                   0                   0                  


A                : Ġpeople             Ġthat               Ġlive               Ġpaycheck           Ġto                 Ġpaycheck           Ġto                 Ġwhere              Ġthey               Ġcannot             Ġand                Ġafford             Ġfifty              Ġbucks              Ġevery             
Timings          : (143.929, 144.319)  (144.319, 144.499)  (144.499, 144.629)  (144.629, 145.019)  (145.019, 145.099)  (145.099, 145.589)  (145.589, 145.679)  (145.679, 145.849)  (145.849, 145.979)  (145.979, 146.671)  (147.773, 147.905)  (147.905, 148.289)  (148.289, 148.549)  (148.549, 148.829)  (148.829, 148.989) 
Token Types      : 1                   1                   1                   1                   1                   1                   1                   1                   1                   1                   1                   1                   1                   1                   1                  
turn_ids         : 82515985432586      82515985432586      82515985432586      82515985432586      82515985432586      82515985432586      82515985432586      82515985432586      82515985432586      82515985432586      82515985432586      82515985432586      82515985432586      82515985432586      82515985432586     
turn_end_types   : 1                   1                   1                   1                   1                   1                   1                   1                   1                   1                   1                   1                   1                   1                   1                  
speaker_ids      : 1                   1                   1                   1                   1                   1                   1                   1                   1                   1                   1                   1                   1                   1                   1                  

B                : <emp>               <emp>               <emp>               <emp>               <emp>               <emp>               <emp>               <emp>               <emp>               <emp>               <emp>               <emp>               <emp>               <emp>               <emp>              
Timings          : (143.929, 144.319)  (144.319, 144.499)  (144.499, 144.629)  (144.629, 145.019)  (145.019, 145.099)  (145.099, 145.589)  (145.589, 145.679)  (145.679, 145.849)  (145.849, 145.979)  (145.979, 146.671)  (147.773, 147.905)  (147.905, 148.289)  (148.289, 148.549)  (148.549, 148.829)  (148.829, 148.989) 
Token Types      : 0                   0                   0                   0                   0                   0                   0                   0                   0                   0                   0                   0                   0                   0                   0                  
turn_ids         : 0                   0                   0                   0                   0                   0                   0                   0                   0                   0                   0                   0                   0                   0                   0                  
turn_end_types   : 0                   0                   0                   0                   0                   0                   0                   0                   0                   0                   0                   0                   0                   0                   0                  
speaker_ids      : 0                   0                   0                   0                   0                   0                   0                   0                   0                   0                   0                   0                   0                   0                   0                  


A                : Ġpaycheck           Ġfor                Ġa                  Ġhealth             Ġinsurance          Ġplan               Ġand                Ġi                  Ġknow               Ġi                  Ġand                Ġwhen               Ġi                  Ġwas                Ġin                
Timings          : (148.989, 149.429)  (149.429, 149.589)  (149.589, 149.649)  (149.649, 149.849)  (149.849, 150.226)  (150.304, 150.63)   (151.4, 151.617)    (151.617, 151.751)  (151.751, 151.934)  (151.934, 152.019)  (152.019, 152.289)  (152.289, 152.419)  (152.419, 152.449)  (152.449, 152.589)  (152.589, 152.689) 
Token Types      : 1                   1                   1                   1                   1                   1                   1                   1                   1                   1                   1                   1                   1                   1                   1                  
turn_ids         : 82515985432586      82515985432586      82515985432586      82515985432586      82515985432586      82515985432586      82515985432586      82515985432586      82515985432586      82515985432586      82515985432586      82515985432586      82515985432586      82515985432586      82515985432586     
turn_end_types   : 1                   1                   1                   1                   1                   1                   1                   1                   1                   1                   1                   1                   1                   1                   1                  
speaker_ids      : 1                   1                   1                   1                   1                   1                   1                   1                   1                   1                   1                   1                   1                   1                   1                  

B                : <emp>               <emp>               <emp>               <emp>               <emp>               <emp>               <emp>               <emp>               <emp>               <emp>               <emp>               <emp>               <emp>               <emp>               <emp>              
Timings          : (148.989, 149.429)  (149.429, 149.589)  (149.589, 149.649)  (149.649, 149.849)  (149.849, 150.226)  (150.304, 150.63)   (151.4, 151.617)    (151.617, 151.751)  (151.751, 151.934)  (151.934, 152.019)  (152.019, 152.289)  (152.289, 152.419)  (152.419, 152.449)  (152.449, 152.589)  (152.589, 152.689) 
Token Types      : 0                   0                   0                   0                   0                   0                   0                   0                   0                   0                   0                   0                   0                   0                   0                  
turn_ids         : 0                   0                   0                   0                   0                   0                   0                   0                   0                   0                   0                   0                   0                   0                   0                  
turn_end_types   : 0                   0                   0                   0                   0                   0                   0                   0                   0                   0                   0                   0                   0                   0                   0                  
speaker_ids      : 0                   0                   0                   0                   0                   0                   0                   0                   0                   0                   0                   0                   0                   0                   0                  


A                : Ġg                  erman               y                   Ġi                  Ġwas                Ġin                 Ġthe                Ġservice            Ġbut                Ġat                 Ġthe                Ġsame               Ġtime               Ġthere              Ġwas               
Timings          : (152.689, 152.842)  (152.842, 152.996)  (152.996, 153.149)  (153.149, 153.189)  (153.189, 153.319)  (153.319, 153.409)  (153.409, 153.469)  (153.469, 153.972)  (154.062, 154.219)  (154.219, 154.309)  (154.309, 154.409)  (154.409, 154.709)  (154.709, 155.106)  (155.686, 155.789)  (155.789, 155.904) 
Token Types      : 1                   1                   1                   1                   1                   1                   1                   1                   1                   1                   1                   1                   1                   1                   1                  
turn_ids         : 82515985432586      82515985432586      82515985432586      82515985432586      82515985432586      82515985432586      82515985432586      82515985432586      82515985432586      82515985432586      82515985432586      82515985432586      82515985432586      82515985432586      82515985432586     
turn_end_types   : 1                   1                   1                   1                   1                   1                   1                   1                   1                   1                   1                   1                   1                   1                   1                  
speaker_ids      : 1                   1                   1                   1                   1                   1                   1                   1                   1                   1                   1                   1                   1                   1                   1                  

B                : <emp>               <emp>               <emp>               <emp>               <emp>               <emp>               <emp>               <emp>               <emp>               <emp>               <emp>               <emp>               <emp>               <emp>               <emp>              
Timings          : (152.689, 152.842)  (152.842, 152.996)  (152.996, 153.149)  (153.149, 153.189)  (153.189, 153.319)  (153.319, 153.409)  (153.409, 153.469)  (153.469, 153.972)  (154.062, 154.219)  (154.219, 154.309)  (154.309, 154.409)  (154.409, 154.709)  (154.709, 155.106)  (155.686, 155.789)  (155.789, 155.904) 
Token Types      : 0                   0                   0                   0                   0                   0                   0                   0                   0                   0                   0                   0                   0                   0                   0                  
turn_ids         : 0                   0                   0                   0                   0                   0                   0                   0                   0                   0                   0                   0                   0                   0                   0                  
turn_end_types   : 0                   0                   0                   0                   0                   0                   0                   0                   0                   0                   0                   0                   0                   0                   0                  
speaker_ids      : 0                   0                   0                   0                   0                   0                   0                   0                   0                   0                   0                   0                   0                   0                   0                  


A                : Ġan                 Ġagreement          Ġthat               Ġif                 Ġyou                Ġwent               Ġto                 Ġa                  Ġhospital           Ġthere              Ġin                 Ġg                  erman               y                   Ġthat              
Timings          : (155.904, 155.995)  (155.995, 156.529)  (156.529, 156.779)  (156.779, 156.899)  (156.899, 156.969)  (156.969, 157.119)  (157.119, 157.219)  (157.219, 157.279)  (157.279, 157.679)  (157.679, 157.839)  (157.839, 157.899)  (157.899, 158.032)  (158.032, 158.166)  (158.166, 158.299)  (158.299, 158.469) 
Token Types      : 1                   1                   1                   1                   1                   1                   1                   1                   1                   1                   1                   1                   1                   1                   1                  
turn_ids         : 82515985432586      82515985432586      82515985432586      82515985432586      82515985432586      82515985432586      82515985432586      82515985432586      82515985432586      82515985432586      82515985432586      82515985432586      82515985432586      82515985432586      82515985432586     
turn_end_types   : 1                   1                   1                   1                   1                   1                   1                   1                   1                   1                   1                   1                   1                   1                   1                  
speaker_ids      : 1                   1                   1                   1                   1                   1                   1                   1                   1                   1                   1                   1                   1                   1                   1                  

B                : <emp>               <emp>               <emp>               <emp>               <emp>               <emp>               <emp>               <emp>               <emp>               <emp>               <emp>               <emp>               <emp>               <emp>               <emp>              
Timings          : (155.904, 155.995)  (155.995, 156.529)  (156.529, 156.779)  (156.779, 156.899)  (156.899, 156.969)  (156.969, 157.119)  (157.119, 157.219)  (157.219, 157.279)  (157.279, 157.679)  (157.679, 157.839)  (157.839, 157.899)  (157.899, 158.032)  (158.032, 158.166)  (158.166, 158.299)  (158.299, 158.469) 
Token Types      : 0                   0                   0                   0                   0                   0                   0                   0                   0                   0                   0                   0                   0                   0                   0                  
turn_ids         : 0                   0                   0                   0                   0                   0                   0                   0                   0                   0                   0                   0                   0                   0                   0                  
turn_end_types   : 0                   0                   0                   0                   0                   0                   0                   0                   0                   0                   0                   0                   0                   0                   0                  
speaker_ids      : 0                   0                   0                   0                   0                   0                   0                   0                   0                   0                   0                   0                   0                   0                   0                  


A                : Ġthey               Ġknew               Ġthey               Ġcould              Ġbill               Ġuncle              Ġsam                Ġfor                Ġthat               Ġhospital           Ġcare               Ġso                 Ġthey               Ġdidn               't                 
Timings          : (158.469, 158.619)  (158.619, 158.789)  (158.789, 158.909)  (158.909, 159.139)  (159.139, 159.399)  (159.399, 159.599)  (159.599, 159.979)  (159.979, 160.109)  (160.109, 160.329)  (160.329, 160.749)  (160.749, 161.11)   (161.602, 161.688)  (161.688, 161.768)  (161.768, 161.843)  (161.843, 161.918) 
Token Types      : 1                   1                   1                   1                   1                   1                   1                   1                   1                   1                   1                   1                   1                   1                   1                  
turn_ids         : 82515985432586      82515985432586      82515985432586      82515985432586      82515985432586      82515985432586      82515985432586      82515985432586      82515985432586      82515985432586      82515985432586      82515985432586      82515985432586      82515985432586      82515985432586     
turn_end_types   : 1                   1                   1                   1                   1                   1                   1                   1                   1                   1                   1                   1                   1                   1                   1                  
speaker_ids      : 1                   1                   1                   1                   1                   1                   1                   1                   1                   1                   1                   1                   1                   1                   1                  

B                : <emp>               <emp>               <emp>               <emp>               <emp>               <emp>               <emp>               <emp>               <emp>               <emp>               <emp>               <emp>               <emp>               <emp>               <emp>              
Timings          : (158.469, 158.619)  (158.619, 158.789)  (158.789, 158.909)  (158.909, 159.139)  (159.139, 159.399)  (159.399, 159.599)  (159.599, 159.979)  (159.979, 160.109)  (160.109, 160.329)  (160.329, 160.749)  (160.749, 161.11)   (161.602, 161.688)  (161.688, 161.768)  (161.768, 161.843)  (161.843, 161.918) 
Token Types      : 0                   0                   0                   0                   0                   0                   0                   0                   0                   0                   0                   0                   0                   0                   0                  
turn_ids         : 0                   0                   0                   0                   0                   0                   0                   0                   0                   0                   0                   0                   0                   0                   0                  
turn_end_types   : 0                   0                   0                   0                   0                   0                   0                   0                   0                   0                   0                   0                   0                   0                   0                  
speaker_ids      : 0                   0                   0                   0                   0                   0                   0                   0                   0                   0                   0                   0                   0                   0                   0                  


A                : Ġgive               Ġus                 Ġany                Ġhassle             Ġmedical            Ġcare               Ġthere              Ġand                Ġmy                 Ġbrother            Ġand                Ġmy                 Ġdad                Ġare                Ġover              
Timings          : (161.918, 162.028)  (162.028, 162.158)  (162.158, 162.246)  (162.246, 162.661)  (164.078, 164.462)  (164.462, 164.74)   (164.74, 164.959)   (165.638, 165.821)  (165.821, 165.947)  (165.947, 166.177)  (166.177, 166.267)  (166.267, 166.391)  (166.391, 166.611)  (166.611, 166.683)  (166.683, 166.847) 
Token Types      : 1                   1                   1                   1                   1                   1                   1                   1                   1                   1                   1                   1                   1                   1                   1                  
turn_ids         : 82515985432586      82515985432586      82515985432586      82515985432586      82515985432586      82515985432586      82515985432586      82515985432586      82515985432586      82515985432586      82515985432586      82515985432586      82515985432586      82515985432586      82515985432586     
turn_end_types   : 1                   1                   1                   1                   1                   1                   1                   1                   1                   1                   1                   1                   1                   1                   1                  
speaker_ids      : 1                   1                   1                   1                   1                   1                   1                   1                   1                   1                   1                   1                   1                   1                   1                  

B                : <emp>               <emp>               <emp>               <emp>               <emp>               <emp>               <emp>               <emp>               <emp>               <emp>               <emp>               <emp>               <emp>               <emp>               <emp>              
Timings          : (161.918, 162.028)  (162.028, 162.158)  (162.158, 162.246)  (162.246, 162.661)  (164.078, 164.462)  (164.462, 164.74)   (164.74, 164.959)   (165.638, 165.821)  (165.821, 165.947)  (165.947, 166.177)  (166.177, 166.267)  (166.267, 166.391)  (166.391, 166.611)  (166.611, 166.683)  (166.683, 166.847) 
Token Types      : 0                   0                   0                   0                   0                   0                   0                   0                   0                   0                   0                   0                   0                   0                   0                  
turn_ids         : 0                   0                   0                   0                   0                   0                   0                   0                   0                   0                   0                   0                   0                   0                   0                  
turn_end_types   : 0                   0                   0                   0                   0                   0                   0                   0                   0                   0                   0                   0                   0                   0                   0                  
speaker_ids      : 0                   0                   0                   0                   0                   0                   0                   0                   0                   0                   0                   0                   0                   0                   0                  


A                : Ġthere              Ġand                Ġit                 's                  Ġa                  Ġgreat              Ġhealth             Ġinsurance          Ġplan               Ġfor                Ġthem               Ġi                  Ġthink              Ġthat               's                 
Timings          : (166.847, 167.017)  (167.017, 167.107)  (167.107, 167.207)  (167.207, 167.307)  (167.307, 167.367)  (167.367, 167.698)  (167.698, 167.939)  (167.939, 168.24)   (168.24, 168.469)   (168.469, 168.587)  (168.587, 168.91)   (169.49, 169.608)   (169.608, 169.744)  (169.744, 169.807)  (169.807, 169.869) 
Token Types      : 1                   1                   1                   1                   1                   1                   1                   1                   1                   1                   1                   1                   1                   1                   1                  
turn_ids         : 82515985432586      82515985432586      82515985432586      82515985432586      82515985432586      82515985432586      82515985432586      82515985432586      82515985432586      82515985432586      82515985432586      82515985432586      82515985432586      82515985432586      82515985432586     
turn_end_types   : 1                   1                   1                   1                   1                   1                   1                   1                   1                   1                   1                   1                   1                   1                   1                  
speaker_ids      : 1                   1                   1                   1                   1                   1                   1                   1                   1                   1                   1                   1                   1                   1                   1                  

B                : <emp>               <emp>               <emp>               <emp>               <emp>               <emp>               <emp>               <emp>               <emp>               <emp>               <emp>               <emp>               <emp>               <emp>               <emp>              
Timings          : (166.847, 167.017)  (167.017, 167.107)  (167.107, 167.207)  (167.207, 167.307)  (167.307, 167.367)  (167.367, 167.698)  (167.698, 167.939)  (167.939, 168.24)   (168.24, 168.469)   (168.469, 168.587)  (168.587, 168.91)   (169.49, 169.608)   (169.608, 169.744)  (169.744, 169.807)  (169.807, 169.869) 
Token Types      : 0                   0                   0                   0                   0                   0                   0                   0                   0                   0                   0                   0                   0                   0                   0                  
turn_ids         : 0                   0                   0                   0                   0                   0                   0                   0                   0                   0                   0                   0                   0                   0                   0                  
turn_end_types   : 0                   0                   0                   0                   0                   0                   0                   0                   0                   0                   0                   0                   0                   0                   0                  
speaker_ids      : 0                   0                   0                   0                   0                   0                   0                   0                   0                   0                   0                   0                   0                   0                   0                  


A                : Ġgoing              Ġto                 Ġcost               Ġus                 Ġmoney              Ġas                 Ġfar                Ġas                 Ġtaxes              Ġif                 Ġour                Ġgovernment         Ġgets               Ġinto               Ġit                
Timings          : (169.869, 169.989)  (169.989, 170.049)  (170.049, 170.419)  (170.419, 170.549)  (170.549, 170.829)  (170.829, 170.969)  (170.969, 171.139)  (171.139, 171.284)  (171.355, 171.759)  (171.759, 171.889)  (171.889, 172.029)  (172.029, 172.319)  (172.319, 172.479)  (172.479, 172.749)  (172.749, 172.869) 
Token Types      : 1                   1                   1                   1                   1                   1                   1                   1                   1                   1                   1                   1                   1                   1                   1                  
turn_ids         : 82515985432586      82515985432586      82515985432586      82515985432586      82515985432586      82515985432586      82515985432586      82515985432586      82515985432586      82515985432586      82515985432586      82515985432586      82515985432586      82515985432586      82515985432586     
turn_end_types   : 1                   1                   1                   1                   1                   1                   1                   1                   1                   1                   1                   1                   1                   1                   1                  
speaker_ids      : 1                   1                   1                   1                   1                   1                   1                   1                   1                   1                   1                   1                   1                   1                   1                  

B                : <emp>               <emp>               <emp>               <emp>               <emp>               <emp>               <emp>               <emp>               <emp>               <emp>               <emp>               <emp>               <emp>               <emp>               <emp>              
Timings          : (169.869, 169.989)  (169.989, 170.049)  (170.049, 170.419)  (170.419, 170.549)  (170.549, 170.829)  (170.829, 170.969)  (170.969, 171.139)  (171.139, 171.284)  (171.355, 171.759)  (171.759, 171.889)  (171.889, 172.029)  (172.029, 172.319)  (172.319, 172.479)  (172.479, 172.749)  (172.749, 172.869) 
Token Types      : 0                   0                   0                   0                   0                   0                   0                   0                   0                   0                   0                   0                   0                   0                   0                  
turn_ids         : 0                   0                   0                   0                   0                   0                   0                   0                   0                   0                   0                   0                   0                   0                   0                  
turn_end_types   : 0                   0                   0                   0                   0                   0                   0                   0                   0                   0                   0                   0                   0                   0                   0                  
speaker_ids      : 0                   0                   0                   0                   0                   0                   0                   0                   0                   0                   0                   0                   0                   0                   0                  


A                : Ġbecause            Ġthey               Ġall                Ġhaven              't                  Ġshown              Ġa                  Ġreal               Ġgood               Ġrecord             Ġfor                Ġmanagement         Ġof                 Ġany                Ġkind              
Timings          : (172.869, 173.123)  (173.542, 173.651)  (173.651, 173.823)  (173.823, 173.924)  (173.924, 174.026)  (174.026, 174.239)  (174.239, 174.289)  (174.289, 174.439)  (174.439, 174.589)  (174.589, 174.879)  (174.879, 174.989)  (174.989, 175.389)  (175.389, 175.459)  (175.459, 175.639)  (175.639, 175.822) 
Token Types      : 1                   1                   1                   1                   1                   1                   1                   1                   1                   1                   1                   1                   1                   1                   1                  
turn_ids         : 82515985432586      82515985432586      82515985432586      82515985432586      82515985432586      82515985432586      82515985432586      82515985432586      82515985432586      82515985432586      82515985432586      82515985432586      82515985432586      82515985432586      82515985432586     
turn_end_types   : 1                   1                   1                   1                   1                   1                   1                   1                   1                   1                   1                   1                   1                   1                   1                  
speaker_ids      : 1                   1                   1                   1                   1                   1                   1                   1                   1                   1                   1                   1                   1                   1                   1                  

B                : <emp>               <emp>               <emp>               <emp>               <emp>               <emp>               <emp>               <emp>               <emp>               <emp>               <emp>               <emp>               <emp>               <emp>               <emp>              
Timings          : (172.869, 173.123)  (173.542, 173.651)  (173.651, 173.823)  (173.823, 173.924)  (173.924, 174.026)  (174.026, 174.239)  (174.239, 174.289)  (174.289, 174.439)  (174.439, 174.589)  (174.589, 174.879)  (174.879, 174.989)  (174.989, 175.389)  (175.389, 175.459)  (175.459, 175.639)  (175.639, 175.822) 
Token Types      : 0                   0                   0                   0                   0                   0                   0                   0                   0                   0                   0                   0                   0                   0                   0                  
turn_ids         : 0                   0                   0                   0                   0                   0                   0                   0                   0                   0                   0                   0                   0                   0                   0                  
turn_end_types   : 0                   0                   0                   0                   0                   0                   0                   0                   0                   0                   0                   0                   0                   0                   0                  
speaker_ids      : 0                   0                   0                   0                   0                   0                   0                   0                   0                   0                   0                   0                   0                   0                   0                  


A                : Ġof                 Ġprogram            <eot>               <emp>               <emp>               <emp>               <emp>               <emp>               <emp>               <emp>               <emp>               <emp>               <emp>               <emp>               <emp>              
Timings          : (175.822, 175.875)  (175.875, 176.409)  (-1.0, -1.0)        (177.181, 177.438)  (177.483, 177.609)  (177.609, 177.849)  (177.849, 178.059)  (178.157, 178.397)  (178.48, 178.569)   (178.569, 178.694)  (178.694, 178.819)  (178.819, 179.049)  (179.049, 179.419)  (179.419, 179.599)  (179.599, 179.859) 
Token Types      : 1                   1                   1                   0                   0                   0                   0                   0                   0                   0                   0                   0                   0                   0                   0                  
turn_ids         : 82515985432586      82515985432586      82515985432586      0                   0                   0                   0                   0                   0                   0                   0                   0                   0                   0                   0                  
turn_end_types   : 1                   1                   1                   0                   0                   0                   0                   0                   0                   0                   0                   0                   0                   0                   0                  
speaker_ids      : 1                   1                   1                   0                   0                   0                   0                   0                   0                   0                   0                   0                   0                   0                   0                  

B                : <emp>               <emp>               Ġyeah               Ġyeah               Ġi                  Ġyou                Ġknow               Ġi                  Ġi                  Ġwouldn             't                  Ġeven               Ġmind               Ġso                 Ġmuch              
Timings          : (175.822, 175.875)  (175.875, 176.409)  (176.363, 176.768)  (177.181, 177.438)  (177.483, 177.609)  (177.609, 177.849)  (177.849, 178.059)  (178.157, 178.397)  (178.48, 178.569)   (178.569, 178.694)  (178.694, 178.819)  (178.819, 179.049)  (179.049, 179.419)  (179.419, 179.599)  (179.599, 179.859) 
Token Types      : 0                   0                   1                   1                   1                   1                   1                   1                   1                   1                   1                   1                   1                   1                   1                  
turn_ids         : 0                   0                   82516522303499      82516522303499      82516522303499      82516522303499      82516522303499      82516522303499      82516522303499      82516522303499      82516522303499      82516522303499      82516522303499      82516522303499      82516522303499     
turn_end_types   : 0                   0                   1                   1                   1                   1                   1                   1                   1                   1                   1                   1                   1                   1                   1                  
speaker_ids      : 0                   0                   2                   2                   2                   2                   2                   2                   2                   2                   2                   2                   2                   2                   2                  


A                : <emp>               <emp>               <emp>               <emp>               <emp>               <emp>               <emp>               <emp>               <emp>               <emp>               <emp>               <emp>               <emp>               <emp>               <emp>              
Timings          : (179.859, 180.019)  (180.019, 180.259)  (181.042, 181.463)  (181.463, 181.851)  (182.418, 182.898)  (183.511, 184.446)  (184.769, 184.899)  (184.899, 185.019)  (185.019, 185.793)  (186.431, 186.587)  (186.587, 186.709)  (186.709, 187.094)  (187.094, 187.334)  (187.334, 187.636)  (187.636, 187.854) 
Token Types      : 0                   0                   0                   0                   0                   0                   0                   0                   0                   0                   0                   0                   0                   0                   0                  
turn_ids         : 0                   0                   0                   0                   0                   0                   0                   0                   0                   0                   0                   0                   0                   0                   0                  
turn_end_types   : 0                   0                   0                   0                   0                   0                   0                   0                   0                   0                   0                   0                   0                   0                   0                  
speaker_ids      : 0                   0                   0                   0                   0                   0                   0                   0                   0                   0                   0                   0                   0                   0                   0                  

B                : Ġif                 Ġthey               Ġhad                Ġa                  Ġum                 Ġcorporation        Ġthat               Ġis                 Ġfinanced           Ġthrough            Ġthe                Ġgovernment         Ġor                 Ġhave               Ġsome              
Timings          : (179.859, 180.019)  (180.019, 180.259)  (181.042, 181.463)  (181.463, 181.851)  (182.418, 182.898)  (183.511, 184.446)  (184.769, 184.899)  (184.899, 185.019)  (185.019, 185.793)  (186.431, 186.587)  (186.587, 186.709)  (186.709, 187.094)  (187.094, 187.334)  (187.334, 187.636)  (187.636, 187.854) 
Token Types      : 1                   1                   1                   1                   1                   1                   1                   1                   1                   1                   1                   1                   1                   1                   1                  
turn_ids         : 82516522303499      82516522303499      82516522303499      82516522303499      82516522303499      82516522303499      82516522303499      82516522303499      82516522303499      82516522303499      82516522303499      82516522303499      82516522303499      82516522303499      82516522303499     
turn_end_types   : 1                   1                   1                   1                   1                   1                   1                   1                   1                   1                   1                   1                   1                   1                   1                  
speaker_ids      : 2                   2                   2                   2                   2                   2                   2                   2                   2                   2                   2                   2                   2                   2                   2                  


A                : <emp>               <emp>               <emp>               <emp>               <emp>               <emp>               <emp>               <emp>               <emp>               <emp>               <emp>               <emp>               <emp>               <emp>               <emp>              
Timings          : (187.854, 188.084)  (188.084, 188.16)   (188.529, 188.644)  (188.644, 188.844)  (188.844, 189.004)  (189.004, 189.764)  (189.764, 189.914)  (189.914, 190.274)  (190.274, 190.464)  (190.464, 190.664)  (190.664, 190.794)  (190.794, 190.834)  (190.834, 191.554)  (191.554, 191.964)  (191.964, 192.096) 
Token Types      : 0                   0                   0                   0                   0                   0                   0                   0                   0                   0                   0                   0                   0                   0                   0                  
turn_ids         : 0                   0                   0                   0                   0                   0                   0                   0                   0                   0                   0                   0                   0                   0                   0                  
turn_end_types   : 0                   0                   0                   0                   0                   0                   0                   0                   0                   0                   0                   0                   0                   0                   0                  
speaker_ids      : 0                   0                   0                   0                   0                   0                   0                   0                   0                   0                   0                   0                   0                   0                   0                  

B                : Ġsort               Ġof                 Ġthere              Ġcan                Ġbe                 Ġcompetition        Ġas                 Ġlong               Ġas                 Ġthere              Ġis                 Ġa                  Ġuniversal          Ġplan               Ġi                 
Timings          : (187.854, 188.084)  (188.084, 188.16)   (188.529, 188.644)  (188.644, 188.844)  (188.844, 189.004)  (189.004, 189.764)  (189.764, 189.914)  (189.914, 190.274)  (190.274, 190.464)  (190.464, 190.664)  (190.664, 190.794)  (190.794, 190.834)  (190.834, 191.554)  (191.554, 191.964)  (191.964, 192.096) 
Token Types      : 1                   1                   1                   1                   1                   1                   1                   1                   1                   1                   1                   1                   1                   1                   1                  
turn_ids         : 82516522303499      82516522303499      82516522303499      82516522303499      82516522303499      82516522303499      82516522303499      82516522303499      82516522303499      82516522303499      82516522303499      82516522303499      82516522303499      82516522303499      82516522303499     
turn_end_types   : 1                   1                   1                   1                   1                   1                   1                   1                   1                   1                   1                   1                   1                   1                   1                  
speaker_ids      : 2                   2                   2                   2                   2                   2                   2                   2                   2                   2                   2                   2                   2                   2                   2                  


A                : <emp>               <emp>               <emp>               <emp>               <emp>               <emp>               <emp>               <emp>               <emp>               <emp>               <emp>               <emp>               <emp>               <emp>               <emp>              
Timings          : (192.096, 192.181)  (192.181, 192.266)  (192.426, 192.878)  (192.878, 192.984)  (192.984, 193.164)  (193.164, 193.419)  (193.871, 193.942)  (193.942, 194.014)  (194.014, 194.188)  (194.188, 194.482)  (194.482, 195.144)  (195.144, 195.394)  (195.394, 195.864)  (195.864, 196.164)  (196.164, 196.831) 
Token Types      : 0                   0                   0                   0                   0                   0                   0                   0                   0                   0                   0                   0                   0                   0                   0                  
turn_ids         : 0                   0                   0                   0                   0                   0                   0                   0                   0                   0                   0                   0                   0                   0                   0                  
turn_end_types   : 0                   0                   0                   0                   0                   0                   0                   0                   0                   0                   0                   0                   0                   0                   0                  
speaker_ids      : 0                   0                   0                   0                   0                   0                   0                   0                   0                   0                   0                   0                   0                   0                   0                  

B                : Ġdon                't                  Ġoppose             Ġi                  Ġdo                 Ġnot                Ġi                  'm                  Ġnot                Ġfor                Ġeliminating        Ġall                Ġprivate            Ġhealth             Ġinsurance         
Timings          : (192.096, 192.181)  (192.181, 192.266)  (192.426, 192.878)  (192.878, 192.984)  (192.984, 193.164)  (193.164, 193.419)  (193.871, 193.942)  (193.942, 194.014)  (194.014, 194.188)  (194.188, 194.482)  (194.482, 195.144)  (195.144, 195.394)  (195.394, 195.864)  (195.864, 196.164)  (196.164, 196.831) 
Token Types      : 1                   1                   1                   1                   1                   1                   1                   1                   1                   1                   1                   1                   1                   1                   1                  
turn_ids         : 82516522303499      82516522303499      82516522303499      82516522303499      82516522303499      82516522303499      82516522303499      82516522303499      82516522303499      82516522303499      82516522303499      82516522303499      82516522303499      82516522303499      82516522303499     
turn_end_types   : 1                   1                   1                   1                   1                   1                   1                   1                   1                   1                   1                   1                   1                   1                   1                  
speaker_ids      : 2                   2                   2                   2                   2                   2                   2                   2                   2                   2                   2                   2                   2                   2                   2                  


A                : <emp>               <emp>               <emp>               <emp>               <emp>               <emp>               <emp>               <emp>               <emp>               <emp>               <emp>               <emp>               <emp>               <emp>               <emp>              
Timings          : (197.344, 198.121)  (198.637, 198.928)  (198.928, 199.312)  (199.794, 199.921)  (199.921, 200.098)  (200.138, 200.148)  (200.148, 200.374)  (200.374, 200.738)  (200.738, 200.949)  (200.949, 201.296)  (201.296, 201.467)  (201.467, 202.046)  (202.046, 202.178)  (202.178, 202.689)  (203.589, 203.904) 
Token Types      : 0                   0                   0                   0                   0                   0                   0                   0                   0                   0                   0                   0                   0                   0                   0                  
turn_ids         : 0                   0                   0                   0                   0                   0                   0                   0                   0                   0                   0                   0                   0                   0                   0                  
turn_end_types   : 0                   0                   0                   0                   0                   0                   0                   0                   0                   0                   0                   0                   0                   0                   0                  
speaker_ids      : 0                   0                   0                   0                   0                   0                   0                   0                   0                   0                   0                   0                   0                   0                   0                  

B                : Ġwhatsoever         Ġbut                Ġum                 Ġyou                Ġknow               Ġbut                Ġif                 Ġif                 Ġyou                Ġhave               Ġthe                Ġability            Ġto                 Ġpay                Ġfor               
Timings          : (197.344, 198.121)  (198.637, 198.928)  (198.928, 199.312)  (199.794, 199.921)  (199.921, 200.098)  (200.138, 200.148)  (200.148, 200.374)  (200.374, 200.738)  (200.738, 200.949)  (200.949, 201.296)  (201.296, 201.467)  (201.467, 202.046)  (202.046, 202.178)  (202.178, 202.689)  (203.589, 203.904) 
Token Types      : 1                   1                   1                   1                   1                   1                   1                   1                   1                   1                   1                   1                   1                   1                   1                  
turn_ids         : 82516522303499      82516522303499      82516522303499      82516522303499      82516522303499      82516522303499      82516522303499      82516522303499      82516522303499      82516522303499      82516522303499      82516522303499      82516522303499      82516522303499      82516522303499     
turn_end_types   : 1                   1                   1                   1                   1                   1                   1                   1                   1                   1                   1                   1                   1                   1                   1                  
speaker_ids      : 2                   2                   2                   2                   2                   2                   2                   2                   2                   2                   2                   2                   2                   2                   2                  


A                : <emp>               <emp>               <emp>               <emp>               <emp>               <emp>               <emp>               <emp>               <emp>               <emp>               <emp>               <emp>               <emp>               <emp>               <emp>              
Timings          : (203.904, 204.205)  (204.525, 204.684)  (204.684, 204.904)  (204.904, 205.154)  (205.154, 205.523)  (205.523, 205.663)  (205.663, 205.803)  (205.803, 206.358)  (206.836, 207.023)  (207.023, 207.113)  (207.113, 207.918)  (208.481, 208.848)  (208.848, 208.938)  (208.938, 209.188)  (209.188, 209.648) 
Token Types      : 0                   0                   0                   0                   0                   0                   0                   0                   0                   0                   0                   0                   0                   0                   0                  
turn_ids         : 0                   0                   0                   0                   0                   0                   0                   0                   0                   0                   0                   0                   0                   0                   0                  
turn_end_types   : 0                   0                   0                   0                   0                   0                   0                   0                   0                   0                   0                   0                   0                   0                   0                  
speaker_ids      : 0                   0                   0                   0                   0                   0                   0                   0                   0                   0                   0                   0                   0                   0                   0                  

B                : Ġthat               Ġyou                Ġcan                Ġpay                Ġbased              Ġon                 Ġyour               Ġincome             Ġas                 Ġa                  Ġpercentage         Ġand                Ġuh                 Ġmore               Ġfairly            
Timings          : (203.904, 204.205)  (204.525, 204.684)  (204.684, 204.904)  (204.904, 205.154)  (205.154, 205.523)  (205.523, 205.663)  (205.663, 205.803)  (205.803, 206.358)  (206.836, 207.023)  (207.023, 207.113)  (207.113, 207.918)  (208.481, 208.848)  (208.848, 208.938)  (208.938, 209.188)  (209.188, 209.648) 
Token Types      : 1                   1                   1                   1                   1                   1                   1                   1                   1                   1                   1                   1                   1                   1                   1                  
turn_ids         : 82516522303499      82516522303499      82516522303499      82516522303499      82516522303499      82516522303499      82516522303499      82516522303499      82516522303499      82516522303499      82516522303499      82516522303499      82516522303499      82516522303499      82516522303499     
turn_end_types   : 1                   1                   1                   1                   1                   1                   1                   1                   1                   1                   1                   1                   1                   1                   1                  
speaker_ids      : 2                   2                   2                   2                   2                   2                   2                   2                   2                   2                   2                   2                   2                   2                   2                  


A                : <emp>               <emp>               <emp>               <emp>               <emp>               <emp>               <emp>               <emp>               <emp>               <emp>               <emp>               <emp>               <emp>               <emp>               <emp>              
Timings          : (209.648, 209.828)  (209.828, 210.088)  (210.088, 210.348)  (210.348, 210.975)  (211.457, 211.518)  (211.518, 211.978)  (211.978, 212.388)  (212.388, 212.438)  (212.438, 212.708)  (212.708, 213.168)  (213.168, 213.388)  (213.388, 213.723)  (214.367, 214.462)  (214.462, 214.664)  (215.222, 215.335) 
Token Types      : 0                   0                   0                   0                   0                   0                   0                   0                   0                   0                   0                   0                   0                   0                   0                  
turn_ids         : 0                   0                   0                   0                   0                   0                   0                   0                   0                   0                   0                   0                   0                   0                   0                  
turn_end_types   : 0                   0                   0                   0                   0                   0                   0                   0                   0                   0                   0                   0                   0                   0                   0                  
speaker_ids      : 0                   0                   0                   0                   0                   0                   0                   0                   0                   0                   0                   0                   0                   0                   0                  

B                : Ġand                Ġequ                itably              Ġdistribute         Ġthe                Ġcost               Ġacross             Ġa                  Ġwide               Ġspectrum           Ġright              Ġnow                Ġyou                Ġknow               Ġthe               
Timings          : (209.648, 209.828)  (209.828, 210.088)  (210.088, 210.348)  (210.348, 210.975)  (211.457, 211.518)  (211.518, 211.978)  (211.978, 212.388)  (212.388, 212.438)  (212.438, 212.708)  (212.708, 213.168)  (213.168, 213.388)  (213.388, 213.723)  (214.367, 214.462)  (214.462, 214.664)  (215.222, 215.335) 
Token Types      : 1                   1                   1                   1                   1                   1                   1                   1                   1                   1                   1                   1                   1                   1                   1                  
turn_ids         : 82516522303499      82516522303499      82516522303499      82516522303499      82516522303499      82516522303499      82516522303499      82516522303499      82516522303499      82516522303499      82516522303499      82516522303499      82516522303499      82516522303499      82516522303499     
turn_end_types   : 1                   1                   1                   1                   1                   1                   1                   1                   1                   1                   1                   1                   1                   1                   1                  
speaker_ids      : 2                   2                   2                   2                   2                   2                   2                   2                   2                   2                   2                   2                   2                   2                   2                  


A                : <emp>               <emp>               <emp>               <emp>               <emp>               <emp>               <emp>               <emp>               <emp>               <emp>               <emp>               <emp>               <emp>               <emp>               <emp>              
Timings          : (215.335, 215.713)  (215.713, 216.113)  (216.113, 216.293)  (216.293, 216.703)  (216.703, 216.823)  (216.823, 217.063)  (217.063, 217.143)  (217.143, 217.663)  (217.663, 217.883)  (217.883, 218.123)  (218.123, 218.273)  (218.273, 218.333)  (218.333, 218.393)  (218.393, 218.733)  (218.733, 218.843) 
Token Types      : 0                   0                   0                   0                   0                   0                   0                   0                   0                   0                   0                   0                   0                   0                   0                  
turn_ids         : 0                   0                   0                   0                   0                   0                   0                   0                   0                   0                   0                   0                   0                   0                   0                  
turn_end_types   : 0                   0                   0                   0                   0                   0                   0                   0                   0                   0                   0                   0                   0                   0                   0                  
speaker_ids      : 0                   0                   0                   0                   0                   0                   0                   0                   0                   0                   0                   0                   0                   0                   0                  

B                : Ġpeople             Ġworking            Ġthis               Ġcountry            Ġis                 Ġhalf               Ġthe                Ġproblem            Ġright              Ġthere              Ġand                Ġwe                 're                 Ġseeing             Ġthat              
Timings          : (215.335, 215.713)  (215.713, 216.113)  (216.113, 216.293)  (216.293, 216.703)  (216.703, 216.823)  (216.823, 217.063)  (217.063, 217.143)  (217.143, 217.663)  (217.663, 217.883)  (217.883, 218.123)  (218.123, 218.273)  (218.273, 218.333)  (218.333, 218.393)  (218.393, 218.733)  (218.733, 218.843) 
Token Types      : 1                   1                   1                   1                   1                   1                   1                   1                   1                   1                   1                   1                   1                   1                   1                  
turn_ids         : 82516522303499      82516522303499      82516522303499      82516522303499      82516522303499      82516522303499      82516522303499      82516522303499      82516522303499      82516522303499      82516522303499      82516522303499      82516522303499      82516522303499      82516522303499     
turn_end_types   : 1                   1                   1                   1                   1                   1                   1                   1                   1                   1                   1                   1                   1                   1                   1                  
speaker_ids      : 2                   2                   2                   2                   2                   2                   2                   2                   2                   2                   2                   2                   2                   2                   2                  


A                : <emp>               <emp>               <emp>               <emp>               <emp>               <emp>               <emp>               <emp>               <emp>               <emp>               <emp>               <emp>               <emp>               <emp>               <emp>              
Timings          : (218.843, 218.953)  (218.953, 219.323)  (219.323, 219.423)  (219.423, 219.603)  (219.603, 219.693)  (219.693, 219.763)  (219.763, 219.823)  (219.823, 220.19)   (220.19, 220.672)   (220.672, 221.037)  (221.758, 222.401)  (222.45, 222.543)   (222.543, 222.703)  (222.703, 222.939)  (223.195, 223.344) 
Token Types      : 0                   0                   0                   0                   0                   0                   0                   0                   0                   0                   0                   0                   0                   0                   0                  
turn_ids         : 0                   0                   0                   0                   0                   0                   0                   0                   0                   0                   0                   0                   0                   0                   0                  
turn_end_types   : 0                   0                   0                   0                   0                   0                   0                   0                   0                   0                   0                   0                   0                   0                   0                  
speaker_ids      : 0                   0                   0                   0                   0                   0                   0                   0                   0                   0                   0                   0                   0                   0                   0                  

B                : 's                  Ġnot                Ġa                  Ġlot                Ġof                 Ġit                 Ġis                 Ġprivate            Ġsector             Ġtoo                Ġum                 Ġi                  Ġyou                Ġknow               Ġit                
Timings          : (218.843, 218.953)  (218.953, 219.323)  (219.323, 219.423)  (219.423, 219.603)  (219.603, 219.693)  (219.693, 219.763)  (219.763, 219.823)  (219.823, 220.19)   (220.19, 220.672)   (220.672, 221.037)  (221.758, 222.401)  (222.45, 222.543)   (222.543, 222.703)  (222.703, 222.939)  (223.195, 223.344) 
Token Types      : 1                   1                   1                   1                   1                   1                   1                   1                   1                   1                   1                   1                   1                   1                   1                  
turn_ids         : 82516522303499      82516522303499      82516522303499      82516522303499      82516522303499      82516522303499      82516522303499      82516522303499      82516522303499      82516522303499      82516522303499      82516522303499      82516522303499      82516522303499      82516522303499     
turn_end_types   : 1                   1                   1                   1                   1                   1                   1                   1                   1                   1                   1                   1                   1                   1                   1                  
speaker_ids      : 2                   2                   2                   2                   2                   2                   2                   2                   2                   2                   2                   2                   2                   2                   2                  


A                : <emp>               <emp>               <emp>               <emp>               <emp>               <emp>               <emp>               <emp>               <emp>               <emp>               <emp>               <emp>               <emp>               <emp>               <emp>              
Timings          : (223.344, 223.493)  (223.493, 223.612)  (223.669, 224.063)  (224.063, 224.123)  (224.123, 224.4)    (224.4, 224.901)    (224.901, 225.34)   (225.769, 225.963)  (225.963, 226.153)  (226.153, 226.313)  (226.313, 226.383)  (226.383, 226.553)  (226.553, 227.063)  (227.063, 227.717)  (228.197, 228.373) 
Token Types      : 0                   0                   0                   0                   0                   0                   0                   0                   0                   0                   0                   0                   0                   0                   0                  
turn_ids         : 0                   0                   0                   0                   0                   0                   0                   0                   0                   0                   0                   0                   0                   0                   0                  
turn_end_types   : 0                   0                   0                   0                   0                   0                   0                   0                   0                   0                   0                   0                   0                   0                   0                  
speaker_ids      : 0                   0                   0                   0                   0                   0                   0                   0                   0                   0                   0                   0                   0                   0                   0                  

B                : 's                  Ġthe                Ġgovernment         Ġis                 Ġalways             Ġattacked           Ġfor                Ġnot                Ġbeing              Ġable               Ġto                 Ġdo                 Ġanything           Ġproperly           Ġthis              
Timings          : (223.344, 223.493)  (223.493, 223.612)  (223.669, 224.063)  (224.063, 224.123)  (224.123, 224.4)    (224.4, 224.901)    (224.901, 225.34)   (225.769, 225.963)  (225.963, 226.153)  (226.153, 226.313)  (226.313, 226.383)  (226.383, 226.553)  (226.553, 227.063)  (227.063, 227.717)  (228.197, 228.373) 
Token Types      : 1                   1                   1                   1                   1                   1                   1                   1                   1                   1                   1                   1                   1                   1                   1                  
turn_ids         : 82516522303499      82516522303499      82516522303499      82516522303499      82516522303499      82516522303499      82516522303499      82516522303499      82516522303499      82516522303499      82516522303499      82516522303499      82516522303499      82516522303499      82516522303499     
turn_end_types   : 1                   1                   1                   1                   1                   1                   1                   1                   1                   1                   1                   1                   1                   1                   1                  
speaker_ids      : 2                   2                   2                   2                   2                   2                   2                   2                   2                   2                   2                   2                   2                   2                   2                  


A                : <emp>               <emp>               <emp>               <emp>               <emp>               <emp>               <emp>               <emp>               <emp>               <emp>               <emp>               <emp>               <emp>               <emp>               <emp>              
Timings          : (228.373, 228.486)  (228.486, 228.646)  (228.646, 229.216)  (229.216, 229.256)  (229.256, 229.341)  (229.341, 229.426)  (229.426, 229.556)  (229.556, 229.616)  (229.616, 229.966)  (229.966, 230.181)  (230.181, 230.396)  (230.396, 230.686)  (230.686, 230.926)  (230.926, 231.296)  (231.296, 231.597) 
Token Types      : 0                   0                   0                   0                   0                   0                   0                   0                   0                   0                   0                   0                   0                   0                   0                  
turn_ids         : 0                   0                   0                   0                   0                   0                   0                   0                   0                   0                   0                   0                   0                   0                   0                  
turn_end_types   : 0                   0                   0                   0                   0                   0                   0                   0                   0                   0                   0                   0                   0                   0                   0                  
speaker_ids      : 0                   0                   0                   0                   0                   0                   0                   0                   0                   0                   0                   0                   0                   0                   0                  

B                : Ġis                 Ġone                Ġexample            Ġi                  Ġdon                't                  Ġthink              Ġthe                Ġprivate            Ġsector             's                  Ġdoing              Ġmuch               Ġbetter             Ġthough            
Timings          : (228.373, 228.486)  (228.486, 228.646)  (228.646, 229.216)  (229.216, 229.256)  (229.256, 229.341)  (229.341, 229.426)  (229.426, 229.556)  (229.556, 229.616)  (229.616, 229.966)  (229.966, 230.181)  (230.181, 230.396)  (230.396, 230.686)  (230.686, 230.926)  (230.926, 231.296)  (231.296, 231.597) 
Token Types      : 1                   1                   1                   1                   1                   1                   1                   1                   1                   1                   1                   1                   1                   1                   1                  
turn_ids         : 82516522303499      82516522303499      82516522303499      82516522303499      82516522303499      82516522303499      82516522303499      82516522303499      82516522303499      82516522303499      82516522303499      82516522303499      82516522303499      82516522303499      82516522303499     
turn_end_types   : 1                   1                   1                   1                   1                   1                   1                   1                   1                   1                   1                   1                   1                   1                   1                  
speaker_ids      : 2                   2                   2                   2                   2                   2                   2                   2                   2                   2                   2                   2                   2                   2                   2                  


A                : Ġi                  'm                  Ġpretty             Ġignorant           Ġon                 Ġtaxes              Ġbut                Ġon                 Ġself               employed            Ġdo                 Ġyou                Ġget                Ġany                Ġkind              
Timings          : (232.658, 232.702)  (232.702, 232.747)  (232.747, 232.947)  (232.947, 233.247)  (233.247, 233.397)  (233.397, 233.877)  (233.877, 234.057)  (234.057, 234.237)  (234.237, 234.572)  (234.572, 234.907)  (234.907, 234.987)  (234.987, 235.147)  (235.147, 235.257)  (235.257, 235.377)  (235.377, 235.547) 
Token Types      : 1                   1                   1                   1                   1                   1                   1                   1                   1                   1                   1                   1                   1                   1                   1                  
turn_ids         : 82515985432588      82515985432588      82515985432588      82515985432588      82515985432588      82515985432588      82515985432588      82515985432588      82515985432588      82515985432588      82515985432588      82515985432588      82515985432588      82515985432588      82515985432588     
turn_end_types   : 1                   1                   1                   1                   1                   1                   1                   1                   1                   1                   1                   1                   1                   1                   1                  
speaker_ids      : 1                   1                   1                   1                   1                   1                   1                   1                   1                   1                   1                   1                   1                   1                   1                  

B                : <eot>               <emp>               <emp>               <emp>               <emp>               <emp>               <emp>               <emp>               <emp>               <emp>               <emp>               <emp>               <emp>               <emp>               <emp>              
Timings          : (-1.0, -1.0)        (232.702, 232.747)  (232.747, 232.947)  (232.947, 233.247)  (233.247, 233.397)  (233.397, 233.877)  (233.877, 234.057)  (234.057, 234.237)  (234.237, 234.572)  (234.572, 234.907)  (234.907, 234.987)  (234.987, 235.147)  (235.147, 235.257)  (235.257, 235.377)  (235.377, 235.547) 
Token Types      : 1                   0                   0                   0                   0                   0                   0                   0                   0                   0                   0                   0                   0                   0                   0                  
turn_ids         : 82516522303499      0                   0                   0                   0                   0                   0                   0                   0                   0                   0                   0                   0                   0                   0                  
turn_end_types   : 1                   0                   0                   0                   0                   0                   0                   0                   0                   0                   0                   0                   0                   0                   0                  
speaker_ids      : 2                   0                   0                   0                   0                   0                   0                   0                   0                   0                   0                   0                   0                   0                   0                  


A                : Ġof                 Ġcredits            Ġfor                Ġhealth             Ġinsurance          <eot>               <emp>               <emp>               <emp>               <emp>               <emp>               <emp>               <emp>               <emp>               <emp>              
Timings          : (235.547, 235.617)  (235.617, 235.977)  (235.977, 236.292)  (236.635, 236.837)  (236.837, 237.444)  (-1.0, -1.0)        (237.976, 238.212)  (238.212, 238.626)  (238.878, 239.461)  (239.566, 240.027)  (240.027, 240.451)  (240.539, 240.773)  (240.773, 241.217)  (241.217, 241.377)  (241.377, 241.747) 
Token Types      : 1                   1                   1                   1                   1                   1                   0                   0                   0                   0                   0                   0                   0                   0                   0                  
turn_ids         : 82515985432588      82515985432588      82515985432588      82515985432588      82515985432588      82515985432588      0                   0                   0                   0                   0                   0                   0                   0                   0                  
turn_end_types   : 1                   1                   1                   1                   1                   1                   0                   0                   0                   0                   0                   0                   0                   0                   0                  
speaker_ids      : 1                   1                   1                   1                   1                   1                   0                   0                   0                   0                   0                   0                   0                   0                   0                  

B                : <emp>               <emp>               <emp>               <emp>               <emp>               Ġi                  Ġget                Ġa                  Ġcredit             Ġthis               Ġyear               Ġand                Ġlast               Ġyear               Ġbecause           
Timings          : (235.547, 235.617)  (235.617, 235.977)  (235.977, 236.292)  (236.635, 236.837)  (236.837, 237.444)  (237.786, 237.976)  (237.976, 238.212)  (238.212, 238.626)  (238.878, 239.461)  (239.566, 240.027)  (240.027, 240.451)  (240.539, 240.773)  (240.773, 241.217)  (241.217, 241.377)  (241.377, 241.747) 
Token Types      : 0                   0                   0                   0                   0                   1                   1                   1                   1                   1                   1                   1                   1                   1                   1                  
turn_ids         : 0                   0                   0                   0                   0                   82516522303501      82516522303501      82516522303501      82516522303501      82516522303501      82516522303501      82516522303501      82516522303501      82516522303501      82516522303501     
turn_end_types   : 0                   0                   0                   0                   0                   1                   1                   1                   1                   1                   1                   1                   1                   1                   1                  
speaker_ids      : 0                   0                   0                   0                   0                   2                   2                   2                   2                   2                   2                   2                   2                   2                   2                  


A                : <emp>               <emp>               <emp>               <emp>               <emp>               <emp>               <emp>               <emp>               <emp>               <emp>               <emp>               <emp>               <emp>               <emp>               <emp>              
Timings          : (241.747, 241.807)  (241.807, 242.257)  (242.257, 242.777)  (242.777, 243.017)  (243.017, 243.077)  (243.077, 243.277)  (243.277, 243.427)  (243.427, 243.487)  (243.487, 243.818)  (244.604, 244.724)  (244.842, 245.089)  (245.089, 245.488)  (245.71, 245.819)   (245.819, 245.999)  (245.999, 246.289) 
Token Types      : 0                   0                   0                   0                   0                   0                   0                   0                   0                   0                   0                   0                   0                   0                   0                  
turn_ids         : 0                   0                   0                   0                   0                   0                   0                   0                   0                   0                   0                   0                   0                   0                   0                  
turn_end_types   : 0                   0                   0                   0                   0                   0                   0                   0                   0                   0                   0                   0                   0                   0                   0                  
speaker_ids      : 0                   0                   0                   0                   0                   0                   0                   0                   0                   0                   0                   0                   0                   0                   0                  

B                : Ġthe                Ġgovernment         Ġspecifically       Ġsaid               Ġi                  Ġcould              Ġget                Ġa                  Ġcredit             Ġbut                Ġthe                Ġuh                 Ġbut                Ġit                 Ġis                
Timings          : (241.747, 241.807)  (241.807, 242.257)  (242.257, 242.777)  (242.777, 243.017)  (243.017, 243.077)  (243.077, 243.277)  (243.277, 243.427)  (243.427, 243.487)  (243.487, 243.818)  (244.604, 244.724)  (244.842, 245.089)  (245.089, 245.488)  (245.71, 245.819)   (245.819, 245.999)  (245.999, 246.289) 
Token Types      : 1                   1                   1                   1                   1                   1                   1                   1                   1                   1                   1                   1                   1                   1                   1                  
turn_ids         : 82516522303501      82516522303501      82516522303501      82516522303501      82516522303501      82516522303501      82516522303501      82516522303501      82516522303501      82516522303501      82516522303501      82516522303501      82516522303501      82516522303501      82516522303501     
turn_end_types   : 1                   1                   1                   1                   1                   1                   1                   1                   1                   1                   1                   1                   1                   1                   1                  
speaker_ids      : 2                   2                   2                   2                   2                   2                   2                   2                   2                   2                   2                   2                   2                   2                   2                  


A                : <emp>               <emp>               <emp>               <emp>               <emp>               <emp>               <emp>               <emp>               <emp>               <emp>               <emp>               <emp>               <emp>               <emp>               <emp>              
Timings          : (246.289, 246.379)  (246.379, 246.469)  (246.469, 246.669)  (246.669, 246.769)  (246.769, 247.417)  (247.631, 247.84)   (247.84, 248.182)   (248.182, 248.321)  (248.321, 248.459)  (248.459, 248.987)  (249.62, 250.068)   (250.373, 250.515)  (250.515, 250.643)  (250.643, 250.797)  (250.797, 251.238) 
Token Types      : 0                   0                   0                   0                   0                   0                   0                   0                   0                   0                   0                   0                   0                   0                   0                  
turn_ids         : 0                   0                   0                   0                   0                   0                   0                   0                   0                   0                   0                   0                   0                   0                   0                  
turn_end_types   : 0                   0                   0                   0                   0                   0                   0                   0                   0                   0                   0                   0                   0                   0                   0                  
speaker_ids      : 0                   0                   0                   0                   0                   0                   0                   0                   0                   0                   0                   0                   0                   0                   0                  

B                : Ġit                 's                  Ġgoing              Ġto                 Ġexpire             Ġwhich              Ġmeans              Ġi                  'm                  Ġpaying             Ġuh                 Ġi                  Ġget                Ġa                  Ġsum               
Timings          : (246.289, 246.379)  (246.379, 246.469)  (246.469, 246.669)  (246.669, 246.769)  (246.769, 247.417)  (247.631, 247.84)   (247.84, 248.182)   (248.182, 248.321)  (248.321, 248.459)  (248.459, 248.987)  (249.62, 250.068)   (250.373, 250.515)  (250.515, 250.643)  (250.643, 250.797)  (250.797, 251.238) 
Token Types      : 1                   1                   1                   1                   1                   1                   1                   1                   1                   1                   1                   1                   1                   1                   1                  
turn_ids         : 82516522303501      82516522303501      82516522303501      82516522303501      82516522303501      82516522303501      82516522303501      82516522303501      82516522303501      82516522303501      82516522303501      82516522303501      82516522303501      82516522303501      82516522303501     
turn_end_types   : 1                   1                   1                   1                   1                   1                   1                   1                   1                   1                   1                   1                   1                   1                   1                  
speaker_ids      : 2                   2                   2                   2                   2                   2                   2                   2                   2                   2                   2                   2                   2                   2                   2                  


A                : <emp>               <emp>               <emp>               <emp>               <emp>               <emp>               <emp>               <emp>               <emp>               <emp>               <emp>               <emp>               <emp>               <emp>               <emp>              
Timings          : (251.238, 251.429)  (251.429, 251.919)  (252.382, 252.658)  (252.794, 252.999)  (252.999, 253.079)  (253.079, 253.139)  (253.139, 253.369)  (253.369, 253.721)  (254.588, 254.894)  (254.894, 255.194)  (255.194, 255.394)  (255.394, 255.634)  (255.634, 255.724)  (255.724, 255.814)  (255.814, 255.894) 
Token Types      : 0                   0                   0                   0                   0                   0                   0                   0                   0                   0                   0                   0                   0                   0                   0                  
turn_ids         : 0                   0                   0                   0                   0                   0                   0                   0                   0                   0                   0                   0                   0                   0                   0                  
turn_end_types   : 0                   0                   0                   0                   0                   0                   0                   0                   0                   0                   0                   0                   0                   0                   0                  
speaker_ids      : 0                   0                   0                   0                   0                   0                   0                   0                   0                   0                   0                   0                   0                   0                   0                  

B                : Ġa                  Ġsum                Ġuh                 Ġsum                Ġof                 Ġthe                Ġmoney              Ġback               Ġbut                Ġum                 Ġnot                Ġall                Ġof                 Ġit                 Ġof                
Timings          : (251.238, 251.429)  (251.429, 251.919)  (252.382, 252.658)  (252.794, 252.999)  (252.999, 253.079)  (253.079, 253.139)  (253.139, 253.369)  (253.369, 253.721)  (254.588, 254.894)  (254.894, 255.194)  (255.194, 255.394)  (255.394, 255.634)  (255.634, 255.724)  (255.724, 255.814)  (255.814, 255.894) 
Token Types      : 1                   1                   1                   1                   1                   1                   1                   1                   1                   1                   1                   1                   1                   1                   1                  
turn_ids         : 82516522303501      82516522303501      82516522303501      82516522303501      82516522303501      82516522303501      82516522303501      82516522303501      82516522303501      82516522303501      82516522303501      82516522303501      82516522303501      82516522303501      82516522303501     
turn_end_types   : 1                   1                   1                   1                   1                   1                   1                   1                   1                   1                   1                   1                   1                   1                   1                  
speaker_ids      : 2                   2                   2                   2                   2                   2                   2                   2                   2                   2                   2                   2                   2                   2                   2                  


A                : <emp>               <emp>               <emp>               <emp>               <emp>               <emp>               <emp>               <emp>               <emp>               <emp>               <emp>               <emp>               <emp>               <emp>               <emp>              
Timings          : (255.894, 256.443)  (256.872, 257.515)  (257.962, 258.139)  (258.139, 258.316)  (258.316, 258.416)  (258.416, 258.476)  (258.476, 258.936)  (258.936, 259.166)  (259.166, 259.756)  (259.756, 259.926)  (259.926, 260.246)  (260.246, 260.406)  (260.406, 260.586)  (260.586, 261.366)  (261.536, 261.666) 
Token Types      : 0                   0                   0                   0                   0                   0                   0                   0                   0                   0                   0                   0                   0                   0                   0                  
turn_ids         : 0                   0                   0                   0                   0                   0                   0                   0                   0                   0                   0                   0                   0                   0                   0                  
turn_end_types   : 0                   0                   0                   0                   0                   0                   0                   0                   0                   0                   0                   0                   0                   0                   0                  
speaker_ids      : 0                   0                   0                   0                   0                   0                   0                   0                   0                   0                   0                   0                   0                   0                   0                  

B                : Ġcourse             Ġum                 Ġi                  'm                  Ġin                 Ġa                  Ġworst              Ġoff                Ġposition           Ġthan               Ġsomeone            Ġwho                Ġis                 Ġemployed           Ġwho               
Timings          : (255.894, 256.443)  (256.872, 257.515)  (257.962, 258.139)  (258.139, 258.316)  (258.316, 258.416)  (258.416, 258.476)  (258.476, 258.936)  (258.936, 259.166)  (259.166, 259.756)  (259.756, 259.926)  (259.926, 260.246)  (260.246, 260.406)  (260.406, 260.586)  (260.586, 261.366)  (261.536, 261.666) 
Token Types      : 1                   1                   1                   1                   1                   1                   1                   1                   1                   1                   1                   1                   1                   1                   1                  
turn_ids         : 82516522303501      82516522303501      82516522303501      82516522303501      82516522303501      82516522303501      82516522303501      82516522303501      82516522303501      82516522303501      82516522303501      82516522303501      82516522303501      82516522303501      82516522303501     
turn_end_types   : 1                   1                   1                   1                   1                   1                   1                   1                   1                   1                   1                   1                   1                   1                   1                  
speaker_ids      : 2                   2                   2                   2                   2                   2                   2                   2                   2                   2                   2                   2                   2                   2                   2                  


A                : <emp>               <emp>               <emp>               <emp>               <emp>               <emp>               <emp>               <emp>               <emp>               <emp>               <emp>               <emp>               <emp>               <emp>               <emp>              
Timings          : (261.666, 261.996)  (261.996, 262.236)  (262.236, 262.636)  (262.636, 262.946)  (262.946, 263.181)  (263.181, 263.557)  (263.557, 263.836)  (263.836, 263.996)  (263.996, 264.196)  (264.196, 264.356)  (264.356, 264.92)   (265.668, 266.162)  (266.609, 266.94)   (266.94, 267.168)   (267.168, 267.438) 
Token Types      : 0                   0                   0                   0                   0                   0                   0                   0                   0                   0                   0                   0                   0                   0                   0                  
turn_ids         : 0                   0                   0                   0                   0                   0                   0                   0                   0                   0                   0                   0                   0                   0                   0                  
turn_end_types   : 0                   0                   0                   0                   0                   0                   0                   0                   0                   0                   0                   0                   0                   0                   0                  
speaker_ids      : 0                   0                   0                   0                   0                   0                   0                   0                   0                   0                   0                   0                   0                   0                   0                  

B                : Ġgets               Ġtheir              Ġhealth             Ġhealth             Ġcare               Ġtaken              Ġcare               Ġof                 Ġby                 Ġtheir              Ġemployer           Ġum                 Ġbecause            Ġi                  Ġhave              
Timings          : (261.666, 261.996)  (261.996, 262.236)  (262.236, 262.636)  (262.636, 262.946)  (262.946, 263.181)  (263.181, 263.557)  (263.557, 263.836)  (263.836, 263.996)  (263.996, 264.196)  (264.196, 264.356)  (264.356, 264.92)   (265.668, 266.162)  (266.609, 266.94)   (266.94, 267.168)   (267.168, 267.438) 
Token Types      : 1                   1                   1                   1                   1                   1                   1                   1                   1                   1                   1                   1                   1                   1                   1                  
turn_ids         : 82516522303501      82516522303501      82516522303501      82516522303501      82516522303501      82516522303501      82516522303501      82516522303501      82516522303501      82516522303501      82516522303501      82516522303501      82516522303501      82516522303501      82516522303501     
turn_end_types   : 1                   1                   1                   1                   1                   1                   1                   1                   1                   1                   1                   1                   1                   1                   1                  
speaker_ids      : 2                   2                   2                   2                   2                   2                   2                   2                   2                   2                   2                   2                   2                   2                   2                  


A                : <emp>               <emp>               <emp>               <emp>               <emp>               <emp>               <emp>               <emp>               <emp>               <emp>               <emp>               <emp>               <emp>               <emp>               <emp>              
Timings          : (267.438, 267.638)  (267.638, 268.038)  (268.038, 268.428)  (268.428, 268.608)  (268.608, 269.218)  (269.218, 269.488)  (269.488, 269.792)  (269.856, 270.088)  (270.088, 270.468)  (270.468, 270.798)  (270.798, 271.048)  (271.048, 271.338)  (271.338, 271.603)  (272.032, 272.357)  (272.889, 272.954) 
Token Types      : 0                   0                   0                   0                   0                   0                   0                   0                   0                   0                   0                   0                   0                   0                   0                  
turn_ids         : 0                   0                   0                   0                   0                   0                   0                   0                   0                   0                   0                   0                   0                   0                   0                  
turn_end_types   : 0                   0                   0                   0                   0                   0                   0                   0                   0                   0                   0                   0                   0                   0                   0                  
speaker_ids      : 0                   0                   0                   0                   0                   0                   0                   0                   0                   0                   0                   0                   0                   0                   0                  

B                : Ġto                 Ġalso               Ġobtain             Ġmy                 Ġinsurance          Ġfrom               Ġis                 Ġa                  Ġthird              Ġparty              Ġmiddle             Ġman                Ġtype               Ġdeal               Ġi                 
Timings          : (267.438, 267.638)  (267.638, 268.038)  (268.038, 268.428)  (268.428, 268.608)  (268.608, 269.218)  (269.218, 269.488)  (269.488, 269.792)  (269.856, 270.088)  (270.088, 270.468)  (270.468, 270.798)  (270.798, 271.048)  (271.048, 271.338)  (271.338, 271.603)  (272.032, 272.357)  (272.889, 272.954) 
Token Types      : 1                   1                   1                   1                   1                   1                   1                   1                   1                   1                   1                   1                   1                   1                   1                  
turn_ids         : 82516522303501      82516522303501      82516522303501      82516522303501      82516522303501      82516522303501      82516522303501      82516522303501      82516522303501      82516522303501      82516522303501      82516522303501      82516522303501      82516522303501      82516522303501     
turn_end_types   : 1                   1                   1                   1                   1                   1                   1                   1                   1                   1                   1                   1                   1                   1                   1                  
speaker_ids      : 2                   2                   2                   2                   2                   2                   2                   2                   2                   2                   2                   2                   2                   2                   2                  


A                : <emp>               <emp>               <emp>               <emp>               <emp>               <emp>               <emp>               <emp>               <emp>               <emp>               <emp>               <emp>               <emp>               <emp>               <emp>              
Timings          : (272.954, 273.033)  (273.033, 273.128)  (273.128, 273.207)  (273.207, 273.267)  (273.267, 273.328)  (273.328, 273.427)  (273.427, 273.837)  (273.837, 274.168)  (274.168, 274.578)  (274.578, 274.938)  (274.938, 275.108)  (275.108, 275.397)  (275.397, 275.608)  (275.608, 276.057)  (276.057, 276.098) 
Token Types      : 0                   0                   0                   0                   0                   0                   0                   0                   0                   0                   0                   0                   0                   0                   0                  
turn_ids         : 0                   0                   0                   0                   0                   0                   0                   0                   0                   0                   0                   0                   0                   0                   0                  
turn_end_types   : 0                   0                   0                   0                   0                   0                   0                   0                   0                   0                   0                   0                   0                   0                   0                  
speaker_ids      : 0                   0                   0                   0                   0                   0                   0                   0                   0                   0                   0                   0                   0                   0                   0                  

B                : Ġhave               Ġto                 Ġgo                 Ġto                 Ġgo                 Ġthe                Ġsmall              Ġbusiness           Ġservice            Ġbureau             Ġand                Ġpay                Ġeighty             Ġdollars            Ġa                 
Timings          : (272.954, 273.033)  (273.033, 273.128)  (273.128, 273.207)  (273.207, 273.267)  (273.267, 273.328)  (273.328, 273.427)  (273.427, 273.837)  (273.837, 274.168)  (274.168, 274.578)  (274.578, 274.938)  (274.938, 275.108)  (275.108, 275.397)  (275.397, 275.608)  (275.608, 276.057)  (276.057, 276.098) 
Token Types      : 1                   1                   1                   1                   1                   1                   1                   1                   1                   1                   1                   1                   1                   1                   1                  
turn_ids         : 82516522303501      82516522303501      82516522303501      82516522303501      82516522303501      82516522303501      82516522303501      82516522303501      82516522303501      82516522303501      82516522303501      82516522303501      82516522303501      82516522303501      82516522303501     
turn_end_types   : 1                   1                   1                   1                   1                   1                   1                   1                   1                   1                   1                   1                   1                   1                   1                  
speaker_ids      : 2                   2                   2                   2                   2                   2                   2                   2                   2                   2                   2                   2                   2                   2                   2                  


A                : <emp>               <emp>               <emp>               <emp>               <emp>               <emp>               <emp>               <emp>               <emp>               <emp>               <emp>               <emp>               <emp>               <emp>               <emp>              
Timings          : (276.098, 276.516)  (276.598, 276.867)  (276.867, 276.967)  (276.967, 277.068)  (277.068, 277.297)  (277.297, 277.388)  (277.388, 277.598)  (277.598, 277.858)  (277.858, 278.537)  (280.214, 280.486)  (280.486, 280.697)  (280.697, 280.837)  (280.837, 281.157)  (281.157, 281.277)  (281.277, 281.332) 
Token Types      : 0                   0                   0                   0                   0                   0                   0                   0                   0                   0                   0                   0                   0                   0                   0                  
turn_ids         : 0                   0                   0                   0                   0                   0                   0                   0                   0                   0                   0                   0                   0                   0                   0                  
turn_end_types   : 0                   0                   0                   0                   0                   0                   0                   0                   0                   0                   0                   0                   0                   0                   0                  
speaker_ids      : 0                   0                   0                   0                   0                   0                   0                   0                   0                   0                   0                   0                   0                   0                   0                  

B                : Ġyear               Ġjust               Ġfor                Ġthe                Ġright              Ġto                 Ġbuy                Ġhealth             Ġinsurance          Ġworks              Ġwell               Ġfor                Ġthem               Ġbut                Ġit                
Timings          : (276.098, 276.516)  (276.598, 276.867)  (276.867, 276.967)  (276.967, 277.068)  (277.068, 277.297)  (277.297, 277.388)  (277.388, 277.598)  (277.598, 277.858)  (277.858, 278.537)  (280.214, 280.486)  (280.486, 280.697)  (280.697, 280.837)  (280.837, 281.157)  (281.157, 281.277)  (281.277, 281.332) 
Token Types      : 1                   1                   1                   1                   1                   1                   1                   1                   1                   1                   1                   1                   1                   1                   1                  
turn_ids         : 82516522303501      82516522303501      82516522303501      82516522303501      82516522303501      82516522303501      82516522303501      82516522303501      82516522303501      82516522303501      82516522303501      82516522303501      82516522303501      82516522303501      82516522303501     
turn_end_types   : 1                   1                   1                   1                   1                   1                   1                   1                   1                   1                   1                   1                   1                   1                   1                  
speaker_ids      : 2                   2                   2                   2                   2                   2                   2                   2                   2                   2                   2                   2                   2                   2                   2                  


A                : <emp>               <emp>               <emp>               <emp>               Ġum                 Ġyou                Ġknow               Ġthe                Ġconsumer           Ġis                 Ġgoing              Ġto                 Ġpay                Ġin                 Ġthe               
Timings          : (281.332, 281.387)  (281.387, 281.807)  (281.807, 281.967)  (281.967, 282.318)  (282.991, 283.237)  (284.297, 284.424)  (284.424, 284.544)  (284.544, 284.604)  (284.604, 284.984)  (284.984, 285.044)  (285.044, 285.164)  (285.164, 285.224)  (285.224, 285.384)  (285.384, 285.504)  (285.504, 285.564) 
Token Types      : 0                   0                   0                   0                   1                   1                   1                   1                   1                   1                   1                   1                   1                   1                   1                  
turn_ids         : 0                   0                   0                   0                   82515985432590      82515985432590      82515985432590      82515985432590      82515985432590      82515985432590      82515985432590      82515985432590      82515985432590      82515985432590      82515985432590     
turn_end_types   : 0                   0                   0                   0                   1                   1                   1                   1                   1                   1                   1                   1                   1                   1                   1                  
speaker_ids      : 0                   0                   0                   0                   1                   1                   1                   1                   1                   1                   1                   1                   1                   1                   1                  

B                : 's                  Ġhorrible           Ġfor                Ġme                 <eot>               <emp>               <emp>               <emp>               <emp>               <emp>               <emp>               <emp>               <emp>               <emp>               <emp>              
Timings          : (281.332, 281.387)  (281.387, 281.807)  (281.807, 281.967)  (281.967, 282.318)  (-1.0, -1.0)        (284.297, 284.424)  (284.424, 284.544)  (284.544, 284.604)  (284.604, 284.984)  (284.984, 285.044)  (285.044, 285.164)  (285.164, 285.224)  (285.224, 285.384)  (285.384, 285.504)  (285.504, 285.564) 
Token Types      : 1                   1                   1                   1                   1                   0                   0                   0                   0                   0                   0                   0                   0                   0                   0                  
turn_ids         : 82516522303501      82516522303501      82516522303501      82516522303501      82516522303501      0                   0                   0                   0                   0                   0                   0                   0                   0                   0                  
turn_end_types   : 1                   1                   1                   1                   1                   0                   0                   0                   0                   0                   0                   0                   0                   0                   0                  
speaker_ids      : 2                   2                   2                   2                   2                   0                   0                   0                   0                   0                   0                   0                   0                   0                   0                  


A                : Ġend                Ġno                 Ġmatter             Ġwhat               Ġhappens            Ġso                 <eot>               <emp>               <emp>               <emp>               <emp>               Ġcost               Ġhidden             Ġor                 Ġnot               
Timings          : (285.564, 285.754)  (285.754, 285.814)  (285.814, 286.044)  (286.044, 286.194)  (286.194, 286.664)  (286.664, 286.936)  (-1.0, -1.0)        (287.65, 287.721)   (287.721, 287.905)  (287.905, 288.148)  (288.148, 288.441)  (288.405, 288.776)  (288.776, 289.056)  (289.056, 289.135)  (289.135, 289.464) 
Token Types      : 1                   1                   1                   1                   1                   1                   1                   0                   0                   0                   0                   1                   1                   1                   1                  
turn_ids         : 82515985432590      82515985432590      82515985432590      82515985432590      82515985432590      82515985432590      82515985432590      0                   0                   0                   0                   82515985432592      82515985432592      82515985432592      82515985432592     
turn_end_types   : 1                   1                   1                   1                   1                   1                   1                   0                   0                   0                   0                   1                   1                   1                   1                  
speaker_ids      : 1                   1                   1                   1                   1                   1                   1                   0                   0                   0                   0                   1                   1                   1                   1                  

B                : <emp>               <emp>               <emp>               <emp>               <emp>               <emp>               Ġyeah               Ġi                  Ġi                  Ġi                  Ġi                  <eot>               <emp>               <emp>               <emp>              
Timings          : (285.564, 285.754)  (285.754, 285.814)  (285.814, 286.044)  (286.044, 286.194)  (286.194, 286.664)  (286.664, 286.936)  (287.473, 287.65)   (287.65, 287.721)   (287.721, 287.905)  (287.905, 288.148)  (288.148, 288.441)  (-1.0, -1.0)        (288.776, 289.056)  (289.056, 289.135)  (289.135, 289.464) 
Token Types      : 0                   0                   0                   0                   0                   0                   1                   1                   1                   1                   1                   1                   0                   0                   0                  
turn_ids         : 0                   0                   0                   0                   0                   0                   82516522303503      82516522303503      82516522303503      82516522303503      82516522303503      82516522303503      0                   0                   0                  
turn_end_types   : 0                   0                   0                   0                   0                   0                   1                   1                   1                   1                   1                   1                   0                   0                   0                  
speaker_ids      : 0                   0                   0                   0                   0                   0                   2                   2                   2                   2                   2                   2                   0                   0                   0                  


A                : <eot>               <emp>               <emp>               <emp>               <emp>               <emp>               <emp>               <emp>               <emp>               <emp>               <emp>               <emp>               <emp>               <emp>               <emp>              
Timings          : (-1.0, -1.0)        (289.955, 290.135)  (290.135, 290.28)   (290.28, 290.425)   (290.425, 290.51)   (290.51, 290.595)   (290.595, 290.835)  (290.835, 290.91)   (290.91, 290.985)   (290.985, 291.275)  (291.275, 291.46)   (291.46, 291.645)   (291.645, 291.685)  (291.685, 291.855)  (291.855, 291.92)  
Token Types      : 1                   0                   0                   0                   0                   0                   0                   0                   0                   0                   0                   0                   0                   0                   0                  
turn_ids         : 82515985432592      0                   0                   0                   0                   0                   0                   0                   0                   0                   0                   0                   0                   0                   0                  
turn_end_types   : 1                   0                   0                   0                   0                   0                   0                   0                   0                   0                   0                   0                   0                   0                   0                  
speaker_ids      : 1                   0                   0                   0                   0                   0                   0                   0                   0                   0                   0                   0                   0                   0                   0                  

B                : Ġyou                Ġjust               Ġcan                't                  Ġit                 's                  Ġjust               Ġit                 's                  Ġsky                Ġrocket             ing                 Ġi                  Ġmean               Ġwe                
Timings          : (289.858, 289.955)  (289.955, 290.135)  (290.135, 290.28)   (290.28, 290.425)   (290.425, 290.51)   (290.51, 290.595)   (290.595, 290.835)  (290.835, 290.91)   (290.91, 290.985)   (290.985, 291.275)  (291.275, 291.46)   (291.46, 291.645)   (291.645, 291.685)  (291.685, 291.855)  (291.855, 291.92)  
Token Types      : 1                   1                   1                   1                   1                   1                   1                   1                   1                   1                   1                   1                   1                   1                   1                  
turn_ids         : 82516522303505      82516522303505      82516522303505      82516522303505      82516522303505      82516522303505      82516522303505      82516522303505      82516522303505      82516522303505      82516522303505      82516522303505      82516522303505      82516522303505      82516522303505     
turn_end_types   : 1                   1                   1                   1                   1                   1                   1                   1                   1                   1                   1                   1                   1                   1                   1                  
speaker_ids      : 2                   2                   2                   2                   2                   2                   2                   2                   2                   2                   2                   2                   2                   2                   2                  


A                : <emp>               <emp>               <emp>               <emp>               <emp>               <emp>               <emp>               <emp>               <emp>               <emp>               <emp>               <emp>               <emp>               <emp>               <emp>              
Timings          : (291.92, 291.985)   (291.985, 292.235)  (292.235, 292.765)  (292.765, 293.005)  (293.005, 293.341)  (293.399, 293.712)  (293.712, 293.886)  (293.946, 294.415)  (294.415, 294.907)  (295.789, 296.219)  (296.355, 296.487)  (296.487, 296.679)  (296.679, 296.79)   (296.79, 296.902)   (296.902, 297.002) 
Token Types      : 0                   0                   0                   0                   0                   0                   0                   0                   0                   0                   0                   0                   0                   0                   0                  
turn_ids         : 0                   0                   0                   0                   0                   0                   0                   0                   0                   0                   0                   0                   0                   0                   0                  
turn_end_types   : 0                   0                   0                   0                   0                   0                   0                   0                   0                   0                   0                   0                   0                   0                   0                  
speaker_ids      : 0                   0                   0                   0                   0                   0                   0                   0                   0                   0                   0                   0                   0                   0                   0                  

B                : 're                 Ġseeing             Ġincreases          Ġevery              Ġyear               Ġten                Ġto                 Ġfifteen            Ġpercent            Ġand                Ġyou                Ġknow               Ġit                 's                  Ġit                
Timings          : (291.92, 291.985)   (291.985, 292.235)  (292.235, 292.765)  (292.765, 293.005)  (293.005, 293.341)  (293.399, 293.712)  (293.712, 293.886)  (293.946, 294.415)  (294.415, 294.907)  (295.789, 296.219)  (296.355, 296.487)  (296.487, 296.679)  (296.679, 296.79)   (296.79, 296.902)   (296.902, 297.002) 
Token Types      : 1                   1                   1                   1                   1                   1                   1                   1                   1                   1                   1                   1                   1                   1                   1                  
turn_ids         : 82516522303505      82516522303505      82516522303505      82516522303505      82516522303505      82516522303505      82516522303505      82516522303505      82516522303505      82516522303505      82516522303505      82516522303505      82516522303505      82516522303505      82516522303505     
turn_end_types   : 1                   1                   1                   1                   1                   1                   1                   1                   1                   1                   1                   1                   1                   1                   1                  
speaker_ids      : 2                   2                   2                   2                   2                   2                   2                   2                   2                   2                   2                   2                   2                   2                   2                  


A                : <emp>                <emp>                <emp>                <emp>                <emp>                <emp>                <emp>                <emp>                <emp>                <emp>                <emp>                <emp>                <emp>                <emp>               
Timings          : (297.002, 297.102)   (297.102, 297.382)   (297.382, 297.622)   (297.622, 297.752)   (297.752, 297.832)   (297.832, 298.251)   (298.251, 298.402)   (298.402, 298.552)   (298.552, 298.772)   (298.772, 298.902)   (298.902, 298.992)   (298.992, 299.232)   (299.232, 299.412)   (-1.0, -1.0)        
Token Types      : 0                    0                    0                    0                    0                    0                    0                    0                    0                    0                    0                    0                    0                    0                   
turn_ids         : 0                    0                    0                    0                    0                    0                    0                    0                    0                    0                    0                    0                    0                    0                   
turn_end_types   : 0                    0                    0                    0                    0                    0                    0                    0                    0                    0                    0                    0                    0                    0                   
speaker_ids      : 0                    0                    0                    0                    0                    0                    0                    0                    0                    0                    0                    0                    0                    0                   

B                : 's                   Ġgotten              Ġway                 Ġout                 Ġof                  Ġhand                Ġand                 Ġthen                Ġand                 Ġthen                Ġyou                 Ġhave                Ġthese               <eot>               
Timings          : (297.002, 297.102)   (297.102, 297.382)   (297.382, 297.622)   (297.622, 297.752)   (297.752, 297.832)   (297.832, 298.251)   (298.251, 298.402)   (298.402, 298.552)   (298.552, 298.772)   (298.772, 298.902)   (298.902, 298.992)   (298.992, 299.232)   (299.232, 299.412)   (-1.0, -1.0)        
Token Types      : 1                    1                    1                    1                    1                    1                    1                    1                    1                    1                    1                    1                    1                    1                   
turn_ids         : 82516522303505       82516522303505       82516522303505       82516522303505       82516522303505       82516522303505       82516522303505       82516522303505       82516522303505       82516522303505       82516522303505       82516522303505       82516522303505       82516522303505      
turn_end_types   : 1                    1                    1                    1                    1                    1                    1                    1                    1                    1                    1                    1                    1                    1                   
speaker_ids      : 2                    2                    2                    2                    2                    2                    2                    2                    2                    2                    2                    2                    2                    2                   


